annotation_scheme_id,project_id,scheme_uri,scheme_name,label_key,value,concept_uri,concept_id,pref_label,definition,broader_uri,depth,sub_label_key,col_pipe,col_colon
6a87c376-24c8-4a89-8154-efc70e619f8b,db6ee519-afb5-4813-822b-bfbc7dfd2237,https://vocab.destiny-evidence.org/population-age,A.1 Population - Age,k_population-age,0,https://vocab.destiny-evidence.org/population-age/DSNY000254,DSNY000254,Adolescent (13-18 years),"Individuals aged 13 to 18 years undergoing puberty and adolescent development, with distinct biological vulnerabilities and behavioural risk profiles compared to younger children and adults.",,1,,k_population-age|0,k_population-age:0
6a87c376-24c8-4a89-8154-efc70e619f8b,db6ee519-afb5-4813-822b-bfbc7dfd2237,https://vocab.destiny-evidence.org/population-age,A.1 Population - Age,dsny000255_sub,0,https://vocab.destiny-evidence.org/population-age/DSNY000256,DSNY000256,Adult (19-44 years),"Adults aged 19 to 44 years, typically characterised by peak physical capacity, reproductive activity, and workforce participation.",https://vocab.destiny-evidence.org/population-age/DSNY000255,2,,dsny000255_sub|0,dsny000255_sub:0
6a87c376-24c8-4a89-8154-efc70e619f8b,db6ee519-afb5-4813-822b-bfbc7dfd2237,https://vocab.destiny-evidence.org/population-age,A.1 Population - Age,dsny000258_sub,0,https://vocab.destiny-evidence.org/population-age/DSNY000259,DSNY000259,Aged (65-78 years),"Older adults aged 65 to 78 years, often retaining significant functional capacity but with increasing chronic disease burden and growing vulnerability to environmental stressors.",https://vocab.destiny-evidence.org/population-age/DSNY000258,3,,dsny000258_sub|0,dsny000258_sub:0
6a87c376-24c8-4a89-8154-efc70e619f8b,db6ee519-afb5-4813-822b-bfbc7dfd2237,https://vocab.destiny-evidence.org/population-age,A.1 Population - Age,dsny000258_sub,1,https://vocab.destiny-evidence.org/population-age/DSNY000260,DSNY000260,Aged (80 years and older),"Individuals aged 80 years and older, the fastest-growing demographic in many populations, with the highest prevalence of frailty, multimorbidity, and vulnerability to adverse health events.",https://vocab.destiny-evidence.org/population-age/DSNY000258,3,,dsny000258_sub|1,dsny000258_sub:1
6a87c376-24c8-4a89-8154-efc70e619f8b,db6ee519-afb5-4813-822b-bfbc7dfd2237,https://vocab.destiny-evidence.org/population-age,A.1 Population - Age,dsny000255_sub,1,https://vocab.destiny-evidence.org/population-age/DSNY000258,DSNY000258,Aged (65 years and older),"Individuals aged 65 years and older, a broad group encompassing younger-old and oldest-old adults with increasing prevalence of chronic disease, frailty, and functional decline.",https://vocab.destiny-evidence.org/population-age/DSNY000255,2,dsny000258_sub,dsny000255_sub|1,dsny000255_sub:1
6a87c376-24c8-4a89-8154-efc70e619f8b,db6ee519-afb5-4813-822b-bfbc7dfd2237,https://vocab.destiny-evidence.org/population-age,A.1 Population - Age,dsny000255_sub,2,https://vocab.destiny-evidence.org/population-age/DSNY000257,DSNY000257,Middle aged (45-64 years),"Adults aged 45 to 64 years, a life stage associated with the onset of chronic non-communicable diseases and changing physiological risk profiles.",https://vocab.destiny-evidence.org/population-age/DSNY000255,2,,dsny000255_sub|2,dsny000255_sub:2
6a87c376-24c8-4a89-8154-efc70e619f8b,db6ee519-afb5-4813-822b-bfbc7dfd2237,https://vocab.destiny-evidence.org/population-age,A.1 Population - Age,k_population-age,1,https://vocab.destiny-evidence.org/population-age/DSNY000255,DSNY000255,Adult,"Individuals aged 19 years and older, encompassing young adults, middle-aged, and older adult sub-groups across the adult life course.",,1,dsny000255_sub,k_population-age|1,k_population-age:1
6a87c376-24c8-4a89-8154-efc70e619f8b,db6ee519-afb5-4813-822b-bfbc7dfd2237,https://vocab.destiny-evidence.org/population-age,A.1 Population - Age,k_population-age,2,https://vocab.destiny-evidence.org/population-age/DSNY000248,DSNY000248,All ages,"Studies or data that encompass individuals across all age groups without restriction, or where findings apply across the full life course.",,1,,k_population-age|2,k_population-age:2
6a87c376-24c8-4a89-8154-efc70e619f8b,db6ee519-afb5-4813-822b-bfbc7dfd2237,https://vocab.destiny-evidence.org/population-age,A.1 Population - Age,dsny000251_sub,0,https://vocab.destiny-evidence.org/population-age/DSNY000253,DSNY000253,Child (6-12 years),"Children aged 6 to 12 years in middle childhood, a period of continued physical growth, cognitive development, and increasing social independence.",https://vocab.destiny-evidence.org/population-age/DSNY000251,2,,dsny000251_sub|0,dsny000251_sub:0
6a87c376-24c8-4a89-8154-efc70e619f8b,db6ee519-afb5-4813-822b-bfbc7dfd2237,https://vocab.destiny-evidence.org/population-age,A.1 Population - Age,dsny000251_sub,1,https://vocab.destiny-evidence.org/population-age/DSNY000252,DSNY000252,Preschool child (2-5 years),"Children aged 2 to 5 years in the preschool developmental stage, characterised by rapid brain development, high activity levels, and reliance on caregivers for protection from environmental hazards.",https://vocab.destiny-evidence.org/population-age/DSNY000251,2,,dsny000251_sub|1,dsny000251_sub:1
6a87c376-24c8-4a89-8154-efc70e619f8b,db6ee519-afb5-4813-822b-bfbc7dfd2237,https://vocab.destiny-evidence.org/population-age,A.1 Population - Age,k_population-age,3,https://vocab.destiny-evidence.org/population-age/DSNY000251,DSNY000251,Child (2-12 years),"Children aged 2 to 12 years, spanning early childhood through to pre-adolescence, during which physical, cognitive, and social development are particularly sensitive to environmental conditions.",,1,dsny000251_sub,k_population-age|3,k_population-age:3
6a87c376-24c8-4a89-8154-efc70e619f8b,db6ee519-afb5-4813-822b-bfbc7dfd2237,https://vocab.destiny-evidence.org/population-age,A.1 Population - Age,dsny000249_sub,0,https://vocab.destiny-evidence.org/population-age/DSNY000250,DSNY000250,Newborn infant,"Infants in the first 28 days of life, a critical period of physiological adaptation with high vulnerability to infection, thermal stress, and nutritional insufficiency.",https://vocab.destiny-evidence.org/population-age/DSNY000249,2,,dsny000249_sub|0,dsny000249_sub:0
6a87c376-24c8-4a89-8154-efc70e619f8b,db6ee519-afb5-4813-822b-bfbc7dfd2237,https://vocab.destiny-evidence.org/population-age,A.1 Population - Age,k_population-age,4,https://vocab.destiny-evidence.org/population-age/DSNY000249,DSNY000249,Infant (1-23 months),"Children aged 1 to 23 months, a developmental period of rapid growth, nutritional dependency, and heightened susceptibility to infectious disease and environmental exposures.",,1,dsny000249_sub,k_population-age|4,k_population-age:4
6a87c376-24c8-4a89-8154-efc70e619f8b,db6ee519-afb5-4813-822b-bfbc7dfd2237,https://vocab.destiny-evidence.org/population-gender-sex,A.2 Population - Gender/sex,k_population-gender-sex,0,https://vocab.destiny-evidence.org/population-gender-sex/DSNY000244,DSNY000244,All genders,"Studies or data that include individuals of all gender identities or both sexes without stratification, or where findings apply across the full gender spectrum.",,1,,k_population-gender-sex|0,k_population-gender-sex:0
6a87c376-24c8-4a89-8154-efc70e619f8b,db6ee519-afb5-4813-822b-bfbc7dfd2237,https://vocab.destiny-evidence.org/population-gender-sex,A.2 Population - Gender/sex,k_population-gender-sex,1,https://vocab.destiny-evidence.org/population-gender-sex/DSNY000245,DSNY000245,Diverse,"Individuals whose gender identity or expression differs from the sex assigned at birth, including transgender, non-binary, and other gender-diverse people.",,1,,k_population-gender-sex|1,k_population-gender-sex:1
6a87c376-24c8-4a89-8154-efc70e619f8b,db6ee519-afb5-4813-822b-bfbc7dfd2237,https://vocab.destiny-evidence.org/population-gender-sex,A.2 Population - Gender/sex,k_population-gender-sex,2,https://vocab.destiny-evidence.org/population-gender-sex/DSNY000246,DSNY000246,Female,"Individuals identified as female by biological sex or gender identity, used to stratify health data or describe sex-specific biological and social health determinants.",,1,,k_population-gender-sex|2,k_population-gender-sex:2
6a87c376-24c8-4a89-8154-efc70e619f8b,db6ee519-afb5-4813-822b-bfbc7dfd2237,https://vocab.destiny-evidence.org/population-gender-sex,A.2 Population - Gender/sex,k_population-gender-sex,3,https://vocab.destiny-evidence.org/population-gender-sex/DSNY000247,DSNY000247,Male,"Individuals identified as male by biological sex or gender identity, used to stratify health data or describe sex-specific biological and social health determinants.",,1,,k_population-gender-sex|3,k_population-gender-sex:3
6a87c376-24c8-4a89-8154-efc70e619f8b,db6ee519-afb5-4813-822b-bfbc7dfd2237,https://vocab.destiny-evidence.org/population-vulnerability,A.3 Population - Vulnerability,k_population-vulnerability,0,https://vocab.destiny-evidence.org/population-vulnerability/DSNY000233,DSNY000233,Chronic conditions (Vulnerability),Individuals living with one or more long-term physical health conditions that reduce physiological resilience and increase susceptibility to adverse health outcomes.,,1,,k_population-vulnerability|0,k_population-vulnerability:0
6a87c376-24c8-4a89-8154-efc70e619f8b,db6ee519-afb5-4813-822b-bfbc7dfd2237,https://vocab.destiny-evidence.org/population-vulnerability,A.3 Population - Vulnerability,k_population-vulnerability,1,https://vocab.destiny-evidence.org/population-vulnerability/DSNY000234,DSNY000234,Disabled (Vulnerability),"Individuals with physical, sensory, cognitive, or mental impairments that limit daily functioning and may increase exposure to harm and reduce capacity to respond to environmental or social stressors.",,1,,k_population-vulnerability|1,k_population-vulnerability:1
6a87c376-24c8-4a89-8154-efc70e619f8b,db6ee519-afb5-4813-822b-bfbc7dfd2237,https://vocab.destiny-evidence.org/population-vulnerability,A.3 Population - Vulnerability,k_population-vulnerability,2,https://vocab.destiny-evidence.org/population-vulnerability/DSNY000235,DSNY000235,Ethnic minorities (Vulnerability),"Population groups defined by shared ethnic, cultural, or racial identity that may face structural disadvantage, discrimination, or disproportionate exposure to environmental and social risk factors.",,1,,k_population-vulnerability|2,k_population-vulnerability:2
6a87c376-24c8-4a89-8154-efc70e619f8b,db6ee519-afb5-4813-822b-bfbc7dfd2237,https://vocab.destiny-evidence.org/population-vulnerability,A.3 Population - Vulnerability,k_population-vulnerability,3,https://vocab.destiny-evidence.org/population-vulnerability/DSNY000236,DSNY000236,Frail elderly (Vulnerability),"Older adults with reduced physiological reserve and resilience, characterised by weakness, fatigue, and vulnerability to adverse health outcomes following minor stressors.",,1,,k_population-vulnerability|3,k_population-vulnerability:3
6a87c376-24c8-4a89-8154-efc70e619f8b,db6ee519-afb5-4813-822b-bfbc7dfd2237,https://vocab.destiny-evidence.org/population-vulnerability,A.3 Population - Vulnerability,k_population-vulnerability,4,https://vocab.destiny-evidence.org/population-vulnerability/DSNY000237,DSNY000237,Indigenous peoples (Vulnerability),"Populations with historical, cultural, and territorial ties to lands prior to colonisation, who often face compounded social, economic, and environmental vulnerabilities.",,1,,k_population-vulnerability|4,k_population-vulnerability:4
6a87c376-24c8-4a89-8154-efc70e619f8b,db6ee519-afb5-4813-822b-bfbc7dfd2237,https://vocab.destiny-evidence.org/population-vulnerability,A.3 Population - Vulnerability,k_population-vulnerability,5,https://vocab.destiny-evidence.org/population-vulnerability/DSNY000238,DSNY000238,Infants / children (Vulnerability),"Young children and infants whose immature physiological systems, developmental dependency, and limited autonomy increase their susceptibility to environmental exposures and health harms.",,1,,k_population-vulnerability|5,k_population-vulnerability:5
6a87c376-24c8-4a89-8154-efc70e619f8b,db6ee519-afb5-4813-822b-bfbc7dfd2237,https://vocab.destiny-evidence.org/population-vulnerability,A.3 Population - Vulnerability,k_population-vulnerability,6,https://vocab.destiny-evidence.org/population-vulnerability/DSNY000239,DSNY000239,Low-income (Vulnerability),"Individuals and households with insufficient financial resources to meet basic needs, facing compounded vulnerability through reduced access to healthcare, nutrition, safe housing, and adaptive capacity.",,1,,k_population-vulnerability|6,k_population-vulnerability:6
6a87c376-24c8-4a89-8154-efc70e619f8b,db6ee519-afb5-4813-822b-bfbc7dfd2237,https://vocab.destiny-evidence.org/population-vulnerability,A.3 Population - Vulnerability,k_population-vulnerability,7,https://vocab.destiny-evidence.org/population-vulnerability/DSNY000240,DSNY000240,Migrants (Vulnerability),"People who have moved within or across borders, voluntarily or under duress, and who may face elevated health risks due to displacement, poor living conditions, and restricted access to services.",,1,,k_population-vulnerability|7,k_population-vulnerability:7
6a87c376-24c8-4a89-8154-efc70e619f8b,db6ee519-afb5-4813-822b-bfbc7dfd2237,https://vocab.destiny-evidence.org/population-vulnerability,A.3 Population - Vulnerability,k_population-vulnerability,8,https://vocab.destiny-evidence.org/population-vulnerability/DSNY000241,DSNY000241,Occupation-based (Vulnerability),"Individuals whose occupation exposes them to elevated health hazards, including outdoor workers in agriculture, construction, and other sectors with high physical exposure to environmental conditions.",,1,,k_population-vulnerability|8,k_population-vulnerability:8
6a87c376-24c8-4a89-8154-efc70e619f8b,db6ee519-afb5-4813-822b-bfbc7dfd2237,https://vocab.destiny-evidence.org/population-vulnerability,A.3 Population - Vulnerability,k_population-vulnerability,9,https://vocab.destiny-evidence.org/population-vulnerability/DSNY000242,DSNY000242,Pregnancy (Vulnerability),"Individuals during pregnancy, whose altered physiology and increased metabolic demands heighten susceptibility to environmental exposures and infectious disease with potential consequences for both maternal and foetal health.",,1,,k_population-vulnerability|9,k_population-vulnerability:9
6a87c376-24c8-4a89-8154-efc70e619f8b,db6ee519-afb5-4813-822b-bfbc7dfd2237,https://vocab.destiny-evidence.org/population-vulnerability,A.3 Population - Vulnerability,k_population-vulnerability,10,https://vocab.destiny-evidence.org/population-vulnerability/DSNY000243,DSNY000243,Women (Vulnerability),"Women as a population group who may face heightened vulnerability due to biological factors, gender-based inequalities in resource access, and higher exposure to specific social and economic risks.",,1,,k_population-vulnerability|10,k_population-vulnerability:10
6a87c376-24c8-4a89-8154-efc70e619f8b,db6ee519-afb5-4813-822b-bfbc7dfd2237,https://vocab.destiny-evidence.org/reference-type,B. Reference type [automation planned],k_reference-type,0,https://vocab.destiny-evidence.org/reference-type/DSNY000627,DSNY000627,Article (academic journal),"A peer-reviewed research output published in an academic journal, including full research articles, letters to the editor, commentaries, and opinion pieces.",,1,,k_reference-type|0,k_reference-type:0
6a87c376-24c8-4a89-8154-efc70e619f8b,db6ee519-afb5-4813-822b-bfbc7dfd2237,https://vocab.destiny-evidence.org/reference-type,B. Reference type [automation planned],k_reference-type,1,https://vocab.destiny-evidence.org/reference-type/DSNY000628,DSNY000628,Grey literature,"Reports published outside the classic editorial route, predominantly by intergovernmental organizations, supra-national organizations, NGOs, governments.",,1,,k_reference-type|1,k_reference-type:1
6a87c376-24c8-4a89-8154-efc70e619f8b,db6ee519-afb5-4813-822b-bfbc7dfd2237,https://vocab.destiny-evidence.org/reference-type,B. Reference type [automation planned],k_reference-type,2,https://vocab.destiny-evidence.org/reference-type/DSNY000625,DSNY000625,Planned research/protocols,A registered or published research protocol or trials registry record describing a study that is planned or underway but has not yet reported results. ,,1,,k_reference-type|2,k_reference-type:2
6a87c376-24c8-4a89-8154-efc70e619f8b,db6ee519-afb5-4813-822b-bfbc7dfd2237,https://vocab.destiny-evidence.org/reference-type,B. Reference type [automation planned],k_reference-type,3,https://vocab.destiny-evidence.org/reference-type/DSNY000626,DSNY000626,Preprint/working paper,"A research manuscript that has been made publicly available prior to formal peer review and journal publication, such as those posted on medRxiv or SSRN.",,1,,k_reference-type|3,k_reference-type:3
6a87c376-24c8-4a89-8154-efc70e619f8b,db6ee519-afb5-4813-822b-bfbc7dfd2237,https://vocab.destiny-evidence.org/reference-type,B. Reference type [automation planned],k_reference-type,4,https://vocab.destiny-evidence.org/reference-type/DSNY000629,DSNY000629,Z_Other reference type,,,1,,k_reference-type|4,k_reference-type:4
6a87c376-24c8-4a89-8154-efc70e619f8b,db6ee519-afb5-4813-822b-bfbc7dfd2237,https://vocab.destiny-evidence.org/methods,C. Methods,dsny000515_sub,0,https://vocab.destiny-evidence.org/methods/DSNY000516,DSNY000516,Case report / case study,"A detailed account of a single individual's or unit's exposure, condition, and outcome, used to generate hypotheses or describe novel or rare phenomena.",https://vocab.destiny-evidence.org/methods/DSNY000515,3,,dsny000515_sub|0,dsny000515_sub:0
6a87c376-24c8-4a89-8154-efc70e619f8b,db6ee519-afb5-4813-822b-bfbc7dfd2237,https://vocab.destiny-evidence.org/methods,C. Methods,dsny000515_sub,1,https://vocab.destiny-evidence.org/methods/DSNY000518,DSNY000518,Case series / descriptive multi-case study,"A descriptive report of characteristics and outcomes among a series of individuals sharing a common exposure or condition, without a control group.",https://vocab.destiny-evidence.org/methods/DSNY000515,3,,dsny000515_sub|1,dsny000515_sub:1
6a87c376-24c8-4a89-8154-efc70e619f8b,db6ee519-afb5-4813-822b-bfbc7dfd2237,https://vocab.destiny-evidence.org/methods,C. Methods,dsny000515_sub,2,https://vocab.destiny-evidence.org/methods/DSNY000517,DSNY000517,Cross-sectional / single-round survey,"A study design that collects data from a population at a single point in time, describing the prevalence of exposures and outcomes without follow-up.",https://vocab.destiny-evidence.org/methods/DSNY000515,3,,dsny000515_sub|2,dsny000515_sub:2
6a87c376-24c8-4a89-8154-efc70e619f8b,db6ee519-afb5-4813-822b-bfbc7dfd2237,https://vocab.destiny-evidence.org/methods,C. Methods,dsny000167_sub,0,https://vocab.destiny-evidence.org/methods/DSNY000515,DSNY000515,Descriptive / single-group designs,"Study designs that describe characteristics, frequency, or distribution of outcomes in a single group without a comparison group or temporal manipulation.",https://vocab.destiny-evidence.org/methods/DSNY000167,2,dsny000515_sub,dsny000167_sub|0,dsny000167_sub:0
6a87c376-24c8-4a89-8154-efc70e619f8b,db6ee519-afb5-4813-822b-bfbc7dfd2237,https://vocab.destiny-evidence.org/methods,C. Methods,dsny000532_sub,0,https://vocab.destiny-evidence.org/methods/DSNY000533,DSNY000533,Difference-in-differences,"A quasi-experimental method comparing the change in outcomes over time between a group exposed to an intervention and an unexposed control group, to estimate causal effects under the parallel trends assumption.",https://vocab.destiny-evidence.org/methods/DSNY000532,4,,dsny000532_sub|0,dsny000532_sub:0
6a87c376-24c8-4a89-8154-efc70e619f8b,db6ee519-afb5-4813-822b-bfbc7dfd2237,https://vocab.destiny-evidence.org/methods,C. Methods,dsny000532_sub,1,https://vocab.destiny-evidence.org/methods/DSNY000537,DSNY000537,Event study,"A method estimating the effect of an event or intervention by examining outcome trends relative to the timing of the event, often used to test pre-treatment parallel trends and assess dynamic treatment effects.",https://vocab.destiny-evidence.org/methods/DSNY000532,4,,dsny000532_sub|1,dsny000532_sub:1
6a87c376-24c8-4a89-8154-efc70e619f8b,db6ee519-afb5-4813-822b-bfbc7dfd2237,https://vocab.destiny-evidence.org/methods,C. Methods,dsny000532_sub,2,https://vocab.destiny-evidence.org/methods/DSNY000538,DSNY000538,Fixed effects / panel regression,"A regression approach using repeated observations on the same units over time to control for time-invariant unobserved confounding, including standard fixed effects, panel regression, and adjusted cohort analysis.",https://vocab.destiny-evidence.org/methods/DSNY000532,4,,dsny000532_sub|2,dsny000532_sub:2
6a87c376-24c8-4a89-8154-efc70e619f8b,db6ee519-afb5-4813-822b-bfbc7dfd2237,https://vocab.destiny-evidence.org/methods,C. Methods,dsny000532_sub,3,https://vocab.destiny-evidence.org/methods/DSNY000534,DSNY000534,Instrumental variables,A quasi-experimental method using a variable that affects exposure but not the outcome directly (an instrument) to estimate causal effects in the presence of unmeasured confounding.,https://vocab.destiny-evidence.org/methods/DSNY000532,4,,dsny000532_sub|3,dsny000532_sub:3
6a87c376-24c8-4a89-8154-efc70e619f8b,db6ee519-afb5-4813-822b-bfbc7dfd2237,https://vocab.destiny-evidence.org/methods,C. Methods,dsny000532_sub,4,https://vocab.destiny-evidence.org/methods/DSNY000539,DSNY000539,Matched comparison / propensity score matching,A method pairing treated and untreated units on observed characteristics or estimated propensity scores to construct a balanced comparison group and reduce confounding bias.,https://vocab.destiny-evidence.org/methods/DSNY000532,4,,dsny000532_sub|4,dsny000532_sub:4
6a87c376-24c8-4a89-8154-efc70e619f8b,db6ee519-afb5-4813-822b-bfbc7dfd2237,https://vocab.destiny-evidence.org/methods,C. Methods,dsny000532_sub,5,https://vocab.destiny-evidence.org/methods/DSNY000535,DSNY000535,Regression discontinuity,"A quasi-experimental design exploiting a threshold in a continuous assignment variable to estimate causal effects for units just above and below the cutoff, where assignment is effectively random.",https://vocab.destiny-evidence.org/methods/DSNY000532,4,,dsny000532_sub|5,dsny000532_sub:5
6a87c376-24c8-4a89-8154-efc70e619f8b,db6ee519-afb5-4813-822b-bfbc7dfd2237,https://vocab.destiny-evidence.org/methods,C. Methods,dsny000532_sub,6,https://vocab.destiny-evidence.org/methods/DSNY000536,DSNY000536,Synthetic control,"A quasi-experimental method constructing a weighted combination of untreated units to serve as a counterfactual for a treated unit, used when only a small number of aggregate units are available.",https://vocab.destiny-evidence.org/methods/DSNY000532,4,,dsny000532_sub|6,dsny000532_sub:6
6a87c376-24c8-4a89-8154-efc70e619f8b,db6ee519-afb5-4813-822b-bfbc7dfd2237,https://vocab.destiny-evidence.org/methods,C. Methods,dsny000529_sub,0,https://vocab.destiny-evidence.org/methods/DSNY000532,DSNY000532,Non-randomised,"An experimental or quasi-experimental study in which participants are allocated to intervention and comparison groups through a process other than randomisation, using statistical methods to control for confounding.",https://vocab.destiny-evidence.org/methods/DSNY000529,3,dsny000532_sub,dsny000529_sub|0,dsny000529_sub:0
6a87c376-24c8-4a89-8154-efc70e619f8b,db6ee519-afb5-4813-822b-bfbc7dfd2237,https://vocab.destiny-evidence.org/methods,C. Methods,dsny000529_sub,1,https://vocab.destiny-evidence.org/methods/DSNY000531,DSNY000531,Quasi-randomised / natural experiment,"A study in which allocation to intervention and control conditions occurs through a process that approximates randomisation but is not under the investigator's full control, such as policy roll-out or natural variation.",https://vocab.destiny-evidence.org/methods/DSNY000529,3,,dsny000529_sub|1,dsny000529_sub:1
6a87c376-24c8-4a89-8154-efc70e619f8b,db6ee519-afb5-4813-822b-bfbc7dfd2237,https://vocab.destiny-evidence.org/methods,C. Methods,dsny000529_sub,2,https://vocab.destiny-evidence.org/methods/DSNY000540,DSNY000540,Randomisation unclear,"An experimental or quasi-experimental study in which the method of allocation to groups is not clearly reported, precluding classification as randomised or non-randomised.",https://vocab.destiny-evidence.org/methods/DSNY000529,3,,dsny000529_sub|2,dsny000529_sub:2
6a87c376-24c8-4a89-8154-efc70e619f8b,db6ee519-afb5-4813-822b-bfbc7dfd2237,https://vocab.destiny-evidence.org/methods,C. Methods,dsny000529_sub,3,https://vocab.destiny-evidence.org/methods/DSNY000530,DSNY000530,Randomised / RCT,"An experimental study in which participants are randomly allocated to intervention or control groups, considered the gold standard for evaluating causal effects of interventions.",https://vocab.destiny-evidence.org/methods/DSNY000529,3,,dsny000529_sub|3,dsny000529_sub:3
6a87c376-24c8-4a89-8154-efc70e619f8b,db6ee519-afb5-4813-822b-bfbc7dfd2237,https://vocab.destiny-evidence.org/methods,C. Methods,dsny000167_sub,1,https://vocab.destiny-evidence.org/methods/DSNY000529,DSNY000529,Experimental / group comparison designs,"Experimental study designs that compare outcomes between an intervention group and one or more control or comparison groups, with or without randomisation.",https://vocab.destiny-evidence.org/methods/DSNY000167,2,dsny000529_sub,dsny000167_sub|1,dsny000167_sub:1
6a87c376-24c8-4a89-8154-efc70e619f8b,db6ee519-afb5-4813-822b-bfbc7dfd2237,https://vocab.destiny-evidence.org/methods,C. Methods,dsny000527_sub,0,https://vocab.destiny-evidence.org/methods/DSNY000528,DSNY000528,Single arm trial / single arm experiment,"An experimental study in which all participants receive the intervention and outcomes are compared to a pre-specified target or historical baseline, without a concurrent control arm.",https://vocab.destiny-evidence.org/methods/DSNY000527,3,,dsny000527_sub|0,dsny000527_sub:0
6a87c376-24c8-4a89-8154-efc70e619f8b,db6ee519-afb5-4813-822b-bfbc7dfd2237,https://vocab.destiny-evidence.org/methods,C. Methods,dsny000167_sub,2,https://vocab.destiny-evidence.org/methods/DSNY000527,DSNY000527,Experimental / single-group designs,"Experimental study designs in which an intervention is applied to a single group without a concurrent control group, limiting but not eliminating causal inference.",https://vocab.destiny-evidence.org/methods/DSNY000167,2,dsny000527_sub,dsny000167_sub|2,dsny000167_sub:2
6a87c376-24c8-4a89-8154-efc70e619f8b,db6ee519-afb5-4813-822b-bfbc7dfd2237,https://vocab.destiny-evidence.org/methods,C. Methods,dsny000545_sub,0,https://vocab.destiny-evidence.org/methods/DSNY000547,DSNY000547,Computable general equilibrium (CGE) model,"A macroeconomic modelling approach representing interactions across sectors of an economy to estimate the economy-wide effects of policy changes, including those with health implications.",https://vocab.destiny-evidence.org/methods/DSNY000545,3,,dsny000545_sub|0,dsny000545_sub:0
6a87c376-24c8-4a89-8154-efc70e619f8b,db6ee519-afb5-4813-822b-bfbc7dfd2237,https://vocab.destiny-evidence.org/methods,C. Methods,dsny000545_sub,1,https://vocab.destiny-evidence.org/methods/DSNY000546,DSNY000546,Integrated assessment model (IAM) / health impact projection,"A modelling approach linking climate, economic, and social systems to project future health impacts under different emissions or policy scenarios, often at national or global scale.",https://vocab.destiny-evidence.org/methods/DSNY000545,3,,dsny000545_sub|1,dsny000545_sub:1
6a87c376-24c8-4a89-8154-efc70e619f8b,db6ee519-afb5-4813-822b-bfbc7dfd2237,https://vocab.destiny-evidence.org/methods,C. Methods,dsny000545_sub,2,https://vocab.destiny-evidence.org/methods/DSNY000548,DSNY000548,Microsimulation,"A modelling approach simulating the behaviour and outcomes of individual units — people, households, or firms — over time to estimate aggregate population-level effects of policies or exposures.",https://vocab.destiny-evidence.org/methods/DSNY000545,3,,dsny000545_sub|2,dsny000545_sub:2
6a87c376-24c8-4a89-8154-efc70e619f8b,db6ee519-afb5-4813-822b-bfbc7dfd2237,https://vocab.destiny-evidence.org/methods,C. Methods,dsny000545_sub,3,https://vocab.destiny-evidence.org/methods/DSNY000549,DSNY000549,Other climate-related modelling / simulation,"Climate or environmental modelling and simulation approaches not classified under IAM, CGE, or microsimulation, including downscaled climate models, exposure models, and environmental simulation tools.",https://vocab.destiny-evidence.org/methods/DSNY000545,3,,dsny000545_sub|3,dsny000545_sub:3
6a87c376-24c8-4a89-8154-efc70e619f8b,db6ee519-afb5-4813-822b-bfbc7dfd2237,https://vocab.destiny-evidence.org/methods,C. Methods,dsny000545_sub,4,https://vocab.destiny-evidence.org/methods/DSNY000550,DSNY000550,Other health-related modelling / simulation,"Health modelling and simulation approaches not classified under IAM, CGE, or microsimulation, including epidemiological models, disease transmission models, and burden of disease projections.",https://vocab.destiny-evidence.org/methods/DSNY000545,3,,dsny000545_sub|4,dsny000545_sub:4
6a87c376-24c8-4a89-8154-efc70e619f8b,db6ee519-afb5-4813-822b-bfbc7dfd2237,https://vocab.destiny-evidence.org/methods,C. Methods,dsny000167_sub,3,https://vocab.destiny-evidence.org/methods/DSNY000545,DSNY000545,Modelling / simulation,"Study designs using mathematical, statistical, or computational models to simulate real-world systems, project future outcomes, or estimate impacts under defined scenarios.",https://vocab.destiny-evidence.org/methods/DSNY000167,2,dsny000545_sub,dsny000167_sub|3,dsny000167_sub:3
6a87c376-24c8-4a89-8154-efc70e619f8b,db6ee519-afb5-4813-822b-bfbc7dfd2237,https://vocab.destiny-evidence.org/methods,C. Methods,dsny000522_sub,0,https://vocab.destiny-evidence.org/methods/DSNY000526,DSNY000526,(Controlled) interrupted time series,"A time series analysis comparing outcome trends before and after an intervention or exposure in both an intervention group and a concurrent control group, strengthening causal inference over uncontrolled ITS.",https://vocab.destiny-evidence.org/methods/DSNY000522,3,,dsny000522_sub|0,dsny000522_sub:0
6a87c376-24c8-4a89-8154-efc70e619f8b,db6ee519-afb5-4813-822b-bfbc7dfd2237,https://vocab.destiny-evidence.org/methods,C. Methods,dsny000522_sub,1,https://vocab.destiny-evidence.org/methods/DSNY000523,DSNY000523,Case-control / retrospective matched comparison,"A study that retrospectively compares individuals with a health outcome (cases) to those without (controls) to identify differences in prior exposure, often using matching to reduce confounding.",https://vocab.destiny-evidence.org/methods/DSNY000522,3,,dsny000522_sub|1,dsny000522_sub:1
6a87c376-24c8-4a89-8154-efc70e619f8b,db6ee519-afb5-4813-822b-bfbc7dfd2237,https://vocab.destiny-evidence.org/methods,C. Methods,dsny000522_sub,2,https://vocab.destiny-evidence.org/methods/DSNY000524,DSNY000524,Cohort / panel data / longitudinal study,"A study that follows a defined group of individuals over time, measuring exposures and outcomes prospectively or retrospectively to assess associations and temporal relationships.",https://vocab.destiny-evidence.org/methods/DSNY000522,3,,dsny000522_sub|2,dsny000522_sub:2
6a87c376-24c8-4a89-8154-efc70e619f8b,db6ee519-afb5-4813-822b-bfbc7dfd2237,https://vocab.destiny-evidence.org/methods,C. Methods,dsny000522_sub,3,https://vocab.destiny-evidence.org/methods/DSNY000525,DSNY000525,Controlled before-after (CBA),"A study comparing pre- and post-intervention outcomes in both an intervention group and a non-randomised control group, improving on uncontrolled before-after designs by accounting for secular trends.",https://vocab.destiny-evidence.org/methods/DSNY000522,3,,dsny000522_sub|3,dsny000522_sub:3
6a87c376-24c8-4a89-8154-efc70e619f8b,db6ee519-afb5-4813-822b-bfbc7dfd2237,https://vocab.destiny-evidence.org/methods,C. Methods,dsny000167_sub,4,https://vocab.destiny-evidence.org/methods/DSNY000522,DSNY000522,Observational / group comparison designs,"Observational study designs that compare health outcomes between two or more groups defined by exposure status, without random allocation.",https://vocab.destiny-evidence.org/methods/DSNY000167,2,dsny000522_sub,dsny000167_sub|4,dsny000167_sub:4
6a87c376-24c8-4a89-8154-efc70e619f8b,db6ee519-afb5-4813-822b-bfbc7dfd2237,https://vocab.destiny-evidence.org/methods,C. Methods,dsny000519_sub,0,https://vocab.destiny-evidence.org/methods/DSNY000521,DSNY000521,(Uncontrolled) interrupted time series,"A time series analysis of outcome data at multiple time points before and after an intervention or exposure in a single group, without a control series to account for concurrent trends.",https://vocab.destiny-evidence.org/methods/DSNY000519,3,,dsny000519_sub|0,dsny000519_sub:0
6a87c376-24c8-4a89-8154-efc70e619f8b,db6ee519-afb5-4813-822b-bfbc7dfd2237,https://vocab.destiny-evidence.org/methods,C. Methods,dsny000519_sub,1,https://vocab.destiny-evidence.org/methods/DSNY000520,DSNY000520,Before-after / pre-post study,"A study that compares outcomes measured in the same group before and after an exposure or intervention, without a concurrent control group.",https://vocab.destiny-evidence.org/methods/DSNY000519,3,,dsny000519_sub|1,dsny000519_sub:1
6a87c376-24c8-4a89-8154-efc70e619f8b,db6ee519-afb5-4813-822b-bfbc7dfd2237,https://vocab.destiny-evidence.org/methods,C. Methods,dsny000167_sub,5,https://vocab.destiny-evidence.org/methods/DSNY000519,DSNY000519,Observational / single-group designs,"Observational study designs that track outcomes over time in a single group without a concurrent comparison group, relying on temporal patterns to infer associations.",https://vocab.destiny-evidence.org/methods/DSNY000167,2,dsny000519_sub,dsny000167_sub|5,dsny000167_sub:5
6a87c376-24c8-4a89-8154-efc70e619f8b,db6ee519-afb5-4813-822b-bfbc7dfd2237,https://vocab.destiny-evidence.org/methods,C. Methods,dsny000541_sub,0,https://vocab.destiny-evidence.org/methods/DSNY000542,DSNY000542,Ethnographic / interview-based,"A qualitative research design using immersive fieldwork, participant observation, or in-depth interviews to explore lived experiences, cultural practices, and social contexts.",https://vocab.destiny-evidence.org/methods/DSNY000541,3,,dsny000541_sub|0,dsny000541_sub:0
6a87c376-24c8-4a89-8154-efc70e619f8b,db6ee519-afb5-4813-822b-bfbc7dfd2237,https://vocab.destiny-evidence.org/methods,C. Methods,dsny000541_sub,1,https://vocab.destiny-evidence.org/methods/DSNY000543,DSNY000543,Focus group,"A qualitative method collecting data through facilitated group discussion among selected participants, used to explore shared perspectives, norms, and experiences on a defined topic.",https://vocab.destiny-evidence.org/methods/DSNY000541,3,,dsny000541_sub|1,dsny000541_sub:1
6a87c376-24c8-4a89-8154-efc70e619f8b,db6ee519-afb5-4813-822b-bfbc7dfd2237,https://vocab.destiny-evidence.org/methods,C. Methods,dsny000541_sub,2,https://vocab.destiny-evidence.org/methods/DSNY000544,DSNY000544,Mixed-methods,"A research design that integrates quantitative and qualitative data collection and analysis within a single study, combining the strengths of both approaches to address research questions.",https://vocab.destiny-evidence.org/methods/DSNY000541,3,,dsny000541_sub|2,dsny000541_sub:2
6a87c376-24c8-4a89-8154-efc70e619f8b,db6ee519-afb5-4813-822b-bfbc7dfd2237,https://vocab.destiny-evidence.org/methods,C. Methods,dsny000167_sub,6,https://vocab.destiny-evidence.org/methods/DSNY000541,DSNY000541,Qualitative and mixed-methods designs,"Study designs using qualitative data collection and analysis, or combining qualitative and quantitative approaches, to explore meanings, experiences, and contextual factors.",https://vocab.destiny-evidence.org/methods/DSNY000167,2,dsny000541_sub,dsny000167_sub|6,dsny000167_sub:6
6a87c376-24c8-4a89-8154-efc70e619f8b,db6ee519-afb5-4813-822b-bfbc7dfd2237,https://vocab.destiny-evidence.org/methods,C. Methods,dsny000167_sub,7,https://vocab.destiny-evidence.org/methods/DSNY000551,DSNY000551,Z_Other study design,"Primary research study designs not captured by the specific categories of descriptive, observational, experimental, qualitative, or modelling designs.",https://vocab.destiny-evidence.org/methods/DSNY000167,2,,dsny000167_sub|7,dsny000167_sub:7
6a87c376-24c8-4a89-8154-efc70e619f8b,db6ee519-afb5-4813-822b-bfbc7dfd2237,https://vocab.destiny-evidence.org/methods,C. Methods,k_methods,0,https://vocab.destiny-evidence.org/methods/DSNY000167,DSNY000167,C.1 Primary research,"Original research studies that collect and analyse data directly, as distinct from evidence syntheses that aggregate findings from existing studies.",,1,dsny000167_sub,k_methods|0,k_methods:0
6a87c376-24c8-4a89-8154-efc70e619f8b,db6ee519-afb5-4813-822b-bfbc7dfd2237,https://vocab.destiny-evidence.org/methods,C. Methods,dsny000198_sub,0,https://vocab.destiny-evidence.org/methods/DSNY000207,DSNY000207,Guideline (clinical or public health),"A systematically developed statement providing recommendations to guide clinical or public health practice, typically based on a synthesis of the available evidence. Often with systematic methods, but sometimes also based on expert consensus.",https://vocab.destiny-evidence.org/methods/DSNY000198,2,,dsny000198_sub|0,dsny000198_sub:0
6a87c376-24c8-4a89-8154-efc70e619f8b,db6ee519-afb5-4813-822b-bfbc7dfd2237,https://vocab.destiny-evidence.org/methods,C. Methods,dsny000198_sub,1,https://vocab.destiny-evidence.org/methods/DSNY000208,DSNY000208,Health technology assessment (HTA),"A comprehensive policy-relevant evaluation of a health technology that typically includes clinical effectiveness, cost-effectiveness, and broader social and ethical considerations.",https://vocab.destiny-evidence.org/methods/DSNY000198,2,,dsny000198_sub|1,dsny000198_sub:1
6a87c376-24c8-4a89-8154-efc70e619f8b,db6ee519-afb5-4813-822b-bfbc7dfd2237,https://vocab.destiny-evidence.org/methods,C. Methods,dsny000198_sub,2,https://vocab.destiny-evidence.org/methods/DSNY000206,DSNY000206,Narrative review,"A non-systematic review that summarises and interprets the literature on a topic based on the author's expertise and judgement, without exhaustive or reproducible search methods.",https://vocab.destiny-evidence.org/methods/DSNY000198,2,,dsny000198_sub|2,dsny000198_sub:2
6a87c376-24c8-4a89-8154-efc70e619f8b,db6ee519-afb5-4813-822b-bfbc7dfd2237,https://vocab.destiny-evidence.org/methods,C. Methods,dsny000201_sub,0,https://vocab.destiny-evidence.org/methods/DSNY000205,DSNY000205,Evidence map / evidence gap map,"A systematic mapping exercise that visually represents the distribution of evidence across a framework of interventions and outcomes, highlighting areas where evidence is absent or weak.",https://vocab.destiny-evidence.org/methods/DSNY000201,3,,dsny000201_sub|0,dsny000201_sub:0
6a87c376-24c8-4a89-8154-efc70e619f8b,db6ee519-afb5-4813-822b-bfbc7dfd2237,https://vocab.destiny-evidence.org/methods,C. Methods,dsny000201_sub,1,https://vocab.destiny-evidence.org/methods/DSNY000202,DSNY000202,Full systematic review,"A systematic review conducted with comprehensive search strategies and full methodological rigour, without time or resource constraints that would limit its scope.",https://vocab.destiny-evidence.org/methods/DSNY000201,3,,dsny000201_sub|1,dsny000201_sub:1
6a87c376-24c8-4a89-8154-efc70e619f8b,db6ee519-afb5-4813-822b-bfbc7dfd2237,https://vocab.destiny-evidence.org/methods,C. Methods,dsny000201_sub,2,https://vocab.destiny-evidence.org/methods/DSNY000554,DSNY000554,Mixed-methods review,"A systematic review that integrates findings from both quantitative and qualitative primary studies, using mixed-methods synthesis approaches to address questions that neither approach could answer alone.",https://vocab.destiny-evidence.org/methods/DSNY000201,3,,dsny000201_sub|2,dsny000201_sub:2
6a87c376-24c8-4a89-8154-efc70e619f8b,db6ee519-afb5-4813-822b-bfbc7dfd2237,https://vocab.destiny-evidence.org/methods,C. Methods,dsny000201_sub,3,https://vocab.destiny-evidence.org/methods/DSNY000552,DSNY000552,Qualitative evidence synthesis,"A systematic review that searches for, appraises, and synthesises findings from qualitative primary studies, using methods such as meta-ethnography, thematic synthesis, or framework synthesis.",https://vocab.destiny-evidence.org/methods/DSNY000201,3,,dsny000201_sub|3,dsny000201_sub:3
6a87c376-24c8-4a89-8154-efc70e619f8b,db6ee519-afb5-4813-822b-bfbc7dfd2237,https://vocab.destiny-evidence.org/methods,C. Methods,dsny000201_sub,4,https://vocab.destiny-evidence.org/methods/DSNY000203,DSNY000203,Rapid review,"A systematic review conducted within a shortened timeframe using streamlined methods, trading some comprehensiveness for speed to meet urgent policy or practice needs.",https://vocab.destiny-evidence.org/methods/DSNY000201,3,,dsny000201_sub|4,dsny000201_sub:4
6a87c376-24c8-4a89-8154-efc70e619f8b,db6ee519-afb5-4813-822b-bfbc7dfd2237,https://vocab.destiny-evidence.org/methods,C. Methods,dsny000201_sub,5,https://vocab.destiny-evidence.org/methods/DSNY000553,DSNY000553,Realist review,"A theory-driven review methodology that explores how and why interventions work in particular contexts and for whom, generating or testing explanatory theories rather than aggregating effect estimates.",https://vocab.destiny-evidence.org/methods/DSNY000201,3,,dsny000201_sub|5,dsny000201_sub:5
6a87c376-24c8-4a89-8154-efc70e619f8b,db6ee519-afb5-4813-822b-bfbc7dfd2237,https://vocab.destiny-evidence.org/methods,C. Methods,dsny000201_sub,6,https://vocab.destiny-evidence.org/methods/DSNY000204,DSNY000204,Scoping review,"A systematic review that maps the extent, range, and nature of evidence on a broad topic without synthesising findings, used to identify gaps and inform future research priorities.",https://vocab.destiny-evidence.org/methods/DSNY000201,3,,dsny000201_sub|6,dsny000201_sub:6
6a87c376-24c8-4a89-8154-efc70e619f8b,db6ee519-afb5-4813-822b-bfbc7dfd2237,https://vocab.destiny-evidence.org/methods,C. Methods,dsny000198_sub,3,https://vocab.destiny-evidence.org/methods/DSNY000201,DSNY000201,Systematic review,"A review that uses explicit, reproducible methods to systematically search, select, appraise, and synthesise evidence from primary studies on a defined research question.",https://vocab.destiny-evidence.org/methods/DSNY000198,2,dsny000201_sub,dsny000198_sub|3,dsny000198_sub:3
6a87c376-24c8-4a89-8154-efc70e619f8b,db6ee519-afb5-4813-822b-bfbc7dfd2237,https://vocab.destiny-evidence.org/methods,C. Methods,dsny000198_sub,4,https://vocab.destiny-evidence.org/methods/DSNY000200,DSNY000200,Umbrella review / overview of reviews,"A synthesis that systematically compiles and summarises findings from multiple systematic reviews on a related topic, providing a high-level overview of the evidence base.",https://vocab.destiny-evidence.org/methods/DSNY000198,2,,dsny000198_sub|4,dsny000198_sub:4
6a87c376-24c8-4a89-8154-efc70e619f8b,db6ee519-afb5-4813-822b-bfbc7dfd2237,https://vocab.destiny-evidence.org/methods,C. Methods,dsny000198_sub,5,https://vocab.destiny-evidence.org/methods/DSNY000555,DSNY000555,Z_Other evidence synthesis type,"Evidence synthesis types not captured by the specific categories of systematic review, umbrella review, narrative review, guideline, or health technology assessment.",https://vocab.destiny-evidence.org/methods/DSNY000198,2,,dsny000198_sub|5,dsny000198_sub:5
6a87c376-24c8-4a89-8154-efc70e619f8b,db6ee519-afb5-4813-822b-bfbc7dfd2237,https://vocab.destiny-evidence.org/methods,C. Methods,k_methods,1,https://vocab.destiny-evidence.org/methods/DSNY000198,DSNY000198,C.2 Evidence synthesis,Research that systematically or narratively aggregates and synthesises findings from multiple primary studies to draw broader conclusions about a topic.,,1,dsny000198_sub,k_methods|1,k_methods:1
6a87c376-24c8-4a89-8154-efc70e619f8b,db6ee519-afb5-4813-822b-bfbc7dfd2237,https://vocab.destiny-evidence.org/topic,D. Topic,dsny000052_sub,0,https://vocab.destiny-evidence.org/topic/DSNY000490,DSNY000490,Maladaptation,"Adaptation actions that inadvertently increase vulnerability or exposure to harm, reduce adaptive capacity, or create new risks for human or natural systems, often as an unintended consequence of well-intentioned interventions.",https://vocab.destiny-evidence.org/topic/DSNY000052,2,,dsny000052_sub|0,dsny000052_sub:0
6a87c376-24c8-4a89-8154-efc70e619f8b,db6ee519-afb5-4813-822b-bfbc7dfd2237,https://vocab.destiny-evidence.org/topic,D. Topic,k_topic,0,https://vocab.destiny-evidence.org/topic/DSNY000052,DSNY000052,Adaptation,"Adjustments in natural or human systems in response to actual or anticipated climate change, intended to moderate harm or exploit beneficial opportunities arising from climate variability.",,1,dsny000052_sub,k_topic|0,k_topic:0
6a87c376-24c8-4a89-8154-efc70e619f8b,db6ee519-afb5-4813-822b-bfbc7dfd2237,https://vocab.destiny-evidence.org/topic,D. Topic,dsny000053_sub,0,https://vocab.destiny-evidence.org/topic/DSNY000054,DSNY000054,Attribution,"The process of establishing the causal contribution of climate change to observed changes in physical, ecological, or human systems, including specific extreme weather events or health outcomes.",https://vocab.destiny-evidence.org/topic/DSNY000053,2,,dsny000053_sub|0,dsny000053_sub:0
6a87c376-24c8-4a89-8154-efc70e619f8b,db6ee519-afb5-4813-822b-bfbc7dfd2237,https://vocab.destiny-evidence.org/topic,D. Topic,dsny000053_sub,1,https://vocab.destiny-evidence.org/topic/DSNY000493,DSNY000493,Future impact,"Projected effects on human health, ecosystems, and societies arising from anticipated changes in climate over coming decades, typically derived from climate modelling and scenario analysis.",https://vocab.destiny-evidence.org/topic/DSNY000053,2,,dsny000053_sub|1,dsny000053_sub:1
6a87c376-24c8-4a89-8154-efc70e619f8b,db6ee519-afb5-4813-822b-bfbc7dfd2237,https://vocab.destiny-evidence.org/topic,D. Topic,dsny000053_sub,2,https://vocab.destiny-evidence.org/topic/DSNY000492,DSNY000492,Loss and damage,"Negative consequences of climate change that cannot be avoided through mitigation or adaptation, including irreversible harm to lives, livelihoods, cultural heritage, ecosystems, and infrastructure.",https://vocab.destiny-evidence.org/topic/DSNY000053,2,,dsny000053_sub|2,dsny000053_sub:2
6a87c376-24c8-4a89-8154-efc70e619f8b,db6ee519-afb5-4813-822b-bfbc7dfd2237,https://vocab.destiny-evidence.org/topic,D. Topic,k_topic,1,https://vocab.destiny-evidence.org/topic/DSNY000053,DSNY000053,Impact,"The effects of climate change on natural and human systems, including consequences for health, ecosystems, economies, and societies resulting from climate variability and change.",,1,dsny000053_sub,k_topic|1,k_topic:1
6a87c376-24c8-4a89-8154-efc70e619f8b,db6ee519-afb5-4813-822b-bfbc7dfd2237,https://vocab.destiny-evidence.org/topic,D. Topic,dsny000051_sub,0,https://vocab.destiny-evidence.org/topic/DSNY000491,DSNY000491,Co-Benefits,"Positive health, social, or environmental benefits arising from mitigation actions that are additional to the primary goal of reducing greenhouse gas emissions, such as improved air quality or increased physical activity.",https://vocab.destiny-evidence.org/topic/DSNY000051,2,,dsny000051_sub|0,dsny000051_sub:0
6a87c376-24c8-4a89-8154-efc70e619f8b,db6ee519-afb5-4813-822b-bfbc7dfd2237,https://vocab.destiny-evidence.org/topic,D. Topic,k_topic,2,https://vocab.destiny-evidence.org/topic/DSNY000051,DSNY000051,Mitigation,Actions and strategies aimed at reducing or preventing greenhouse gas emissions in order to limit the magnitude of future climate change and its associated health and environmental impacts.,,1,dsny000051_sub,k_topic|2,k_topic:2
6a87c376-24c8-4a89-8154-efc70e619f8b,db6ee519-afb5-4813-822b-bfbc7dfd2237,https://vocab.destiny-evidence.org/climate-drivers-variability,E.1 Climate factors - Climate drivers / variability,k_climate-drivers-variability,0,https://vocab.destiny-evidence.org/climate-drivers-variability/DSNY000596,DSNY000596,(Unspecified) changes in weather,"General changes in weather patterns not attributed to a specific meteorological variable, used when studies refer to weather variability in broad terms.",,1,,k_climate-drivers-variability|0,k_climate-drivers-variability:0
6a87c376-24c8-4a89-8154-efc70e619f8b,db6ee519-afb5-4813-822b-bfbc7dfd2237,https://vocab.destiny-evidence.org/climate-drivers-variability,E.1 Climate factors - Climate drivers / variability,k_climate-drivers-variability,1,https://vocab.destiny-evidence.org/climate-drivers-variability/DSNY000595,DSNY000595,(Unspecified) climate change,"Climate change where the specific driver or mechanism is not identified or distinguished, used when studies refer to climate change in general terms.",,1,,k_climate-drivers-variability|1,k_climate-drivers-variability:1
6a87c376-24c8-4a89-8154-efc70e619f8b,db6ee519-afb5-4813-822b-bfbc7dfd2237,https://vocab.destiny-evidence.org/climate-drivers-variability,E.1 Climate factors - Climate drivers / variability,k_climate-drivers-variability,2,https://vocab.destiny-evidence.org/climate-drivers-variability/DSNY000597,DSNY000597,Changes in glacier / snow melt,"Accelerated melting of glaciers and snowpack due to rising temperatures, affecting freshwater supply, sea levels, and downstream ecosystems.",,1,,k_climate-drivers-variability|2,k_climate-drivers-variability:2
6a87c376-24c8-4a89-8154-efc70e619f8b,db6ee519-afb5-4813-822b-bfbc7dfd2237,https://vocab.destiny-evidence.org/climate-drivers-variability,E.1 Climate factors - Climate drivers / variability,k_climate-drivers-variability,3,https://vocab.destiny-evidence.org/climate-drivers-variability/DSNY000598,DSNY000598,Changes in humidity,"Shifts in atmospheric moisture levels that affect thermal comfort, respiratory health, and the prevalence of moisture-related diseases.",,1,,k_climate-drivers-variability|3,k_climate-drivers-variability:3
6a87c376-24c8-4a89-8154-efc70e619f8b,db6ee519-afb5-4813-822b-bfbc7dfd2237,https://vocab.destiny-evidence.org/climate-drivers-variability,E.1 Climate factors - Climate drivers / variability,k_climate-drivers-variability,4,https://vocab.destiny-evidence.org/climate-drivers-variability/DSNY000599,DSNY000599,Changes in precipitation,"Alterations in the amount, timing, or intensity of rainfall and snowfall, affecting water availability, flood risk, and drought conditions.",,1,,k_climate-drivers-variability|4,k_climate-drivers-variability:4
6a87c376-24c8-4a89-8154-efc70e619f8b,db6ee519-afb5-4813-822b-bfbc7dfd2237,https://vocab.destiny-evidence.org/climate-drivers-variability,E.1 Climate factors - Climate drivers / variability,k_climate-drivers-variability,5,https://vocab.destiny-evidence.org/climate-drivers-variability/DSNY000600,DSNY000600,Changes in sea level,"The increase in mean sea level resulting from thermal expansion of seawater and melting ice, threatening coastal communities, infrastructure, and freshwater resources.",,1,,k_climate-drivers-variability|5,k_climate-drivers-variability:5
6a87c376-24c8-4a89-8154-efc70e619f8b,db6ee519-afb5-4813-822b-bfbc7dfd2237,https://vocab.destiny-evidence.org/climate-drivers-variability,E.1 Climate factors - Climate drivers / variability,k_climate-drivers-variability,6,https://vocab.destiny-evidence.org/climate-drivers-variability/DSNY000601,DSNY000601,Changes in season length,"Shifts in the duration of seasons, including earlier spring onset and extended summers, with consequences for agriculture, vector biology, and human health.",,1,,k_climate-drivers-variability|6,k_climate-drivers-variability:6
6a87c376-24c8-4a89-8154-efc70e619f8b,db6ee519-afb5-4813-822b-bfbc7dfd2237,https://vocab.destiny-evidence.org/climate-drivers-variability,E.1 Climate factors - Climate drivers / variability,k_climate-drivers-variability,7,https://vocab.destiny-evidence.org/climate-drivers-variability/DSNY000602,DSNY000602,Changes in temperature,"Long-term shifts in average or extreme temperature conditions, including warming trends, that affect human health, ecosystems, and society.",,1,,k_climate-drivers-variability|7,k_climate-drivers-variability:7
6a87c376-24c8-4a89-8154-efc70e619f8b,db6ee519-afb5-4813-822b-bfbc7dfd2237,https://vocab.destiny-evidence.org/climate-drivers-variability,E.1 Climate factors - Climate drivers / variability,k_climate-drivers-variability,8,https://vocab.destiny-evidence.org/climate-drivers-variability/DSNY000603,DSNY000603,Changes in wind speed,"Alterations in wind patterns and velocity that can affect air quality, energy systems, and the spread of airborne pathogens and pollutants.",,1,,k_climate-drivers-variability|8,k_climate-drivers-variability:8
6a87c376-24c8-4a89-8154-efc70e619f8b,db6ee519-afb5-4813-822b-bfbc7dfd2237,https://vocab.destiny-evidence.org/climate-drivers-variability,E.1 Climate factors - Climate drivers / variability,k_climate-drivers-variability,9,https://vocab.destiny-evidence.org/climate-drivers-variability/DSNY000623,DSNY000623,Climate variability,"Climate variability refers to fluctuations in climate conditions (temperature, precipitation, wind patterns, etc.) over months, years, or decades around a longer-term average. Climate variability is influenced by multiple climate drivers.",,1,,k_climate-drivers-variability|9,k_climate-drivers-variability:9
6a87c376-24c8-4a89-8154-efc70e619f8b,db6ee519-afb5-4813-822b-bfbc7dfd2237,https://vocab.destiny-evidence.org/extreme-weather-events,E.2 Climate factors - Extreme weather events,k_extreme-weather-events,0,https://vocab.destiny-evidence.org/extreme-weather-events/DSNY000604,DSNY000604,(Unspecified) extreme weather events,"Extreme weather events where the specific type is not identified, used when studies refer to climate extremes without distinguishing between event types.",,1,,k_extreme-weather-events|0,k_extreme-weather-events:0
6a87c376-24c8-4a89-8154-efc70e619f8b,db6ee519-afb5-4813-822b-bfbc7dfd2237,https://vocab.destiny-evidence.org/extreme-weather-events,E.2 Climate factors - Extreme weather events,k_extreme-weather-events,1,https://vocab.destiny-evidence.org/extreme-weather-events/DSNY000605,DSNY000605,Droughts,"Prolonged periods of abnormally low rainfall leading to water scarcity, crop failure, and increased risk of wildfires, with significant health and livelihood consequences.",,1,,k_extreme-weather-events|1,k_extreme-weather-events:1
6a87c376-24c8-4a89-8154-efc70e619f8b,db6ee519-afb5-4813-822b-bfbc7dfd2237,https://vocab.destiny-evidence.org/extreme-weather-events,E.2 Climate factors - Extreme weather events,k_extreme-weather-events,2,https://vocab.destiny-evidence.org/extreme-weather-events/DSNY000606,DSNY000606,Extreme cold,"Episodes of abnormally low temperatures, including cold snaps and blizzards, associated with increased risk of hypothermia, cardiovascular events, and respiratory illness.",,1,,k_extreme-weather-events|2,k_extreme-weather-events:2
6a87c376-24c8-4a89-8154-efc70e619f8b,db6ee519-afb5-4813-822b-bfbc7dfd2237,https://vocab.destiny-evidence.org/extreme-weather-events,E.2 Climate factors - Extreme weather events,k_extreme-weather-events,3,https://vocab.destiny-evidence.org/extreme-weather-events/DSNY000607,DSNY000607,Extreme heat,"Periods of abnormally high temperatures, including heatwaves, that pose direct health risks such as heat exhaustion, heat stroke, and excess mortality.",,1,,k_extreme-weather-events|3,k_extreme-weather-events:3
6a87c376-24c8-4a89-8154-efc70e619f8b,db6ee519-afb5-4813-822b-bfbc7dfd2237,https://vocab.destiny-evidence.org/extreme-weather-events,E.2 Climate factors - Extreme weather events,k_extreme-weather-events,4,https://vocab.destiny-evidence.org/extreme-weather-events/DSNY000608,DSNY000608,Floods,"Temporary inundation of normally dry land caused by excessive rainfall, storm surges, or rapid snowmelt, posing risks to human health, displacement, and infrastructure.",,1,,k_extreme-weather-events|4,k_extreme-weather-events:4
6a87c376-24c8-4a89-8154-efc70e619f8b,db6ee519-afb5-4813-822b-bfbc7dfd2237,https://vocab.destiny-evidence.org/extreme-weather-events,E.2 Climate factors - Extreme weather events,k_extreme-weather-events,5,https://vocab.destiny-evidence.org/extreme-weather-events/DSNY000609,DSNY000609,Storms,"Intense meteorological events including tropical cyclones, hurricanes, typhoons, and severe thunderstorms, causing wind damage, flooding, and displacement.",,1,,k_extreme-weather-events|5,k_extreme-weather-events:5
6a87c376-24c8-4a89-8154-efc70e619f8b,db6ee519-afb5-4813-822b-bfbc7dfd2237,https://vocab.destiny-evidence.org/extreme-weather-events,E.2 Climate factors - Extreme weather events,k_extreme-weather-events,6,https://vocab.destiny-evidence.org/extreme-weather-events/DSNY000610,DSNY000610,Wildfires,"Uncontrolled fires in natural vegetation, increasingly associated with drought and heat, producing smoke and air pollution with severe respiratory and cardiovascular health impacts.",,1,,k_extreme-weather-events|6,k_extreme-weather-events:6
6a87c376-24c8-4a89-8154-efc70e619f8b,db6ee519-afb5-4813-822b-bfbc7dfd2237,https://vocab.destiny-evidence.org/climate-forcing-agents,E.3 Climate factors - Climate forcing agents,k_climate-forcing-agents,0,https://vocab.destiny-evidence.org/climate-forcing-agents/DSNY000611,DSNY000611,(Unspecified) greenhouse gases,"Atmospheric gases that trap heat and contribute to the greenhouse effect, referred to collectively without specifying the individual gas type.",,1,,k_climate-forcing-agents|0,k_climate-forcing-agents:0
6a87c376-24c8-4a89-8154-efc70e619f8b,db6ee519-afb5-4813-822b-bfbc7dfd2237,https://vocab.destiny-evidence.org/climate-forcing-agents,E.3 Climate factors - Climate forcing agents,k_climate-forcing-agents,1,https://vocab.destiny-evidence.org/climate-forcing-agents/DSNY000612,DSNY000612,Carbon dioxide (CO₂),"The primary long-lived greenhouse gas produced by fossil fuel combustion, deforestation, and industrial processes, responsible for the majority of anthropogenic radiative forcing.",,1,,k_climate-forcing-agents|1,k_climate-forcing-agents:1
6a87c376-24c8-4a89-8154-efc70e619f8b,db6ee519-afb5-4813-822b-bfbc7dfd2237,https://vocab.destiny-evidence.org/climate-forcing-agents,E.3 Climate factors - Climate forcing agents,k_climate-forcing-agents,2,https://vocab.destiny-evidence.org/climate-forcing-agents/DSNY000614,DSNY000614,Fluorinated gases / hydrofluorocarbons / perfluorocarbons / sulfur hexafluoride / nitrogen trifluoride,"A group of potent synthetic greenhouse gases used in industrial applications, refrigeration, and electronics manufacturing, with very high global warming potentials and long atmospheric lifetimes.",,1,,k_climate-forcing-agents|2,k_climate-forcing-agents:2
6a87c376-24c8-4a89-8154-efc70e619f8b,db6ee519-afb5-4813-822b-bfbc7dfd2237,https://vocab.destiny-evidence.org/climate-forcing-agents,E.3 Climate factors - Climate forcing agents,k_climate-forcing-agents,3,https://vocab.destiny-evidence.org/climate-forcing-agents/DSNY000615,DSNY000615,Methane (CH₄),"A potent short-lived greenhouse gas emitted from livestock, rice cultivation, landfills, and fossil fuel extraction, with a global warming potential far exceeding that of CO₂ over 20 years.",,1,,k_climate-forcing-agents|3,k_climate-forcing-agents:3
6a87c376-24c8-4a89-8154-efc70e619f8b,db6ee519-afb5-4813-822b-bfbc7dfd2237,https://vocab.destiny-evidence.org/climate-forcing-agents,E.3 Climate factors - Climate forcing agents,k_climate-forcing-agents,4,https://vocab.destiny-evidence.org/climate-forcing-agents/DSNY000616,DSNY000616,Nitrous oxide (N₂O),"A greenhouse gas and ozone-depleting substance emitted primarily from agricultural soils, livestock, and nitrogen fertilisers, with a high global warming potential.",,1,,k_climate-forcing-agents|4,k_climate-forcing-agents:4
6a87c376-24c8-4a89-8154-efc70e619f8b,db6ee519-afb5-4813-822b-bfbc7dfd2237,https://vocab.destiny-evidence.org/climate-forcing-agents,E.3 Climate factors - Climate forcing agents,k_climate-forcing-agents,5,https://vocab.destiny-evidence.org/climate-forcing-agents/DSNY000617,DSNY000617,Ozone-depleting substances / chlorofluorocarbons / hydrochlorofluorocarbons / halons / carbon tetrachloride / methyl chloroform,"Chemical compounds that destroy stratospheric ozone and act as potent greenhouse gases, regulated under the Montreal Protocol due to their combined climate and health impacts.",,1,,k_climate-forcing-agents|5,k_climate-forcing-agents:5
6a87c376-24c8-4a89-8154-efc70e619f8b,db6ee519-afb5-4813-822b-bfbc7dfd2237,https://vocab.destiny-evidence.org/climate-forcing-agents,E.3 Climate factors - Climate forcing agents,k_climate-forcing-agents,6,https://vocab.destiny-evidence.org/climate-forcing-agents/DSNY000613,DSNY000613,Particulate matter (PM10) / fine particulate matter (PM2.5) / black/organic carbon / sulfate/nitrate aerosols,"Airborne particles of 10 or 2.5 micrometres or less in diameter. Fine particulate matter can include components such as black carbon and sulfate aerosols, that affect both climate and human health through respiratory and cardiovascular pathways.",,1,,k_climate-forcing-agents|6,k_climate-forcing-agents:6
6a87c376-24c8-4a89-8154-efc70e619f8b,db6ee519-afb5-4813-822b-bfbc7dfd2237,https://vocab.destiny-evidence.org/climate-forcing-agents,E.3 Climate factors - Climate forcing agents,k_climate-forcing-agents,7,https://vocab.destiny-evidence.org/climate-forcing-agents/DSNY000618,DSNY000618,Tropospheric ozone (O₃),"A short-lived climate pollutant and air quality hazard formed by photochemical reactions between nitrogen oxides and volatile organic compounds, harmful to respiratory health.",,1,,k_climate-forcing-agents|7,k_climate-forcing-agents:7
6a87c376-24c8-4a89-8154-efc70e619f8b,db6ee519-afb5-4813-822b-bfbc7dfd2237,https://vocab.destiny-evidence.org/fossil-fuels,E.4 Climate factors - Fossil fuels,k_fossil-fuels,0,https://vocab.destiny-evidence.org/fossil-fuels/DSNY000619,DSNY000619,(Unspecified) fossil fuels,"Fossil fuel use or combustion where the specific fuel type is not identified, used when studies refer to fossil fuels in general without distinguishing between coal, oil, or gas.",,1,,k_fossil-fuels|0,k_fossil-fuels:0
6a87c376-24c8-4a89-8154-efc70e619f8b,db6ee519-afb5-4813-822b-bfbc7dfd2237,https://vocab.destiny-evidence.org/fossil-fuels,E.4 Climate factors - Fossil fuels,k_fossil-fuels,1,https://vocab.destiny-evidence.org/fossil-fuels/DSNY000620,DSNY000620,Coal,"A solid fossil fuel formed from ancient plant matter, the most carbon-intensive energy source and a major contributor to greenhouse gas emissions and air pollution.",,1,,k_fossil-fuels|1,k_fossil-fuels:1
6a87c376-24c8-4a89-8154-efc70e619f8b,db6ee519-afb5-4813-822b-bfbc7dfd2237,https://vocab.destiny-evidence.org/fossil-fuels,E.4 Climate factors - Fossil fuels,k_fossil-fuels,2,https://vocab.destiny-evidence.org/fossil-fuels/DSNY000621,DSNY000621,Natural gas,"A fossil fuel composed primarily of methane, used for heating, electricity generation, and industrial processes, with lower CO₂ emissions than coal but significant methane leakage risks.",,1,,k_fossil-fuels|2,k_fossil-fuels:2
6a87c376-24c8-4a89-8154-efc70e619f8b,db6ee519-afb5-4813-822b-bfbc7dfd2237,https://vocab.destiny-evidence.org/fossil-fuels,E.4 Climate factors - Fossil fuels,k_fossil-fuels,3,https://vocab.destiny-evidence.org/fossil-fuels/DSNY000622,DSNY000622,Oil,"A liquid fossil fuel refined into petroleum products including petrol, diesel, and jet fuel, a major source of greenhouse gas emissions from transport and industry.",,1,,k_fossil-fuels|3,k_fossil-fuels:3
6a87c376-24c8-4a89-8154-efc70e619f8b,db6ee519-afb5-4813-822b-bfbc7dfd2237,https://vocab.destiny-evidence.org/interventions-measures-responses,F. Interventions / responses / solutions,dsny000098_sub,0,https://vocab.destiny-evidence.org/interventions-measures-responses/DSNY000099,DSNY000099,Civic engagement,"Participation in collective and political processes aimed at influencing climate policy, community resilience planning, or social responses to climate hazards.",https://vocab.destiny-evidence.org/interventions-measures-responses/DSNY000098,3,,dsny000098_sub|0,dsny000098_sub:0
6a87c376-24c8-4a89-8154-efc70e619f8b,db6ee519-afb5-4813-822b-bfbc7dfd2237,https://vocab.destiny-evidence.org/interventions-measures-responses,F. Interventions / responses / solutions,dsny000098_sub,1,https://vocab.destiny-evidence.org/interventions-measures-responses/DSNY000102,DSNY000102,Household protection,"Actions taken at the household level to reduce exposure to hazards or improve living conditions, such as installing insulation, flood barriers, ventilation, or emergency preparedness measures.",https://vocab.destiny-evidence.org/interventions-measures-responses/DSNY000098,3,,dsny000098_sub|1,dsny000098_sub:1
6a87c376-24c8-4a89-8154-efc70e619f8b,db6ee519-afb5-4813-822b-bfbc7dfd2237,https://vocab.destiny-evidence.org/interventions-measures-responses,F. Interventions / responses / solutions,dsny000098_sub,2,https://vocab.destiny-evidence.org/interventions-measures-responses/DSNY000103,DSNY000103,Learning,"Acquiring knowledge and skills that enable individuals and communities to understand risks, make informed decisions, and adapt their behaviours and livelihoods accordingly.",https://vocab.destiny-evidence.org/interventions-measures-responses/DSNY000098,3,,dsny000098_sub|2,dsny000098_sub:2
6a87c376-24c8-4a89-8154-efc70e619f8b,db6ee519-afb5-4813-822b-bfbc7dfd2237,https://vocab.destiny-evidence.org/interventions-measures-responses,F. Interventions / responses / solutions,dsny000098_sub,3,https://vocab.destiny-evidence.org/interventions-measures-responses/DSNY000104,DSNY000104,Lifestyle change in place,"Changes to daily routines, work patterns, or living arrangements made within a person's current location in response to changing conditions, without relocating.",https://vocab.destiny-evidence.org/interventions-measures-responses/DSNY000098,3,,dsny000098_sub|3,dsny000098_sub:3
6a87c376-24c8-4a89-8154-efc70e619f8b,db6ee519-afb5-4813-822b-bfbc7dfd2237,https://vocab.destiny-evidence.org/interventions-measures-responses,F. Interventions / responses / solutions,dsny000098_sub,4,https://vocab.destiny-evidence.org/interventions-measures-responses/DSNY000105,DSNY000105,Migration,"Movement of individuals or communities away from areas made uninhabitable or highly hazardous by climate change, including both voluntary relocation and forced displacement.",https://vocab.destiny-evidence.org/interventions-measures-responses/DSNY000098,3,,dsny000098_sub|4,dsny000098_sub:4
6a87c376-24c8-4a89-8154-efc70e619f8b,db6ee519-afb5-4813-822b-bfbc7dfd2237,https://vocab.destiny-evidence.org/interventions-measures-responses,F. Interventions / responses / solutions,dsny000098_sub,5,https://vocab.destiny-evidence.org/interventions-measures-responses/DSNY000577,DSNY000577,Other behaviour related to adaptation,"Adaptation behaviours not classified under the specific categories of civic engagement, psychological coping, household protection, learning, lifestyle change in place, migration, or self-protection.",https://vocab.destiny-evidence.org/interventions-measures-responses/DSNY000098,3,,dsny000098_sub|5,dsny000098_sub:5
6a87c376-24c8-4a89-8154-efc70e619f8b,db6ee519-afb5-4813-822b-bfbc7dfd2237,https://vocab.destiny-evidence.org/interventions-measures-responses,F. Interventions / responses / solutions,dsny000098_sub,6,https://vocab.destiny-evidence.org/interventions-measures-responses/DSNY000101,DSNY000101,Psychological coping,"Psychological strategies and mental health practices that individuals use to manage stress, anxiety, and trauma associated with climate change and climate-related disasters.",https://vocab.destiny-evidence.org/interventions-measures-responses/DSNY000098,3,,dsny000098_sub|6,dsny000098_sub:6
6a87c376-24c8-4a89-8154-efc70e619f8b,db6ee519-afb5-4813-822b-bfbc7dfd2237,https://vocab.destiny-evidence.org/interventions-measures-responses,F. Interventions / responses / solutions,dsny000098_sub,7,https://vocab.destiny-evidence.org/interventions-measures-responses/DSNY000106,DSNY000106,Self-protection,"Individual actions taken to protect personal health from climate hazards, such as using sunscreen, staying hydrated during heat events, or wearing respiratory protection during wildfires.",https://vocab.destiny-evidence.org/interventions-measures-responses/DSNY000098,3,,dsny000098_sub|7,dsny000098_sub:7
6a87c376-24c8-4a89-8154-efc70e619f8b,db6ee519-afb5-4813-822b-bfbc7dfd2237,https://vocab.destiny-evidence.org/interventions-measures-responses,F. Interventions / responses / solutions,dsny000097_sub,0,https://vocab.destiny-evidence.org/interventions-measures-responses/DSNY000098,DSNY000098,Adaptation behaviours,Deliberate actions taken by individuals or communities to reduce exposure or vulnerability to climate-related hazards and protect health and livelihoods.,https://vocab.destiny-evidence.org/interventions-measures-responses/DSNY000097,2,dsny000098_sub,dsny000097_sub|0,dsny000097_sub:0
6a87c376-24c8-4a89-8154-efc70e619f8b,db6ee519-afb5-4813-822b-bfbc7dfd2237,https://vocab.destiny-evidence.org/interventions-measures-responses,F. Interventions / responses / solutions,dsny000107_sub,0,https://vocab.destiny-evidence.org/interventions-measures-responses/DSNY000110,DSNY000110,Behaviour related to food/diet,"Changes in dietary patterns and food purchasing behaviour, such as reducing meat intake, minimising food waste, or choosing locally produced food, to lower the environmental footprint of food consumption.",https://vocab.destiny-evidence.org/interventions-measures-responses/DSNY000107,3,,dsny000107_sub|0,dsny000107_sub:0
6a87c376-24c8-4a89-8154-efc70e619f8b,db6ee519-afb5-4813-822b-bfbc7dfd2237,https://vocab.destiny-evidence.org/interventions-measures-responses,F. Interventions / responses / solutions,dsny000107_sub,1,https://vocab.destiny-evidence.org/interventions-measures-responses/DSNY000111,DSNY000111,Behaviour related to goods/consumption/services,"Reductions or shifts in the purchase and use of physical goods and services to lower associated environmental impacts, including buying less, repairing, reusing, or choosing lower-impact products and services.",https://vocab.destiny-evidence.org/interventions-measures-responses/DSNY000107,3,,dsny000107_sub|1,dsny000107_sub:1
6a87c376-24c8-4a89-8154-efc70e619f8b,db6ee519-afb5-4813-822b-bfbc7dfd2237,https://vocab.destiny-evidence.org/interventions-measures-responses,F. Interventions / responses / solutions,dsny000107_sub,2,https://vocab.destiny-evidence.org/interventions-measures-responses/DSNY000109,DSNY000109,Behaviour related to households,"Actions taken at the household level to reduce energy consumption and associated emissions, including reducing heating and cooling use, improving insulation, and adopting lower-emission energy sources.",https://vocab.destiny-evidence.org/interventions-measures-responses/DSNY000107,3,,dsny000107_sub|2,dsny000107_sub:2
6a87c376-24c8-4a89-8154-efc70e619f8b,db6ee519-afb5-4813-822b-bfbc7dfd2237,https://vocab.destiny-evidence.org/interventions-measures-responses,F. Interventions / responses / solutions,dsny000107_sub,3,https://vocab.destiny-evidence.org/interventions-measures-responses/DSNY000108,DSNY000108,Behaviour related to mobility,"Behavioural changes in how individuals travel and commute, such as switching to public transport, cycling, walking, or reducing vehicle use, to reduce transport-related emissions.",https://vocab.destiny-evidence.org/interventions-measures-responses/DSNY000107,3,,dsny000107_sub|3,dsny000107_sub:3
6a87c376-24c8-4a89-8154-efc70e619f8b,db6ee519-afb5-4813-822b-bfbc7dfd2237,https://vocab.destiny-evidence.org/interventions-measures-responses,F. Interventions / responses / solutions,dsny000107_sub,4,https://vocab.destiny-evidence.org/interventions-measures-responses/DSNY000578,DSNY000578,Other behaviour related to mitigation,"Mitigation behaviours not classified under the specific categories of mobility, household, food and diet, or goods and consumption.",https://vocab.destiny-evidence.org/interventions-measures-responses/DSNY000107,3,,dsny000107_sub|4,dsny000107_sub:4
6a87c376-24c8-4a89-8154-efc70e619f8b,db6ee519-afb5-4813-822b-bfbc7dfd2237,https://vocab.destiny-evidence.org/interventions-measures-responses,F. Interventions / responses / solutions,dsny000097_sub,1,https://vocab.destiny-evidence.org/interventions-measures-responses/DSNY000107,DSNY000107,Mitigation behaviours,Voluntary or encouraged changes in individual and household behaviour that reduce greenhouse gas emissions across key consumption domains.,https://vocab.destiny-evidence.org/interventions-measures-responses/DSNY000097,2,dsny000107_sub,dsny000097_sub|1,dsny000097_sub:1
6a87c376-24c8-4a89-8154-efc70e619f8b,db6ee519-afb5-4813-822b-bfbc7dfd2237,https://vocab.destiny-evidence.org/interventions-measures-responses,F. Interventions / responses / solutions,k_interventions-measures-responses,0,https://vocab.destiny-evidence.org/interventions-measures-responses/DSNY000097,DSNY000097,Behavior / culture,"Human behaviours, social practices, and cultural norms that influence greenhouse gas emissions or shape vulnerability and resilience to climate change impacts.",,1,dsny000097_sub,k_interventions-measures-responses|0,k_interventions-measures-responses:0
6a87c376-24c8-4a89-8154-efc70e619f8b,db6ee519-afb5-4813-822b-bfbc7dfd2237,https://vocab.destiny-evidence.org/interventions-measures-responses,F. Interventions / responses / solutions,dsny000588_sub,0,https://vocab.destiny-evidence.org/interventions-measures-responses/DSNY000589,DSNY000589,Community-based adaptation,"Locally designed and led responses to climate-health risks, drawing on community knowledge and priorities to develop contextually appropriate adaptation strategies.",https://vocab.destiny-evidence.org/interventions-measures-responses/DSNY000588,2,,dsny000588_sub|0,dsny000588_sub:0
6a87c376-24c8-4a89-8154-efc70e619f8b,db6ee519-afb5-4813-822b-bfbc7dfd2237,https://vocab.destiny-evidence.org/interventions-measures-responses,F. Interventions / responses / solutions,dsny000588_sub,1,https://vocab.destiny-evidence.org/interventions-measures-responses/DSNY000592,DSNY000592,Cultural identity,"Culturally grounded practices, knowledge systems, and identities that support individual and community wellbeing, including indigenous-led approaches and the preservation of connections to land and heritage.",https://vocab.destiny-evidence.org/interventions-measures-responses/DSNY000588,2,,dsny000588_sub|1,dsny000588_sub:1
6a87c376-24c8-4a89-8154-efc70e619f8b,db6ee519-afb5-4813-822b-bfbc7dfd2237,https://vocab.destiny-evidence.org/interventions-measures-responses,F. Interventions / responses / solutions,dsny000588_sub,2,https://vocab.destiny-evidence.org/interventions-measures-responses/DSNY000593,DSNY000593,Land / resource rights,"The legal and customary rights of communities and indigenous peoples to access, use, and govern land and natural resources, underpinning livelihood security and self-determination.",https://vocab.destiny-evidence.org/interventions-measures-responses/DSNY000588,2,,dsny000588_sub|2,dsny000588_sub:2
6a87c376-24c8-4a89-8154-efc70e619f8b,db6ee519-afb5-4813-822b-bfbc7dfd2237,https://vocab.destiny-evidence.org/interventions-measures-responses,F. Interventions / responses / solutions,dsny000588_sub,3,https://vocab.destiny-evidence.org/interventions-measures-responses/DSNY000590,DSNY000590,Participatory governance,"Processes that involve communities in decision-making and planning, ensuring local voices shape policies, programmes, and strategies that affect them.",https://vocab.destiny-evidence.org/interventions-measures-responses/DSNY000588,2,,dsny000588_sub|3,dsny000588_sub:3
6a87c376-24c8-4a89-8154-efc70e619f8b,db6ee519-afb5-4813-822b-bfbc7dfd2237,https://vocab.destiny-evidence.org/interventions-measures-responses,F. Interventions / responses / solutions,dsny000588_sub,4,https://vocab.destiny-evidence.org/interventions-measures-responses/DSNY000591,DSNY000591,Social cohesion / mutual aid,"Community networks and informal support systems that enable mutual assistance during times of stress or shock, including food sharing, community care, and grassroots first response.",https://vocab.destiny-evidence.org/interventions-measures-responses/DSNY000588,2,,dsny000588_sub|4,dsny000588_sub:4
6a87c376-24c8-4a89-8154-efc70e619f8b,db6ee519-afb5-4813-822b-bfbc7dfd2237,https://vocab.destiny-evidence.org/interventions-measures-responses,F. Interventions / responses / solutions,dsny000588_sub,5,https://vocab.destiny-evidence.org/interventions-measures-responses/DSNY000594,DSNY000594,Z_Other community-based interventions,"Community-based interventions not classified under community-based adaptation, participatory governance, social cohesion, cultural identity, or land and resource rights.",https://vocab.destiny-evidence.org/interventions-measures-responses/DSNY000588,2,,dsny000588_sub|5,dsny000588_sub:5
6a87c376-24c8-4a89-8154-efc70e619f8b,db6ee519-afb5-4813-822b-bfbc7dfd2237,https://vocab.destiny-evidence.org/interventions-measures-responses,F. Interventions / responses / solutions,k_interventions-measures-responses,1,https://vocab.destiny-evidence.org/interventions-measures-responses/DSNY000588,DSNY000588,Community-based,"Locally designed and led interventions that mobilise communities to address climate-health risks, drawing on local knowledge, social networks, and collective action.",,1,dsny000588_sub,k_interventions-measures-responses|1,k_interventions-measures-responses:1
6a87c376-24c8-4a89-8154-efc70e619f8b,db6ee519-afb5-4813-822b-bfbc7dfd2237,https://vocab.destiny-evidence.org/interventions-measures-responses,F. Interventions / responses / solutions,dsny000113_sub,0,https://vocab.destiny-evidence.org/interventions-measures-responses/DSNY000580,DSNY000580,Coastal / marine protection,"Conservation and restoration of coastal and marine ecosystems including mangroves, coral reefs, and wetlands, providing storm surge protection, food security, flood buffering, and wellbeing co-benefits.",https://vocab.destiny-evidence.org/interventions-measures-responses/DSNY000113,2,,dsny000113_sub|0,dsny000113_sub:0
6a87c376-24c8-4a89-8154-efc70e619f8b,db6ee519-afb5-4813-822b-bfbc7dfd2237,https://vocab.destiny-evidence.org/interventions-measures-responses,F. Interventions / responses / solutions,dsny000113_sub,1,https://vocab.destiny-evidence.org/interventions-measures-responses/DSNY000581,DSNY000581,Forest / land management,"Sustainable management and restoration of forests and land, including wildfire prevention, reforestation, agroforestry, peatland restoration for biodiversity and carbon sequestration, regenerative agriculture for soil health and food security, and ecological approaches to reducing disease vector habitat.",https://vocab.destiny-evidence.org/interventions-measures-responses/DSNY000113,2,,dsny000113_sub|1,dsny000113_sub:1
6a87c376-24c8-4a89-8154-efc70e619f8b,db6ee519-afb5-4813-822b-bfbc7dfd2237,https://vocab.destiny-evidence.org/interventions-measures-responses,F. Interventions / responses / solutions,dsny000113_sub,2,https://vocab.destiny-evidence.org/interventions-measures-responses/DSNY000579,DSNY000579,Urban green-blue infrastructure,"Parks, street trees, green corridors, and urban water bodies that reduce heat island effects, support mental health, and increase urban resilience through ecosystem services.",https://vocab.destiny-evidence.org/interventions-measures-responses/DSNY000113,2,,dsny000113_sub|2,dsny000113_sub:2
6a87c376-24c8-4a89-8154-efc70e619f8b,db6ee519-afb5-4813-822b-bfbc7dfd2237,https://vocab.destiny-evidence.org/interventions-measures-responses,F. Interventions / responses / solutions,dsny000113_sub,3,https://vocab.destiny-evidence.org/interventions-measures-responses/DSNY000582,DSNY000582,Z_Other ecosystem-based interventions,"Ecosystem-based interventions not classified under urban green-blue infrastructure, coastal and marine protection, or forest and land management.",https://vocab.destiny-evidence.org/interventions-measures-responses/DSNY000113,2,,dsny000113_sub|3,dsny000113_sub:3
6a87c376-24c8-4a89-8154-efc70e619f8b,db6ee519-afb5-4813-822b-bfbc7dfd2237,https://vocab.destiny-evidence.org/interventions-measures-responses,F. Interventions / responses / solutions,k_interventions-measures-responses,2,https://vocab.destiny-evidence.org/interventions-measures-responses/DSNY000113,DSNY000113,Ecosystem-based,"Interventions that use the sustainable management, conservation, or restoration of ecosystems to reduce climate-related health risks and deliver co-benefits for biodiversity and human wellbeing, including urban green-blue infrastructure, coastal and marine protection, and forest and land management.",,1,dsny000113_sub,k_interventions-measures-responses|2,k_interventions-measures-responses:2
6a87c376-24c8-4a89-8154-efc70e619f8b,db6ee519-afb5-4813-822b-bfbc7dfd2237,https://vocab.destiny-evidence.org/interventions-measures-responses,F. Interventions / responses / solutions,dsny000114_sub,0,https://vocab.destiny-evidence.org/interventions-measures-responses/DSNY000585,DSNY000585,Emergency / disaster management,"Systems and institutions for preparedness, response, and recovery in relation to emergencies and disasters, including early warning, evacuation planning, and surge capacity for acute events.",https://vocab.destiny-evidence.org/interventions-measures-responses/DSNY000114,2,,dsny000114_sub|0,dsny000114_sub:0
6a87c376-24c8-4a89-8154-efc70e619f8b,db6ee519-afb5-4813-822b-bfbc7dfd2237,https://vocab.destiny-evidence.org/interventions-measures-responses,F. Interventions / responses / solutions,dsny000114_sub,1,https://vocab.destiny-evidence.org/interventions-measures-responses/DSNY000583,DSNY000583,Health system governance,"Institutional actions to design and strengthen health systems for climate resilience, including decentralisation, workforce and capacity building in climate-sensitive disease, updating clinical guidelines for climate risks, and ensuring flood, heat, and storm resilience of health facilities and supply chains.",https://vocab.destiny-evidence.org/interventions-measures-responses/DSNY000114,2,,dsny000114_sub|1,dsny000114_sub:1
6a87c376-24c8-4a89-8154-efc70e619f8b,db6ee519-afb5-4813-822b-bfbc7dfd2237,https://vocab.destiny-evidence.org/interventions-measures-responses,F. Interventions / responses / solutions,dsny000114_sub,2,https://vocab.destiny-evidence.org/interventions-measures-responses/DSNY000586,DSNY000586,International development / aid,"International funding, technical assistance, and development programmes directed at lower-income countries to support economic development, institutional capacity, and service delivery.",https://vocab.destiny-evidence.org/interventions-measures-responses/DSNY000114,2,,dsny000114_sub|2,dsny000114_sub:2
6a87c376-24c8-4a89-8154-efc70e619f8b,db6ee519-afb5-4813-822b-bfbc7dfd2237,https://vocab.destiny-evidence.org/interventions-measures-responses,F. Interventions / responses / solutions,dsny000114_sub,3,https://vocab.destiny-evidence.org/interventions-measures-responses/DSNY000584,DSNY000584,Research / knowledge systems / education,"Research infrastructure, knowledge translation systems, and educational programmes that build understanding of risks and promote evidence-informed decision-making and behaviour change at individual or community level.",https://vocab.destiny-evidence.org/interventions-measures-responses/DSNY000114,2,,dsny000114_sub|3,dsny000114_sub:3
6a87c376-24c8-4a89-8154-efc70e619f8b,db6ee519-afb5-4813-822b-bfbc7dfd2237,https://vocab.destiny-evidence.org/interventions-measures-responses,F. Interventions / responses / solutions,dsny000114_sub,4,https://vocab.destiny-evidence.org/interventions-measures-responses/DSNY000587,DSNY000587,Z_Other institution-based interventions,"Institutional interventions not classified under health system governance, research and education, emergency management, or international development and aid.",https://vocab.destiny-evidence.org/interventions-measures-responses/DSNY000114,2,,dsny000114_sub|4,dsny000114_sub:4
6a87c376-24c8-4a89-8154-efc70e619f8b,db6ee519-afb5-4813-822b-bfbc7dfd2237,https://vocab.destiny-evidence.org/interventions-measures-responses,F. Interventions / responses / solutions,k_interventions-measures-responses,3,https://vocab.destiny-evidence.org/interventions-measures-responses/DSNY000114,DSNY000114,Institutional,"Actions taken by formal organisations and institutions — including governments, health systems, and international bodies — to build climate resilience and coordinate adaptation or mitigation efforts, spanning health system governance, research and education, emergency management, and international development.",,1,dsny000114_sub,k_interventions-measures-responses|3,k_interventions-measures-responses:3
6a87c376-24c8-4a89-8154-efc70e619f8b,db6ee519-afb5-4813-822b-bfbc7dfd2237,https://vocab.destiny-evidence.org/interventions-measures-responses,F. Interventions / responses / solutions,dsny000087_sub,0,https://vocab.destiny-evidence.org/interventions-measures-responses/DSNY000089,DSNY000089,Fiscal / incentive policy,"Market-based and fiscal mechanisms such as carbon taxes, emissions trading schemes, and subsidies used to incentivise emissions reductions or climate adaptation investments.
",https://vocab.destiny-evidence.org/interventions-measures-responses/DSNY000087,2,,dsny000087_sub|0,dsny000087_sub:0
6a87c376-24c8-4a89-8154-efc70e619f8b,db6ee519-afb5-4813-822b-bfbc7dfd2237,https://vocab.destiny-evidence.org/interventions-measures-responses,F. Interventions / responses / solutions,dsny000087_sub,1,https://vocab.destiny-evidence.org/interventions-measures-responses/DSNY000556,DSNY000556,Health-in-all-policies,"A governance approach that systematically integrates health considerations into climate policy and climate considerations into health policy, recognising that health outcomes are shaped by decisions made across multiple sectors including energy, transport, food, and land use.",https://vocab.destiny-evidence.org/interventions-measures-responses/DSNY000087,2,,dsny000087_sub|1,dsny000087_sub:1
6a87c376-24c8-4a89-8154-efc70e619f8b,db6ee519-afb5-4813-822b-bfbc7dfd2237,https://vocab.destiny-evidence.org/interventions-measures-responses,F. Interventions / responses / solutions,dsny000087_sub,2,https://vocab.destiny-evidence.org/interventions-measures-responses/DSNY000088,DSNY000088,International / multilateral agreements,"Formal binding or non-binding agreements between nations or organisations to coordinate action on climate change, including treaties, protocols, and multilateral accords, e.g. UNFCCC mechanisms, Paris Agreement, WHO frameworks.
",https://vocab.destiny-evidence.org/interventions-measures-responses/DSNY000087,2,,dsny000087_sub|2,dsny000087_sub:2
6a87c376-24c8-4a89-8154-efc70e619f8b,db6ee519-afb5-4813-822b-bfbc7dfd2237,https://vocab.destiny-evidence.org/interventions-measures-responses,F. Interventions / responses / solutions,dsny000087_sub,3,https://vocab.destiny-evidence.org/interventions-measures-responses/DSNY000090,DSNY000090,National / subnational policy,"Institutional frameworks, strategies, and targets that guide governments and organisations in planning and implementing climate action, including national determined contributions, national adaptation plans and climate plans (e.g. land use policy, city-level climate health strategies, spatial planning, urban heat island reduction, flood plain management), surveillance and early-warning policy (mandated disease surveillance, heat alert systems), climate-change related public health information and education.",https://vocab.destiny-evidence.org/interventions-measures-responses/DSNY000087,2,,dsny000087_sub|3,dsny000087_sub:3
6a87c376-24c8-4a89-8154-efc70e619f8b,db6ee519-afb5-4813-822b-bfbc7dfd2237,https://vocab.destiny-evidence.org/interventions-measures-responses,F. Interventions / responses / solutions,dsny000087_sub,4,https://vocab.destiny-evidence.org/interventions-measures-responses/DSNY000092,DSNY000092,Regulatory / legislative policy,"Legally binding rules, standards, and enforcement mechanisms that mandate emissions reductions, land use changes, or other climate-related behaviours by governments, industries, or individuals. E.g. emissions standards, environmental health regulations, fossil fuel bans.",https://vocab.destiny-evidence.org/interventions-measures-responses/DSNY000087,2,,dsny000087_sub|4,dsny000087_sub:4
6a87c376-24c8-4a89-8154-efc70e619f8b,db6ee519-afb5-4813-822b-bfbc7dfd2237,https://vocab.destiny-evidence.org/interventions-measures-responses,F. Interventions / responses / solutions,k_interventions-measures-responses,4,https://vocab.destiny-evidence.org/interventions-measures-responses/DSNY000087,DSNY000087,Policy,"Formal rules, regulations, and governance instruments designed by governments or international bodies to drive climate mitigation, adaptation, or resilience-building.",,1,dsny000087_sub,k_interventions-measures-responses|4,k_interventions-measures-responses:4
6a87c376-24c8-4a89-8154-efc70e619f8b,db6ee519-afb5-4813-822b-bfbc7dfd2237,https://vocab.destiny-evidence.org/interventions-measures-responses,F. Interventions / responses / solutions,dsny000095_sub,0,https://vocab.destiny-evidence.org/interventions-measures-responses/DSNY000565,DSNY000565,Adaptive built environment,"Built environment designs and retrofits that reduce heat exposure and improve thermal comfort, including cool roofs, reflective surfaces, passive cooling design, and heat-resilient housing construction.",https://vocab.destiny-evidence.org/interventions-measures-responses/DSNY000095,3,,dsny000095_sub|0,dsny000095_sub:0
6a87c376-24c8-4a89-8154-efc70e619f8b,db6ee519-afb5-4813-822b-bfbc7dfd2237,https://vocab.destiny-evidence.org/interventions-measures-responses,F. Interventions / responses / solutions,dsny000095_sub,1,https://vocab.destiny-evidence.org/interventions-measures-responses/DSNY000564,DSNY000564,Climate-resilient water / sanitation,"Water, sanitation, and hygiene (WASH) infrastructure designed to remain functional under changing precipitation patterns, including flood-proof and drought-resilient water supply systems and sanitation systems adapted to climate variability.",https://vocab.destiny-evidence.org/interventions-measures-responses/DSNY000095,3,,dsny000095_sub|1,dsny000095_sub:1
6a87c376-24c8-4a89-8154-efc70e619f8b,db6ee519-afb5-4813-822b-bfbc7dfd2237,https://vocab.destiny-evidence.org/interventions-measures-responses,F. Interventions / responses / solutions,dsny000095_sub,2,https://vocab.destiny-evidence.org/interventions-measures-responses/DSNY000568,DSNY000568,Coastal / flood defence,"Physical infrastructure protecting coastal and flood-prone communities from climate-related inundation, including sea walls, improved drainage systems, and managed retreat programmes that reduce population exposure.",https://vocab.destiny-evidence.org/interventions-measures-responses/DSNY000095,3,,dsny000095_sub|2,dsny000095_sub:2
6a87c376-24c8-4a89-8154-efc70e619f8b,db6ee519-afb5-4813-822b-bfbc7dfd2237,https://vocab.destiny-evidence.org/interventions-measures-responses,F. Interventions / responses / solutions,dsny000095_sub,3,https://vocab.destiny-evidence.org/interventions-measures-responses/DSNY000566,DSNY000566,Digital / data-based technology / infrastructure,"Digital tools and data infrastructure supporting climate-health surveillance and response, including remote sensing, climate-health surveillance platforms, vector surveillance systems, and early warning and forecasting systems for climate-sensitive health risks.",https://vocab.destiny-evidence.org/interventions-measures-responses/DSNY000095,3,,dsny000095_sub|3,dsny000095_sub:3
6a87c376-24c8-4a89-8154-efc70e619f8b,db6ee519-afb5-4813-822b-bfbc7dfd2237,https://vocab.destiny-evidence.org/interventions-measures-responses,F. Interventions / responses / solutions,dsny000095_sub,4,https://vocab.destiny-evidence.org/interventions-measures-responses/DSNY000567,DSNY000567,Food security technology,"Technologies that maintain food availability and safety under a changing climate, including drought-resistant crop varieties and cold chain systems that preserve food safety under warming conditions.",https://vocab.destiny-evidence.org/interventions-measures-responses/DSNY000095,3,,dsny000095_sub|4,dsny000095_sub:4
6a87c376-24c8-4a89-8154-efc70e619f8b,db6ee519-afb5-4813-822b-bfbc7dfd2237,https://vocab.destiny-evidence.org/interventions-measures-responses,F. Interventions / responses / solutions,dsny000095_sub,5,https://vocab.destiny-evidence.org/interventions-measures-responses/DSNY000569,DSNY000569,Other adaptation technologies / infrastructure,"Adaptation technologies and infrastructure not classified under the specific categories of water and sanitation, built environment, digital systems, food security, or coastal and flood defence.",https://vocab.destiny-evidence.org/interventions-measures-responses/DSNY000095,3,,dsny000095_sub|5,dsny000095_sub:5
6a87c376-24c8-4a89-8154-efc70e619f8b,db6ee519-afb5-4813-822b-bfbc7dfd2237,https://vocab.destiny-evidence.org/interventions-measures-responses,F. Interventions / responses / solutions,dsny000093_sub,0,https://vocab.destiny-evidence.org/interventions-measures-responses/DSNY000095,DSNY000095,Adaptation technologies / infractstructure,"Technologies and built infrastructure designed to reduce vulnerability to climate impacts, including flood defences, heat-resilient buildings, and early warning systems.",https://vocab.destiny-evidence.org/interventions-measures-responses/DSNY000093,2,dsny000095_sub,dsny000093_sub|0,dsny000093_sub:0
6a87c376-24c8-4a89-8154-efc70e619f8b,db6ee519-afb5-4813-822b-bfbc7dfd2237,https://vocab.destiny-evidence.org/interventions-measures-responses,F. Interventions / responses / solutions,dsny000096_sub,0,https://vocab.destiny-evidence.org/interventions-measures-responses/DSNY000573,DSNY000573,Carbon-intensive built environment,"Buildings with poor insulation or energy performance that rely on fossil fuel heating and cooling systems, contributing to both emissions and energy poverty.",https://vocab.destiny-evidence.org/interventions-measures-responses/DSNY000096,3,,dsny000096_sub|0,dsny000096_sub:0
6a87c376-24c8-4a89-8154-efc70e619f8b,db6ee519-afb5-4813-822b-bfbc7dfd2237,https://vocab.destiny-evidence.org/interventions-measures-responses,F. Interventions / responses / solutions,dsny000096_sub,1,https://vocab.destiny-evidence.org/interventions-measures-responses/DSNY000570,DSNY000570,Fossil fuel-based energy systems,"Power generation infrastructure using coal, oil, or gas combustion, associated with significant greenhouse gas emissions and air pollution health burdens.",https://vocab.destiny-evidence.org/interventions-measures-responses/DSNY000096,3,,dsny000096_sub|1,dsny000096_sub:1
6a87c376-24c8-4a89-8154-efc70e619f8b,db6ee519-afb5-4813-822b-bfbc7dfd2237,https://vocab.destiny-evidence.org/interventions-measures-responses,F. Interventions / responses / solutions,dsny000096_sub,2,https://vocab.destiny-evidence.org/interventions-measures-responses/DSNY000572,DSNY000572,High-emission agricultural infrastructure,"Agricultural systems with high greenhouse gas footprints, including intensive livestock operations, synthetic fertiliser supply chains, and irrigation systems with large energy demands.",https://vocab.destiny-evidence.org/interventions-measures-responses/DSNY000096,3,,dsny000096_sub|2,dsny000096_sub:2
6a87c376-24c8-4a89-8154-efc70e619f8b,db6ee519-afb5-4813-822b-bfbc7dfd2237,https://vocab.destiny-evidence.org/interventions-measures-responses,F. Interventions / responses / solutions,dsny000096_sub,3,https://vocab.destiny-evidence.org/interventions-measures-responses/DSNY000574,DSNY000574,Industrial / extractive infrastructure,"Mining, cement, steel, chemical, and other extractive and heavy industrial processes associated with high greenhouse gas emissions and direct health burdens from air, water, and soil pollution.",https://vocab.destiny-evidence.org/interventions-measures-responses/DSNY000096,3,,dsny000096_sub|3,dsny000096_sub:3
6a87c376-24c8-4a89-8154-efc70e619f8b,db6ee519-afb5-4813-822b-bfbc7dfd2237,https://vocab.destiny-evidence.org/interventions-measures-responses,F. Interventions / responses / solutions,dsny000096_sub,4,https://vocab.destiny-evidence.org/interventions-measures-responses/DSNY000571,DSNY000571,Internal combustion transport infrastructure,"Road networks and vehicle fleets designed around internal combustion engines, generating traffic-related air pollution and greenhouse gas emissions with well-documented health impacts.",https://vocab.destiny-evidence.org/interventions-measures-responses/DSNY000096,3,,dsny000096_sub|4,dsny000096_sub:4
6a87c376-24c8-4a89-8154-efc70e619f8b,db6ee519-afb5-4813-822b-bfbc7dfd2237,https://vocab.destiny-evidence.org/interventions-measures-responses,F. Interventions / responses / solutions,dsny000096_sub,5,https://vocab.destiny-evidence.org/interventions-measures-responses/DSNY000575,DSNY000575,Waste infrastructure with high emissions,"Waste disposal systems including landfills and open burning that generate methane and toxic air pollutants, contributing to both climate forcing and direct health harm.",https://vocab.destiny-evidence.org/interventions-measures-responses/DSNY000096,3,,dsny000096_sub|5,dsny000096_sub:5
6a87c376-24c8-4a89-8154-efc70e619f8b,db6ee519-afb5-4813-822b-bfbc7dfd2237,https://vocab.destiny-evidence.org/interventions-measures-responses,F. Interventions / responses / solutions,dsny000096_sub,6,https://vocab.destiny-evidence.org/interventions-measures-responses/DSNY000576,DSNY000576,Z_Other emitting technologies / infrastructure,"Emitting technologies and infrastructure not classified under the specific categories of energy, transport, agriculture, built environment, industrial, or waste systems.",https://vocab.destiny-evidence.org/interventions-measures-responses/DSNY000096,3,,dsny000096_sub|6,dsny000096_sub:6
6a87c376-24c8-4a89-8154-efc70e619f8b,db6ee519-afb5-4813-822b-bfbc7dfd2237,https://vocab.destiny-evidence.org/interventions-measures-responses,F. Interventions / responses / solutions,dsny000093_sub,1,https://vocab.destiny-evidence.org/interventions-measures-responses/DSNY000096,DSNY000096,Emitting technologies / infrastructure,"Technologies and infrastructure that generate significant greenhouse gas emissions, whose phase-out or retrofitting is central to climate mitigation strategies. Covers so-called brown technologies.",https://vocab.destiny-evidence.org/interventions-measures-responses/DSNY000093,2,dsny000096_sub,dsny000093_sub|1,dsny000093_sub:1
6a87c376-24c8-4a89-8154-efc70e619f8b,db6ee519-afb5-4813-822b-bfbc7dfd2237,https://vocab.destiny-evidence.org/interventions-measures-responses,F. Interventions / responses / solutions,dsny000094_sub,0,https://vocab.destiny-evidence.org/interventions-measures-responses/DSNY000562,DSNY000562,Carbon capture,"Engineered systems that capture CO₂ from point sources or directly from the atmosphere and store it permanently, including carbon capture and storage (CCS) and direct air capture technologies.",https://vocab.destiny-evidence.org/interventions-measures-responses/DSNY000094,3,,dsny000094_sub|0,dsny000094_sub:0
6a87c376-24c8-4a89-8154-efc70e619f8b,db6ee519-afb5-4813-822b-bfbc7dfd2237,https://vocab.destiny-evidence.org/interventions-measures-responses,F. Interventions / responses / solutions,dsny000094_sub,1,https://vocab.destiny-evidence.org/interventions-measures-responses/DSNY000557,DSNY000557,Clean energy systems,"Technologies and infrastructure for producing and distributing energy from low- or zero-carbon sources, including renewable energy systems, household energy access, cookstove replacement reducing indoor air pollution and emissions, and smart grid optimisation.",https://vocab.destiny-evidence.org/interventions-measures-responses/DSNY000094,3,,dsny000094_sub|1,dsny000094_sub:1
6a87c376-24c8-4a89-8154-efc70e619f8b,db6ee519-afb5-4813-822b-bfbc7dfd2237,https://vocab.destiny-evidence.org/interventions-measures-responses,F. Interventions / responses / solutions,dsny000094_sub,2,https://vocab.destiny-evidence.org/interventions-measures-responses/DSNY000559,DSNY000559,Energy-efficiency,"Technologies and infrastructure that reduce energy consumption, including energy-efficient appliances, green buildings, housing insulation, and retrofits that reduce heating and cooling energy demand.",https://vocab.destiny-evidence.org/interventions-measures-responses/DSNY000094,3,,dsny000094_sub|2,dsny000094_sub:2
6a87c376-24c8-4a89-8154-efc70e619f8b,db6ee519-afb5-4813-822b-bfbc7dfd2237,https://vocab.destiny-evidence.org/interventions-measures-responses,F. Interventions / responses / solutions,dsny000094_sub,3,https://vocab.destiny-evidence.org/interventions-measures-responses/DSNY000558,DSNY000558,Low-emission transport,"Infrastructure and systems enabling low-emission travel and transport, including active travel networks, electric vehicle charging infrastructure, and public transit systems.",https://vocab.destiny-evidence.org/interventions-measures-responses/DSNY000094,3,,dsny000094_sub|3,dsny000094_sub:3
6a87c376-24c8-4a89-8154-efc70e619f8b,db6ee519-afb5-4813-822b-bfbc7dfd2237,https://vocab.destiny-evidence.org/interventions-measures-responses,F. Interventions / responses / solutions,dsny000094_sub,4,https://vocab.destiny-evidence.org/interventions-measures-responses/DSNY000560,DSNY000560,Sustainable food systems,"Low-emission agricultural technologies and food production systems, including plant-based food production, sustainable land management, and infrastructure for reducing food loss and waste.",https://vocab.destiny-evidence.org/interventions-measures-responses/DSNY000094,3,,dsny000094_sub|4,dsny000094_sub:4
6a87c376-24c8-4a89-8154-efc70e619f8b,db6ee519-afb5-4813-822b-bfbc7dfd2237,https://vocab.destiny-evidence.org/interventions-measures-responses,F. Interventions / responses / solutions,dsny000094_sub,5,https://vocab.destiny-evidence.org/interventions-measures-responses/DSNY000561,DSNY000561,Waste management / circular economy,"Sanitation and waste management systems that reduce methane emissions and disease vectors, including circular economy approaches that minimise waste generation and improve resource recovery.",https://vocab.destiny-evidence.org/interventions-measures-responses/DSNY000094,3,,dsny000094_sub|5,dsny000094_sub:5
6a87c376-24c8-4a89-8154-efc70e619f8b,db6ee519-afb5-4813-822b-bfbc7dfd2237,https://vocab.destiny-evidence.org/interventions-measures-responses,F. Interventions / responses / solutions,dsny000094_sub,6,https://vocab.destiny-evidence.org/interventions-measures-responses/DSNY000563,DSNY000563,Z_Other mitigation technologies / infrastructure,"Mitigation technologies and infrastructure not classified under the specific categories of clean energy, transport, energy efficiency, food systems, waste management, or carbon capture.",https://vocab.destiny-evidence.org/interventions-measures-responses/DSNY000094,3,,dsny000094_sub|6,dsny000094_sub:6
6a87c376-24c8-4a89-8154-efc70e619f8b,db6ee519-afb5-4813-822b-bfbc7dfd2237,https://vocab.destiny-evidence.org/interventions-measures-responses,F. Interventions / responses / solutions,dsny000093_sub,2,https://vocab.destiny-evidence.org/interventions-measures-responses/DSNY000094,DSNY000094,Mitigation technologies / infrastructure,Technologies and infrastructure designed to reduce or eliminate greenhouse gas emissions.,https://vocab.destiny-evidence.org/interventions-measures-responses/DSNY000093,2,dsny000094_sub,dsny000093_sub|2,dsny000093_sub:2
6a87c376-24c8-4a89-8154-efc70e619f8b,db6ee519-afb5-4813-822b-bfbc7dfd2237,https://vocab.destiny-evidence.org/interventions-measures-responses,F. Interventions / responses / solutions,k_interventions-measures-responses,5,https://vocab.destiny-evidence.org/interventions-measures-responses/DSNY000093,DSNY000093,Technology / infrastructure,"Physical systems, equipment, and built infrastructure deployed to address environmental, social, or economic challenges, including systems designed to reduce emissions, improve resilience, or support service delivery.",,1,dsny000093_sub,k_interventions-measures-responses|5,k_interventions-measures-responses:5
6a87c376-24c8-4a89-8154-efc70e619f8b,db6ee519-afb5-4813-822b-bfbc7dfd2237,https://vocab.destiny-evidence.org/sectors,G. Sectors,k_sectors,0,https://vocab.destiny-evidence.org/sectors/DSNY000115,DSNY000115,Agriculture / fishing / forestry (Sector),"The sector encompassing crop cultivation, livestock rearing, aquaculture, fishing, and forest management.",,1,,k_sectors|0,k_sectors:0
6a87c376-24c8-4a89-8154-efc70e619f8b,db6ee519-afb5-4813-822b-bfbc7dfd2237,https://vocab.destiny-evidence.org/sectors,G. Sectors,k_sectors,1,https://vocab.destiny-evidence.org/sectors/DSNY000116,DSNY000116,Buildings / housing (Sector),"The sector covering residential and commercial buildings, housing provision, and construction.",,1,,k_sectors|1,k_sectors:1
6a87c376-24c8-4a89-8154-efc70e619f8b,db6ee519-afb5-4813-822b-bfbc7dfd2237,https://vocab.destiny-evidence.org/sectors,G. Sectors,k_sectors,2,https://vocab.destiny-evidence.org/sectors/DSNY000117,DSNY000117,Education (Sector),"The sector encompassing formal and informal education systems, including schools, universities, and vocational institutions.",,1,,k_sectors|2,k_sectors:2
6a87c376-24c8-4a89-8154-efc70e619f8b,db6ee519-afb5-4813-822b-bfbc7dfd2237,https://vocab.destiny-evidence.org/sectors,G. Sectors,k_sectors,3,https://vocab.destiny-evidence.org/sectors/DSNY000118,DSNY000118,Energy/Extractives (Sector),"The sector covering electricity generation, fuel production, and resource extraction, including both fossil fuel and renewable energy systems.",,1,,k_sectors|3,k_sectors:3
6a87c376-24c8-4a89-8154-efc70e619f8b,db6ee519-afb5-4813-822b-bfbc7dfd2237,https://vocab.destiny-evidence.org/sectors,G. Sectors,k_sectors,4,https://vocab.destiny-evidence.org/sectors/DSNY000119,DSNY000119,Finance (Sector),"The sector encompassing banking, insurance, investment, and financial services, including public and private finance mechanisms.",,1,,k_sectors|4,k_sectors:4
6a87c376-24c8-4a89-8154-efc70e619f8b,db6ee519-afb5-4813-822b-bfbc7dfd2237,https://vocab.destiny-evidence.org/sectors,G. Sectors,k_sectors,5,https://vocab.destiny-evidence.org/sectors/DSNY000120,DSNY000120,Healthcare (Sector),"The sector providing medical care, public health services, and health infrastructure, including hospitals, primary care, and preventive health services.",,1,,k_sectors|5,k_sectors:5
6a87c376-24c8-4a89-8154-efc70e619f8b,db6ee519-afb5-4813-822b-bfbc7dfd2237,https://vocab.destiny-evidence.org/sectors,G. Sectors,k_sectors,6,https://vocab.destiny-evidence.org/sectors/DSNY000122,DSNY000122,Industry / trade / services (Sector),"The sector encompassing manufacturing, retail, wholesale trade, and commercial services.",,1,,k_sectors|6,k_sectors:6
6a87c376-24c8-4a89-8154-efc70e619f8b,db6ee519-afb5-4813-822b-bfbc7dfd2237,https://vocab.destiny-evidence.org/sectors,G. Sectors,k_sectors,7,https://vocab.destiny-evidence.org/sectors/DSNY000123,DSNY000123,Information and communications technologies (Sector),"The sector covering telecommunications, digital infrastructure, and information technology, including hardware, software, and connectivity systems.",,1,,k_sectors|7,k_sectors:7
6a87c376-24c8-4a89-8154-efc70e619f8b,db6ee519-afb5-4813-822b-bfbc7dfd2237,https://vocab.destiny-evidence.org/sectors,G. Sectors,k_sectors,8,https://vocab.destiny-evidence.org/sectors/DSNY000224,DSNY000224,Military (Sector),"The military sector is the part of a country’s economy and government responsible for producing, organizing, and maintaining armed forces and defense capabilities, including personnel, equipment, operations, and infrastrucutre.
",,1,,k_sectors|8,k_sectors:8
6a87c376-24c8-4a89-8154-efc70e619f8b,db6ee519-afb5-4813-822b-bfbc7dfd2237,https://vocab.destiny-evidence.org/sectors,G. Sectors,k_sectors,9,https://vocab.destiny-evidence.org/sectors/DSNY000124,DSNY000124,Public administration (Sector),"The sector encompassing government agencies, civil services, and public institutions responsible for policy-making, regulation, and the delivery of public services in the context of climate change.",,1,,k_sectors|9,k_sectors:9
6a87c376-24c8-4a89-8154-efc70e619f8b,db6ee519-afb5-4813-822b-bfbc7dfd2237,https://vocab.destiny-evidence.org/sectors,G. Sectors,k_sectors,10,https://vocab.destiny-evidence.org/sectors/DSNY000121,DSNY000121,Social protection (Sector),"The sector providing social safety nets, welfare services, and support systems that protect vulnerable populations from economic and social risks.",,1,,k_sectors|10,k_sectors:10
6a87c376-24c8-4a89-8154-efc70e619f8b,db6ee519-afb5-4813-822b-bfbc7dfd2237,https://vocab.destiny-evidence.org/sectors,G. Sectors,k_sectors,11,https://vocab.destiny-evidence.org/sectors/DSNY000125,DSNY000125,Transportation (Sector),"The sector covering road, rail, air, and maritime transport systems, including infrastructure, vehicles, and logistics operations.",,1,,k_sectors|11,k_sectors:11
6a87c376-24c8-4a89-8154-efc70e619f8b,db6ee519-afb5-4813-822b-bfbc7dfd2237,https://vocab.destiny-evidence.org/sectors,G. Sectors,k_sectors,12,https://vocab.destiny-evidence.org/sectors/DSNY000126,DSNY000126,Water / sanitation / waste management (Sector),"The sector responsible for water supply, sewage treatment, and solid waste management.",,1,,k_sectors|12,k_sectors:12
6a87c376-24c8-4a89-8154-efc70e619f8b,db6ee519-afb5-4813-822b-bfbc7dfd2237,https://vocab.destiny-evidence.org/actors,H. Actors,k_actors,0,https://vocab.destiny-evidence.org/actors/DSNY000165,DSNY000165,Civil society (Actor),"Non-profit organisations, advocacy groups, and community-based organisations that represent public interests, support communities, and hold governments and businesses accountable.",,1,,k_actors|0,k_actors:0
6a87c376-24c8-4a89-8154-efc70e619f8b,db6ee519-afb5-4813-822b-bfbc7dfd2237,https://vocab.destiny-evidence.org/actors,H. Actors,k_actors,1,https://vocab.destiny-evidence.org/actors/DSNY000163,DSNY000163,Governments (Actor),"National, regional, and local government bodies responsible for setting policy, enacting legislation, and implementing programmes within their jurisdictions.",,1,,k_actors|1,k_actors:1
6a87c376-24c8-4a89-8154-efc70e619f8b,db6ee519-afb5-4813-822b-bfbc7dfd2237,https://vocab.destiny-evidence.org/actors,H. Actors,k_actors,2,https://vocab.destiny-evidence.org/actors/DSNY000166,DSNY000166,Households / individuals (Actor),"Individual people and domestic units whose everyday choices, behaviours, and circumstances make them both agents of and subjects of wider social and environmental change.",,1,,k_actors|2,k_actors:2
6a87c376-24c8-4a89-8154-efc70e619f8b,db6ee519-afb5-4813-822b-bfbc7dfd2237,https://vocab.destiny-evidence.org/actors,H. Actors,k_actors,3,https://vocab.destiny-evidence.org/actors/DSNY000164,DSNY000164,Private sector (Actor),"Commercial enterprises, industries, and business associations whose operations, investments, and innovations shape economic and environmental outcomes.",,1,,k_actors|3,k_actors:3
6a87c376-24c8-4a89-8154-efc70e619f8b,db6ee519-afb5-4813-822b-bfbc7dfd2237,https://vocab.destiny-evidence.org/actors,H. Actors,k_actors,4,https://vocab.destiny-evidence.org/actors/DSNY000162,DSNY000162,Supranational and international organizations (Actor),"Supranational bodies including United Nations agencies, multilateral development banks, and intergovernmental organisations that coordinate policy, financing, and action across nations.",,1,,k_actors|4,k_actors:4
6a87c376-24c8-4a89-8154-efc70e619f8b,db6ee519-afb5-4813-822b-bfbc7dfd2237,https://vocab.destiny-evidence.org/governance-scale,I. Governance scale,k_governance-scale,0,https://vocab.destiny-evidence.org/governance-scale/DSNY000127,DSNY000127,Global (Governance scale),"The highest level of governance, encompassing worldwide institutions, agreements, and processes that operate across all nations.",,1,,k_governance-scale|0,k_governance-scale:0
6a87c376-24c8-4a89-8154-efc70e619f8b,db6ee519-afb5-4813-822b-bfbc7dfd2237,https://vocab.destiny-evidence.org/governance-scale,I. Governance scale,k_governance-scale,1,https://vocab.destiny-evidence.org/governance-scale/DSNY000229,DSNY000229,International - multi-country (Governance scale),"Governance arrangements and interventions involving a defined group of countries acting together across national boundaries, such as bilateral partnerships or plurilateral coalitions, without necessarily sharing a geographic region or formal institutional structure.",,1,,k_governance-scale|1,k_governance-scale:1
6a87c376-24c8-4a89-8154-efc70e619f8b,db6ee519-afb5-4813-822b-bfbc7dfd2237,https://vocab.destiny-evidence.org/governance-scale,I. Governance scale,k_governance-scale,2,https://vocab.destiny-evidence.org/governance-scale/DSNY000128,DSNY000128,International - regional (Governance scale),"Governance operating at a regional geographic scale spanning multiple countries within a formally defined geographic or institutional bloc, such as the European Union or the African Union.",,1,,k_governance-scale|2,k_governance-scale:2
6a87c376-24c8-4a89-8154-efc70e619f8b,db6ee519-afb5-4813-822b-bfbc7dfd2237,https://vocab.destiny-evidence.org/governance-scale,I. Governance scale,k_governance-scale,3,https://vocab.destiny-evidence.org/governance-scale/DSNY000131,DSNY000131,National (Governance scale),"Governance and policy implemented at the level of a single sovereign nation, including national legislation, strategic plans, and government-led programmes.",,1,,k_governance-scale|3,k_governance-scale:3
6a87c376-24c8-4a89-8154-efc70e619f8b,db6ee519-afb5-4813-822b-bfbc7dfd2237,https://vocab.destiny-evidence.org/governance-scale,I. Governance scale,k_governance-scale,4,https://vocab.destiny-evidence.org/governance-scale/DSNY000132,DSNY000132,Sub-national - local / municipal (Governance scale),"Governance at the local or municipal level, including city councils and district authorities responsible for planning, service delivery, and local policy implementation.",,1,,k_governance-scale|4,k_governance-scale:4
6a87c376-24c8-4a89-8154-efc70e619f8b,db6ee519-afb5-4813-822b-bfbc7dfd2237,https://vocab.destiny-evidence.org/governance-scale,I. Governance scale,k_governance-scale,5,https://vocab.destiny-evidence.org/governance-scale/DSNY000230,DSNY000230,Sub-national - regional (Governance scale),"Governance at the level of regions or provinces within a single country, such as states, counties, or devolved administrations with defined policy responsibilities.",,1,,k_governance-scale|5,k_governance-scale:5
6a87c376-24c8-4a89-8154-efc70e619f8b,db6ee519-afb5-4813-822b-bfbc7dfd2237,https://vocab.destiny-evidence.org/governance-scale,I. Governance scale,k_governance-scale,6,https://vocab.destiny-evidence.org/governance-scale/DSNY000135,DSNY000135,Z_Household / individual (Governance scale),"The smallest unit of governance scale, referring to decisions and actions taken by individual people or households.",,1,,k_governance-scale|6,k_governance-scale:6
6a87c376-24c8-4a89-8154-efc70e619f8b,db6ee519-afb5-4813-822b-bfbc7dfd2237,https://vocab.destiny-evidence.org/human-settlements,J. Human settlements,dsny000505_sub,0,https://vocab.destiny-evidence.org/human-settlements/DSNY000507,DSNY000507,Cities,"Formal urban settlements with a population of between 100,000 and 1,000,000 inhabitants, with established administrative systems, diverse economies, and relatively comprehensive urban infrastructure.",https://vocab.destiny-evidence.org/human-settlements/DSNY000505,2,,dsny000505_sub|0,dsny000505_sub:0
6a87c376-24c8-4a89-8154-efc70e619f8b,db6ee519-afb5-4813-822b-bfbc7dfd2237,https://vocab.destiny-evidence.org/human-settlements,J. Human settlements,dsny000505_sub,1,https://vocab.destiny-evidence.org/human-settlements/DSNY000509,DSNY000509,Megacities,"Formal urban settlements with a population exceeding 10,000,000 inhabitants, presenting unique challenges for governance, infrastructure, environmental management, and health system capacity.",https://vocab.destiny-evidence.org/human-settlements/DSNY000505,2,,dsny000505_sub|1,dsny000505_sub:1
6a87c376-24c8-4a89-8154-efc70e619f8b,db6ee519-afb5-4813-822b-bfbc7dfd2237,https://vocab.destiny-evidence.org/human-settlements,J. Human settlements,dsny000505_sub,2,https://vocab.destiny-evidence.org/human-settlements/DSNY000508,DSNY000508,Million-cities,"Formal urban settlements with a population of between 1,000,000 and 10,000,000 inhabitants, characterised by complex governance structures, significant economic output, and high population density.",https://vocab.destiny-evidence.org/human-settlements/DSNY000505,2,,dsny000505_sub|2,dsny000505_sub:2
6a87c376-24c8-4a89-8154-efc70e619f8b,db6ee519-afb5-4813-822b-bfbc7dfd2237,https://vocab.destiny-evidence.org/human-settlements,J. Human settlements,dsny000505_sub,3,https://vocab.destiny-evidence.org/human-settlements/DSNY000506,DSNY000506,Towns,"Formal urban settlements with a population of fewer than 100,000 inhabitants, typically characterised by local administrative functions, mixed economies, and partial urban service provision.",https://vocab.destiny-evidence.org/human-settlements/DSNY000505,2,,dsny000505_sub|3,dsny000505_sub:3
6a87c376-24c8-4a89-8154-efc70e619f8b,db6ee519-afb5-4813-822b-bfbc7dfd2237,https://vocab.destiny-evidence.org/human-settlements,J. Human settlements,k_human-settlements,0,https://vocab.destiny-evidence.org/human-settlements/DSNY000505,DSNY000505,Formal urban settlements,"Planned, officially recognised urban areas with functioning administrative systems, legal land tenure, and access to infrastructure and services, categorised by population size following Revi et al. (2025).",,1,dsny000505_sub,k_human-settlements|0,k_human-settlements:0
6a87c376-24c8-4a89-8154-efc70e619f8b,db6ee519-afb5-4813-822b-bfbc7dfd2237,https://vocab.destiny-evidence.org/human-settlements,J. Human settlements,dsny000511_sub,0,https://vocab.destiny-evidence.org/human-settlements/DSNY000513,DSNY000513,Refugee / displaced settlements,"Settlements established to house populations forcibly displaced by conflict, persecution, or disaster, including formal refugee camps, informal displaced person settlements, and spontaneous settlements in host communities. Distinct from other informal settlements in their governance structures, legal frameworks, humanitarian actors, and policy context, and complementary to concepts of forced displacement and migration by capturing the physical and administrative character of where displaced people live rather than the movement itself.",https://vocab.destiny-evidence.org/human-settlements/DSNY000511,2,,dsny000511_sub|0,dsny000511_sub:0
6a87c376-24c8-4a89-8154-efc70e619f8b,db6ee519-afb5-4813-822b-bfbc7dfd2237,https://vocab.destiny-evidence.org/human-settlements,J. Human settlements,dsny000511_sub,1,https://vocab.destiny-evidence.org/human-settlements/DSNY000512,DSNY000512,Slums / favelas,"Dense informal urban settlements characterised by substandard housing, insecure tenure, limited access to clean water and sanitation, overcrowding, and social marginalisation, known by varied local names including favelas, bidonvilles, katchi abadis, and shanty towns.",https://vocab.destiny-evidence.org/human-settlements/DSNY000511,2,,dsny000511_sub|1,dsny000511_sub:1
6a87c376-24c8-4a89-8154-efc70e619f8b,db6ee519-afb5-4813-822b-bfbc7dfd2237,https://vocab.destiny-evidence.org/human-settlements,J. Human settlements,dsny000511_sub,2,https://vocab.destiny-evidence.org/human-settlements/DSNY000514,DSNY000514,Z_Other informal settlements,"Informal settlements not classified as slums, favelas, or refugee and displaced settlements, including other forms of unplanned or unauthorised housing such as illegal subdivisions, informal extensions of formal areas, and transitional settlements.",https://vocab.destiny-evidence.org/human-settlements/DSNY000511,2,,dsny000511_sub|2,dsny000511_sub:2
6a87c376-24c8-4a89-8154-efc70e619f8b,db6ee519-afb5-4813-822b-bfbc7dfd2237,https://vocab.destiny-evidence.org/human-settlements,J. Human settlements,k_human-settlements,1,https://vocab.destiny-evidence.org/human-settlements/DSNY000511,DSNY000511,Informal settlements,"Residential areas characterised by lack of secure land tenure, inadequate infrastructure, poor access to basic services such as water, sanitation, and healthcare, and overcrowding. This category is intentionally broad, encompassing the diverse forms of unplanned or unauthorised settlement that develop on the periphery of formal cities, without relying on contested administrative labels that vary by country.",,1,dsny000511_sub,k_human-settlements|1,k_human-settlements:1
6a87c376-24c8-4a89-8154-efc70e619f8b,db6ee519-afb5-4813-822b-bfbc7dfd2237,https://vocab.destiny-evidence.org/human-settlements,J. Human settlements,k_human-settlements,2,https://vocab.destiny-evidence.org/human-settlements/DSNY000510,DSNY000510,Peri-urban settlements,"Areas at the urban-rural interface characterised by mixed land use, rapid demographic and physical change, and often partial or transitional access to urban services. The term is used variably across research traditions to describe either the rural-urban fringe of a growing city or areas that are administratively rural but functionally urban.",,1,,k_human-settlements|2,k_human-settlements:2
6a87c376-24c8-4a89-8154-efc70e619f8b,db6ee519-afb5-4813-822b-bfbc7dfd2237,https://vocab.destiny-evidence.org/geographic-location,K. Geographic location [automation planned],k_geographic-location,0,https://vocab.destiny-evidence.org/geographic-location/DSNY000630,DSNY000630,Africa (example),"Africa is the world's second-largest continent by area and population, comprising 54 sovereign countries on a single landmass connected to Asia via the Sinai Peninsula, bordered by the Mediterranean Sea, Atlantic Ocean, Indian Ocean, and Red Sea.",,1,,k_geographic-location|0,k_geographic-location:0
6a87c376-24c8-4a89-8154-efc70e619f8b,db6ee519-afb5-4813-822b-bfbc7dfd2237,https://vocab.destiny-evidence.org/country-income,L. Country income [automation planned],k_country-income,0,https://vocab.destiny-evidence.org/country-income/DSNY000139,DSNY000139,High,"Countries classified by the World Bank as having the highest gross national income per capita, generally with the greatest adaptive capacity but also the highest historical contributions to cumulative emissions.",,1,,k_country-income|0,k_country-income:0
6a87c376-24c8-4a89-8154-efc70e619f8b,db6ee519-afb5-4813-822b-bfbc7dfd2237,https://vocab.destiny-evidence.org/country-income,L. Country income [automation planned],k_country-income,1,https://vocab.destiny-evidence.org/country-income/DSNY000136,DSNY000136,Low,"Countries classified by the World Bank as having the lowest gross national income per capita, typically facing the greatest climate vulnerability and least adaptive capacity.",,1,,k_country-income|1,k_country-income:1
6a87c376-24c8-4a89-8154-efc70e619f8b,db6ee519-afb5-4813-822b-bfbc7dfd2237,https://vocab.destiny-evidence.org/country-income,L. Country income [automation planned],k_country-income,2,https://vocab.destiny-evidence.org/country-income/DSNY000137,DSNY000137,Lower middle,"Countries classified by the World Bank in the lower-middle income tier, often experiencing rapid development while remaining highly vulnerable to climate-related health and economic impacts.",,1,,k_country-income|2,k_country-income:2
6a87c376-24c8-4a89-8154-efc70e619f8b,db6ee519-afb5-4813-822b-bfbc7dfd2237,https://vocab.destiny-evidence.org/country-income,L. Country income [automation planned],k_country-income,3,https://vocab.destiny-evidence.org/country-income/DSNY000138,DSNY000138,Upper middle,"Countries classified by the World Bank in the upper-middle income tier, with growing capacity for climate adaptation and mitigation but still facing significant climate risks.",,1,,k_country-income|3,k_country-income:3
6a87c376-24c8-4a89-8154-efc70e619f8b,db6ee519-afb5-4813-822b-bfbc7dfd2237,https://vocab.destiny-evidence.org/geographic-feature,M. Geographic feature,k_geographic-feature,0,https://vocab.destiny-evidence.org/geographic-feature/DSNY000499,DSNY000499,Arid / semi-arid,"Regions characterised by low and variable rainfall, high evapotranspiration, and limited soil moisture, encompassing deserts, steppes, and dry shrublands where water scarcity is a primary constraint.",,1,,k_geographic-feature|0,k_geographic-feature:0
6a87c376-24c8-4a89-8154-efc70e619f8b,db6ee519-afb5-4813-822b-bfbc7dfd2237,https://vocab.destiny-evidence.org/geographic-feature,M. Geographic feature,k_geographic-feature,1,https://vocab.destiny-evidence.org/geographic-feature/DSNY000496,DSNY000496,Boreal forest / taiga,"The world's largest terrestrial biome, spanning high-latitude northern regions and characterised by coniferous forest, cold winters, and short growing seasons, playing a major role in global carbon storage.",,1,,k_geographic-feature|1,k_geographic-feature:1
6a87c376-24c8-4a89-8154-efc70e619f8b,db6ee519-afb5-4813-822b-bfbc7dfd2237,https://vocab.destiny-evidence.org/geographic-feature,M. Geographic feature,k_geographic-feature,2,https://vocab.destiny-evidence.org/geographic-feature/DSNY000497,DSNY000497,Coral reef,"Shallow marine ecosystems built by calcium carbonate-secreting corals, supporting exceptional biodiversity and coastal protection but highly vulnerable to ocean warming and acidification.",,1,,k_geographic-feature|2,k_geographic-feature:2
6a87c376-24c8-4a89-8154-efc70e619f8b,db6ee519-afb5-4813-822b-bfbc7dfd2237,https://vocab.destiny-evidence.org/geographic-feature,M. Geographic feature,k_geographic-feature,3,https://vocab.destiny-evidence.org/geographic-feature/DSNY000501,DSNY000501,Delta / floodplain,"Low-lying landforms formed by sediment deposition at river mouths or along river corridors, characterised by high agricultural productivity and biodiversity but acute vulnerability to flooding, sea-level rise, and storm surge.",,1,,k_geographic-feature|3,k_geographic-feature:3
6a87c376-24c8-4a89-8154-efc70e619f8b,db6ee519-afb5-4813-822b-bfbc7dfd2237,https://vocab.destiny-evidence.org/geographic-feature,M. Geographic feature,k_geographic-feature,4,https://vocab.destiny-evidence.org/geographic-feature/DSNY000142,DSNY000142,Desert,"Arid landscapes receiving very low annual precipitation, characterised by sparse vegetation and high temperatures, making them particularly vulnerable to heat stress and water scarcity.",,1,,k_geographic-feature|4,k_geographic-feature:4
6a87c376-24c8-4a89-8154-efc70e619f8b,db6ee519-afb5-4813-822b-bfbc7dfd2237,https://vocab.destiny-evidence.org/geographic-feature,M. Geographic feature,k_geographic-feature,5,https://vocab.destiny-evidence.org/geographic-feature/DSNY000495,DSNY000495,Farmland,"Land used for agricultural production including arable crops, pasture, and mixed farming systems, representing a key interface between environmental conditions and food security.",,1,,k_geographic-feature|5,k_geographic-feature:5
6a87c376-24c8-4a89-8154-efc70e619f8b,db6ee519-afb5-4813-822b-bfbc7dfd2237,https://vocab.destiny-evidence.org/geographic-feature,M. Geographic feature,k_geographic-feature,6,https://vocab.destiny-evidence.org/geographic-feature/DSNY000143,DSNY000143,Forest,"Land covered predominantly by trees and associated flora, providing critical ecosystem services including carbon sequestration, biodiversity habitat, and water regulation, all threatened by climate change.",,1,,k_geographic-feature|6,k_geographic-feature:6
6a87c376-24c8-4a89-8154-efc70e619f8b,db6ee519-afb5-4813-822b-bfbc7dfd2237,https://vocab.destiny-evidence.org/geographic-feature,M. Geographic feature,k_geographic-feature,7,https://vocab.destiny-evidence.org/geographic-feature/DSNY000144,DSNY000144,Freshwater,"Inland water bodies including rivers, lakes, and streams, whose temperature, flow, and quality are sensitive to climate variability with consequences for drinking water and aquatic health.",,1,,k_geographic-feature|7,k_geographic-feature:7
6a87c376-24c8-4a89-8154-efc70e619f8b,db6ee519-afb5-4813-822b-bfbc7dfd2237,https://vocab.destiny-evidence.org/geographic-feature,M. Geographic feature,k_geographic-feature,8,https://vocab.destiny-evidence.org/geographic-feature/DSNY000145,DSNY000145,Grassland / savanna,"Open landscapes dominated by grasses and low vegetation, sensitive to changes in precipitation and temperature, and at increased risk of drought and wildfire under climate change. Includes savanna (dominant in sub-Saharan Africa).",,1,,k_geographic-feature|8,k_geographic-feature:8
6a87c376-24c8-4a89-8154-efc70e619f8b,db6ee519-afb5-4813-822b-bfbc7dfd2237,https://vocab.destiny-evidence.org/geographic-feature,M. Geographic feature,k_geographic-feature,9,https://vocab.destiny-evidence.org/geographic-feature/DSNY000146,DSNY000146,Island,"Land masses surrounded by water, particularly small island developing states, which face existential threats from sea level rise, coastal erosion, and increased storm intensity.",,1,,k_geographic-feature|9,k_geographic-feature:9
6a87c376-24c8-4a89-8154-efc70e619f8b,db6ee519-afb5-4813-822b-bfbc7dfd2237,https://vocab.destiny-evidence.org/geographic-feature,M. Geographic feature,k_geographic-feature,10,https://vocab.destiny-evidence.org/geographic-feature/DSNY000502,DSNY000502,Mangrove,"Coastal forest ecosystems dominated by salt-tolerant trees growing in intertidal zones of tropical and subtropical coastlines, providing habitat, carbon storage, and protection against storm surge and coastal erosion.",,1,,k_geographic-feature|10,k_geographic-feature:10
6a87c376-24c8-4a89-8154-efc70e619f8b,db6ee519-afb5-4813-822b-bfbc7dfd2237,https://vocab.destiny-evidence.org/geographic-feature,M. Geographic feature,k_geographic-feature,11,https://vocab.destiny-evidence.org/geographic-feature/DSNY000503,DSNY000503,Mediterranean,"A climate zone and biome characterised by hot dry summers and mild wet winters, occurring around the Mediterranean Basin and analogous regions, with distinctive shrubland vegetation and high biodiversity.",,1,,k_geographic-feature|11,k_geographic-feature:11
6a87c376-24c8-4a89-8154-efc70e619f8b,db6ee519-afb5-4813-822b-bfbc7dfd2237,https://vocab.destiny-evidence.org/geographic-feature,M. Geographic feature,k_geographic-feature,12,https://vocab.destiny-evidence.org/geographic-feature/DSNY000147,DSNY000147,Mountain,"Elevated terrain characterised by steep slopes and cooler temperatures, where glacier retreat, altered precipitation patterns, and biodiversity shifts are prominent climate change impacts.",,1,,k_geographic-feature|12,k_geographic-feature:12
6a87c376-24c8-4a89-8154-efc70e619f8b,db6ee519-afb5-4813-822b-bfbc7dfd2237,https://vocab.destiny-evidence.org/geographic-feature,M. Geographic feature,k_geographic-feature,13,https://vocab.destiny-evidence.org/geographic-feature/DSNY000148,DSNY000148,Ocean / coastal,"Areas where land meets the sea, including coastlines, estuaries, and marine environments, highly exposed to sea level rise, storm surges, and ocean warming.",,1,,k_geographic-feature|13,k_geographic-feature:13
6a87c376-24c8-4a89-8154-efc70e619f8b,db6ee519-afb5-4813-822b-bfbc7dfd2237,https://vocab.destiny-evidence.org/geographic-feature,M. Geographic feature,k_geographic-feature,14,https://vocab.destiny-evidence.org/geographic-feature/DSNY000500,DSNY000500,Peri-urban,"The transitional zone at the interface between urban and rural areas, characterised by mixed land use, rapid development, and populations that may lack full access to urban services while facing environmental pressures from adjacent cities.",,1,,k_geographic-feature|14,k_geographic-feature:14
6a87c376-24c8-4a89-8154-efc70e619f8b,db6ee519-afb5-4813-822b-bfbc7dfd2237,https://vocab.destiny-evidence.org/geographic-feature,M. Geographic feature,k_geographic-feature,15,https://vocab.destiny-evidence.org/geographic-feature/DSNY000149,DSNY000149,Polar,"Cold, high-latitude environments at the Earth's poles, experiencing some of the fastest rates of climate warming globally, with consequences for sea ice, permafrost, and global sea levels.",,1,,k_geographic-feature|15,k_geographic-feature:15
6a87c376-24c8-4a89-8154-efc70e619f8b,db6ee519-afb5-4813-822b-bfbc7dfd2237,https://vocab.destiny-evidence.org/geographic-feature,M. Geographic feature,k_geographic-feature,16,https://vocab.destiny-evidence.org/geographic-feature/DSNY000150,DSNY000150,Rainforest,"Dense tropical forests characterised by high biodiversity and rainfall, playing a critical role in global carbon cycling and increasingly threatened by deforestation and drought.",,1,,k_geographic-feature|16,k_geographic-feature:16
6a87c376-24c8-4a89-8154-efc70e619f8b,db6ee519-afb5-4813-822b-bfbc7dfd2237,https://vocab.destiny-evidence.org/geographic-feature,M. Geographic feature,k_geographic-feature,17,https://vocab.destiny-evidence.org/geographic-feature/DSNY000498,DSNY000498,Riparian,"The transitional zone between terrestrial and aquatic environments along the banks of rivers, streams, and other watercourses, characterised by distinctive vegetation and sensitivity to flooding and drought.",,1,,k_geographic-feature|17,k_geographic-feature:17
6a87c376-24c8-4a89-8154-efc70e619f8b,db6ee519-afb5-4813-822b-bfbc7dfd2237,https://vocab.destiny-evidence.org/geographic-feature,M. Geographic feature,k_geographic-feature,18,https://vocab.destiny-evidence.org/geographic-feature/DSNY000141,DSNY000141,Rural,"Sparsely populated areas outside urban centres, often reliant on agriculture and natural resources, and facing distinct climate risks including drought, flooding, and reduced service access.",,1,,k_geographic-feature|18,k_geographic-feature:18
6a87c376-24c8-4a89-8154-efc70e619f8b,db6ee519-afb5-4813-822b-bfbc7dfd2237,https://vocab.destiny-evidence.org/geographic-feature,M. Geographic feature,k_geographic-feature,19,https://vocab.destiny-evidence.org/geographic-feature/DSNY000504,DSNY000504,Subtropical,"Regions located between the tropics and temperate zones, characterised by warm temperatures year-round, variable rainfall, and a mix of humid and dry subtropical climates.",,1,,k_geographic-feature|19,k_geographic-feature:19
6a87c376-24c8-4a89-8154-efc70e619f8b,db6ee519-afb5-4813-822b-bfbc7dfd2237,https://vocab.destiny-evidence.org/geographic-feature,M. Geographic feature,k_geographic-feature,20,https://vocab.destiny-evidence.org/geographic-feature/DSNY000152,DSNY000152,Temperate,"Regions with moderate climates experiencing distinct seasons, where climate change is altering seasonal patterns, increasing extreme weather frequency, and affecting biodiversity.",,1,,k_geographic-feature|20,k_geographic-feature:20
6a87c376-24c8-4a89-8154-efc70e619f8b,db6ee519-afb5-4813-822b-bfbc7dfd2237,https://vocab.destiny-evidence.org/geographic-feature,M. Geographic feature,k_geographic-feature,21,https://vocab.destiny-evidence.org/geographic-feature/DSNY000153,DSNY000153,Tropical,"Regions near the equator characterised by warm temperatures and high humidity year-round, where climate change is intensifying heat stress, vector-borne disease risk, and extreme rainfall.",,1,,k_geographic-feature|21,k_geographic-feature:21
6a87c376-24c8-4a89-8154-efc70e619f8b,db6ee519-afb5-4813-822b-bfbc7dfd2237,https://vocab.destiny-evidence.org/geographic-feature,M. Geographic feature,k_geographic-feature,22,https://vocab.destiny-evidence.org/geographic-feature/DSNY000494,DSNY000494,Tundra,"A treeless biome found at high latitudes and elevations, characterised by permafrost, low vegetation, and extreme cold, with particular sensitivity to warming temperatures and permafrost thaw.",,1,,k_geographic-feature|22,k_geographic-feature:22
6a87c376-24c8-4a89-8154-efc70e619f8b,db6ee519-afb5-4813-822b-bfbc7dfd2237,https://vocab.destiny-evidence.org/geographic-feature,M. Geographic feature,k_geographic-feature,23,https://vocab.destiny-evidence.org/geographic-feature/DSNY000140,DSNY000140,Urban,"Densely populated areas characterised by built infrastructure and high human activity, where urban heat island effects and air pollution amplify climate-related health risks.",,1,,k_geographic-feature|23,k_geographic-feature:23
6a87c376-24c8-4a89-8154-efc70e619f8b,db6ee519-afb5-4813-822b-bfbc7dfd2237,https://vocab.destiny-evidence.org/geographic-feature,M. Geographic feature,k_geographic-feature,24,https://vocab.destiny-evidence.org/geographic-feature/DSNY000151,DSNY000151,Valley,"Low-lying areas between hills or mountains, often fertile and densely settled, which can be highly exposed to flooding and temperature extremes under climate change.",,1,,k_geographic-feature|24,k_geographic-feature:24
6a87c376-24c8-4a89-8154-efc70e619f8b,db6ee519-afb5-4813-822b-bfbc7dfd2237,https://vocab.destiny-evidence.org/geographic-feature,M. Geographic feature,k_geographic-feature,25,https://vocab.destiny-evidence.org/geographic-feature/DSNY000154,DSNY000154,Wetland / peatland,"Low-lying ecosystems saturated with water, including marshes, swamps, and peatlands, which serve as important carbon stores and biodiversity habitats, threatened by drainage and climate change.",,1,,k_geographic-feature|25,k_geographic-feature:25
6a87c376-24c8-4a89-8154-efc70e619f8b,db6ee519-afb5-4813-822b-bfbc7dfd2237,https://vocab.destiny-evidence.org/health-exposure,N.1 Health - Exposure,k_health-exposure,0,https://vocab.destiny-evidence.org/health-exposure/DSNY000262,DSNY000262,Air quality (Exposure),"Exposure to outdoor or indoor air containing pollutants — including particulate matter, ozone, nitrogen dioxide, and wildfire smoke — at concentrations harmful to health.",,1,,k_health-exposure|0,k_health-exposure:0
6a87c376-24c8-4a89-8154-efc70e619f8b,db6ee519-afb5-4813-822b-bfbc7dfd2237,https://vocab.destiny-evidence.org/health-exposure,N.1 Health - Exposure,k_health-exposure,1,https://vocab.destiny-evidence.org/health-exposure/DSNY000265,DSNY000265,Extreme weather events (Exposure),"Acute exposure to extreme meteorological events — including floods, storms, cyclones, droughts, and wildfires — that cause direct physical harm or injury.",,1,,k_health-exposure|1,k_health-exposure:1
6a87c376-24c8-4a89-8154-efc70e619f8b,db6ee519-afb5-4813-822b-bfbc7dfd2237,https://vocab.destiny-evidence.org/health-exposure,N.1 Health - Exposure,k_health-exposure,2,https://vocab.destiny-evidence.org/health-exposure/DSNY000263,DSNY000263,Food supply and safety (Exposure),"Disruptions or changes to the availability, accessibility, and safety of food, including impacts on nutrition, foodborne pathogen risk, and agricultural productivity.",,1,,k_health-exposure|2,k_health-exposure:2
6a87c376-24c8-4a89-8154-efc70e619f8b,db6ee519-afb5-4813-822b-bfbc7dfd2237,https://vocab.destiny-evidence.org/health-exposure,N.1 Health - Exposure,k_health-exposure,3,https://vocab.destiny-evidence.org/health-exposure/DSNY000261,DSNY000261,Heat stress (Exposure),"Physiological strain placed on the body by elevated ambient temperature and humidity, impairing thermoregulation and increasing the risk of heat-related illness.",,1,,k_health-exposure|3,k_health-exposure:3
6a87c376-24c8-4a89-8154-efc70e619f8b,db6ee519-afb5-4813-822b-bfbc7dfd2237,https://vocab.destiny-evidence.org/health-exposure,N.1 Health - Exposure,dsny000267_sub,0,https://vocab.destiny-evidence.org/health-exposure/DSNY000268,DSNY000268,Housing quality / overcrowding (Exposure),"Exposure to substandard, unsafe, or overcrowded living conditions that increase susceptibility to infectious disease, injury, and mental ill-health.",https://vocab.destiny-evidence.org/health-exposure/DSNY000267,2,,dsny000267_sub|0,dsny000267_sub:0
6a87c376-24c8-4a89-8154-efc70e619f8b,db6ee519-afb5-4813-822b-bfbc7dfd2237,https://vocab.destiny-evidence.org/health-exposure,N.1 Health - Exposure,dsny000267_sub,1,https://vocab.destiny-evidence.org/health-exposure/DSNY000269,DSNY000269,Loss of livelihood / income (Exposure),"Economic disruption resulting in the loss of employment, income, or livelihoods, with downstream effects on food security, mental health, and access to healthcare.",https://vocab.destiny-evidence.org/health-exposure/DSNY000267,2,,dsny000267_sub|1,dsny000267_sub:1
6a87c376-24c8-4a89-8154-efc70e619f8b,db6ee519-afb5-4813-822b-bfbc7dfd2237,https://vocab.destiny-evidence.org/health-exposure,N.1 Health - Exposure,dsny000267_sub,2,https://vocab.destiny-evidence.org/health-exposure/DSNY000270,DSNY000270,Loss of place attachment / cultural identity (Exposure),"Psychological and social harm arising from disruption to a sense of belonging, cultural heritage, and connection to land or community — particularly relevant to indigenous and displaced populations.",https://vocab.destiny-evidence.org/health-exposure/DSNY000267,2,,dsny000267_sub|2,dsny000267_sub:2
6a87c376-24c8-4a89-8154-efc70e619f8b,db6ee519-afb5-4813-822b-bfbc7dfd2237,https://vocab.destiny-evidence.org/health-exposure,N.1 Health - Exposure,dsny000267_sub,3,https://vocab.destiny-evidence.org/health-exposure/DSNY000271,DSNY000271,Migration / forced displacement (Exposure),"Involuntary or forced movement of populations away from their homes due to environmental, conflict, or economic pressures, with associated health and social consequences.",https://vocab.destiny-evidence.org/health-exposure/DSNY000267,2,,dsny000267_sub|3,dsny000267_sub:3
6a87c376-24c8-4a89-8154-efc70e619f8b,db6ee519-afb5-4813-822b-bfbc7dfd2237,https://vocab.destiny-evidence.org/health-exposure,N.1 Health - Exposure,dsny000267_sub,4,https://vocab.destiny-evidence.org/health-exposure/DSNY000272,DSNY000272,Violence / conflict (Exposure),"Exposure to interpersonal or collective violence, including armed conflict, gender-based violence, and civil unrest, as a determinant of physical and mental health outcomes.",https://vocab.destiny-evidence.org/health-exposure/DSNY000267,2,,dsny000267_sub|4,dsny000267_sub:4
6a87c376-24c8-4a89-8154-efc70e619f8b,db6ee519-afb5-4813-822b-bfbc7dfd2237,https://vocab.destiny-evidence.org/health-exposure,N.1 Health - Exposure,k_health-exposure,4,https://vocab.destiny-evidence.org/health-exposure/DSNY000267,DSNY000267,Social factors (Exposure),"Social, economic, and structural conditions that mediate vulnerability to environmental hazards and shape health outcomes at individual and population level.",,1,dsny000267_sub,k_health-exposure|4,k_health-exposure:4
6a87c376-24c8-4a89-8154-efc70e619f8b,db6ee519-afb5-4813-822b-bfbc7dfd2237,https://vocab.destiny-evidence.org/health-exposure,N.1 Health - Exposure,k_health-exposure,5,https://vocab.destiny-evidence.org/health-exposure/DSNY000273,DSNY000273,Ultraviolet / solar radiation (Exposure),"Exposure to ultraviolet radiation from solar sources, associated with skin cancer risk, vitamin D synthesis, and immune modulation.",,1,,k_health-exposure|5,k_health-exposure:5
6a87c376-24c8-4a89-8154-efc70e619f8b,db6ee519-afb5-4813-822b-bfbc7dfd2237,https://vocab.destiny-evidence.org/health-exposure,N.1 Health - Exposure,k_health-exposure,6,https://vocab.destiny-evidence.org/health-exposure/DSNY000266,DSNY000266,Vector distribution and ecology (Exposure),"Changes in the geographic range, abundance, and seasonal activity of vectors — such as mosquitoes, ticks and mites — that alter the transmission risk of vector-borne diseases.",,1,,k_health-exposure|6,k_health-exposure:6
6a87c376-24c8-4a89-8154-efc70e619f8b,db6ee519-afb5-4813-822b-bfbc7dfd2237,https://vocab.destiny-evidence.org/health-exposure,N.1 Health - Exposure,k_health-exposure,7,https://vocab.destiny-evidence.org/health-exposure/DSNY000264,DSNY000264,Water quality and quantity (Exposure),"Changes in the availability, quality, and safety of freshwater and other water sources, including flooding, drought, and contamination affecting drinking water and sanitation.",,1,,k_health-exposure|7,k_health-exposure:7
6a87c376-24c8-4a89-8154-efc70e619f8b,db6ee519-afb5-4813-822b-bfbc7dfd2237,https://vocab.destiny-evidence.org/health-metrics,N.2 Health - Metrics,dsny000274_sub,0,https://vocab.destiny-evidence.org/health-metrics/DSNY000275,DSNY000275,All-cause mortality (Metric),"The rate of death from any cause within a defined population over a specified period, regardless of the underlying cause.",https://vocab.destiny-evidence.org/health-metrics/DSNY000274,2,,dsny000274_sub|0,dsny000274_sub:0
6a87c376-24c8-4a89-8154-efc70e619f8b,db6ee519-afb5-4813-822b-bfbc7dfd2237,https://vocab.destiny-evidence.org/health-metrics,N.2 Health - Metrics,dsny000274_sub,1,https://vocab.destiny-evidence.org/health-metrics/DSNY000276,DSNY000276,Cause-specific mortality (Metric),"The rate of death attributable to a specific disease, condition, or cause within a defined population.",https://vocab.destiny-evidence.org/health-metrics/DSNY000274,2,,dsny000274_sub|1,dsny000274_sub:1
6a87c376-24c8-4a89-8154-efc70e619f8b,db6ee519-afb5-4813-822b-bfbc7dfd2237,https://vocab.destiny-evidence.org/health-metrics,N.2 Health - Metrics,dsny000274_sub,2,https://vocab.destiny-evidence.org/health-metrics/DSNY000277,DSNY000277,Excess / premature mortality (Metric),"Deaths occurring earlier than expected relative to a baseline or reference population, or in excess of background mortality rates during a defined period or event.",https://vocab.destiny-evidence.org/health-metrics/DSNY000274,2,,dsny000274_sub|2,dsny000274_sub:2
6a87c376-24c8-4a89-8154-efc70e619f8b,db6ee519-afb5-4813-822b-bfbc7dfd2237,https://vocab.destiny-evidence.org/health-metrics,N.2 Health - Metrics,dsny000274_sub,3,https://vocab.destiny-evidence.org/health-metrics/DSNY000279,DSNY000279,Infant / child mortality (Metric),"Mortality rates among infants and children, typically measured as deaths per live births within specified age bands including neonatal, infant, and under-five periods.",https://vocab.destiny-evidence.org/health-metrics/DSNY000274,2,,dsny000274_sub|3,dsny000274_sub:3
6a87c376-24c8-4a89-8154-efc70e619f8b,db6ee519-afb5-4813-822b-bfbc7dfd2237,https://vocab.destiny-evidence.org/health-metrics,N.2 Health - Metrics,dsny000274_sub,4,https://vocab.destiny-evidence.org/health-metrics/DSNY000280,DSNY000280,Maternal mortality (Metric),"The death of a woman during pregnancy, childbirth, or within 42 days of delivery from causes related to or aggravated by the pregnancy or its management.",https://vocab.destiny-evidence.org/health-metrics/DSNY000274,2,,dsny000274_sub|4,dsny000274_sub:4
6a87c376-24c8-4a89-8154-efc70e619f8b,db6ee519-afb5-4813-822b-bfbc7dfd2237,https://vocab.destiny-evidence.org/health-metrics,N.2 Health - Metrics,dsny000274_sub,5,https://vocab.destiny-evidence.org/health-metrics/DSNY000278,DSNY000278,Years of life lost (Metric),A measure of premature mortality calculated as the years of life lost due to death before a defined life expectancy threshold.,https://vocab.destiny-evidence.org/health-metrics/DSNY000274,2,,dsny000274_sub|5,dsny000274_sub:5
6a87c376-24c8-4a89-8154-efc70e619f8b,db6ee519-afb5-4813-822b-bfbc7dfd2237,https://vocab.destiny-evidence.org/health-metrics,N.2 Health - Metrics,k_health-metrics,0,https://vocab.destiny-evidence.org/health-metrics/DSNY000274,DSNY000274,Death (Metric),"Metrics quantifying fatal health outcomes, including overall and cause-specific death rates across populations.",,1,dsny000274_sub,k_health-metrics|0,k_health-metrics:0
6a87c376-24c8-4a89-8154-efc70e619f8b,db6ee519-afb5-4813-822b-bfbc7dfd2237,https://vocab.destiny-evidence.org/health-metrics,N.2 Health - Metrics,dsny000281_sub,0,https://vocab.destiny-evidence.org/health-metrics/DSNY000285,DSNY000285,Disability-adjusted life years (Metric),"A summary measure of population health combining years of life lost to premature death (YLL) and years lived with disability (YLD), representing the total burden of disease.",https://vocab.destiny-evidence.org/health-metrics/DSNY000281,2,,dsny000281_sub|0,dsny000281_sub:0
6a87c376-24c8-4a89-8154-efc70e619f8b,db6ee519-afb5-4813-822b-bfbc7dfd2237,https://vocab.destiny-evidence.org/health-metrics,N.2 Health - Metrics,dsny000281_sub,1,https://vocab.destiny-evidence.org/health-metrics/DSNY000286,DSNY000286,Health-related quality of life (Metric),"Self-reported or assessed measures of physical, mental, and social functioning and wellbeing as affected by a health condition or its treatment.",https://vocab.destiny-evidence.org/health-metrics/DSNY000281,2,,dsny000281_sub|1,dsny000281_sub:1
6a87c376-24c8-4a89-8154-efc70e619f8b,db6ee519-afb5-4813-822b-bfbc7dfd2237,https://vocab.destiny-evidence.org/health-metrics,N.2 Health - Metrics,dsny000281_sub,2,https://vocab.destiny-evidence.org/health-metrics/DSNY000282,DSNY000282,Incidence (Metric),The rate at which new cases of a disease or condition occur in a defined population during a specified time period.,https://vocab.destiny-evidence.org/health-metrics/DSNY000281,2,,dsny000281_sub|2,dsny000281_sub:2
6a87c376-24c8-4a89-8154-efc70e619f8b,db6ee519-afb5-4813-822b-bfbc7dfd2237,https://vocab.destiny-evidence.org/health-metrics,N.2 Health - Metrics,dsny000281_sub,3,https://vocab.destiny-evidence.org/health-metrics/DSNY000283,DSNY000283,Prevalence (Metric),The proportion of a defined population living with a disease or condition at a specific point in time or during a defined period.,https://vocab.destiny-evidence.org/health-metrics/DSNY000281,2,,dsny000281_sub|3,dsny000281_sub:3
6a87c376-24c8-4a89-8154-efc70e619f8b,db6ee519-afb5-4813-822b-bfbc7dfd2237,https://vocab.destiny-evidence.org/health-metrics,N.2 Health - Metrics,dsny000281_sub,4,https://vocab.destiny-evidence.org/health-metrics/DSNY000284,DSNY000284,Years lived with disability (Metric),"A component of the Global Burden of Disease framework measuring the years of healthy life lost due to living with a non-fatal disease or disability, weighted by severity.",https://vocab.destiny-evidence.org/health-metrics/DSNY000281,2,,dsny000281_sub|4,dsny000281_sub:4
6a87c376-24c8-4a89-8154-efc70e619f8b,db6ee519-afb5-4813-822b-bfbc7dfd2237,https://vocab.destiny-evidence.org/health-metrics,N.2 Health - Metrics,k_health-metrics,1,https://vocab.destiny-evidence.org/health-metrics/DSNY000281,DSNY000281,Disease burden / quality of life (Metric),"Measures quantifying the non-fatal impact of disease on individuals and populations, including disease frequency, duration, and effect on functional status and wellbeing.",,1,dsny000281_sub,k_health-metrics|1,k_health-metrics:1
6a87c376-24c8-4a89-8154-efc70e619f8b,db6ee519-afb5-4813-822b-bfbc7dfd2237,https://vocab.destiny-evidence.org/health-metrics,N.2 Health - Metrics,dsny000293_sub,0,https://vocab.destiny-evidence.org/health-metrics/DSNY000294,DSNY000294,Attributable fraction / risk (Metric),"The proportion of disease cases or deaths in a population attributable to a specific exposure, estimating the potential reduction in burden if the exposure were eliminated.",https://vocab.destiny-evidence.org/health-metrics/DSNY000293,2,,dsny000293_sub|0,dsny000293_sub:0
6a87c376-24c8-4a89-8154-efc70e619f8b,db6ee519-afb5-4813-822b-bfbc7dfd2237,https://vocab.destiny-evidence.org/health-metrics,N.2 Health - Metrics,dsny000293_sub,1,https://vocab.destiny-evidence.org/health-metrics/DSNY000295,DSNY000295,Relative risk / odds ratio (Metric),"Statistical measures comparing the probability of a health outcome between exposed and unexposed groups, used to quantify the strength of association between an exposure and an outcome.",https://vocab.destiny-evidence.org/health-metrics/DSNY000293,2,,dsny000293_sub|1,dsny000293_sub:1
6a87c376-24c8-4a89-8154-efc70e619f8b,db6ee519-afb5-4813-822b-bfbc7dfd2237,https://vocab.destiny-evidence.org/health-metrics,N.2 Health - Metrics,k_health-metrics,2,https://vocab.destiny-evidence.org/health-metrics/DSNY000293,DSNY000293,Exposure quantification (Metric),Metrics that quantify the magnitude of an exposure or the proportion of outcomes attributable to that exposure in a defined population.,,1,dsny000293_sub,k_health-metrics|2,k_health-metrics:2
6a87c376-24c8-4a89-8154-efc70e619f8b,db6ee519-afb5-4813-822b-bfbc7dfd2237,https://vocab.destiny-evidence.org/health-metrics,N.2 Health - Metrics,dsny000287_sub,0,https://vocab.destiny-evidence.org/health-metrics/DSNY000289,DSNY000289,Emergency department visit (Metric),"The rate or number of attendances at emergency departments for acute assessment and treatment, used as an indicator of urgent health need.",https://vocab.destiny-evidence.org/health-metrics/DSNY000287,2,,dsny000287_sub|0,dsny000287_sub:0
6a87c376-24c8-4a89-8154-efc70e619f8b,db6ee519-afb5-4813-822b-bfbc7dfd2237,https://vocab.destiny-evidence.org/health-metrics,N.2 Health - Metrics,dsny000287_sub,1,https://vocab.destiny-evidence.org/health-metrics/DSNY000291,DSNY000291,Healthcare access disruption (Metric),"Interruptions to the availability or accessibility of healthcare services, resulting in delayed, reduced, or foregone care for affected populations.",https://vocab.destiny-evidence.org/health-metrics/DSNY000287,2,,dsny000287_sub|1,dsny000287_sub:1
6a87c376-24c8-4a89-8154-efc70e619f8b,db6ee519-afb5-4813-822b-bfbc7dfd2237,https://vocab.destiny-evidence.org/health-metrics,N.2 Health - Metrics,dsny000287_sub,2,https://vocab.destiny-evidence.org/health-metrics/DSNY000288,DSNY000288,Hospital admission (Metric),"The rate or number of patients admitted to hospital as inpatients for treatment, observation, or care related to a specific condition.",https://vocab.destiny-evidence.org/health-metrics/DSNY000287,2,,dsny000287_sub|2,dsny000287_sub:2
6a87c376-24c8-4a89-8154-efc70e619f8b,db6ee519-afb5-4813-822b-bfbc7dfd2237,https://vocab.destiny-evidence.org/health-metrics,N.2 Health - Metrics,dsny000287_sub,3,https://vocab.destiny-evidence.org/health-metrics/DSNY000292,DSNY000292,Length of hospital stay (Metric),"The duration of an inpatient hospital episode, used as a measure of disease severity, healthcare resource use, and patient recovery.",https://vocab.destiny-evidence.org/health-metrics/DSNY000287,2,,dsny000287_sub|3,dsny000287_sub:3
6a87c376-24c8-4a89-8154-efc70e619f8b,db6ee519-afb5-4813-822b-bfbc7dfd2237,https://vocab.destiny-evidence.org/health-metrics,N.2 Health - Metrics,dsny000287_sub,4,https://vocab.destiny-evidence.org/health-metrics/DSNY000290,DSNY000290,Outpatient / primary care visit (Metric),"The rate or number of non-emergency contacts with primary care or outpatient services, including general practice, specialist clinics, and community health settings.",https://vocab.destiny-evidence.org/health-metrics/DSNY000287,2,,dsny000287_sub|4,dsny000287_sub:4
6a87c376-24c8-4a89-8154-efc70e619f8b,db6ee519-afb5-4813-822b-bfbc7dfd2237,https://vocab.destiny-evidence.org/health-metrics,N.2 Health - Metrics,k_health-metrics,3,https://vocab.destiny-evidence.org/health-metrics/DSNY000287,DSNY000287,Healthcare utilisation (Metric),"Metrics quantifying the use of healthcare services, including primary, secondary, and emergency care, as indicators of health system demand and population health need.",,1,dsny000287_sub,k_health-metrics|3,k_health-metrics:3
6a87c376-24c8-4a89-8154-efc70e619f8b,db6ee519-afb5-4813-822b-bfbc7dfd2237,https://vocab.destiny-evidence.org/health-outcomes,N.3 Health - Outcomes,dsny000306_sub,0,https://vocab.destiny-evidence.org/health-outcomes/DSNY000308,DSNY000308,Enteric infections mortality,"Deaths attributable to enteric infections transmitted via contaminated food or water, including diarrhoeal diseases and typhoid.",https://vocab.destiny-evidence.org/health-outcomes/DSNY000306,4,,dsny000306_sub|0,dsny000306_sub:0
6a87c376-24c8-4a89-8154-efc70e619f8b,db6ee519-afb5-4813-822b-bfbc7dfd2237,https://vocab.destiny-evidence.org/health-outcomes,N.3 Health - Outcomes,dsny000306_sub,1,https://vocab.destiny-evidence.org/health-outcomes/DSNY000309,DSNY000309,Neglected tropical diseases and malaria mortality,"Deaths caused by neglected tropical diseases and malaria, disproportionately affecting populations in low-income tropical settings.",https://vocab.destiny-evidence.org/health-outcomes/DSNY000306,4,,dsny000306_sub|1,dsny000306_sub:1
6a87c376-24c8-4a89-8154-efc70e619f8b,db6ee519-afb5-4813-822b-bfbc7dfd2237,https://vocab.destiny-evidence.org/health-outcomes,N.3 Health - Outcomes,dsny000306_sub,2,https://vocab.destiny-evidence.org/health-outcomes/DSNY000310,DSNY000310,Other infectious diseases mortality,"Deaths from infectious diseases not classified under respiratory, enteric, or vector-borne categories, including meningitis, encephalitis, and vaccine-preventable infections.",https://vocab.destiny-evidence.org/health-outcomes/DSNY000306,4,,dsny000306_sub|2,dsny000306_sub:2
6a87c376-24c8-4a89-8154-efc70e619f8b,db6ee519-afb5-4813-822b-bfbc7dfd2237,https://vocab.destiny-evidence.org/health-outcomes,N.3 Health - Outcomes,dsny000306_sub,3,https://vocab.destiny-evidence.org/health-outcomes/DSNY000307,DSNY000307,Respiratory infections mortality (including tuberculosis),"Deaths caused by infections of the respiratory tract, including tuberculosis, pneumonia, and other lower and upper respiratory infections.",https://vocab.destiny-evidence.org/health-outcomes/DSNY000306,4,,dsny000306_sub|3,dsny000306_sub:3
6a87c376-24c8-4a89-8154-efc70e619f8b,db6ee519-afb5-4813-822b-bfbc7dfd2237,https://vocab.destiny-evidence.org/health-outcomes,N.3 Health - Outcomes,dsny000305_sub,0,https://vocab.destiny-evidence.org/health-outcomes/DSNY000306,DSNY000306,Infectious diseases mortality,"Deaths caused by infectious and parasitic diseases, including respiratory, enteric, vector-borne, and other infections.",https://vocab.destiny-evidence.org/health-outcomes/DSNY000305,3,dsny000306_sub,dsny000305_sub|0,dsny000305_sub:0
6a87c376-24c8-4a89-8154-efc70e619f8b,db6ee519-afb5-4813-822b-bfbc7dfd2237,https://vocab.destiny-evidence.org/health-outcomes,N.3 Health - Outcomes,dsny000305_sub,1,https://vocab.destiny-evidence.org/health-outcomes/DSNY000312,DSNY000312,Maternal mortality,"Deaths among women during pregnancy, childbirth, or the postpartum period attributable to obstetric causes.",https://vocab.destiny-evidence.org/health-outcomes/DSNY000305,3,,dsny000305_sub|1,dsny000305_sub:1
6a87c376-24c8-4a89-8154-efc70e619f8b,db6ee519-afb5-4813-822b-bfbc7dfd2237,https://vocab.destiny-evidence.org/health-outcomes,N.3 Health - Outcomes,dsny000305_sub,2,https://vocab.destiny-evidence.org/health-outcomes/DSNY000311,DSNY000311,Neonatal mortality,"Deaths occurring in the first 28 days of life, attributable to preterm birth, birth asphyxia, neonatal infection, and congenital conditions.",https://vocab.destiny-evidence.org/health-outcomes/DSNY000305,3,,dsny000305_sub|2,dsny000305_sub:2
6a87c376-24c8-4a89-8154-efc70e619f8b,db6ee519-afb5-4813-822b-bfbc7dfd2237,https://vocab.destiny-evidence.org/health-outcomes,N.3 Health - Outcomes,dsny000305_sub,3,https://vocab.destiny-evidence.org/health-outcomes/DSNY000313,DSNY000313,Nutrition-related mortality,"Deaths attributable to nutritional deficiencies and undernutrition, including protein-energy malnutrition and micronutrient deficiency disorders.",https://vocab.destiny-evidence.org/health-outcomes/DSNY000305,3,,dsny000305_sub|3,dsny000305_sub:3
6a87c376-24c8-4a89-8154-efc70e619f8b,db6ee519-afb5-4813-822b-bfbc7dfd2237,https://vocab.destiny-evidence.org/health-outcomes,N.3 Health - Outcomes,dsny000296_sub,0,https://vocab.destiny-evidence.org/health-outcomes/DSNY000305,DSNY000305,"Communicable, maternal, neonatal, and nutritional mortality","Deaths attributable to communicable diseases, maternal conditions, neonatal disorders, and nutritional deficiencies.",https://vocab.destiny-evidence.org/health-outcomes/DSNY000296,2,dsny000305_sub,dsny000296_sub|0,dsny000296_sub:0
6a87c376-24c8-4a89-8154-efc70e619f8b,db6ee519-afb5-4813-822b-bfbc7dfd2237,https://vocab.destiny-evidence.org/health-outcomes,N.3 Health - Outcomes,dsny000298_sub,0,https://vocab.destiny-evidence.org/health-outcomes/DSNY000299,DSNY000299,Cardiovascular mortality,"Deaths attributable to diseases of the heart and circulatory system, including ischemic heart disease, stroke, and heart failure.",https://vocab.destiny-evidence.org/health-outcomes/DSNY000298,3,,dsny000298_sub|0,dsny000298_sub:0
6a87c376-24c8-4a89-8154-efc70e619f8b,db6ee519-afb5-4813-822b-bfbc7dfd2237,https://vocab.destiny-evidence.org/health-outcomes,N.3 Health - Outcomes,dsny000298_sub,1,https://vocab.destiny-evidence.org/health-outcomes/DSNY000301,DSNY000301,Chronic respiratory diseases mortality,"Deaths attributable to chronic conditions of the respiratory tract, including chronic obstructive pulmonary disease and asthma.",https://vocab.destiny-evidence.org/health-outcomes/DSNY000298,3,,dsny000298_sub|1,dsny000298_sub:1
6a87c376-24c8-4a89-8154-efc70e619f8b,db6ee519-afb5-4813-822b-bfbc7dfd2237,https://vocab.destiny-evidence.org/health-outcomes,N.3 Health - Outcomes,dsny000298_sub,2,https://vocab.destiny-evidence.org/health-outcomes/DSNY000302,DSNY000302,Diabetes and kidney diseases mortality,"Deaths attributable to diabetes mellitus and chronic kidney disease, which frequently co-occur and share common risk pathways.",https://vocab.destiny-evidence.org/health-outcomes/DSNY000298,3,,dsny000298_sub|2,dsny000298_sub:2
6a87c376-24c8-4a89-8154-efc70e619f8b,db6ee519-afb5-4813-822b-bfbc7dfd2237,https://vocab.destiny-evidence.org/health-outcomes,N.3 Health - Outcomes,dsny000298_sub,3,https://vocab.destiny-evidence.org/health-outcomes/DSNY000303,DSNY000303,"Injury-related mortality (drowning, fires, disasters, suicide, violence)","Deaths resulting from injuries including drowning, fires, natural disasters, suicide, and interpersonal violence.",https://vocab.destiny-evidence.org/health-outcomes/DSNY000298,3,,dsny000298_sub|3,dsny000298_sub:3
6a87c376-24c8-4a89-8154-efc70e619f8b,db6ee519-afb5-4813-822b-bfbc7dfd2237,https://vocab.destiny-evidence.org/health-outcomes,N.3 Health - Outcomes,dsny000298_sub,4,https://vocab.destiny-evidence.org/health-outcomes/DSNY000300,DSNY000300,Neoplasms mortality,Deaths attributable to malignant and benign neoplasms across all anatomical sites.,https://vocab.destiny-evidence.org/health-outcomes/DSNY000298,3,,dsny000298_sub|4,dsny000298_sub:4
6a87c376-24c8-4a89-8154-efc70e619f8b,db6ee519-afb5-4813-822b-bfbc7dfd2237,https://vocab.destiny-evidence.org/health-outcomes,N.3 Health - Outcomes,dsny000298_sub,5,https://vocab.destiny-evidence.org/health-outcomes/DSNY000304,DSNY000304,Other non-communicable diseases mortality,"Deaths attributable to non-communicable diseases not classified under the major NCD categories of cardiovascular, respiratory, neoplastic, or metabolic disease.",https://vocab.destiny-evidence.org/health-outcomes/DSNY000298,3,,dsny000298_sub|5,dsny000298_sub:5
6a87c376-24c8-4a89-8154-efc70e619f8b,db6ee519-afb5-4813-822b-bfbc7dfd2237,https://vocab.destiny-evidence.org/health-outcomes,N.3 Health - Outcomes,dsny000296_sub,1,https://vocab.destiny-evidence.org/health-outcomes/DSNY000298,DSNY000298,Non-communicable mortality,"Deaths attributable to non-communicable diseases, including cardiovascular, respiratory, metabolic, and neoplastic conditions.",https://vocab.destiny-evidence.org/health-outcomes/DSNY000296,2,dsny000298_sub,dsny000296_sub|1,dsny000296_sub:1
6a87c376-24c8-4a89-8154-efc70e619f8b,db6ee519-afb5-4813-822b-bfbc7dfd2237,https://vocab.destiny-evidence.org/health-outcomes,N.3 Health - Outcomes,dsny000296_sub,2,https://vocab.destiny-evidence.org/health-outcomes/DSNY000297,DSNY000297,Total / all-cause mortality (Outcome),"Deaths from any cause combined, used as an overall measure of fatal burden without attribution to a specific disease or condition.",https://vocab.destiny-evidence.org/health-outcomes/DSNY000296,2,,dsny000296_sub|2,dsny000296_sub:2
6a87c376-24c8-4a89-8154-efc70e619f8b,db6ee519-afb5-4813-822b-bfbc7dfd2237,https://vocab.destiny-evidence.org/health-outcomes,N.3 Health - Outcomes,k_health-outcomes,0,https://vocab.destiny-evidence.org/health-outcomes/DSNY000296,DSNY000296,N.3.1 Mortality,"The occurrence of death as a health outcome, classified by cause, age group, and population to characterise the fatal burden of disease.",,1,dsny000296_sub,k_health-outcomes|0,k_health-outcomes:0
6a87c376-24c8-4a89-8154-efc70e619f8b,db6ee519-afb5-4813-822b-bfbc7dfd2237,https://vocab.destiny-evidence.org/health-outcomes,N.3 Health - Outcomes,dsny000325_sub,0,https://vocab.destiny-evidence.org/health-outcomes/DSNY000326,DSNY000326,Cholera,"An acute diarrhoeal illness caused by the bacterium Vibrio cholerae, typically transmitted through contaminated water and capable of causing rapid dehydration and death.",https://vocab.destiny-evidence.org/health-outcomes/DSNY000325,4,,dsny000325_sub|0,dsny000325_sub:0
6a87c376-24c8-4a89-8154-efc70e619f8b,db6ee519-afb5-4813-822b-bfbc7dfd2237,https://vocab.destiny-evidence.org/health-outcomes,N.3 Health - Outcomes,dsny000324_sub,0,https://vocab.destiny-evidence.org/health-outcomes/DSNY000325,DSNY000325,Diarrheal diseases,"Illness characterised by loose or watery stools, caused by a range of enteric pathogens and strongly associated with unsafe water, poor sanitation, and food contamination.",https://vocab.destiny-evidence.org/health-outcomes/DSNY000324,3,dsny000325_sub,dsny000324_sub|0,dsny000324_sub:0
6a87c376-24c8-4a89-8154-efc70e619f8b,db6ee519-afb5-4813-822b-bfbc7dfd2237,https://vocab.destiny-evidence.org/health-outcomes,N.3 Health - Outcomes,dsny000324_sub,1,https://vocab.destiny-evidence.org/health-outcomes/DSNY000328,DSNY000328,Invasive Non-typhoidal Salmonella (iNTS),"Severe systemic infection caused by non-typhoidal Salmonella serovars invading the bloodstream, predominantly affecting young children and immunocompromised individuals in low-income settings.",https://vocab.destiny-evidence.org/health-outcomes/DSNY000324,3,,dsny000324_sub|1,dsny000324_sub:1
6a87c376-24c8-4a89-8154-efc70e619f8b,db6ee519-afb5-4813-822b-bfbc7dfd2237,https://vocab.destiny-evidence.org/health-outcomes,N.3 Health - Outcomes,dsny000324_sub,2,https://vocab.destiny-evidence.org/health-outcomes/DSNY000327,DSNY000327,Typhoid and paratyphoid,"Systemic bacterial infections caused by Salmonella Typhi and Salmonella Paratyphi, transmitted via contaminated food and water.",https://vocab.destiny-evidence.org/health-outcomes/DSNY000324,3,,dsny000324_sub|2,dsny000324_sub:2
6a87c376-24c8-4a89-8154-efc70e619f8b,db6ee519-afb5-4813-822b-bfbc7dfd2237,https://vocab.destiny-evidence.org/health-outcomes,N.3 Health - Outcomes,dsny000324_sub,3,https://vocab.destiny-evidence.org/health-outcomes/DSNY000329,DSNY000329,Z_Other intestinal infectious diseases,"Intestinal infectious diseases not classified under diarrhoea, cholera, typhoid, or iNTS, including other bacterial, viral, and parasitic gut infections.",https://vocab.destiny-evidence.org/health-outcomes/DSNY000324,3,,dsny000324_sub|3,dsny000324_sub:3
6a87c376-24c8-4a89-8154-efc70e619f8b,db6ee519-afb5-4813-822b-bfbc7dfd2237,https://vocab.destiny-evidence.org/health-outcomes,N.3 Health - Outcomes,dsny000314_sub,0,https://vocab.destiny-evidence.org/health-outcomes/DSNY000324,DSNY000324,Enteric infections,"Infections of the gastrointestinal tract transmitted via contaminated food or water, including diarrhoeal diseases, typhoid, and cholera.",https://vocab.destiny-evidence.org/health-outcomes/DSNY000314,2,dsny000324_sub,dsny000314_sub|0,dsny000314_sub:0
6a87c376-24c8-4a89-8154-efc70e619f8b,db6ee519-afb5-4813-822b-bfbc7dfd2237,https://vocab.destiny-evidence.org/health-outcomes,N.3 Health - Outcomes,dsny000315_sub,0,https://vocab.destiny-evidence.org/health-outcomes/DSNY000316,DSNY000316,HIV/AIDS,"Infection caused by the human immunodeficiency virus (HIV), which progressively damages the immune system and, without treatment, leads to acquired immunodeficiency syndrome (AIDS).",https://vocab.destiny-evidence.org/health-outcomes/DSNY000315,3,,dsny000315_sub|0,dsny000315_sub:0
6a87c376-24c8-4a89-8154-efc70e619f8b,db6ee519-afb5-4813-822b-bfbc7dfd2237,https://vocab.destiny-evidence.org/health-outcomes,N.3 Health - Outcomes,dsny000315_sub,1,https://vocab.destiny-evidence.org/health-outcomes/DSNY000317,DSNY000317,Sexually transmitted infections excluding HIV,"Infections transmitted primarily through sexual contact, excluding HIV, including syphilis, gonorrhoea, chlamydia, and other sexually transmitted pathogens.",https://vocab.destiny-evidence.org/health-outcomes/DSNY000315,3,,dsny000315_sub|1,dsny000315_sub:1
6a87c376-24c8-4a89-8154-efc70e619f8b,db6ee519-afb5-4813-822b-bfbc7dfd2237,https://vocab.destiny-evidence.org/health-outcomes,N.3 Health - Outcomes,dsny000314_sub,1,https://vocab.destiny-evidence.org/health-outcomes/DSNY000315,DSNY000315,HIV/AIDS and sexually transmitted infections,"Infections transmitted through sexual contact or blood-borne routes, including HIV/AIDS and bacterial and viral sexually transmitted infections.",https://vocab.destiny-evidence.org/health-outcomes/DSNY000314,2,dsny000315_sub,dsny000314_sub|1,dsny000314_sub:1
6a87c376-24c8-4a89-8154-efc70e619f8b,db6ee519-afb5-4813-822b-bfbc7dfd2237,https://vocab.destiny-evidence.org/health-outcomes,N.3 Health - Outcomes,dsny000365_sub,0,https://vocab.destiny-evidence.org/health-outcomes/DSNY000366,DSNY000366,Maternal abortion and miscarriage,"The spontaneous or induced termination of pregnancy before viability, including miscarriage, unsafe abortion, and related complications.",https://vocab.destiny-evidence.org/health-outcomes/DSNY000365,4,,dsny000365_sub|0,dsny000365_sub:0
6a87c376-24c8-4a89-8154-efc70e619f8b,db6ee519-afb5-4813-822b-bfbc7dfd2237,https://vocab.destiny-evidence.org/health-outcomes,N.3 Health - Outcomes,dsny000364_sub,0,https://vocab.destiny-evidence.org/health-outcomes/DSNY000365,DSNY000365,Maternal disorders,"Medical conditions and complications directly related to pregnancy and childbirth, including haemorrhage, hypertensive disorders, obstructed labour, and sepsis.",https://vocab.destiny-evidence.org/health-outcomes/DSNY000364,3,dsny000365_sub,dsny000364_sub|0,dsny000364_sub:0
6a87c376-24c8-4a89-8154-efc70e619f8b,db6ee519-afb5-4813-822b-bfbc7dfd2237,https://vocab.destiny-evidence.org/health-outcomes,N.3 Health - Outcomes,dsny000367_sub,0,https://vocab.destiny-evidence.org/health-outcomes/DSNY000369,DSNY000369,Low birth weight,"Birth weight below 2,500 grams, associated with increased neonatal mortality, infection susceptibility, and long-term developmental and metabolic risk.",https://vocab.destiny-evidence.org/health-outcomes/DSNY000367,4,,dsny000367_sub|0,dsny000367_sub:0
6a87c376-24c8-4a89-8154-efc70e619f8b,db6ee519-afb5-4813-822b-bfbc7dfd2237,https://vocab.destiny-evidence.org/health-outcomes,N.3 Health - Outcomes,dsny000367_sub,1,https://vocab.destiny-evidence.org/health-outcomes/DSNY000368,DSNY000368,Neonatal preterm birth,"Birth occurring before 37 completed weeks of gestation, associated with increased risk of respiratory distress, infection, neurodevelopmental impairment, and neonatal death.",https://vocab.destiny-evidence.org/health-outcomes/DSNY000367,4,,dsny000367_sub|1,dsny000367_sub:1
6a87c376-24c8-4a89-8154-efc70e619f8b,db6ee519-afb5-4813-822b-bfbc7dfd2237,https://vocab.destiny-evidence.org/health-outcomes,N.3 Health - Outcomes,dsny000364_sub,1,https://vocab.destiny-evidence.org/health-outcomes/DSNY000367,DSNY000367,Neonatal disorders,"Conditions originating in the perinatal period affecting newborns, including preterm birth, birth asphyxia, neonatal infections, and congenital anomalies.",https://vocab.destiny-evidence.org/health-outcomes/DSNY000364,3,dsny000367_sub,dsny000364_sub|1,dsny000364_sub:1
6a87c376-24c8-4a89-8154-efc70e619f8b,db6ee519-afb5-4813-822b-bfbc7dfd2237,https://vocab.destiny-evidence.org/health-outcomes,N.3 Health - Outcomes,dsny000314_sub,2,https://vocab.destiny-evidence.org/health-outcomes/DSNY000364,DSNY000364,Maternal and neonatal disorders,"Conditions arising during pregnancy, childbirth, or the neonatal period, including obstetric complications and disorders of the newborn.",https://vocab.destiny-evidence.org/health-outcomes/DSNY000314,2,dsny000364_sub,dsny000314_sub|2,dsny000314_sub:2
6a87c376-24c8-4a89-8154-efc70e619f8b,db6ee519-afb5-4813-822b-bfbc7dfd2237,https://vocab.destiny-evidence.org/health-outcomes,N.3 Health - Outcomes,dsny000330_sub,0,https://vocab.destiny-evidence.org/health-outcomes/DSNY000334,DSNY000334,African trypanosomiasis,"A vector-borne parasitic disease caused by Trypanosoma brucei, transmitted by tsetse flies, causing progressive neurological deterioration if untreated.",https://vocab.destiny-evidence.org/health-outcomes/DSNY000330,3,,dsny000330_sub|0,dsny000330_sub:0
6a87c376-24c8-4a89-8154-efc70e619f8b,db6ee519-afb5-4813-822b-bfbc7dfd2237,https://vocab.destiny-evidence.org/health-outcomes,N.3 Health - Outcomes,dsny000330_sub,1,https://vocab.destiny-evidence.org/health-outcomes/DSNY000332,DSNY000332,Chagas disease,"A vector-borne parasitic disease caused by Trypanosoma cruzi, transmitted by triatomine bugs and endemic to Latin America, with chronic cardiac and digestive complications.",https://vocab.destiny-evidence.org/health-outcomes/DSNY000330,3,,dsny000330_sub|1,dsny000330_sub:1
6a87c376-24c8-4a89-8154-efc70e619f8b,db6ee519-afb5-4813-822b-bfbc7dfd2237,https://vocab.destiny-evidence.org/health-outcomes,N.3 Health - Outcomes,dsny000330_sub,2,https://vocab.destiny-evidence.org/health-outcomes/DSNY000351,DSNY000351,Chikungunya,"A mosquito-borne viral disease transmitted by Aedes mosquitoes, causing acute fever and severe joint pain that can persist for months.",https://vocab.destiny-evidence.org/health-outcomes/DSNY000330,3,,dsny000330_sub|2,dsny000330_sub:2
6a87c376-24c8-4a89-8154-efc70e619f8b,db6ee519-afb5-4813-822b-bfbc7dfd2237,https://vocab.destiny-evidence.org/health-outcomes,N.3 Health - Outcomes,dsny000330_sub,3,https://vocab.destiny-evidence.org/health-outcomes/DSNY000337,DSNY000337,Cystic echinococcosis,"A zoonotic parasitic disease caused by the larval stage of Echinococcus granulosus tapeworm, producing fluid-filled cysts predominantly in the liver and lungs.",https://vocab.destiny-evidence.org/health-outcomes/DSNY000330,3,,dsny000330_sub|3,dsny000330_sub:3
6a87c376-24c8-4a89-8154-efc70e619f8b,db6ee519-afb5-4813-822b-bfbc7dfd2237,https://vocab.destiny-evidence.org/health-outcomes,N.3 Health - Outcomes,dsny000330_sub,4,https://vocab.destiny-evidence.org/health-outcomes/DSNY000336,DSNY000336,Cysticercosis,"Infection by the larval stage of the pork tapeworm Taenia solium, which can invade the brain causing neurocysticercosis, a leading cause of acquired epilepsy.",https://vocab.destiny-evidence.org/health-outcomes/DSNY000330,3,,dsny000330_sub|4,dsny000330_sub:4
6a87c376-24c8-4a89-8154-efc70e619f8b,db6ee519-afb5-4813-822b-bfbc7dfd2237,https://vocab.destiny-evidence.org/health-outcomes,N.3 Health - Outcomes,dsny000330_sub,5,https://vocab.destiny-evidence.org/health-outcomes/DSNY000341,DSNY000341,Dengue,"A mosquito-borne viral infection caused by dengue virus serotypes, transmitted by Aedes mosquitoes, producing fever, severe headache, and in severe cases haemorrhagic complications.",https://vocab.destiny-evidence.org/health-outcomes/DSNY000330,3,,dsny000330_sub|5,dsny000330_sub:5
6a87c376-24c8-4a89-8154-efc70e619f8b,db6ee519-afb5-4813-822b-bfbc7dfd2237,https://vocab.destiny-evidence.org/health-outcomes,N.3 Health - Outcomes,dsny000330_sub,6,https://vocab.destiny-evidence.org/health-outcomes/DSNY000347,DSNY000347,Ebola,"A severe and often fatal viral haemorrhagic fever caused by Ebola virus, characterised by fever, bleeding, and multi-organ failure.",https://vocab.destiny-evidence.org/health-outcomes/DSNY000330,3,,dsny000330_sub|6,dsny000330_sub:6
6a87c376-24c8-4a89-8154-efc70e619f8b,db6ee519-afb5-4813-822b-bfbc7dfd2237,https://vocab.destiny-evidence.org/health-outcomes,N.3 Health - Outcomes,dsny000330_sub,7,https://vocab.destiny-evidence.org/health-outcomes/DSNY000345,DSNY000345,Food-borne trematodiases,"Parasitic infections caused by trematode flatworms acquired through consumption of contaminated raw or undercooked fish, crustaceans, or aquatic plants.",https://vocab.destiny-evidence.org/health-outcomes/DSNY000330,3,,dsny000330_sub|7,dsny000330_sub:7
6a87c376-24c8-4a89-8154-efc70e619f8b,db6ee519-afb5-4813-822b-bfbc7dfd2237,https://vocab.destiny-evidence.org/health-outcomes,N.3 Health - Outcomes,dsny000330_sub,8,https://vocab.destiny-evidence.org/health-outcomes/DSNY000349,DSNY000349,Guinea worm disease,"A parasitic infection caused by Dracunculus medinensis, acquired by drinking water containing infected copepods, resulting in a slowly emerging worm through the skin.",https://vocab.destiny-evidence.org/health-outcomes/DSNY000330,3,,dsny000330_sub|8,dsny000330_sub:8
6a87c376-24c8-4a89-8154-efc70e619f8b,db6ee519-afb5-4813-822b-bfbc7dfd2237,https://vocab.destiny-evidence.org/health-outcomes,N.3 Health - Outcomes,dsny000330_sub,9,https://vocab.destiny-evidence.org/health-outcomes/DSNY000344,DSNY000344,Intestinal nematode infections,"Parasitic worm infections transmitted through soil contaminated with faecal matter, including ascariasis, hookworm, and trichuriasis, causing malnutrition and developmental impairment.",https://vocab.destiny-evidence.org/health-outcomes/DSNY000330,3,,dsny000330_sub|9,dsny000330_sub:9
6a87c376-24c8-4a89-8154-efc70e619f8b,db6ee519-afb5-4813-822b-bfbc7dfd2237,https://vocab.destiny-evidence.org/health-outcomes,N.3 Health - Outcomes,dsny000330_sub,10,https://vocab.destiny-evidence.org/health-outcomes/DSNY000333,DSNY000333,Leishmaniasis,"A parasitic disease caused by Leishmania species, transmitted by sandflies, presenting as cutaneous, mucocutaneous, or visceral forms.",https://vocab.destiny-evidence.org/health-outcomes/DSNY000330,3,,dsny000330_sub|10,dsny000330_sub:10
6a87c376-24c8-4a89-8154-efc70e619f8b,db6ee519-afb5-4813-822b-bfbc7dfd2237,https://vocab.destiny-evidence.org/health-outcomes,N.3 Health - Outcomes,dsny000330_sub,11,https://vocab.destiny-evidence.org/health-outcomes/DSNY000346,DSNY000346,Leprosy,"A chronic bacterial infection caused by Mycobacterium leprae, affecting the skin, peripheral nerves, and mucous membranes, and historically associated with significant stigma.",https://vocab.destiny-evidence.org/health-outcomes/DSNY000330,3,,dsny000330_sub|11,dsny000330_sub:11
6a87c376-24c8-4a89-8154-efc70e619f8b,db6ee519-afb5-4813-822b-bfbc7dfd2237,https://vocab.destiny-evidence.org/health-outcomes,N.3 Health - Outcomes,dsny000330_sub,12,https://vocab.destiny-evidence.org/health-outcomes/DSNY000350,DSNY000350,Leptospirosis,"A bacterial zoonosis caused by Leptospira species, transmitted through contact with water or soil contaminated by infected animal urine, with risk elevated during flooding events.",https://vocab.destiny-evidence.org/health-outcomes/DSNY000330,3,,dsny000330_sub|12,dsny000330_sub:12
6a87c376-24c8-4a89-8154-efc70e619f8b,db6ee519-afb5-4813-822b-bfbc7dfd2237,https://vocab.destiny-evidence.org/health-outcomes,N.3 Health - Outcomes,dsny000330_sub,13,https://vocab.destiny-evidence.org/health-outcomes/DSNY000338,DSNY000338,Lymphatic filariasis,"A mosquito-transmitted parasitic disease caused by filarial worms, leading to lymphatic damage, lymphoedema, and disfiguring swelling of the limbs and genitals.",https://vocab.destiny-evidence.org/health-outcomes/DSNY000330,3,,dsny000330_sub|13,dsny000330_sub:13
6a87c376-24c8-4a89-8154-efc70e619f8b,db6ee519-afb5-4813-822b-bfbc7dfd2237,https://vocab.destiny-evidence.org/health-outcomes,N.3 Health - Outcomes,dsny000330_sub,14,https://vocab.destiny-evidence.org/health-outcomes/DSNY000331,DSNY000331,Malaria,"A parasitic disease transmitted by Anopheles mosquitoes, caused by Plasmodium species, producing fever, anaemia, and potentially fatal cerebral complications.",https://vocab.destiny-evidence.org/health-outcomes/DSNY000330,3,,dsny000330_sub|14,dsny000330_sub:14
6a87c376-24c8-4a89-8154-efc70e619f8b,db6ee519-afb5-4813-822b-bfbc7dfd2237,https://vocab.destiny-evidence.org/health-outcomes,N.3 Health - Outcomes,dsny000330_sub,15,https://vocab.destiny-evidence.org/health-outcomes/DSNY000339,DSNY000339,Onchocerciasis,"A parasitic disease caused by Onchocerca volvulus, transmitted by blackflies near fast-flowing rivers, causing skin disease and progressive visual impairment leading to blindness.",https://vocab.destiny-evidence.org/health-outcomes/DSNY000330,3,,dsny000330_sub|15,dsny000330_sub:15
6a87c376-24c8-4a89-8154-efc70e619f8b,db6ee519-afb5-4813-822b-bfbc7dfd2237,https://vocab.destiny-evidence.org/health-outcomes,N.3 Health - Outcomes,dsny000330_sub,16,https://vocab.destiny-evidence.org/health-outcomes/DSNY000343,DSNY000343,Rabies,"A fatal viral encephalitis caused by lyssavirus, transmitted through the bite of infected animals, almost universally fatal once clinical symptoms develop.",https://vocab.destiny-evidence.org/health-outcomes/DSNY000330,3,,dsny000330_sub|16,dsny000330_sub:16
6a87c376-24c8-4a89-8154-efc70e619f8b,db6ee519-afb5-4813-822b-bfbc7dfd2237,https://vocab.destiny-evidence.org/health-outcomes,N.3 Health - Outcomes,dsny000330_sub,17,https://vocab.destiny-evidence.org/health-outcomes/DSNY000335,DSNY000335,Schistosomiasis,"A parasitic disease caused by Schistosoma flatworms, transmitted through contact with contaminated freshwater, causing chronic inflammation of the bladder, liver, and intestines.",https://vocab.destiny-evidence.org/health-outcomes/DSNY000330,3,,dsny000330_sub|17,dsny000330_sub:17
6a87c376-24c8-4a89-8154-efc70e619f8b,db6ee519-afb5-4813-822b-bfbc7dfd2237,https://vocab.destiny-evidence.org/health-outcomes,N.3 Health - Outcomes,dsny000330_sub,18,https://vocab.destiny-evidence.org/health-outcomes/DSNY000340,DSNY000340,Trachoma,"A chronic bacterial eye infection caused by Chlamydia trachomatis, the leading infectious cause of preventable blindness worldwide.",https://vocab.destiny-evidence.org/health-outcomes/DSNY000330,3,,dsny000330_sub|18,dsny000330_sub:18
6a87c376-24c8-4a89-8154-efc70e619f8b,db6ee519-afb5-4813-822b-bfbc7dfd2237,https://vocab.destiny-evidence.org/health-outcomes,N.3 Health - Outcomes,dsny000330_sub,19,https://vocab.destiny-evidence.org/health-outcomes/DSNY000342,DSNY000342,Yellow fever,"An acute viral haemorrhagic disease transmitted by Aedes and Haemagogus mosquitoes, endemic in tropical Africa and South America.",https://vocab.destiny-evidence.org/health-outcomes/DSNY000330,3,,dsny000330_sub|19,dsny000330_sub:19
6a87c376-24c8-4a89-8154-efc70e619f8b,db6ee519-afb5-4813-822b-bfbc7dfd2237,https://vocab.destiny-evidence.org/health-outcomes,N.3 Health - Outcomes,dsny000330_sub,20,https://vocab.destiny-evidence.org/health-outcomes/DSNY000348,DSNY000348,Zika virus,"A mosquito-borne viral infection caused by Zika virus, typically mild in adults but associated with congenital microcephaly and Guillain-Barré syndrome.",https://vocab.destiny-evidence.org/health-outcomes/DSNY000330,3,,dsny000330_sub|20,dsny000330_sub:20
6a87c376-24c8-4a89-8154-efc70e619f8b,db6ee519-afb5-4813-822b-bfbc7dfd2237,https://vocab.destiny-evidence.org/health-outcomes,N.3 Health - Outcomes,dsny000330_sub,21,https://vocab.destiny-evidence.org/health-outcomes/DSNY000352,DSNY000352,Zz_Other neglected tropical diseases,"Neglected tropical diseases not classified under specific GBD sub-categories, including other parasitic and bacterial infections endemic to tropical regions.",https://vocab.destiny-evidence.org/health-outcomes/DSNY000330,3,,dsny000330_sub|21,dsny000330_sub:21
6a87c376-24c8-4a89-8154-efc70e619f8b,db6ee519-afb5-4813-822b-bfbc7dfd2237,https://vocab.destiny-evidence.org/health-outcomes,N.3 Health - Outcomes,dsny000314_sub,3,https://vocab.destiny-evidence.org/health-outcomes/DSNY000330,DSNY000330,Neglected tropical diseases and malaria,"A diverse group of infectious diseases that disproportionately affect populations in tropical and subtropical low-income settings, including parasitic, bacterial, and viral conditions.",https://vocab.destiny-evidence.org/health-outcomes/DSNY000314,2,dsny000330_sub,dsny000314_sub|3,dsny000314_sub:3
6a87c376-24c8-4a89-8154-efc70e619f8b,db6ee519-afb5-4813-822b-bfbc7dfd2237,https://vocab.destiny-evidence.org/health-outcomes,N.3 Health - Outcomes,dsny000370_sub,0,https://vocab.destiny-evidence.org/health-outcomes/DSNY000371,DSNY000371,Childhood stunting and wasting,"Growth faltering in children due to chronic undernutrition (stunting: low height-for-age) or acute undernutrition (wasting: low weight-for-height), with serious consequences for development and survival.",https://vocab.destiny-evidence.org/health-outcomes/DSNY000370,3,,dsny000370_sub|0,dsny000370_sub:0
6a87c376-24c8-4a89-8154-efc70e619f8b,db6ee519-afb5-4813-822b-bfbc7dfd2237,https://vocab.destiny-evidence.org/health-outcomes,N.3 Health - Outcomes,dsny000370_sub,1,https://vocab.destiny-evidence.org/health-outcomes/DSNY000375,DSNY000375,Dietary iron deficiency,"Insufficient dietary iron intake leading to iron deficiency anaemia, impairing oxygen transport, cognitive development, and immune function.",https://vocab.destiny-evidence.org/health-outcomes/DSNY000370,3,,dsny000370_sub|1,dsny000370_sub:1
6a87c376-24c8-4a89-8154-efc70e619f8b,db6ee519-afb5-4813-822b-bfbc7dfd2237,https://vocab.destiny-evidence.org/health-outcomes,N.3 Health - Outcomes,dsny000370_sub,2,https://vocab.destiny-evidence.org/health-outcomes/DSNY000373,DSNY000373,Iodine deficiency,"Conditions resulting from insufficient dietary iodine, including goitre, hypothyroidism, and cretinism, with adverse effects on thyroid function and neurodevelopment.",https://vocab.destiny-evidence.org/health-outcomes/DSNY000370,3,,dsny000370_sub|2,dsny000370_sub:2
6a87c376-24c8-4a89-8154-efc70e619f8b,db6ee519-afb5-4813-822b-bfbc7dfd2237,https://vocab.destiny-evidence.org/health-outcomes,N.3 Health - Outcomes,dsny000370_sub,3,https://vocab.destiny-evidence.org/health-outcomes/DSNY000372,DSNY000372,Protein-energy malnutrition,"Severe deficiency of protein and energy intake, manifesting as marasmus (energy deficiency) or kwashiorkor (protein deficiency), predominantly affecting young children in food-insecure settings.",https://vocab.destiny-evidence.org/health-outcomes/DSNY000370,3,,dsny000370_sub|3,dsny000370_sub:3
6a87c376-24c8-4a89-8154-efc70e619f8b,db6ee519-afb5-4813-822b-bfbc7dfd2237,https://vocab.destiny-evidence.org/health-outcomes,N.3 Health - Outcomes,dsny000370_sub,4,https://vocab.destiny-evidence.org/health-outcomes/DSNY000374,DSNY000374,Vitamin A deficiency,"Deficiency of vitamin A resulting in night blindness, increased susceptibility to infection, and xerophthalmia, predominantly affecting children and pregnant women.",https://vocab.destiny-evidence.org/health-outcomes/DSNY000370,3,,dsny000370_sub|4,dsny000370_sub:4
6a87c376-24c8-4a89-8154-efc70e619f8b,db6ee519-afb5-4813-822b-bfbc7dfd2237,https://vocab.destiny-evidence.org/health-outcomes,N.3 Health - Outcomes,dsny000370_sub,5,https://vocab.destiny-evidence.org/health-outcomes/DSNY000376,DSNY000376,Z_Other nutritional deficiencies,"Nutritional deficiency conditions not elsewhere classified, including deficiencies in zinc, folate, calcium, and other micronutrients essential for health.",https://vocab.destiny-evidence.org/health-outcomes/DSNY000370,3,,dsny000370_sub|5,dsny000370_sub:5
6a87c376-24c8-4a89-8154-efc70e619f8b,db6ee519-afb5-4813-822b-bfbc7dfd2237,https://vocab.destiny-evidence.org/health-outcomes,N.3 Health - Outcomes,dsny000314_sub,4,https://vocab.destiny-evidence.org/health-outcomes/DSNY000370,DSNY000370,Nutritional deficiencies,"Conditions arising from insufficient intake of macro- or micronutrients, including protein-energy malnutrition and deficiencies in key vitamins and minerals.",https://vocab.destiny-evidence.org/health-outcomes/DSNY000314,2,dsny000370_sub,dsny000314_sub|4,dsny000314_sub:4
6a87c376-24c8-4a89-8154-efc70e619f8b,db6ee519-afb5-4813-822b-bfbc7dfd2237,https://vocab.destiny-evidence.org/health-outcomes,N.3 Health - Outcomes,dsny000318_sub,0,https://vocab.destiny-evidence.org/health-outcomes/DSNY000323,DSNY000323,COVID-19,"Respiratory illness caused by the SARS-CoV-2 coronavirus, ranging from mild infection to severe pneumonia, acute respiratory distress, and multi-organ failure.",https://vocab.destiny-evidence.org/health-outcomes/DSNY000318,3,,dsny000318_sub|0,dsny000318_sub:0
6a87c376-24c8-4a89-8154-efc70e619f8b,db6ee519-afb5-4813-822b-bfbc7dfd2237,https://vocab.destiny-evidence.org/health-outcomes,N.3 Health - Outcomes,dsny000318_sub,1,https://vocab.destiny-evidence.org/health-outcomes/DSNY000320,DSNY000320,Lower respiratory infections,"Infections of the lower respiratory tract including the lungs and bronchi, such as pneumonia and bronchiolitis, representing a leading cause of morbidity and mortality.",https://vocab.destiny-evidence.org/health-outcomes/DSNY000318,3,,dsny000318_sub|1,dsny000318_sub:1
6a87c376-24c8-4a89-8154-efc70e619f8b,db6ee519-afb5-4813-822b-bfbc7dfd2237,https://vocab.destiny-evidence.org/health-outcomes,N.3 Health - Outcomes,dsny000318_sub,2,https://vocab.destiny-evidence.org/health-outcomes/DSNY000322,DSNY000322,Otitis media,"Infection and inflammation of the middle ear, commonly caused by bacterial or viral pathogens following upper respiratory infection.",https://vocab.destiny-evidence.org/health-outcomes/DSNY000318,3,,dsny000318_sub|2,dsny000318_sub:2
6a87c376-24c8-4a89-8154-efc70e619f8b,db6ee519-afb5-4813-822b-bfbc7dfd2237,https://vocab.destiny-evidence.org/health-outcomes,N.3 Health - Outcomes,dsny000318_sub,3,https://vocab.destiny-evidence.org/health-outcomes/DSNY000319,DSNY000319,Tuberculosis,"A chronic bacterial infection caused by Mycobacterium tuberculosis, primarily affecting the lungs but capable of affecting any organ system.",https://vocab.destiny-evidence.org/health-outcomes/DSNY000318,3,,dsny000318_sub|3,dsny000318_sub:3
6a87c376-24c8-4a89-8154-efc70e619f8b,db6ee519-afb5-4813-822b-bfbc7dfd2237,https://vocab.destiny-evidence.org/health-outcomes,N.3 Health - Outcomes,dsny000318_sub,4,https://vocab.destiny-evidence.org/health-outcomes/DSNY000321,DSNY000321,Upper respiratory infections,"Infections of the upper respiratory tract including the nose, throat, sinuses, and larynx, typically caused by viruses.",https://vocab.destiny-evidence.org/health-outcomes/DSNY000318,3,,dsny000318_sub|4,dsny000318_sub:4
6a87c376-24c8-4a89-8154-efc70e619f8b,db6ee519-afb5-4813-822b-bfbc7dfd2237,https://vocab.destiny-evidence.org/health-outcomes,N.3 Health - Outcomes,dsny000314_sub,5,https://vocab.destiny-evidence.org/health-outcomes/DSNY000318,DSNY000318,Respiratory infections and tuberculosis,"Acute and chronic infections of the respiratory tract, including tuberculosis, pneumonia, and upper respiratory infections.",https://vocab.destiny-evidence.org/health-outcomes/DSNY000314,2,dsny000318_sub,dsny000314_sub|5,dsny000314_sub:5
6a87c376-24c8-4a89-8154-efc70e619f8b,db6ee519-afb5-4813-822b-bfbc7dfd2237,https://vocab.destiny-evidence.org/health-outcomes,N.3 Health - Outcomes,dsny000353_sub,0,https://vocab.destiny-evidence.org/health-outcomes/DSNY000361,DSNY000361,Acute hepatitis,"Acute inflammatory liver disease caused by hepatitis A, B, C, D, or E viruses, ranging from self-limiting illness to fulminant hepatic failure.",https://vocab.destiny-evidence.org/health-outcomes/DSNY000353,3,,dsny000353_sub|0,dsny000353_sub:0
6a87c376-24c8-4a89-8154-efc70e619f8b,db6ee519-afb5-4813-822b-bfbc7dfd2237,https://vocab.destiny-evidence.org/health-outcomes,N.3 Health - Outcomes,dsny000353_sub,1,https://vocab.destiny-evidence.org/health-outcomes/DSNY000356,DSNY000356,Diphtheria,"A vaccine-preventable bacterial infection caused by Corynebacterium diphtheriae, producing a toxin that causes a characteristic pharyngeal membrane and life-threatening airway obstruction and cardiac complications.",https://vocab.destiny-evidence.org/health-outcomes/DSNY000353,3,,dsny000353_sub|1,dsny000353_sub:1
6a87c376-24c8-4a89-8154-efc70e619f8b,db6ee519-afb5-4813-822b-bfbc7dfd2237,https://vocab.destiny-evidence.org/health-outcomes,N.3 Health - Outcomes,dsny000353_sub,2,https://vocab.destiny-evidence.org/health-outcomes/DSNY000355,DSNY000355,Encephalitis,"Inflammation of the brain parenchyma caused by viral, bacterial, or autoimmune processes, presenting with altered consciousness, seizures, and focal neurological signs.",https://vocab.destiny-evidence.org/health-outcomes/DSNY000353,3,,dsny000353_sub|2,dsny000353_sub:2
6a87c376-24c8-4a89-8154-efc70e619f8b,db6ee519-afb5-4813-822b-bfbc7dfd2237,https://vocab.destiny-evidence.org/health-outcomes,N.3 Health - Outcomes,dsny000353_sub,3,https://vocab.destiny-evidence.org/health-outcomes/DSNY000362,DSNY000362,Lyme disease,"A tick-borne bacterial infection caused by Borrelia burgdorferi, presenting with a characteristic expanding rash and potentially causing cardiac, neurological, and joint complications if untreated.",https://vocab.destiny-evidence.org/health-outcomes/DSNY000353,3,,dsny000353_sub|3,dsny000353_sub:3
6a87c376-24c8-4a89-8154-efc70e619f8b,db6ee519-afb5-4813-822b-bfbc7dfd2237,https://vocab.destiny-evidence.org/health-outcomes,N.3 Health - Outcomes,dsny000353_sub,4,https://vocab.destiny-evidence.org/health-outcomes/DSNY000359,DSNY000359,Measles,"A highly contagious viral infection caused by measles morbillivirus, preventable by vaccination and causing fever, rash, and serious complications including pneumonia and encephalitis.",https://vocab.destiny-evidence.org/health-outcomes/DSNY000353,3,,dsny000353_sub|4,dsny000353_sub:4
6a87c376-24c8-4a89-8154-efc70e619f8b,db6ee519-afb5-4813-822b-bfbc7dfd2237,https://vocab.destiny-evidence.org/health-outcomes,N.3 Health - Outcomes,dsny000353_sub,5,https://vocab.destiny-evidence.org/health-outcomes/DSNY000354,DSNY000354,Meningitis,"Inflammation of the meninges caused by bacterial, viral, or fungal pathogens, presenting with fever, headache, and neck stiffness and potentially fatal if untreated.",https://vocab.destiny-evidence.org/health-outcomes/DSNY000353,3,,dsny000353_sub|5,dsny000353_sub:5
6a87c376-24c8-4a89-8154-efc70e619f8b,db6ee519-afb5-4813-822b-bfbc7dfd2237,https://vocab.destiny-evidence.org/health-outcomes,N.3 Health - Outcomes,dsny000353_sub,6,https://vocab.destiny-evidence.org/health-outcomes/DSNY000357,DSNY000357,Pertussis,"A highly contagious bacterial respiratory infection caused by Bordetella pertussis, characterised by severe paroxysmal coughing and particularly dangerous in infants.",https://vocab.destiny-evidence.org/health-outcomes/DSNY000353,3,,dsny000353_sub|6,dsny000353_sub:6
6a87c376-24c8-4a89-8154-efc70e619f8b,db6ee519-afb5-4813-822b-bfbc7dfd2237,https://vocab.destiny-evidence.org/health-outcomes,N.3 Health - Outcomes,dsny000353_sub,7,https://vocab.destiny-evidence.org/health-outcomes/DSNY000358,DSNY000358,Tetanus,"A bacterial infection caused by Clostridium tetani toxin, producing painful muscle spasms and rigidity, with neonatal tetanus a particular risk in low-income settings.",https://vocab.destiny-evidence.org/health-outcomes/DSNY000353,3,,dsny000353_sub|7,dsny000353_sub:7
6a87c376-24c8-4a89-8154-efc70e619f8b,db6ee519-afb5-4813-822b-bfbc7dfd2237,https://vocab.destiny-evidence.org/health-outcomes,N.3 Health - Outcomes,dsny000353_sub,8,https://vocab.destiny-evidence.org/health-outcomes/DSNY000360,DSNY000360,Varicella and herpes zoster,"Infection caused by varicella-zoster virus, producing chickenpox on primary infection and reactivating as herpes zoster (shingles) in older or immunocompromised individuals.",https://vocab.destiny-evidence.org/health-outcomes/DSNY000353,3,,dsny000353_sub|8,dsny000353_sub:8
6a87c376-24c8-4a89-8154-efc70e619f8b,db6ee519-afb5-4813-822b-bfbc7dfd2237,https://vocab.destiny-evidence.org/health-outcomes,N.3 Health - Outcomes,dsny000353_sub,9,https://vocab.destiny-evidence.org/health-outcomes/DSNY000363,DSNY000363,Z_Other unspecified infectious diseases,"Infectious diseases not elsewhere classified, including rare, emerging, or unspecified infections not captured in major GBD sub-categories.",https://vocab.destiny-evidence.org/health-outcomes/DSNY000353,3,,dsny000353_sub|9,dsny000353_sub:9
6a87c376-24c8-4a89-8154-efc70e619f8b,db6ee519-afb5-4813-822b-bfbc7dfd2237,https://vocab.destiny-evidence.org/health-outcomes,N.3 Health - Outcomes,dsny000314_sub,6,https://vocab.destiny-evidence.org/health-outcomes/DSNY000353,DSNY000353,Z_Other infectious diseases,"Infectious diseases not classified under respiratory, enteric, or vector-borne categories, including bacterial, viral, and prion conditions of diverse transmission routes.",https://vocab.destiny-evidence.org/health-outcomes/DSNY000314,2,dsny000353_sub,dsny000314_sub|6,dsny000314_sub:6
6a87c376-24c8-4a89-8154-efc70e619f8b,db6ee519-afb5-4813-822b-bfbc7dfd2237,https://vocab.destiny-evidence.org/health-outcomes,N.3 Health - Outcomes,k_health-outcomes,1,https://vocab.destiny-evidence.org/health-outcomes/DSNY000314,DSNY000314,"N.3.2 Communicable, maternal, neonatal, and nutritional diseases","The broad category of diseases caused by infectious agents or related to maternal, neonatal, and nutritional conditions, as defined in the GBD cause hierarchy.",,1,dsny000314_sub,k_health-outcomes|1,k_health-outcomes:1
6a87c376-24c8-4a89-8154-efc70e619f8b,db6ee519-afb5-4813-822b-bfbc7dfd2237,https://vocab.destiny-evidence.org/health-outcomes,N.3 Health - Outcomes,dsny000384_sub,0,https://vocab.destiny-evidence.org/health-outcomes/DSNY000393,DSNY000393,Aortic aneurysm,"Pathological dilation of the aortic wall with risk of rupture, most commonly involving the abdominal aorta and associated with hypertension and atherosclerosis.",https://vocab.destiny-evidence.org/health-outcomes/DSNY000384,3,,dsny000384_sub|0,dsny000384_sub:0
6a87c376-24c8-4a89-8154-efc70e619f8b,db6ee519-afb5-4813-822b-bfbc7dfd2237,https://vocab.destiny-evidence.org/health-outcomes,N.3 Health - Outcomes,dsny000384_sub,1,https://vocab.destiny-evidence.org/health-outcomes/DSNY000392,DSNY000392,Atrial fibrillation and flutter,"Cardiac arrhythmias characterised by rapid and irregular electrical activity in the atria, associated with stroke risk and heart failure.",https://vocab.destiny-evidence.org/health-outcomes/DSNY000384,3,,dsny000384_sub|1,dsny000384_sub:1
6a87c376-24c8-4a89-8154-efc70e619f8b,db6ee519-afb5-4813-822b-bfbc7dfd2237,https://vocab.destiny-evidence.org/health-outcomes,N.3 Health - Outcomes,dsny000384_sub,2,https://vocab.destiny-evidence.org/health-outcomes/DSNY000390,DSNY000390,Cardiomyopathy and myocarditis,"Diseases of the heart muscle including cardiomyopathy and inflammation of the myocardium, leading to impaired cardiac function and heart failure.",https://vocab.destiny-evidence.org/health-outcomes/DSNY000384,3,,dsny000384_sub|2,dsny000384_sub:2
6a87c376-24c8-4a89-8154-efc70e619f8b,db6ee519-afb5-4813-822b-bfbc7dfd2237,https://vocab.destiny-evidence.org/health-outcomes,N.3 Health - Outcomes,dsny000384_sub,3,https://vocab.destiny-evidence.org/health-outcomes/DSNY000395,DSNY000395,Endocarditis,"Infection of the endocardium, most commonly involving the heart valves, caused by bacterial or fungal organisms and associated with significant morbidity and mortality.",https://vocab.destiny-evidence.org/health-outcomes/DSNY000384,3,,dsny000384_sub|3,dsny000384_sub:3
6a87c376-24c8-4a89-8154-efc70e619f8b,db6ee519-afb5-4813-822b-bfbc7dfd2237,https://vocab.destiny-evidence.org/health-outcomes,N.3 Health - Outcomes,dsny000384_sub,4,https://vocab.destiny-evidence.org/health-outcomes/DSNY000388,DSNY000388,Hypertensive heart disease,"Structural and functional cardiac disease caused by chronic elevation of blood pressure, leading to left ventricular hypertrophy and heart failure.",https://vocab.destiny-evidence.org/health-outcomes/DSNY000384,3,,dsny000384_sub|4,dsny000384_sub:4
6a87c376-24c8-4a89-8154-efc70e619f8b,db6ee519-afb5-4813-822b-bfbc7dfd2237,https://vocab.destiny-evidence.org/health-outcomes,N.3 Health - Outcomes,dsny000384_sub,5,https://vocab.destiny-evidence.org/health-outcomes/DSNY000386,DSNY000386,Ischemic heart disease,"Reduction in blood supply to the heart muscle due to atherosclerosis of the coronary arteries, presenting as angina, myocardial infarction, or sudden cardiac death.",https://vocab.destiny-evidence.org/health-outcomes/DSNY000384,3,,dsny000384_sub|5,dsny000384_sub:5
6a87c376-24c8-4a89-8154-efc70e619f8b,db6ee519-afb5-4813-822b-bfbc7dfd2237,https://vocab.destiny-evidence.org/health-outcomes,N.3 Health - Outcomes,dsny000384_sub,6,https://vocab.destiny-evidence.org/health-outcomes/DSNY000394,DSNY000394,Lower extremity peripheral arterial disease,"Atherosclerotic obstruction of the arteries supplying the lower limbs, causing claudication, ischaemia, and risk of amputation.",https://vocab.destiny-evidence.org/health-outcomes/DSNY000384,3,,dsny000384_sub|6,dsny000384_sub:6
6a87c376-24c8-4a89-8154-efc70e619f8b,db6ee519-afb5-4813-822b-bfbc7dfd2237,https://vocab.destiny-evidence.org/health-outcomes,N.3 Health - Outcomes,dsny000384_sub,7,https://vocab.destiny-evidence.org/health-outcomes/DSNY000389,DSNY000389,Non-rheumatic valvular heart disease,"Dysfunction of one or more heart valves not attributable to rheumatic disease, including aortic stenosis, mitral regurgitation, and degenerative valve conditions.",https://vocab.destiny-evidence.org/health-outcomes/DSNY000384,3,,dsny000384_sub|7,dsny000384_sub:7
6a87c376-24c8-4a89-8154-efc70e619f8b,db6ee519-afb5-4813-822b-bfbc7dfd2237,https://vocab.destiny-evidence.org/health-outcomes,N.3 Health - Outcomes,dsny000384_sub,8,https://vocab.destiny-evidence.org/health-outcomes/DSNY000391,DSNY000391,Pulmonary Arterial Hypertension,Elevated blood pressure in the pulmonary arterial circulation leading to progressive right heart failure and exercise limitation.,https://vocab.destiny-evidence.org/health-outcomes/DSNY000384,3,,dsny000384_sub|8,dsny000384_sub:8
6a87c376-24c8-4a89-8154-efc70e619f8b,db6ee519-afb5-4813-822b-bfbc7dfd2237,https://vocab.destiny-evidence.org/health-outcomes,N.3 Health - Outcomes,dsny000384_sub,9,https://vocab.destiny-evidence.org/health-outcomes/DSNY000385,DSNY000385,Rheumatic heart disease,"Cardiac valve damage resulting from repeated episodes of rheumatic fever caused by group A streptococcal throat infection, predominantly affecting children and young adults in low-income settings.",https://vocab.destiny-evidence.org/health-outcomes/DSNY000384,3,,dsny000384_sub|9,dsny000384_sub:9
6a87c376-24c8-4a89-8154-efc70e619f8b,db6ee519-afb5-4813-822b-bfbc7dfd2237,https://vocab.destiny-evidence.org/health-outcomes,N.3 Health - Outcomes,dsny000384_sub,10,https://vocab.destiny-evidence.org/health-outcomes/DSNY000387,DSNY000387,Stroke,"Sudden interruption or rupture of blood supply to the brain, causing focal neurological deficits, classified as ischaemic or haemorrhagic in type.",https://vocab.destiny-evidence.org/health-outcomes/DSNY000384,3,,dsny000384_sub|10,dsny000384_sub:10
6a87c376-24c8-4a89-8154-efc70e619f8b,db6ee519-afb5-4813-822b-bfbc7dfd2237,https://vocab.destiny-evidence.org/health-outcomes,N.3 Health - Outcomes,dsny000384_sub,11,https://vocab.destiny-evidence.org/health-outcomes/DSNY000396,DSNY000396,Z_Other cardiovascular and circulatory diseases,"Cardiovascular and circulatory diseases not elsewhere classified in the GBD framework, including peripheral vascular conditions and miscellaneous cardiac disorders.",https://vocab.destiny-evidence.org/health-outcomes/DSNY000384,3,,dsny000384_sub|11,dsny000384_sub:11
6a87c376-24c8-4a89-8154-efc70e619f8b,db6ee519-afb5-4813-822b-bfbc7dfd2237,https://vocab.destiny-evidence.org/health-outcomes,N.3 Health - Outcomes,dsny000377_sub,0,https://vocab.destiny-evidence.org/health-outcomes/DSNY000384,DSNY000384,Cardiovascular diseases,"Diseases of the heart and blood vessels, including ischemic heart disease, stroke, heart failure, and other circulatory conditions.",https://vocab.destiny-evidence.org/health-outcomes/DSNY000377,2,dsny000384_sub,dsny000377_sub|0,dsny000377_sub:0
6a87c376-24c8-4a89-8154-efc70e619f8b,db6ee519-afb5-4813-822b-bfbc7dfd2237,https://vocab.destiny-evidence.org/health-outcomes,N.3 Health - Outcomes,dsny000397_sub,0,https://vocab.destiny-evidence.org/health-outcomes/DSNY000401,DSNY000401,Allergic rhinitis,"Allergic inflammation of the nasal mucosa triggered by inhaled allergens including pollen, dust mites, and moulds, causing sneezing, nasal congestion, and rhinorrhoea.",https://vocab.destiny-evidence.org/health-outcomes/DSNY000397,3,,dsny000397_sub|0,dsny000397_sub:0
6a87c376-24c8-4a89-8154-efc70e619f8b,db6ee519-afb5-4813-822b-bfbc7dfd2237,https://vocab.destiny-evidence.org/health-outcomes,N.3 Health - Outcomes,dsny000397_sub,1,https://vocab.destiny-evidence.org/health-outcomes/DSNY000400,DSNY000400,Asthma,"A chronic inflammatory airway disease characterised by reversible bronchoconstriction, wheeze, and airway hyperresponsiveness, triggered by allergens, pollutants, and respiratory infections.",https://vocab.destiny-evidence.org/health-outcomes/DSNY000397,3,,dsny000397_sub|1,dsny000397_sub:1
6a87c376-24c8-4a89-8154-efc70e619f8b,db6ee519-afb5-4813-822b-bfbc7dfd2237,https://vocab.destiny-evidence.org/health-outcomes,N.3 Health - Outcomes,dsny000397_sub,2,https://vocab.destiny-evidence.org/health-outcomes/DSNY000398,DSNY000398,Chronic obstructive pulmonary disease,"A progressive, non-reversible obstructive lung disease characterised by persistent airflow limitation, associated with tobacco smoke, indoor and outdoor air pollution, and occupational exposures.",https://vocab.destiny-evidence.org/health-outcomes/DSNY000397,3,,dsny000397_sub|2,dsny000397_sub:2
6a87c376-24c8-4a89-8154-efc70e619f8b,db6ee519-afb5-4813-822b-bfbc7dfd2237,https://vocab.destiny-evidence.org/health-outcomes,N.3 Health - Outcomes,dsny000397_sub,3,https://vocab.destiny-evidence.org/health-outcomes/DSNY000402,DSNY000402,Interstitial lung disease and pulmonary sarcoidosis,"A heterogeneous group of diffuse parenchymal lung diseases characterised by inflammation and fibrosis of the lung interstitium, leading to progressive breathlessness and impaired gas exchange.",https://vocab.destiny-evidence.org/health-outcomes/DSNY000397,3,,dsny000397_sub|3,dsny000397_sub:3
6a87c376-24c8-4a89-8154-efc70e619f8b,db6ee519-afb5-4813-822b-bfbc7dfd2237,https://vocab.destiny-evidence.org/health-outcomes,N.3 Health - Outcomes,dsny000397_sub,4,https://vocab.destiny-evidence.org/health-outcomes/DSNY000399,DSNY000399,Pneumoconiosis,"Occupational lung diseases caused by chronic inhalation of mineral or organic dusts, including silicosis, coal workers pneumoconiosis, and asbestosis.",https://vocab.destiny-evidence.org/health-outcomes/DSNY000397,3,,dsny000397_sub|4,dsny000397_sub:4
6a87c376-24c8-4a89-8154-efc70e619f8b,db6ee519-afb5-4813-822b-bfbc7dfd2237,https://vocab.destiny-evidence.org/health-outcomes,N.3 Health - Outcomes,dsny000397_sub,5,https://vocab.destiny-evidence.org/health-outcomes/DSNY000403,DSNY000403,Z_Other chronic respiratory diseases,"Chronic respiratory diseases not captured under the specific GBD sub-categories of COPD, pneumoconiosis, asthma, or interstitial lung disease.",https://vocab.destiny-evidence.org/health-outcomes/DSNY000397,3,,dsny000397_sub|5,dsny000397_sub:5
6a87c376-24c8-4a89-8154-efc70e619f8b,db6ee519-afb5-4813-822b-bfbc7dfd2237,https://vocab.destiny-evidence.org/health-outcomes,N.3 Health - Outcomes,dsny000377_sub,1,https://vocab.destiny-evidence.org/health-outcomes/DSNY000397,DSNY000397,Chronic respiratory diseases,"Long-term diseases affecting the airways and lung parenchyma, including obstructive, restrictive, and inflammatory conditions causing progressive respiratory impairment.",https://vocab.destiny-evidence.org/health-outcomes/DSNY000377,2,dsny000397_sub,dsny000377_sub|1,dsny000377_sub:1
6a87c376-24c8-4a89-8154-efc70e619f8b,db6ee519-afb5-4813-822b-bfbc7dfd2237,https://vocab.destiny-evidence.org/health-outcomes,N.3 Health - Outcomes,dsny000438_sub,0,https://vocab.destiny-evidence.org/health-outcomes/DSNY000443,DSNY000443,Acute glomerulonephritis,"Acute inflammatory disease of the glomeruli, typically immune-mediated, presenting with haematuria, proteinuria, hypertension, and impaired renal function.",https://vocab.destiny-evidence.org/health-outcomes/DSNY000438,3,,dsny000438_sub|0,dsny000438_sub:0
6a87c376-24c8-4a89-8154-efc70e619f8b,db6ee519-afb5-4813-822b-bfbc7dfd2237,https://vocab.destiny-evidence.org/health-outcomes,N.3 Health - Outcomes,dsny000438_sub,1,https://vocab.destiny-evidence.org/health-outcomes/DSNY000439,DSNY000439,Diabetes mellitus,"A group of metabolic diseases characterised by chronic hyperglycaemia resulting from defects in insulin secretion, insulin action, or both, with long-term damage to multiple organ systems.",https://vocab.destiny-evidence.org/health-outcomes/DSNY000438,3,,dsny000438_sub|1,dsny000438_sub:1
6a87c376-24c8-4a89-8154-efc70e619f8b,db6ee519-afb5-4813-822b-bfbc7dfd2237,https://vocab.destiny-evidence.org/health-outcomes,N.3 Health - Outcomes,dsny000440_sub,0,https://vocab.destiny-evidence.org/health-outcomes/DSNY000442,DSNY000442,Acute kidney injury,"Sudden deterioration of kidney function over hours to days, causing accumulation of waste products and fluid imbalance, often associated with sepsis, dehydration, or nephrotoxic exposure.",https://vocab.destiny-evidence.org/health-outcomes/DSNY000440,4,,dsny000440_sub|0,dsny000440_sub:0
6a87c376-24c8-4a89-8154-efc70e619f8b,db6ee519-afb5-4813-822b-bfbc7dfd2237,https://vocab.destiny-evidence.org/health-outcomes,N.3 Health - Outcomes,dsny000440_sub,1,https://vocab.destiny-evidence.org/health-outcomes/DSNY000441,DSNY000441,Chronic kidney disease,"Irreversible, progressive loss of kidney function over months to years, classified by stages of declining GFR and associated with cardiovascular risk and need for renal replacement therapy.",https://vocab.destiny-evidence.org/health-outcomes/DSNY000440,4,,dsny000440_sub|1,dsny000440_sub:1
6a87c376-24c8-4a89-8154-efc70e619f8b,db6ee519-afb5-4813-822b-bfbc7dfd2237,https://vocab.destiny-evidence.org/health-outcomes,N.3 Health - Outcomes,dsny000438_sub,2,https://vocab.destiny-evidence.org/health-outcomes/DSNY000440,DSNY000440,Kidney dysfunction,"Impaired kidney function assessed by reduced glomerular filtration rate or markers of renal damage, encompassing both chronic and acute kidney conditions.",https://vocab.destiny-evidence.org/health-outcomes/DSNY000438,3,dsny000440_sub,dsny000438_sub|2,dsny000438_sub:2
6a87c376-24c8-4a89-8154-efc70e619f8b,db6ee519-afb5-4813-822b-bfbc7dfd2237,https://vocab.destiny-evidence.org/health-outcomes,N.3 Health - Outcomes,dsny000377_sub,2,https://vocab.destiny-evidence.org/health-outcomes/DSNY000438,DSNY000438,Diabetes and kidney diseases,"A GBD grouping encompassing diabetes mellitus and kidney diseases, which share common metabolic risk factors and frequently co-occur.",https://vocab.destiny-evidence.org/health-outcomes/DSNY000377,2,dsny000438_sub,dsny000377_sub|2,dsny000377_sub:2
6a87c376-24c8-4a89-8154-efc70e619f8b,db6ee519-afb5-4813-822b-bfbc7dfd2237,https://vocab.destiny-evidence.org/health-outcomes,N.3 Health - Outcomes,dsny000404_sub,0,https://vocab.destiny-evidence.org/health-outcomes/DSNY000407,DSNY000407,Appendicitis,"Acute inflammation of the appendix, presenting with right iliac fossa pain and requiring surgical intervention to prevent perforation and peritonitis.",https://vocab.destiny-evidence.org/health-outcomes/DSNY000404,3,,dsny000404_sub|0,dsny000404_sub:0
6a87c376-24c8-4a89-8154-efc70e619f8b,db6ee519-afb5-4813-822b-bfbc7dfd2237,https://vocab.destiny-evidence.org/health-outcomes,N.3 Health - Outcomes,dsny000404_sub,1,https://vocab.destiny-evidence.org/health-outcomes/DSNY000405,DSNY000405,Cirrhosis and other chronic liver diseases,"Progressive scarring and fibrosis of the liver resulting from chronic injury, including viral hepatitis, alcohol use, and non-alcoholic fatty liver disease, ultimately causing liver failure.",https://vocab.destiny-evidence.org/health-outcomes/DSNY000404,3,,dsny000404_sub|1,dsny000404_sub:1
6a87c376-24c8-4a89-8154-efc70e619f8b,db6ee519-afb5-4813-822b-bfbc7dfd2237,https://vocab.destiny-evidence.org/health-outcomes,N.3 Health - Outcomes,dsny000404_sub,2,https://vocab.destiny-evidence.org/health-outcomes/DSNY000412,DSNY000412,Gallbladder and biliary diseases,"Conditions affecting the gallbladder and bile ducts, including cholelithiasis, cholecystitis, and biliary obstruction.",https://vocab.destiny-evidence.org/health-outcomes/DSNY000404,3,,dsny000404_sub|2,dsny000404_sub:2
6a87c376-24c8-4a89-8154-efc70e619f8b,db6ee519-afb5-4813-822b-bfbc7dfd2237,https://vocab.destiny-evidence.org/health-outcomes,N.3 Health - Outcomes,dsny000404_sub,3,https://vocab.destiny-evidence.org/health-outcomes/DSNY000410,DSNY000410,Inflammatory bowel disease,"Chronic immune-mediated inflammatory conditions of the gastrointestinal tract, including Crohn's disease and ulcerative colitis, characterised by relapsing intestinal inflammation.",https://vocab.destiny-evidence.org/health-outcomes/DSNY000404,3,,dsny000404_sub|3,dsny000404_sub:3
6a87c376-24c8-4a89-8154-efc70e619f8b,db6ee519-afb5-4813-822b-bfbc7dfd2237,https://vocab.destiny-evidence.org/health-outcomes,N.3 Health - Outcomes,dsny000404_sub,4,https://vocab.destiny-evidence.org/health-outcomes/DSNY000409,DSNY000409,"Inguinal, femoral, and abdominal hernia","Protrusion of abdominal contents through a weakness in the abdominal wall, including inguinal, femoral, and other hernias requiring surgical repair.",https://vocab.destiny-evidence.org/health-outcomes/DSNY000404,3,,dsny000404_sub|4,dsny000404_sub:4
6a87c376-24c8-4a89-8154-efc70e619f8b,db6ee519-afb5-4813-822b-bfbc7dfd2237,https://vocab.destiny-evidence.org/health-outcomes,N.3 Health - Outcomes,dsny000404_sub,5,https://vocab.destiny-evidence.org/health-outcomes/DSNY000413,DSNY000413,Pancreatitis,"Acute or chronic inflammation of the pancreas, causing abdominal pain and disrupting digestive enzyme and insulin secretion.",https://vocab.destiny-evidence.org/health-outcomes/DSNY000404,3,,dsny000404_sub|5,dsny000404_sub:5
6a87c376-24c8-4a89-8154-efc70e619f8b,db6ee519-afb5-4813-822b-bfbc7dfd2237,https://vocab.destiny-evidence.org/health-outcomes,N.3 Health - Outcomes,dsny000404_sub,6,https://vocab.destiny-evidence.org/health-outcomes/DSNY000408,DSNY000408,Paralytic ileus and intestinal obstruction,"Mechanical or functional obstruction of the intestine causing failure of intestinal transit, presenting with pain, distension, and vomiting.",https://vocab.destiny-evidence.org/health-outcomes/DSNY000404,3,,dsny000404_sub|6,dsny000404_sub:6
6a87c376-24c8-4a89-8154-efc70e619f8b,db6ee519-afb5-4813-822b-bfbc7dfd2237,https://vocab.destiny-evidence.org/health-outcomes,N.3 Health - Outcomes,dsny000404_sub,7,https://vocab.destiny-evidence.org/health-outcomes/DSNY000406,DSNY000406,Upper digestive system diseases,"Diseases affecting the oesophagus, stomach, and duodenum, including peptic ulcer disease, gastro-oesophageal reflux disease, and gastritis.",https://vocab.destiny-evidence.org/health-outcomes/DSNY000404,3,,dsny000404_sub|7,dsny000404_sub:7
6a87c376-24c8-4a89-8154-efc70e619f8b,db6ee519-afb5-4813-822b-bfbc7dfd2237,https://vocab.destiny-evidence.org/health-outcomes,N.3 Health - Outcomes,dsny000404_sub,8,https://vocab.destiny-evidence.org/health-outcomes/DSNY000411,DSNY000411,Vascular intestinal disorders,"Conditions arising from impaired blood supply to the intestinal wall, including mesenteric ischaemia and ischaemic colitis.",https://vocab.destiny-evidence.org/health-outcomes/DSNY000404,3,,dsny000404_sub|8,dsny000404_sub:8
6a87c376-24c8-4a89-8154-efc70e619f8b,db6ee519-afb5-4813-822b-bfbc7dfd2237,https://vocab.destiny-evidence.org/health-outcomes,N.3 Health - Outcomes,dsny000404_sub,9,https://vocab.destiny-evidence.org/health-outcomes/DSNY000414,DSNY000414,Z_Other digestive diseases,"Digestive diseases not classified under the specific GBD sub-categories of liver, upper GI, appendix, hernia, IBD, vascular, gallbladder, or pancreatic disease.",https://vocab.destiny-evidence.org/health-outcomes/DSNY000404,3,,dsny000404_sub|9,dsny000404_sub:9
6a87c376-24c8-4a89-8154-efc70e619f8b,db6ee519-afb5-4813-822b-bfbc7dfd2237,https://vocab.destiny-evidence.org/health-outcomes,N.3 Health - Outcomes,dsny000377_sub,3,https://vocab.destiny-evidence.org/health-outcomes/DSNY000404,DSNY000404,Digestive diseases,"Non-infectious diseases of the gastrointestinal tract and related organs, including the liver, gallbladder, and pancreas.",https://vocab.destiny-evidence.org/health-outcomes/DSNY000377,2,dsny000404_sub,dsny000377_sub|3,dsny000377_sub:3
6a87c376-24c8-4a89-8154-efc70e619f8b,db6ee519-afb5-4813-822b-bfbc7dfd2237,https://vocab.destiny-evidence.org/health-outcomes,N.3 Health - Outcomes,dsny000423_sub,0,https://vocab.destiny-evidence.org/health-outcomes/DSNY000427,DSNY000427,Anxiety disorders,"A group of mental disorders characterised by excessive fear or worry disproportionate to circumstances, including generalised anxiety disorder, panic disorder, and phobias.",https://vocab.destiny-evidence.org/health-outcomes/DSNY000423,3,,dsny000423_sub|0,dsny000423_sub:0
6a87c376-24c8-4a89-8154-efc70e619f8b,db6ee519-afb5-4813-822b-bfbc7dfd2237,https://vocab.destiny-evidence.org/health-outcomes,N.3 Health - Outcomes,dsny000423_sub,1,https://vocab.destiny-evidence.org/health-outcomes/DSNY000430,DSNY000430,Attention-deficit/hyperactivity disorder,"A neurodevelopmental disorder characterised by persistent inattention, hyperactivity, and impulsivity that impairs functioning across multiple settings.",https://vocab.destiny-evidence.org/health-outcomes/DSNY000423,3,,dsny000423_sub|1,dsny000423_sub:1
6a87c376-24c8-4a89-8154-efc70e619f8b,db6ee519-afb5-4813-822b-bfbc7dfd2237,https://vocab.destiny-evidence.org/health-outcomes,N.3 Health - Outcomes,dsny000423_sub,2,https://vocab.destiny-evidence.org/health-outcomes/DSNY000429,DSNY000429,Autism spectrum disorders,"A neurodevelopmental condition characterised by persistent difficulties in social communication and interaction alongside restricted, repetitive patterns of behaviour.",https://vocab.destiny-evidence.org/health-outcomes/DSNY000423,3,,dsny000423_sub|2,dsny000423_sub:2
6a87c376-24c8-4a89-8154-efc70e619f8b,db6ee519-afb5-4813-822b-bfbc7dfd2237,https://vocab.destiny-evidence.org/health-outcomes,N.3 Health - Outcomes,dsny000423_sub,3,https://vocab.destiny-evidence.org/health-outcomes/DSNY000426,DSNY000426,Bipolar disorder,"A mood disorder characterised by episodes of mania or hypomania alternating with depression, causing significant disruption to functioning and quality of life.",https://vocab.destiny-evidence.org/health-outcomes/DSNY000423,3,,dsny000423_sub|3,dsny000423_sub:3
6a87c376-24c8-4a89-8154-efc70e619f8b,db6ee519-afb5-4813-822b-bfbc7dfd2237,https://vocab.destiny-evidence.org/health-outcomes,N.3 Health - Outcomes,dsny000423_sub,4,https://vocab.destiny-evidence.org/health-outcomes/DSNY000431,DSNY000431,Conduct disorder,"A disruptive behavioural disorder characterised by repetitive and persistent patterns of antisocial behaviour, aggression, or violation of social norms.",https://vocab.destiny-evidence.org/health-outcomes/DSNY000423,3,,dsny000423_sub|4,dsny000423_sub:4
6a87c376-24c8-4a89-8154-efc70e619f8b,db6ee519-afb5-4813-822b-bfbc7dfd2237,https://vocab.destiny-evidence.org/health-outcomes,N.3 Health - Outcomes,dsny000423_sub,5,https://vocab.destiny-evidence.org/health-outcomes/DSNY000425,DSNY000425,Depressive disorders,"A common mental disorder characterised by persistent low mood, anhedonia, and a range of cognitive, physical, and emotional symptoms causing significant functional impairment.",https://vocab.destiny-evidence.org/health-outcomes/DSNY000423,3,,dsny000423_sub|5,dsny000423_sub:5
6a87c376-24c8-4a89-8154-efc70e619f8b,db6ee519-afb5-4813-822b-bfbc7dfd2237,https://vocab.destiny-evidence.org/health-outcomes,N.3 Health - Outcomes,dsny000423_sub,6,https://vocab.destiny-evidence.org/health-outcomes/DSNY000428,DSNY000428,Eating disorders,"Mental disorders characterised by abnormal eating behaviours and distorted body image, including anorexia nervosa, bulimia nervosa, and binge eating disorder.",https://vocab.destiny-evidence.org/health-outcomes/DSNY000423,3,,dsny000423_sub|6,dsny000423_sub:6
6a87c376-24c8-4a89-8154-efc70e619f8b,db6ee519-afb5-4813-822b-bfbc7dfd2237,https://vocab.destiny-evidence.org/health-outcomes,N.3 Health - Outcomes,dsny000423_sub,7,https://vocab.destiny-evidence.org/health-outcomes/DSNY000432,DSNY000432,Idiopathic developmental intellectual disability,"Significantly impaired intellectual functioning and adaptive behaviour arising from neurodevelopmental causes, without an identifiable acquired or genetic aetiology.",https://vocab.destiny-evidence.org/health-outcomes/DSNY000423,3,,dsny000423_sub|7,dsny000423_sub:7
6a87c376-24c8-4a89-8154-efc70e619f8b,db6ee519-afb5-4813-822b-bfbc7dfd2237,https://vocab.destiny-evidence.org/health-outcomes,N.3 Health - Outcomes,dsny000423_sub,8,https://vocab.destiny-evidence.org/health-outcomes/DSNY000433,DSNY000433,Post-traumatic stress disorder (PTSD),"A trauma- and stressor-related disorder developing after exposure to actual or threatened death, serious injury, or sexual violence, characterised by intrusive symptoms, avoidance, and hyperarousal.",https://vocab.destiny-evidence.org/health-outcomes/DSNY000423,3,,dsny000423_sub|8,dsny000423_sub:8
6a87c376-24c8-4a89-8154-efc70e619f8b,db6ee519-afb5-4813-822b-bfbc7dfd2237,https://vocab.destiny-evidence.org/health-outcomes,N.3 Health - Outcomes,dsny000423_sub,9,https://vocab.destiny-evidence.org/health-outcomes/DSNY000424,DSNY000424,Schizophrenia,"A severe chronic mental disorder characterised by positive symptoms (hallucinations, delusions), negative symptoms (blunted affect, social withdrawal), and cognitive impairment.",https://vocab.destiny-evidence.org/health-outcomes/DSNY000423,3,,dsny000423_sub|9,dsny000423_sub:9
6a87c376-24c8-4a89-8154-efc70e619f8b,db6ee519-afb5-4813-822b-bfbc7dfd2237,https://vocab.destiny-evidence.org/health-outcomes,N.3 Health - Outcomes,dsny000423_sub,10,https://vocab.destiny-evidence.org/health-outcomes/DSNY000434,DSNY000434,Z_Other mental disorders,"Mental disorders not classified under the major GBD mental health sub-categories, including other anxiety, dissociative, somatic, and unspecified psychiatric conditions.",https://vocab.destiny-evidence.org/health-outcomes/DSNY000423,3,,dsny000423_sub|10,dsny000423_sub:10
6a87c376-24c8-4a89-8154-efc70e619f8b,db6ee519-afb5-4813-822b-bfbc7dfd2237,https://vocab.destiny-evidence.org/health-outcomes,N.3 Health - Outcomes,dsny000377_sub,4,https://vocab.destiny-evidence.org/health-outcomes/DSNY000423,DSNY000423,Mental disorders,"Conditions characterised by clinically significant disturbances in cognition, emotion regulation, or behaviour, reflecting dysfunction in psychological or biological processes.",https://vocab.destiny-evidence.org/health-outcomes/DSNY000377,2,dsny000423_sub,dsny000377_sub|4,dsny000377_sub:4
6a87c376-24c8-4a89-8154-efc70e619f8b,db6ee519-afb5-4813-822b-bfbc7dfd2237,https://vocab.destiny-evidence.org/health-outcomes,N.3 Health - Outcomes,dsny000377_sub,5,https://vocab.destiny-evidence.org/health-outcomes/DSNY000461,DSNY000461,Musculoskeletal disorders,"Diseases of bones, joints, muscles, and connective tissue, including osteoarthritis, rheumatoid arthritis, osteoporosis, and low back and neck pain.",https://vocab.destiny-evidence.org/health-outcomes/DSNY000377,2,,dsny000377_sub|5,dsny000377_sub:5
6a87c376-24c8-4a89-8154-efc70e619f8b,db6ee519-afb5-4813-822b-bfbc7dfd2237,https://vocab.destiny-evidence.org/health-outcomes,N.3 Health - Outcomes,dsny000378_sub,0,https://vocab.destiny-evidence.org/health-outcomes/DSNY000380,DSNY000380,Malignant skin melanoma,"A malignant tumour arising from melanocytes in the skin, strongly associated with ultraviolet radiation exposure and with high metastatic potential.",https://vocab.destiny-evidence.org/health-outcomes/DSNY000378,3,,dsny000378_sub|0,dsny000378_sub:0
6a87c376-24c8-4a89-8154-efc70e619f8b,db6ee519-afb5-4813-822b-bfbc7dfd2237,https://vocab.destiny-evidence.org/health-outcomes,N.3 Health - Outcomes,dsny000378_sub,1,https://vocab.destiny-evidence.org/health-outcomes/DSNY000381,DSNY000381,Non-melanoma skin cancer,"Malignant tumours arising from keratinocytes in the skin, including basal cell carcinoma and squamous cell carcinoma, associated with cumulative UV radiation exposure.",https://vocab.destiny-evidence.org/health-outcomes/DSNY000378,3,,dsny000378_sub|1,dsny000378_sub:1
6a87c376-24c8-4a89-8154-efc70e619f8b,db6ee519-afb5-4813-822b-bfbc7dfd2237,https://vocab.destiny-evidence.org/health-outcomes,N.3 Health - Outcomes,dsny000378_sub,2,https://vocab.destiny-evidence.org/health-outcomes/DSNY000379,DSNY000379,"Tracheal, bronchus, and lung cancer","Malignant tumours arising in the trachea, bronchi, or lung parenchyma, strongly associated with tobacco smoking and air pollution exposure.",https://vocab.destiny-evidence.org/health-outcomes/DSNY000378,3,,dsny000378_sub|2,dsny000378_sub:2
6a87c376-24c8-4a89-8154-efc70e619f8b,db6ee519-afb5-4813-822b-bfbc7dfd2237,https://vocab.destiny-evidence.org/health-outcomes,N.3 Health - Outcomes,dsny000378_sub,3,https://vocab.destiny-evidence.org/health-outcomes/DSNY000382,DSNY000382,Z_Other malignant neoplasms,"Malignant neoplasms not classified under the specific GBD cancer sub-categories, spanning other primary tumour sites and histological types.",https://vocab.destiny-evidence.org/health-outcomes/DSNY000378,3,,dsny000378_sub|3,dsny000378_sub:3
6a87c376-24c8-4a89-8154-efc70e619f8b,db6ee519-afb5-4813-822b-bfbc7dfd2237,https://vocab.destiny-evidence.org/health-outcomes,N.3 Health - Outcomes,dsny000378_sub,4,https://vocab.destiny-evidence.org/health-outcomes/DSNY000383,DSNY000383,Z_Other neoplasms,Non-malignant tumours that do not invade surrounding tissue or metastasise but may cause local symptoms through mass effect.,https://vocab.destiny-evidence.org/health-outcomes/DSNY000378,3,,dsny000378_sub|4,dsny000378_sub:4
6a87c376-24c8-4a89-8154-efc70e619f8b,db6ee519-afb5-4813-822b-bfbc7dfd2237,https://vocab.destiny-evidence.org/health-outcomes,N.3 Health - Outcomes,dsny000377_sub,6,https://vocab.destiny-evidence.org/health-outcomes/DSNY000378,DSNY000378,Neoplasms,"Diseases characterised by the uncontrolled growth of abnormal cells, including malignant cancers and benign tumours across all anatomical sites.",https://vocab.destiny-evidence.org/health-outcomes/DSNY000377,2,dsny000378_sub,dsny000377_sub|6,dsny000377_sub:6
6a87c376-24c8-4a89-8154-efc70e619f8b,db6ee519-afb5-4813-822b-bfbc7dfd2237,https://vocab.destiny-evidence.org/health-outcomes,N.3 Health - Outcomes,dsny000415_sub,0,https://vocab.destiny-evidence.org/health-outcomes/DSNY000416,DSNY000416,Alzheimer's disease and other dementias,"Progressive neurodegenerative diseases characterised by cognitive decline, including Alzheimer's disease and other dementias causing loss of memory, reasoning, and functional independence.",https://vocab.destiny-evidence.org/health-outcomes/DSNY000415,3,,dsny000415_sub|0,dsny000415_sub:0
6a87c376-24c8-4a89-8154-efc70e619f8b,db6ee519-afb5-4813-822b-bfbc7dfd2237,https://vocab.destiny-evidence.org/health-outcomes,N.3 Health - Outcomes,dsny000415_sub,1,https://vocab.destiny-evidence.org/health-outcomes/DSNY000421,DSNY000421,Headache disorders,"Chronic neurological disorders characterised by recurrent headache, including migraine, tension-type headache, and cluster headache, causing significant disability.",https://vocab.destiny-evidence.org/health-outcomes/DSNY000415,3,,dsny000415_sub|1,dsny000415_sub:1
6a87c376-24c8-4a89-8154-efc70e619f8b,db6ee519-afb5-4813-822b-bfbc7dfd2237,https://vocab.destiny-evidence.org/health-outcomes,N.3 Health - Outcomes,dsny000415_sub,2,https://vocab.destiny-evidence.org/health-outcomes/DSNY000418,DSNY000418,Idiopathic epilepsy,"A neurological disorder characterised by recurrent unprovoked seizures due to abnormal electrical activity in the brain, not attributable to an identified structural or metabolic cause.",https://vocab.destiny-evidence.org/health-outcomes/DSNY000415,3,,dsny000415_sub|2,dsny000415_sub:2
6a87c376-24c8-4a89-8154-efc70e619f8b,db6ee519-afb5-4813-822b-bfbc7dfd2237,https://vocab.destiny-evidence.org/health-outcomes,N.3 Health - Outcomes,dsny000415_sub,3,https://vocab.destiny-evidence.org/health-outcomes/DSNY000420,DSNY000420,Motor neuron disease,"A progressive neurodegenerative disease causing degeneration of upper and lower motor neurons, leading to progressive paralysis and respiratory failure.",https://vocab.destiny-evidence.org/health-outcomes/DSNY000415,3,,dsny000415_sub|3,dsny000415_sub:3
6a87c376-24c8-4a89-8154-efc70e619f8b,db6ee519-afb5-4813-822b-bfbc7dfd2237,https://vocab.destiny-evidence.org/health-outcomes,N.3 Health - Outcomes,dsny000415_sub,4,https://vocab.destiny-evidence.org/health-outcomes/DSNY000419,DSNY000419,Multiple sclerosis,"A chronic autoimmune demyelinating disease of the central nervous system, characterised by relapsing or progressive neurological deficits affecting motor, sensory, and cognitive function.",https://vocab.destiny-evidence.org/health-outcomes/DSNY000415,3,,dsny000415_sub|4,dsny000415_sub:4
6a87c376-24c8-4a89-8154-efc70e619f8b,db6ee519-afb5-4813-822b-bfbc7dfd2237,https://vocab.destiny-evidence.org/health-outcomes,N.3 Health - Outcomes,dsny000415_sub,5,https://vocab.destiny-evidence.org/health-outcomes/DSNY000417,DSNY000417,Parkinson's disease,"A progressive neurodegenerative disease characterised by tremor, rigidity, bradykinesia, and postural instability, caused by loss of dopaminergic neurons in the substantia nigra.",https://vocab.destiny-evidence.org/health-outcomes/DSNY000415,3,,dsny000415_sub|5,dsny000415_sub:5
6a87c376-24c8-4a89-8154-efc70e619f8b,db6ee519-afb5-4813-822b-bfbc7dfd2237,https://vocab.destiny-evidence.org/health-outcomes,N.3 Health - Outcomes,dsny000415_sub,6,https://vocab.destiny-evidence.org/health-outcomes/DSNY000422,DSNY000422,Z_Other neurological disorders,"Neurological conditions not classified under the major GBD neurological sub-categories, including rare and unspecified disorders of the nervous system.",https://vocab.destiny-evidence.org/health-outcomes/DSNY000415,3,,dsny000415_sub|6,dsny000415_sub:6
6a87c376-24c8-4a89-8154-efc70e619f8b,db6ee519-afb5-4813-822b-bfbc7dfd2237,https://vocab.destiny-evidence.org/health-outcomes,N.3 Health - Outcomes,dsny000377_sub,7,https://vocab.destiny-evidence.org/health-outcomes/DSNY000415,DSNY000415,Neurological disorders,"Diseases affecting the brain, spinal cord, and peripheral nervous system, including degenerative, inflammatory, and functional neurological conditions.",https://vocab.destiny-evidence.org/health-outcomes/DSNY000377,2,dsny000415_sub,dsny000377_sub|7,dsny000377_sub:7
6a87c376-24c8-4a89-8154-efc70e619f8b,db6ee519-afb5-4813-822b-bfbc7dfd2237,https://vocab.destiny-evidence.org/health-outcomes,N.3 Health - Outcomes,dsny000457_sub,0,https://vocab.destiny-evidence.org/health-outcomes/DSNY000459,DSNY000459,Age-related and other hearing loss,"Partial or complete loss of hearing attributable to ageing, noise exposure, ototoxic medications, or other causes, affecting communication and quality of life.",https://vocab.destiny-evidence.org/health-outcomes/DSNY000457,3,,dsny000457_sub|0,dsny000457_sub:0
6a87c376-24c8-4a89-8154-efc70e619f8b,db6ee519-afb5-4813-822b-bfbc7dfd2237,https://vocab.destiny-evidence.org/health-outcomes,N.3 Health - Outcomes,dsny000457_sub,1,https://vocab.destiny-evidence.org/health-outcomes/DSNY000458,DSNY000458,Blindness and vision loss,"A spectrum of visual impairment ranging from reduced vision to complete blindness, caused by refractive errors, cataracts, glaucoma, macular degeneration, and infectious causes including trachoma.",https://vocab.destiny-evidence.org/health-outcomes/DSNY000457,3,,dsny000457_sub|1,dsny000457_sub:1
6a87c376-24c8-4a89-8154-efc70e619f8b,db6ee519-afb5-4813-822b-bfbc7dfd2237,https://vocab.destiny-evidence.org/health-outcomes,N.3 Health - Outcomes,dsny000457_sub,2,https://vocab.destiny-evidence.org/health-outcomes/DSNY000460,DSNY000460,Other sense organ diseases,"Sense organ diseases not classified under blindness and vision loss or hearing loss, including other ocular and otological conditions.",https://vocab.destiny-evidence.org/health-outcomes/DSNY000457,3,,dsny000457_sub|2,dsny000457_sub:2
6a87c376-24c8-4a89-8154-efc70e619f8b,db6ee519-afb5-4813-822b-bfbc7dfd2237,https://vocab.destiny-evidence.org/health-outcomes,N.3 Health - Outcomes,dsny000377_sub,8,https://vocab.destiny-evidence.org/health-outcomes/DSNY000457,DSNY000457,Sense organ diseases,"Diseases affecting the organs of vision and hearing, including conditions causing visual impairment, blindness, and hearing loss.",https://vocab.destiny-evidence.org/health-outcomes/DSNY000377,2,dsny000457_sub,dsny000377_sub|8,dsny000377_sub:8
6a87c376-24c8-4a89-8154-efc70e619f8b,db6ee519-afb5-4813-822b-bfbc7dfd2237,https://vocab.destiny-evidence.org/health-outcomes,N.3 Health - Outcomes,dsny000444_sub,0,https://vocab.destiny-evidence.org/health-outcomes/DSNY000451,DSNY000451,Acne vulgaris,"A chronic inflammatory disease of the pilosebaceous unit characterised by comedones, papules, pustules, and nodules, predominantly affecting the face and trunk.",https://vocab.destiny-evidence.org/health-outcomes/DSNY000444,3,,dsny000444_sub|0,dsny000444_sub:0
6a87c376-24c8-4a89-8154-efc70e619f8b,db6ee519-afb5-4813-822b-bfbc7dfd2237,https://vocab.destiny-evidence.org/health-outcomes,N.3 Health - Outcomes,dsny000444_sub,1,https://vocab.destiny-evidence.org/health-outcomes/DSNY000452,DSNY000452,Alopecia areata,"An autoimmune condition causing patchy non-scarring hair loss on the scalp or other hair-bearing areas, which may progress to total hair loss.",https://vocab.destiny-evidence.org/health-outcomes/DSNY000444,3,,dsny000444_sub|1,dsny000444_sub:1
6a87c376-24c8-4a89-8154-efc70e619f8b,db6ee519-afb5-4813-822b-bfbc7dfd2237,https://vocab.destiny-evidence.org/health-outcomes,N.3 Health - Outcomes,dsny000444_sub,2,https://vocab.destiny-evidence.org/health-outcomes/DSNY000447,DSNY000447,Bacterial skin diseases,"Bacterial infections of the skin and soft tissue, including cellulitis, impetigo, and erysipelas, caused predominantly by Staphylococcus aureus and Streptococcus pyogenes.",https://vocab.destiny-evidence.org/health-outcomes/DSNY000444,3,,dsny000444_sub|2,dsny000444_sub:2
6a87c376-24c8-4a89-8154-efc70e619f8b,db6ee519-afb5-4813-822b-bfbc7dfd2237,https://vocab.destiny-evidence.org/health-outcomes,N.3 Health - Outcomes,dsny000444_sub,3,https://vocab.destiny-evidence.org/health-outcomes/DSNY000455,DSNY000455,Decubitus ulcer,"Localised skin and underlying tissue injury resulting from prolonged pressure or shear forces, typically over bony prominences in immobile patients.",https://vocab.destiny-evidence.org/health-outcomes/DSNY000444,3,,dsny000444_sub|3,dsny000444_sub:3
6a87c376-24c8-4a89-8154-efc70e619f8b,db6ee519-afb5-4813-822b-bfbc7dfd2237,https://vocab.destiny-evidence.org/health-outcomes,N.3 Health - Outcomes,dsny000444_sub,4,https://vocab.destiny-evidence.org/health-outcomes/DSNY000445,DSNY000445,Dermatitis,"Inflammatory skin conditions characterised by erythema, pruritus, and scaling, including atopic dermatitis and contact dermatitis.",https://vocab.destiny-evidence.org/health-outcomes/DSNY000444,3,,dsny000444_sub|4,dsny000444_sub:4
6a87c376-24c8-4a89-8154-efc70e619f8b,db6ee519-afb5-4813-822b-bfbc7dfd2237,https://vocab.destiny-evidence.org/health-outcomes,N.3 Health - Outcomes,dsny000444_sub,5,https://vocab.destiny-evidence.org/health-outcomes/DSNY000449,DSNY000449,Fungal skin diseases,"Skin infections caused by fungi including dermatophytes (tinea), yeasts (candidiasis), and moulds, particularly prevalent in hot and humid conditions.",https://vocab.destiny-evidence.org/health-outcomes/DSNY000444,3,,dsny000444_sub|5,dsny000444_sub:5
6a87c376-24c8-4a89-8154-efc70e619f8b,db6ee519-afb5-4813-822b-bfbc7dfd2237,https://vocab.destiny-evidence.org/health-outcomes,N.3 Health - Outcomes,dsny000444_sub,6,https://vocab.destiny-evidence.org/health-outcomes/DSNY000453,DSNY000453,Pruritus,"A chronic or recurrent sensation of itching without a primary skin lesion, often associated with systemic disease, dry skin, or neuropathic conditions.",https://vocab.destiny-evidence.org/health-outcomes/DSNY000444,3,,dsny000444_sub|6,dsny000444_sub:6
6a87c376-24c8-4a89-8154-efc70e619f8b,db6ee519-afb5-4813-822b-bfbc7dfd2237,https://vocab.destiny-evidence.org/health-outcomes,N.3 Health - Outcomes,dsny000444_sub,7,https://vocab.destiny-evidence.org/health-outcomes/DSNY000446,DSNY000446,Psoriasis,"A chronic immune-mediated inflammatory skin disease characterised by scaly erythematous plaques, with systemic associations including psoriatic arthritis.",https://vocab.destiny-evidence.org/health-outcomes/DSNY000444,3,,dsny000444_sub|7,dsny000444_sub:7
6a87c376-24c8-4a89-8154-efc70e619f8b,db6ee519-afb5-4813-822b-bfbc7dfd2237,https://vocab.destiny-evidence.org/health-outcomes,N.3 Health - Outcomes,dsny000444_sub,8,https://vocab.destiny-evidence.org/health-outcomes/DSNY000448,DSNY000448,Scabies,"A highly contagious skin infestation caused by the mite Sarcoptes scabiei, causing intense pruritus and a characteristic rash, with crusted scabies occurring in immunocompromised individuals.",https://vocab.destiny-evidence.org/health-outcomes/DSNY000444,3,,dsny000444_sub|8,dsny000444_sub:8
6a87c376-24c8-4a89-8154-efc70e619f8b,db6ee519-afb5-4813-822b-bfbc7dfd2237,https://vocab.destiny-evidence.org/health-outcomes,N.3 Health - Outcomes,dsny000444_sub,9,https://vocab.destiny-evidence.org/health-outcomes/DSNY000454,DSNY000454,Urticaria,"An allergic or immune-mediated reaction presenting as transient raised itchy wheals on the skin, often accompanied by angioedema of deeper tissues.",https://vocab.destiny-evidence.org/health-outcomes/DSNY000444,3,,dsny000444_sub|9,dsny000444_sub:9
6a87c376-24c8-4a89-8154-efc70e619f8b,db6ee519-afb5-4813-822b-bfbc7dfd2237,https://vocab.destiny-evidence.org/health-outcomes,N.3 Health - Outcomes,dsny000444_sub,10,https://vocab.destiny-evidence.org/health-outcomes/DSNY000450,DSNY000450,Viral skin diseases,"Skin diseases caused by viral pathogens including herpes simplex virus, human papillomavirus (warts), and molluscum contagiosum.",https://vocab.destiny-evidence.org/health-outcomes/DSNY000444,3,,dsny000444_sub|10,dsny000444_sub:10
6a87c376-24c8-4a89-8154-efc70e619f8b,db6ee519-afb5-4813-822b-bfbc7dfd2237,https://vocab.destiny-evidence.org/health-outcomes,N.3 Health - Outcomes,dsny000444_sub,11,https://vocab.destiny-evidence.org/health-outcomes/DSNY000456,DSNY000456,Z_Other skin and subcutaneous diseases,"Skin and subcutaneous diseases not classified under the specific GBD sub-categories, including rare, unspecified, or miscellaneous dermatological conditions.",https://vocab.destiny-evidence.org/health-outcomes/DSNY000444,3,,dsny000444_sub|11,dsny000444_sub:11
6a87c376-24c8-4a89-8154-efc70e619f8b,db6ee519-afb5-4813-822b-bfbc7dfd2237,https://vocab.destiny-evidence.org/health-outcomes,N.3 Health - Outcomes,dsny000377_sub,9,https://vocab.destiny-evidence.org/health-outcomes/DSNY000444,DSNY000444,Skin and subcutaneous diseases,"Diseases affecting the skin and subcutaneous tissue, including inflammatory, infectious, allergic, and degenerative conditions.",https://vocab.destiny-evidence.org/health-outcomes/DSNY000377,2,dsny000444_sub,dsny000377_sub|9,dsny000377_sub:9
6a87c376-24c8-4a89-8154-efc70e619f8b,db6ee519-afb5-4813-822b-bfbc7dfd2237,https://vocab.destiny-evidence.org/health-outcomes,N.3 Health - Outcomes,dsny000435_sub,0,https://vocab.destiny-evidence.org/health-outcomes/DSNY000436,DSNY000436,Alcohol use disorders,"A chronic disorder characterised by compulsive alcohol consumption, loss of control over drinking, and continued use despite physical and social harm.",https://vocab.destiny-evidence.org/health-outcomes/DSNY000435,3,,dsny000435_sub|0,dsny000435_sub:0
6a87c376-24c8-4a89-8154-efc70e619f8b,db6ee519-afb5-4813-822b-bfbc7dfd2237,https://vocab.destiny-evidence.org/health-outcomes,N.3 Health - Outcomes,dsny000435_sub,1,https://vocab.destiny-evidence.org/health-outcomes/DSNY000437,DSNY000437,Drug use disorders,"Disorders characterised by compulsive use of illicit or prescription drugs, including opioids, stimulants, and cannabis, with significant harm to health and functioning.",https://vocab.destiny-evidence.org/health-outcomes/DSNY000435,3,,dsny000435_sub|1,dsny000435_sub:1
6a87c376-24c8-4a89-8154-efc70e619f8b,db6ee519-afb5-4813-822b-bfbc7dfd2237,https://vocab.destiny-evidence.org/health-outcomes,N.3 Health - Outcomes,dsny000435_sub,2,https://vocab.destiny-evidence.org/health-outcomes/DSNY000624,DSNY000624,Nicotine dependence,"Can you provide a short defintion of nicotine dependence?
12:15

Nicotine dependence is a chronic, relapsing condition characterized by compulsive use of nicotine-containing products (most commonly cigarettes), accompanied by tolerance, a withdrawal syndrome on cessation or reduction, and continued use despite the awareness of harmful consequences.",https://vocab.destiny-evidence.org/health-outcomes/DSNY000435,3,,dsny000435_sub|2,dsny000435_sub:2
6a87c376-24c8-4a89-8154-efc70e619f8b,db6ee519-afb5-4813-822b-bfbc7dfd2237,https://vocab.destiny-evidence.org/health-outcomes,N.3 Health - Outcomes,dsny000377_sub,10,https://vocab.destiny-evidence.org/health-outcomes/DSNY000435,DSNY000435,Substance use disorders,"Disorders characterised by compulsive use of psychoactive substances despite adverse consequences, including alcohol and drug use disorders.",https://vocab.destiny-evidence.org/health-outcomes/DSNY000377,2,dsny000435_sub,dsny000377_sub|10,dsny000377_sub:10
6a87c376-24c8-4a89-8154-efc70e619f8b,db6ee519-afb5-4813-822b-bfbc7dfd2237,https://vocab.destiny-evidence.org/health-outcomes,N.3 Health - Outcomes,dsny000462_sub,0,https://vocab.destiny-evidence.org/health-outcomes/DSNY000463,DSNY000463,Congenital birth defects,"Structural or functional abnormalities present at birth, including chromosomal disorders and congenital malformations of the heart, limbs, and other organs.",https://vocab.destiny-evidence.org/health-outcomes/DSNY000462,3,,dsny000462_sub|0,dsny000462_sub:0
6a87c376-24c8-4a89-8154-efc70e619f8b,db6ee519-afb5-4813-822b-bfbc7dfd2237,https://vocab.destiny-evidence.org/health-outcomes,N.3 Health - Outcomes,dsny000462_sub,1,https://vocab.destiny-evidence.org/health-outcomes/DSNY000467,DSNY000467,"Endocrine, metabolic, blood, and immune disorders","A heterogeneous group of conditions affecting endocrine glands, metabolic processes, and immune function, including thyroid disease, adrenal disorders, and autoimmune conditions. Exception is diabetes, which is captured under ""Diabetes and kidney diseases"" and more specifically under ""Diabetes mellitus"".",https://vocab.destiny-evidence.org/health-outcomes/DSNY000462,3,,dsny000462_sub|1,dsny000462_sub:1
6a87c376-24c8-4a89-8154-efc70e619f8b,db6ee519-afb5-4813-822b-bfbc7dfd2237,https://vocab.destiny-evidence.org/health-outcomes,N.3 Health - Outcomes,dsny000462_sub,2,https://vocab.destiny-evidence.org/health-outcomes/DSNY000465,DSNY000465,Gynecological diseases,"Diseases of the female reproductive system, including endometriosis, uterine fibroids, polycystic ovary syndrome, and pelvic inflammatory disease.",https://vocab.destiny-evidence.org/health-outcomes/DSNY000462,3,,dsny000462_sub|2,dsny000462_sub:2
6a87c376-24c8-4a89-8154-efc70e619f8b,db6ee519-afb5-4813-822b-bfbc7dfd2237,https://vocab.destiny-evidence.org/health-outcomes,N.3 Health - Outcomes,dsny000462_sub,3,https://vocab.destiny-evidence.org/health-outcomes/DSNY000466,DSNY000466,Hemoglobinopathies and hemolytic anemias,"Inherited disorders of haemoglobin structure or synthesis, including sickle cell disease and thalassaemia, causing haemolytic anaemia and multi-organ complications.",https://vocab.destiny-evidence.org/health-outcomes/DSNY000462,3,,dsny000462_sub|3,dsny000462_sub:3
6a87c376-24c8-4a89-8154-efc70e619f8b,db6ee519-afb5-4813-822b-bfbc7dfd2237,https://vocab.destiny-evidence.org/health-outcomes,N.3 Health - Outcomes,dsny000462_sub,4,https://vocab.destiny-evidence.org/health-outcomes/DSNY000468,DSNY000468,Oral disorders,"Conditions affecting the teeth, gums, and oral mucosa, including dental caries, periodontal disease, edentulism, and oral infections.",https://vocab.destiny-evidence.org/health-outcomes/DSNY000462,3,,dsny000462_sub|4,dsny000462_sub:4
6a87c376-24c8-4a89-8154-efc70e619f8b,db6ee519-afb5-4813-822b-bfbc7dfd2237,https://vocab.destiny-evidence.org/health-outcomes,N.3 Health - Outcomes,dsny000462_sub,5,https://vocab.destiny-evidence.org/health-outcomes/DSNY000469,DSNY000469,Sudden infant death syndrome,"The sudden unexpected death of an apparently healthy infant, typically during sleep, for which no cause is identified after thorough post-mortem investigation.",https://vocab.destiny-evidence.org/health-outcomes/DSNY000462,3,,dsny000462_sub|5,dsny000462_sub:5
6a87c376-24c8-4a89-8154-efc70e619f8b,db6ee519-afb5-4813-822b-bfbc7dfd2237,https://vocab.destiny-evidence.org/health-outcomes,N.3 Health - Outcomes,dsny000462_sub,6,https://vocab.destiny-evidence.org/health-outcomes/DSNY000464,DSNY000464,Urinary diseases and male infertility,"Conditions affecting the urinary tract and male reproductive system, including urinary tract infections, kidney stones, and causes of male infertility.",https://vocab.destiny-evidence.org/health-outcomes/DSNY000462,3,,dsny000462_sub|6,dsny000462_sub:6
6a87c376-24c8-4a89-8154-efc70e619f8b,db6ee519-afb5-4813-822b-bfbc7dfd2237,https://vocab.destiny-evidence.org/health-outcomes,N.3 Health - Outcomes,dsny000377_sub,11,https://vocab.destiny-evidence.org/health-outcomes/DSNY000462,DSNY000462,Z_Other non-communicable diseases,"Non-communicable diseases not classified under the major GBD NCD categories, including congenital, genitourinary, haematological, and other miscellaneous conditions.",https://vocab.destiny-evidence.org/health-outcomes/DSNY000377,2,dsny000462_sub,dsny000377_sub|11,dsny000377_sub:11
6a87c376-24c8-4a89-8154-efc70e619f8b,db6ee519-afb5-4813-822b-bfbc7dfd2237,https://vocab.destiny-evidence.org/health-outcomes,N.3 Health - Outcomes,k_health-outcomes,2,https://vocab.destiny-evidence.org/health-outcomes/DSNY000377,DSNY000377,N.3.3 Non-communicable diseases,"Chronic, non-infectious diseases of long duration including cardiovascular, respiratory, metabolic, neurological, and neoplastic conditions.",,1,dsny000377_sub,k_health-outcomes|2,k_health-outcomes:2
6a87c376-24c8-4a89-8154-efc70e619f8b,db6ee519-afb5-4813-822b-bfbc7dfd2237,https://vocab.destiny-evidence.org/health-outcomes,N.3 Health - Outcomes,dsny000485_sub,0,https://vocab.destiny-evidence.org/health-outcomes/DSNY000488,DSNY000488,Conflict and terrorism,"Injuries and deaths resulting from organised collective violence, including war, armed conflict, and terrorist attacks.",https://vocab.destiny-evidence.org/health-outcomes/DSNY000485,3,,dsny000485_sub|0,dsny000485_sub:0
6a87c376-24c8-4a89-8154-efc70e619f8b,db6ee519-afb5-4813-822b-bfbc7dfd2237,https://vocab.destiny-evidence.org/health-outcomes,N.3 Health - Outcomes,dsny000485_sub,1,https://vocab.destiny-evidence.org/health-outcomes/DSNY000487,DSNY000487,Interpersonal violence,"Physical, sexual, or psychological harm intentionally inflicted by one person on another, including assault, domestic violence, and sexual violence.",https://vocab.destiny-evidence.org/health-outcomes/DSNY000485,3,,dsny000485_sub|1,dsny000485_sub:1
6a87c376-24c8-4a89-8154-efc70e619f8b,db6ee519-afb5-4813-822b-bfbc7dfd2237,https://vocab.destiny-evidence.org/health-outcomes,N.3 Health - Outcomes,dsny000485_sub,2,https://vocab.destiny-evidence.org/health-outcomes/DSNY000489,DSNY000489,Police conflict and executions,"Deaths and injuries resulting from the use of force by law enforcement or state actors, including fatal police encounters and state-sanctioned executions.",https://vocab.destiny-evidence.org/health-outcomes/DSNY000485,3,,dsny000485_sub|2,dsny000485_sub:2
6a87c376-24c8-4a89-8154-efc70e619f8b,db6ee519-afb5-4813-822b-bfbc7dfd2237,https://vocab.destiny-evidence.org/health-outcomes,N.3 Health - Outcomes,dsny000485_sub,3,https://vocab.destiny-evidence.org/health-outcomes/DSNY000486,DSNY000486,Self-harm,"Intentional injury directed at oneself, including suicidal behaviour and non-suicidal self-injury, across a spectrum from ideation to fatal self-inflicted harm.",https://vocab.destiny-evidence.org/health-outcomes/DSNY000485,3,,dsny000485_sub|3,dsny000485_sub:3
6a87c376-24c8-4a89-8154-efc70e619f8b,db6ee519-afb5-4813-822b-bfbc7dfd2237,https://vocab.destiny-evidence.org/health-outcomes,N.3 Health - Outcomes,dsny000470_sub,0,https://vocab.destiny-evidence.org/health-outcomes/DSNY000485,DSNY000485,Self-harm and interpersonal violence,"Intentional injuries caused by violence directed at oneself or others, including self-harm, assault, sexual violence, and conflict-related injuries.",https://vocab.destiny-evidence.org/health-outcomes/DSNY000470,2,dsny000485_sub,dsny000470_sub|0,dsny000470_sub:0
6a87c376-24c8-4a89-8154-efc70e619f8b,db6ee519-afb5-4813-822b-bfbc7dfd2237,https://vocab.destiny-evidence.org/health-outcomes,N.3 Health - Outcomes,dsny000470_sub,1,https://vocab.destiny-evidence.org/health-outcomes/DSNY000471,DSNY000471,Transport injuries,"Injuries sustained in road traffic crashes involving motor vehicles, motorcycles, cyclists, and pedestrians.",https://vocab.destiny-evidence.org/health-outcomes/DSNY000470,2,,dsny000470_sub|1,dsny000470_sub:1
6a87c376-24c8-4a89-8154-efc70e619f8b,db6ee519-afb5-4813-822b-bfbc7dfd2237,https://vocab.destiny-evidence.org/health-outcomes,N.3 Health - Outcomes,dsny000472_sub,0,https://vocab.destiny-evidence.org/health-outcomes/DSNY000478,DSNY000478,Adverse effects of medical treatment,"Harm resulting from medical or surgical interventions, including adverse drug reactions, surgical complications, and healthcare-associated infections.",https://vocab.destiny-evidence.org/health-outcomes/DSNY000472,3,,dsny000472_sub|0,dsny000472_sub:0
6a87c376-24c8-4a89-8154-efc70e619f8b,db6ee519-afb5-4813-822b-bfbc7dfd2237,https://vocab.destiny-evidence.org/health-outcomes,N.3 Health - Outcomes,dsny000472_sub,1,https://vocab.destiny-evidence.org/health-outcomes/DSNY000479,DSNY000479,Animal contact,"Injuries caused by contact with animals, including bites, stings, and envenomation from snakes, insects, marine animals, and other wildlife.",https://vocab.destiny-evidence.org/health-outcomes/DSNY000472,3,,dsny000472_sub|1,dsny000472_sub:1
6a87c376-24c8-4a89-8154-efc70e619f8b,db6ee519-afb5-4813-822b-bfbc7dfd2237,https://vocab.destiny-evidence.org/health-outcomes,N.3 Health - Outcomes,dsny000472_sub,2,https://vocab.destiny-evidence.org/health-outcomes/DSNY000474,DSNY000474,Drowning,"Respiratory impairment resulting from submersion or immersion in liquid, including fatal drowning and non-fatal near-drowning events.",https://vocab.destiny-evidence.org/health-outcomes/DSNY000472,3,,dsny000472_sub|2,dsny000472_sub:2
6a87c376-24c8-4a89-8154-efc70e619f8b,db6ee519-afb5-4813-822b-bfbc7dfd2237,https://vocab.destiny-evidence.org/health-outcomes,N.3 Health - Outcomes,dsny000472_sub,3,https://vocab.destiny-evidence.org/health-outcomes/DSNY000481,DSNY000481,Electrocution,"Injury caused by passage of electrical current through the body, including low-voltage electrocution and lightning strike, causing tissue damage, cardiac arrest, and burns.",https://vocab.destiny-evidence.org/health-outcomes/DSNY000472,3,,dsny000472_sub|3,dsny000472_sub:3
6a87c376-24c8-4a89-8154-efc70e619f8b,db6ee519-afb5-4813-822b-bfbc7dfd2237,https://vocab.destiny-evidence.org/health-outcomes,N.3 Health - Outcomes,dsny000472_sub,4,https://vocab.destiny-evidence.org/health-outcomes/DSNY000482,DSNY000482,Environmental heat and cold exposure,"Injuries resulting from exposure to extreme environmental temperatures, including heat stroke, heat exhaustion, hypothermia, and frostbite.",https://vocab.destiny-evidence.org/health-outcomes/DSNY000472,3,,dsny000472_sub|4,dsny000472_sub:4
6a87c376-24c8-4a89-8154-efc70e619f8b,db6ee519-afb5-4813-822b-bfbc7dfd2237,https://vocab.destiny-evidence.org/health-outcomes,N.3 Health - Outcomes,dsny000472_sub,5,https://vocab.destiny-evidence.org/health-outcomes/DSNY000483,DSNY000483,Exposure to forces of nature,"Injuries directly caused by natural forces including earthquakes, floods, storms, landslides, and volcanic eruptions.",https://vocab.destiny-evidence.org/health-outcomes/DSNY000472,3,,dsny000472_sub|5,dsny000472_sub:5
6a87c376-24c8-4a89-8154-efc70e619f8b,db6ee519-afb5-4813-822b-bfbc7dfd2237,https://vocab.destiny-evidence.org/health-outcomes,N.3 Health - Outcomes,dsny000472_sub,6,https://vocab.destiny-evidence.org/health-outcomes/DSNY000477,DSNY000477,Exposure to mechanical forces,"Injuries caused by physical mechanical forces including crushing, cutting, impact, and blast, covering occupational and other unintentional mechanical trauma.",https://vocab.destiny-evidence.org/health-outcomes/DSNY000472,3,,dsny000472_sub|6,dsny000472_sub:6
6a87c376-24c8-4a89-8154-efc70e619f8b,db6ee519-afb5-4813-822b-bfbc7dfd2237,https://vocab.destiny-evidence.org/health-outcomes,N.3 Health - Outcomes,dsny000472_sub,7,https://vocab.destiny-evidence.org/health-outcomes/DSNY000473,DSNY000473,Falls,"Injuries resulting from a person falling from one level to another or on the same level, including fractures, head injuries, and soft tissue trauma.",https://vocab.destiny-evidence.org/health-outcomes/DSNY000472,3,,dsny000472_sub|7,dsny000472_sub:7
6a87c376-24c8-4a89-8154-efc70e619f8b,db6ee519-afb5-4813-822b-bfbc7dfd2237,https://vocab.destiny-evidence.org/health-outcomes,N.3 Health - Outcomes,dsny000472_sub,8,https://vocab.destiny-evidence.org/health-outcomes/DSNY000475,DSNY000475,"Fire, heat, and hot substances","Injuries to the skin and deeper tissues caused by flames, hot surfaces, scalding liquids, or contact with hot substances.",https://vocab.destiny-evidence.org/health-outcomes/DSNY000472,3,,dsny000472_sub|8,dsny000472_sub:8
6a87c376-24c8-4a89-8154-efc70e619f8b,db6ee519-afb5-4813-822b-bfbc7dfd2237,https://vocab.destiny-evidence.org/health-outcomes,N.3 Health - Outcomes,dsny000472_sub,9,https://vocab.destiny-evidence.org/health-outcomes/DSNY000480,DSNY000480,Foreign body,"Injury caused by a foreign object entering the body through ingestion, aspiration, or direct penetration of a body cavity or tissue.",https://vocab.destiny-evidence.org/health-outcomes/DSNY000472,3,,dsny000472_sub|9,dsny000472_sub:9
6a87c376-24c8-4a89-8154-efc70e619f8b,db6ee519-afb5-4813-822b-bfbc7dfd2237,https://vocab.destiny-evidence.org/health-outcomes,N.3 Health - Outcomes,dsny000472_sub,10,https://vocab.destiny-evidence.org/health-outcomes/DSNY000476,DSNY000476,Poisonings,"Injury or death resulting from exposure to toxic substances, including medications, household chemicals, pesticides, and environmental toxins.",https://vocab.destiny-evidence.org/health-outcomes/DSNY000472,3,,dsny000472_sub|10,dsny000472_sub:10
6a87c376-24c8-4a89-8154-efc70e619f8b,db6ee519-afb5-4813-822b-bfbc7dfd2237,https://vocab.destiny-evidence.org/health-outcomes,N.3 Health - Outcomes,dsny000472_sub,11,https://vocab.destiny-evidence.org/health-outcomes/DSNY000484,DSNY000484,Z_Other unintentional injuries,"Unintentional injuries not classified under the specific GBD sub-categories, including other accidental exposures and miscellaneous traumatic events.",https://vocab.destiny-evidence.org/health-outcomes/DSNY000472,3,,dsny000472_sub|11,dsny000472_sub:11
6a87c376-24c8-4a89-8154-efc70e619f8b,db6ee519-afb5-4813-822b-bfbc7dfd2237,https://vocab.destiny-evidence.org/health-outcomes,N.3 Health - Outcomes,dsny000470_sub,2,https://vocab.destiny-evidence.org/health-outcomes/DSNY000472,DSNY000472,Unintentional injuries,"Injuries that occur without intent to cause harm, including falls, drowning, burns, poisonings, and environmental exposures.",https://vocab.destiny-evidence.org/health-outcomes/DSNY000470,2,dsny000472_sub,dsny000470_sub|2,dsny000470_sub:2
6a87c376-24c8-4a89-8154-efc70e619f8b,db6ee519-afb5-4813-822b-bfbc7dfd2237,https://vocab.destiny-evidence.org/health-outcomes,N.3 Health - Outcomes,k_health-outcomes,3,https://vocab.destiny-evidence.org/health-outcomes/DSNY000470,DSNY000470,N.3.4 Injuries,"Physical harm to the body resulting from external causes, including unintentional injuries, self-harm, interpersonal violence, and conflict.",,1,dsny000470_sub,k_health-outcomes|3,k_health-outcomes:3
