document_id,external_id,document_name,attribute_id,attribute_label,attribute_presence,human_additional_text,item_attribute_full_text_details,citation_page,citation_highlight_text,human_extraction,llm_extraction,llm_reasoning,llm_verbatim_text,human_verbatim_fuzzy_match_pct,llm_verbatim_fuzzy_match_pct,extraction_run_id
2936,00433f83-2348-4737-a9f5-9da1c856aa95,Setting the table – a story of food policy innovation,36,Coal,True,,,,,False,False,"The context discusses policies and methods for transitioning to a healthier and more sustainable food system, but does not address coal or its use or combustion.",,0.00,0.00,2026-09-09_09-59-56_pruned_taxonomy_topdown
2936,00433f83-2348-4737-a9f5-9da1c856aa95,Setting the table – a story of food policy innovation,35,(Unspecified) fossil fuels,True,,,,,False,False,The context does not discuss fossil fuel use or combustion in general; its focus is food-system policy and collaborative methods.,,0.00,0.00,2026-09-09_09-59-56_pruned_taxonomy_topdown
2936,00433f83-2348-4737-a9f5-9da1c856aa95,Setting the table – a story of food policy innovation,38,Oil,True,,,,,False,False,"The context does not mention petroleum, petrol, diesel, jet fuel, or liquid fossil fuel use.",,0.00,0.00,2026-09-09_09-59-56_pruned_taxonomy_topdown
2936,00433f83-2348-4737-a9f5-9da1c856aa95,Setting the table – a story of food policy innovation,37,Natural gas,True,,,,,False,False,"The context does not mention natural gas, methane, gas combustion, heating, electricity generation, or related methane leakage.",,0.00,0.00,2026-09-09_09-59-56_pruned_taxonomy_topdown
2936,00433f83-2348-4737-a9f5-9da1c856aa95,Setting the table – a story of food policy innovation,17,(Unspecified) greenhouse gases,True,,,,,False,False,"The guide concerns policies and methods for transitioning to a healthier and more sustainable food system, but it does not address greenhouse gases collectively.",,0.00,0.00,2026-09-09_09-59-56_pruned_taxonomy_topdown
2936,00433f83-2348-4737-a9f5-9da1c856aa95,Setting the table – a story of food policy innovation,18,Carbon dioxide (CO₂),True,,,,,False,False,"Carbon dioxide is not discussed as a subject, exposure, outcome, or policy focus in the context.",,0.00,0.00,2026-09-09_09-59-56_pruned_taxonomy_topdown
2936,00433f83-2348-4737-a9f5-9da1c856aa95,Setting the table – a story of food policy innovation,22,Ozone-depleting substances / chlorofluorocarbons / hydrochlorofluorocarbons / halons / carbon tetrachloride / methyl chloroform,True,,,,,False,False,The context does not address ozone-depleting compounds regulated under the Montreal Protocol.,,0.00,0.00,2026-09-09_09-59-56_pruned_taxonomy_topdown
2936,00433f83-2348-4737-a9f5-9da1c856aa95,Setting the table – a story of food policy innovation,19,Fluorinated gases / hydrofluorocarbons / perfluorocarbons / sulfur hexafluoride / nitrogen trifluoride,True,,,,,False,False,Synthetic industrial greenhouse gases are not mentioned or studied in this policy guide.,,0.00,0.00,2026-09-09_09-59-56_pruned_taxonomy_topdown
2936,00433f83-2348-4737-a9f5-9da1c856aa95,Setting the table – a story of food policy innovation,20,Methane (CH₄),True,,,,,False,False,"Although food systems can involve livestock and agriculture, methane is not identified as a topic or focus of the guide.",,0.00,0.00,2026-09-09_09-59-56_pruned_taxonomy_topdown
2936,00433f83-2348-4737-a9f5-9da1c856aa95,Setting the table – a story of food policy innovation,21,Nitrous oxide (N₂O),True,,,,,False,False,Nitrous oxide and its agricultural sources are not discussed in the context.,,0.00,0.00,2026-09-09_09-59-56_pruned_taxonomy_topdown
2936,00433f83-2348-4737-a9f5-9da1c856aa95,Setting the table – a story of food policy innovation,23,Particulate matter (PM10) / fine particulate matter (PM2.5) / black/organic carbon / sulfate/nitrate aerosols,True,,,,,False,False,Particulate matter and its effects on climate or human health are not addressed.,,0.00,0.00,2026-09-09_09-59-56_pruned_taxonomy_topdown
2936,00433f83-2348-4737-a9f5-9da1c856aa95,Setting the table – a story of food policy innovation,24,Tropospheric ozone (O₃),True,,,,,False,False,Ground-level ozone or its precursor emissions are not mentioned or treated as a focus of the guide.,,0.00,0.00,2026-09-09_09-59-56_pruned_taxonomy_topdown
2936,00433f83-2348-4737-a9f5-9da1c856aa95,Setting the table – a story of food policy innovation,26,Extreme cold,True,,,,,False,False,"The guide concerns policies and methods for transitioning to a healthier and more sustainable food system, not abnormally low temperatures or cold-related health risks.",,0.00,0.00,2026-09-09_09-59-56_pruned_taxonomy_topdown
2936,00433f83-2348-4737-a9f5-9da1c856aa95,Setting the table – a story of food policy innovation,27,Extreme heat,True,,,,,False,False,"The study does not address heatwaves, unusually high temperatures, or heat-related health outcomes.",,0.00,0.00,2026-09-09_09-59-56_pruned_taxonomy_topdown
2936,00433f83-2348-4737-a9f5-9da1c856aa95,Setting the table – a story of food policy innovation,28,Extreme precipitation,True,,,,,False,False,"There is no focus on unusually intense or prolonged precipitation, rainfall, snowfall, or related hazards.",,0.00,0.00,2026-09-09_09-59-56_pruned_taxonomy_topdown
2936,00433f83-2348-4737-a9f5-9da1c856aa95,Setting the table – a story of food policy innovation,30,Floods,True,,,,,False,False,"Flooding or temporary inundation is not discussed as a subject, exposure, or outcome.",,0.00,0.00,2026-09-09_09-59-56_pruned_taxonomy_topdown
2936,00433f83-2348-4737-a9f5-9da1c856aa95,Setting the table – a story of food policy innovation,33,Wildfires,True,,,,,False,False,"The guide does not concern uncontrolled vegetation fires, wildfire smoke, or associated health impacts.",,0.00,0.00,2026-09-09_09-59-56_pruned_taxonomy_topdown
2936,00433f83-2348-4737-a9f5-9da1c856aa95,Setting the table – a story of food policy innovation,25,Droughts,True,,,,,False,False,"Although the guide addresses food-system sustainability, it does not focus on prolonged water deficits, drought, or water scarcity impacts.",,0.00,0.00,2026-09-09_09-59-56_pruned_taxonomy_topdown
2936,00433f83-2348-4737-a9f5-9da1c856aa95,Setting the table – a story of food policy innovation,29,Extreme snow/ice events,True,,,,,False,False,Severe snow or ice conditions and their impacts are not part of the guide's subject matter.,,0.00,0.00,2026-09-09_09-59-56_pruned_taxonomy_topdown
2936,00433f83-2348-4737-a9f5-9da1c856aa95,Setting the table – a story of food policy innovation,31,Sand and dust storms,True,,,,,False,False,The context contains no discussion of wind-driven sand or dust events.,,0.00,0.00,2026-09-09_09-59-56_pruned_taxonomy_topdown
2936,00433f83-2348-4737-a9f5-9da1c856aa95,Setting the table – a story of food policy innovation,32,Storms and severe wind,True,,,,,False,False,"Tropical cyclones, severe thunderstorms, hailstorms, and other intense meteorological events are not addressed.",,0.00,0.00,2026-09-09_09-59-56_pruned_taxonomy_topdown
2936,00433f83-2348-4737-a9f5-9da1c856aa95,Setting the table – a story of food policy innovation,34,Z_(Unspecified) extreme weather events,True,,,,,False,False,The guide does not discuss climate extremes in general or any unspecified extreme weather events.,,0.00,0.00,2026-09-09_09-59-56_pruned_taxonomy_topdown
2936,00433f83-2348-4737-a9f5-9da1c856aa95,Setting the table – a story of food policy innovation,493,Attribution,True,,,,,False,False,No annotation with this attribute found: reverting to default,,0.00,0.00,2026-09-09_09-59-56_pruned_taxonomy_topdown
2936,00433f83-2348-4737-a9f5-9da1c856aa95,Setting the table – a story of food policy innovation,487,Adaptation,True,,,,,True,False,"The guide concerns policy innovation and methods for transitioning to a healthier, more sustainable food system, but it does not address adapting to climate variables, climate-related hazards, or climate impacts.",,0.00,0.00,2026-09-09_09-59-56_pruned_taxonomy_topdown
2936,00433f83-2348-4737-a9f5-9da1c856aa95,Setting the table – a story of food policy innovation,490,Maladaptation,True,,,,,False,False,No annotation with this attribute found: reverting to default,,0.00,0.00,2026-09-09_09-59-56_pruned_taxonomy_topdown
2936,00433f83-2348-4737-a9f5-9da1c856aa95,Setting the table – a story of food policy innovation,495,Loss and damage,True,,,,,False,False,No annotation with this attribute found: reverting to default,,0.00,0.00,2026-09-09_09-59-56_pruned_taxonomy_topdown
2936,00433f83-2348-4737-a9f5-9da1c856aa95,Setting the table – a story of food policy innovation,492,Resilience,True,,,,,True,False,No annotation with this attribute found: reverting to default,,0.00,0.00,2026-09-09_09-59-56_pruned_taxonomy_topdown
2936,00433f83-2348-4737-a9f5-9da1c856aa95,Setting the table – a story of food policy innovation,489,Mitigation,True,,,,,True,False,"Although the guide discusses a sustainable food system, the abstract does not mention greenhouse-gas emissions, fossil fuels, or strategies specifically aimed at reducing emissions.",,0.00,0.00,2026-09-09_09-59-56_pruned_taxonomy_topdown
2936,00433f83-2348-4737-a9f5-9da1c856aa95,Setting the table – a story of food policy innovation,491,Preparedness,True,,,,,False,False,No annotation with this attribute found: reverting to default,,0.00,0.00,2026-09-09_09-59-56_pruned_taxonomy_topdown
2936,00433f83-2348-4737-a9f5-9da1c856aa95,Setting the table – a story of food policy innovation,494,Future impact,True,,,,,False,False,No annotation with this attribute found: reverting to default,,0.00,0.00,2026-09-09_09-59-56_pruned_taxonomy_topdown
2936,00433f83-2348-4737-a9f5-9da1c856aa95,Setting the table – a story of food policy innovation,496,Co-Benefits,True,,,,,True,False,No annotation with this attribute found: reverting to default,,0.00,0.00,2026-09-09_09-59-56_pruned_taxonomy_topdown
2936,00433f83-2348-4737-a9f5-9da1c856aa95,Setting the table – a story of food policy innovation,488,Impact,True,,,,,False,False,"The context does not characterize effects or risks arising from climate variables or climate-related extreme events on health, ecosystems, economies, or societies.",,0.00,0.00,2026-09-09_09-59-56_pruned_taxonomy_topdown
2936,00433f83-2348-4737-a9f5-9da1c856aa95,Setting the table – a story of food policy innovation,6,(Unspecified) changes in weather,True,,,,,False,False,"The guide discusses policies for a healthier and more sustainable food system, but does not address broad changes in weather patterns.",,0.00,0.00,2026-09-09_09-59-56_pruned_taxonomy_topdown
2936,00433f83-2348-4737-a9f5-9da1c856aa95,Setting the table – a story of food policy innovation,15,Changes in wind speed,True,,,,,False,False,No alterations in wind patterns or wind-related impacts are discussed.,,0.00,0.00,2026-09-09_09-59-56_pruned_taxonomy_topdown
2936,00433f83-2348-4737-a9f5-9da1c856aa95,Setting the table – a story of food policy innovation,13,Changes in season length,True,,,,,False,False,The context does not discuss changes in season duration or seasonal timing.,,0.00,0.00,2026-09-09_09-59-56_pruned_taxonomy_topdown
2936,00433f83-2348-4737-a9f5-9da1c856aa95,Setting the table – a story of food policy innovation,7,(Unspecified) climate change,True,,,,,False,False,"Although the guide concerns sustainability, it does not explicitly address climate change as a general driver or subject.",,0.00,0.00,2026-09-09_09-59-56_pruned_taxonomy_topdown
2936,00433f83-2348-4737-a9f5-9da1c856aa95,Setting the table – a story of food policy innovation,16,Climate variability,True,,,,,False,False,No fluctuations or variability in climate conditions over time are examined.,,0.00,0.00,2026-09-09_09-59-56_pruned_taxonomy_topdown
2936,00433f83-2348-4737-a9f5-9da1c856aa95,Setting the table – a story of food policy innovation,9,Changes in humidity,True,,,,,False,False,"The study does not discuss atmospheric moisture, humidity, or related health impacts.",,0.00,0.00,2026-09-09_09-59-56_pruned_taxonomy_topdown
2936,00433f83-2348-4737-a9f5-9da1c856aa95,Setting the table – a story of food policy innovation,12,Changes in sea level,True,,,,,False,False,Sea-level rise and its impacts are not addressed.,,0.00,0.00,2026-09-09_09-59-56_pruned_taxonomy_topdown
2936,00433f83-2348-4737-a9f5-9da1c856aa95,Setting the table – a story of food policy innovation,11,Changes in precipitation,True,,,,,False,False,"The context does not discuss changes in rainfall, snowfall, precipitation timing, or intensity.",,0.00,0.00,2026-09-09_09-59-56_pruned_taxonomy_topdown
2936,00433f83-2348-4737-a9f5-9da1c856aa95,Setting the table – a story of food policy innovation,10,Changes in inland water bodies,True,,,,,False,False,No climate-driven changes in freshwater systems or hydrological patterns are discussed.,,0.00,0.00,2026-09-09_09-59-56_pruned_taxonomy_topdown
2936,00433f83-2348-4737-a9f5-9da1c856aa95,Setting the table – a story of food policy innovation,14,Changes in temperature,True,,,,,False,False,The guide does not address temperature trends or temperature extremes.,,0.00,0.00,2026-09-09_09-59-56_pruned_taxonomy_topdown
2936,00433f83-2348-4737-a9f5-9da1c856aa95,Setting the table – a story of food policy innovation,8,Changes in glacier / snow melt,True,,,,,False,False,Glacier or snowpack melting is not mentioned or studied.,,0.00,0.00,2026-09-09_09-59-56_pruned_taxonomy_topdown
2936,00433f83-2348-4737-a9f5-9da1c856aa95,Setting the table – a story of food policy innovation,476,Education (Sector),True,,,,,False,False,"The guide discusses food-system policy and collaborative methods, not formal or informal education systems as a sector.",,0.00,0.00,2026-09-09_09-59-56_pruned_taxonomy_topdown
2936,00433f83-2348-4737-a9f5-9da1c856aa95,Setting the table – a story of food policy innovation,485,Transportation (Sector),True,,,,,False,False,Transport systems and logistics are not a subject of the guide.,,0.00,0.00,2026-09-09_09-59-56_pruned_taxonomy_topdown
2936,00433f83-2348-4737-a9f5-9da1c856aa95,Setting the table – a story of food policy innovation,483,Public administration (Sector),True,,,,,False,False,"Policymakers are mentioned as the intended audience, but the study does not examine public-administration operations, services, or workforce.","""policymakers""",0.00,85.71,2026-09-09_09-59-56_pruned_taxonomy_topdown
2936,00433f83-2348-4737-a9f5-9da1c856aa95,Setting the table – a story of food policy innovation,479,Healthcare (Sector),True,,,,,False,False,"Health is part of the desired food-system outcome, but medical care, public health services, or health infrastructure are not the sector being examined.","""a healthier and more sustainable food system""",0.00,95.65,2026-09-09_09-59-56_pruned_taxonomy_topdown
2936,00433f83-2348-4737-a9f5-9da1c856aa95,Setting the table – a story of food policy innovation,486,"Water, sanitation, and waste management (Sector)",True,,,,,False,False,"Water supply, sewage treatment, and solid waste management are not addressed as study sectors.",,0.00,0.00,2026-09-09_09-59-56_pruned_taxonomy_topdown
2936,00433f83-2348-4737-a9f5-9da1c856aa95,Setting the table – a story of food policy innovation,475,Buildings / housing (Sector),True,,,,,False,False,"Buildings, housing, and construction are not subjects of the guide.",,0.00,0.00,2026-09-09_09-59-56_pruned_taxonomy_topdown
2936,00433f83-2348-4737-a9f5-9da1c856aa95,Setting the table – a story of food policy innovation,478,Finance (Sector),True,,,,,False,False,"Banking, insurance, investment, and finance mechanisms are not discussed as a sector.",,0.00,0.00,2026-09-09_09-59-56_pruned_taxonomy_topdown
2936,00433f83-2348-4737-a9f5-9da1c856aa95,Setting the table – a story of food policy innovation,484,Social protection (Sector),True,,,,,False,False,Social safety nets and welfare-support systems are not the focus.,,0.00,0.00,2026-09-09_09-59-56_pruned_taxonomy_topdown
2936,00433f83-2348-4737-a9f5-9da1c856aa95,Setting the table – a story of food policy innovation,481,Information and communications technologies (Sector),True,,,,,False,False,"Telecommunications, digital infrastructure, and information technology are not addressed.",,0.00,0.00,2026-09-09_09-59-56_pruned_taxonomy_topdown
2936,00433f83-2348-4737-a9f5-9da1c856aa95,Setting the table – a story of food policy innovation,480,"Industry, trade, and services (Sector)",True,,,,,False,False,"The guide concerns food-system transition and policy, which can involve commercial food activities such as production, retail, or trade, but the abstract does not identify manufacturing, retail, wholesale trade, or commercial services as a specific sector being examined.","""transition to a healthier and more sustainable food system""",0.00,96.67,2026-09-09_09-59-56_pruned_taxonomy_topdown
2936,00433f83-2348-4737-a9f5-9da1c856aa95,Setting the table – a story of food policy innovation,477,Energy and extractives (Sector),True,,,,,False,False,"Electricity, fuels, energy systems, and resource extraction are not addressed.",,0.00,0.00,2026-09-09_09-59-56_pruned_taxonomy_topdown
2936,00433f83-2348-4737-a9f5-9da1c856aa95,Setting the table – a story of food policy innovation,482,Military (Sector),True,,,,,False,False,The military and defense capabilities are not mentioned or studied.,,0.00,0.00,2026-09-09_09-59-56_pruned_taxonomy_topdown
2936,00433f83-2348-4737-a9f5-9da1c856aa95,Setting the table – a story of food policy innovation,474,"Agriculture, fishing, and forestry (Sector)",True,,,,,True,True,"The guide is fundamentally about policies and methods for transforming the food system, which encompasses agricultural production and food-related resource management, including crop cultivation and livestock or other primary production.","""transition to a healthier and more sustainable food system""",0.00,96.67,2026-09-09_09-59-56_pruned_taxonomy_topdown
2936,00433f83-2348-4737-a9f5-9da1c856aa95,Setting the table – a story of food policy innovation,431,Z_Other evidence synthesis type,True,,,,,False,False,No annotation with this attribute found: reverting to default,,0.00,0.00,2026-09-09_09-59-56_pruned_taxonomy_topdown
2936,00433f83-2348-4737-a9f5-9da1c856aa95,Setting the table – a story of food policy innovation,427,Health technology assessment (HTA),True,,,,,False,False,No annotation with this attribute found: reverting to default,,0.00,0.00,2026-09-09_09-59-56_pruned_taxonomy_topdown
2936,00433f83-2348-4737-a9f5-9da1c856aa95,Setting the table – a story of food policy innovation,428,Meta-analysis (unsystematic),True,,,,,False,False,No annotation with this attribute found: reverting to default,,0.00,0.00,2026-09-09_09-59-56_pruned_taxonomy_topdown
2936,00433f83-2348-4737-a9f5-9da1c856aa95,Setting the table – a story of food policy innovation,390,(Quasi-)Experimental / single-group designs,True,,,,,False,False,No annotation with this attribute found: reverting to default,,0.00,0.00,2026-09-09_09-59-56_pruned_taxonomy_topdown
2936,00433f83-2348-4737-a9f5-9da1c856aa95,Setting the table – a story of food policy innovation,397,Z_Other study design,True,,,,,False,False,No annotation with this attribute found: reverting to default,,0.00,0.00,2026-09-09_09-59-56_pruned_taxonomy_topdown
2936,00433f83-2348-4737-a9f5-9da1c856aa95,Setting the table – a story of food policy innovation,394,Observational / group comparison designs,True,,,,,False,False,No annotation with this attribute found: reverting to default,,0.00,0.00,2026-09-09_09-59-56_pruned_taxonomy_topdown
2936,00433f83-2348-4737-a9f5-9da1c856aa95,Setting the table – a story of food policy innovation,393,Modelling / simulation,True,,,,,False,False,No annotation with this attribute found: reverting to default,,0.00,0.00,2026-09-09_09-59-56_pruned_taxonomy_topdown
2936,00433f83-2348-4737-a9f5-9da1c856aa95,Setting the table – a story of food policy innovation,387,1. Primary research,True,,,,,False,False,"The context describes a policy guide and project conclusion, not a study that collects and analyses new primary data.",This guide is the conclusion to a conversation started by the Nordic prime ministers...,0.00,96.55,2026-09-09_09-59-56_pruned_taxonomy_topdown
2936,00433f83-2348-4737-a9f5-9da1c856aa95,Setting the table – a story of food policy innovation,395,Observational / single-group designs,True,,,,,False,False,No annotation with this attribute found: reverting to default,,0.00,0.00,2026-09-09_09-59-56_pruned_taxonomy_topdown
2936,00433f83-2348-4737-a9f5-9da1c856aa95,Setting the table – a story of food policy innovation,430,Systematic reviews,True,,,,,False,False,No annotation with this attribute found: reverting to default,,0.00,0.00,2026-09-09_09-59-56_pruned_taxonomy_topdown
2936,00433f83-2348-4737-a9f5-9da1c856aa95,Setting the table – a story of food policy innovation,392,Mixed-methods,True,,,,,False,False,No annotation with this attribute found: reverting to default,,0.00,0.00,2026-09-09_09-59-56_pruned_taxonomy_topdown
2936,00433f83-2348-4737-a9f5-9da1c856aa95,Setting the table – a story of food policy innovation,396,Qualitative designs,True,,,,,False,False,No annotation with this attribute found: reverting to default,,0.00,0.00,2026-09-09_09-59-56_pruned_taxonomy_topdown
2936,00433f83-2348-4737-a9f5-9da1c856aa95,Setting the table – a story of food policy innovation,426,Guideline (clinical or public health),True,,,,,True,False,No annotation with this attribute found: reverting to default,,0.00,0.00,2026-09-09_09-59-56_pruned_taxonomy_topdown
2936,00433f83-2348-4737-a9f5-9da1c856aa95,Setting the table – a story of food policy innovation,389,(Quasi-)Experimental / group comparison designs,True,,,,,False,False,No annotation with this attribute found: reverting to default,,0.00,0.00,2026-09-09_09-59-56_pruned_taxonomy_topdown
2936,00433f83-2348-4737-a9f5-9da1c856aa95,Setting the table – a story of food policy innovation,391,Descriptive / single-group designs,True,,,,,False,False,No annotation with this attribute found: reverting to default,,0.00,0.00,2026-09-09_09-59-56_pruned_taxonomy_topdown
2936,00433f83-2348-4737-a9f5-9da1c856aa95,Setting the table – a story of food policy innovation,388,2. Evidence synthesis,True,,,,,True,False,"Although the guide presents methods and insights, it is not described as a review or synthesis of existing studies or literature.","Throughout the pages of this guide, you'll find a diverse array of 11 methods from around the world",0.00,100.00,2026-09-09_09-59-56_pruned_taxonomy_topdown
2936,00433f83-2348-4737-a9f5-9da1c856aa95,Setting the table – a story of food policy innovation,429,Narrative review,True,,,,,False,False,No annotation with this attribute found: reverting to default,,0.00,0.00,2026-09-09_09-59-56_pruned_taxonomy_topdown
2936,00433f83-2348-4737-a9f5-9da1c856aa95,Setting the table – a story of food policy innovation,202,Neurological disorders,True,,,,,False,False,No annotation with this attribute found: reverting to default,,0.00,0.00,2026-09-09_09-59-56_pruned_taxonomy_topdown
2936,00433f83-2348-4737-a9f5-9da1c856aa95,Setting the table – a story of food policy innovation,116,1.1. Total / all-cause mortality (Outcome),True,,,,,False,False,No annotation with this attribute found: reverting to default,,0.00,0.00,2026-09-09_09-59-56_pruned_taxonomy_topdown
2936,00433f83-2348-4737-a9f5-9da1c856aa95,Setting the table – a story of food policy innovation,196,Chronic respiratory diseases,True,,,,,False,False,No annotation with this attribute found: reverting to default,,0.00,0.00,2026-09-09_09-59-56_pruned_taxonomy_topdown
2936,00433f83-2348-4737-a9f5-9da1c856aa95,Setting the table – a story of food policy innovation,206,Z_Other non-communicable diseases,True,,,,,False,False,No annotation with this attribute found: reverting to default,,0.00,0.00,2026-09-09_09-59-56_pruned_taxonomy_topdown
2936,00433f83-2348-4737-a9f5-9da1c856aa95,Setting the table – a story of food policy innovation,117,"1.2. Communicable, maternal, neonatal, and nutritional mortality",True,,,,,False,False,No annotation with this attribute found: reverting to default,,0.00,0.00,2026-09-09_09-59-56_pruned_taxonomy_topdown
2936,00433f83-2348-4737-a9f5-9da1c856aa95,Setting the table – a story of food policy innovation,199,Mental disorders,True,,,,,False,False,No annotation with this attribute found: reverting to default,,0.00,0.00,2026-09-09_09-59-56_pruned_taxonomy_topdown
2936,00433f83-2348-4737-a9f5-9da1c856aa95,Setting the table – a story of food policy innovation,204,Skin and subcutaneous diseases,True,,,,,False,False,No annotation with this attribute found: reverting to default,,0.00,0.00,2026-09-09_09-59-56_pruned_taxonomy_topdown
2936,00433f83-2348-4737-a9f5-9da1c856aa95,Setting the table – a story of food policy innovation,134,HIV/AIDS and sexually transmitted infections,True,,,,,False,False,No annotation with this attribute found: reverting to default,,0.00,0.00,2026-09-09_09-59-56_pruned_taxonomy_topdown
2936,00433f83-2348-4737-a9f5-9da1c856aa95,Setting the table – a story of food policy innovation,137,Nutritional deficiencies,True,,,,,False,False,No annotation with this attribute found: reverting to default,,0.00,0.00,2026-09-09_09-59-56_pruned_taxonomy_topdown
2936,00433f83-2348-4737-a9f5-9da1c856aa95,Setting the table – a story of food policy innovation,200,Musculoskeletal disorders,True,,,,,False,False,No annotation with this attribute found: reverting to default,,0.00,0.00,2026-09-09_09-59-56_pruned_taxonomy_topdown
2936,00433f83-2348-4737-a9f5-9da1c856aa95,Setting the table – a story of food policy innovation,139,Z_Other infectious diseases,True,,,,,False,False,No annotation with this attribute found: reverting to default,,0.00,0.00,2026-09-09_09-59-56_pruned_taxonomy_topdown
2936,00433f83-2348-4737-a9f5-9da1c856aa95,Setting the table – a story of food policy innovation,289,Transport injuries,True,,,,,False,False,No annotation with this attribute found: reverting to default,,0.00,0.00,2026-09-09_09-59-56_pruned_taxonomy_topdown
2936,00433f83-2348-4737-a9f5-9da1c856aa95,Setting the table – a story of food policy innovation,135,Maternal and neonatal disorders,True,,,,,False,False,No annotation with this attribute found: reverting to default,,0.00,0.00,2026-09-09_09-59-56_pruned_taxonomy_topdown
2936,00433f83-2348-4737-a9f5-9da1c856aa95,Setting the table – a story of food policy innovation,136,Neglected tropical diseases and malaria,True,,,,,False,False,No annotation with this attribute found: reverting to default,,0.00,0.00,2026-09-09_09-59-56_pruned_taxonomy_topdown
2936,00433f83-2348-4737-a9f5-9da1c856aa95,Setting the table – a story of food policy innovation,195,Cardiovascular diseases,True,,,,,False,False,No annotation with this attribute found: reverting to default,,0.00,0.00,2026-09-09_09-59-56_pruned_taxonomy_topdown
2936,00433f83-2348-4737-a9f5-9da1c856aa95,Setting the table – a story of food policy innovation,288,Self-harm and interpersonal violence,True,,,,,False,False,No annotation with this attribute found: reverting to default,,0.00,0.00,2026-09-09_09-59-56_pruned_taxonomy_topdown
2936,00433f83-2348-4737-a9f5-9da1c856aa95,Setting the table – a story of food policy innovation,114,3. Non-communicable diseases,True,,,,,False,False,"The guide focuses on policies and methods for transitioning to a healthier and more sustainable food system, not on chronic non-infectious diseases as study outcomes or subjects.",,0.00,0.00,2026-09-09_09-59-56_pruned_taxonomy_topdown
2936,00433f83-2348-4737-a9f5-9da1c856aa95,Setting the table – a story of food policy innovation,112,1. Mortality (Outcome),True,,,,,False,False,"The context does not examine deaths, mortality, causes of death, or fatal disease burden.",,0.00,0.00,2026-09-09_09-59-56_pruned_taxonomy_topdown
2936,00433f83-2348-4737-a9f5-9da1c856aa95,Setting the table – a story of food policy innovation,138,Respiratory infections and tuberculosis,True,,,,,False,False,No annotation with this attribute found: reverting to default,,0.00,0.00,2026-09-09_09-59-56_pruned_taxonomy_topdown
2936,00433f83-2348-4737-a9f5-9da1c856aa95,Setting the table – a story of food policy innovation,290,Unintentional injuries,True,,,,,False,False,No annotation with this attribute found: reverting to default,,0.00,0.00,2026-09-09_09-59-56_pruned_taxonomy_topdown
2936,00433f83-2348-4737-a9f5-9da1c856aa95,Setting the table – a story of food policy innovation,113,"2. Communicable, maternal, neonatal, and nutritional diseases",True,,,,,False,False,"Although the guide concerns food systems and health in broad terms, it does not study infectious, maternal, neonatal, or nutritional conditions as disease outcomes.",,0.00,0.00,2026-09-09_09-59-56_pruned_taxonomy_topdown
2936,00433f83-2348-4737-a9f5-9da1c856aa95,Setting the table – a story of food policy innovation,133,Enteric infections,True,,,,,False,False,No annotation with this attribute found: reverting to default,,0.00,0.00,2026-09-09_09-59-56_pruned_taxonomy_topdown
2936,00433f83-2348-4737-a9f5-9da1c856aa95,Setting the table – a story of food policy innovation,201,Neoplasms,True,,,,,False,False,No annotation with this attribute found: reverting to default,,0.00,0.00,2026-09-09_09-59-56_pruned_taxonomy_topdown
2936,00433f83-2348-4737-a9f5-9da1c856aa95,Setting the table – a story of food policy innovation,118,1.3. Non-communicable mortality,True,,,,,False,False,No annotation with this attribute found: reverting to default,,0.00,0.00,2026-09-09_09-59-56_pruned_taxonomy_topdown
2936,00433f83-2348-4737-a9f5-9da1c856aa95,Setting the table – a story of food policy innovation,205,Substance use disorders,True,,,,,False,False,No annotation with this attribute found: reverting to default,,0.00,0.00,2026-09-09_09-59-56_pruned_taxonomy_topdown
2936,00433f83-2348-4737-a9f5-9da1c856aa95,Setting the table – a story of food policy innovation,197,Diabetes and kidney diseases,True,,,,,False,False,No annotation with this attribute found: reverting to default,,0.00,0.00,2026-09-09_09-59-56_pruned_taxonomy_topdown
2936,00433f83-2348-4737-a9f5-9da1c856aa95,Setting the table – a story of food policy innovation,203,Sense organ diseases,True,,,,,False,False,No annotation with this attribute found: reverting to default,,0.00,0.00,2026-09-09_09-59-56_pruned_taxonomy_topdown
2936,00433f83-2348-4737-a9f5-9da1c856aa95,Setting the table – a story of food policy innovation,115,4. Injuries,True,,,,,False,False,"The context does not address physical harm, injuries, self-harm, violence, conflict, or other external causes of injury.",,0.00,0.00,2026-09-09_09-59-56_pruned_taxonomy_topdown
2936,00433f83-2348-4737-a9f5-9da1c856aa95,Setting the table – a story of food policy innovation,198,Digestive diseases,True,,,,,False,False,No annotation with this attribute found: reverting to default,,0.00,0.00,2026-09-09_09-59-56_pruned_taxonomy_topdown
1102967171,0a5f97bd-ef18-455d-9bd2-9e860c1bb1ed,"Assessment of Future Flood Hazards for Southeastern Texas: Synthesizing Subsidence, Sea‐Level Rise, and Storm Surge Scenarios",36,Coal,True,,,,,False,False,"The study focuses on hurricane-related flooding, land subsidence, sea-level rise, and storm-surge modeling; it does not concern coal or coal combustion.",,0.00,0.00,2026-09-09_09-59-56_pruned_taxonomy_topdown
1102967171,0a5f97bd-ef18-455d-9bd2-9e860c1bb1ed,"Assessment of Future Flood Hazards for Southeastern Texas: Synthesizing Subsidence, Sea‐Level Rise, and Storm Surge Scenarios",35,(Unspecified) fossil fuels,True,,,,,False,False,"Although the study uses an RCP8.5 climate scenario, it does not study fossil-fuel use or combustion in general.",,0.00,0.00,2026-09-09_09-59-56_pruned_taxonomy_topdown
1102967171,0a5f97bd-ef18-455d-9bd2-9e860c1bb1ed,"Assessment of Future Flood Hazards for Southeastern Texas: Synthesizing Subsidence, Sea‐Level Rise, and Storm Surge Scenarios",38,Oil,True,,,,,False,False,"The study does not address liquid fossil fuels, petroleum products, transport, or industrial fuel emissions.",,0.00,0.00,2026-09-09_09-59-56_pruned_taxonomy_topdown
1102967171,0a5f97bd-ef18-455d-9bd2-9e860c1bb1ed,"Assessment of Future Flood Hazards for Southeastern Texas: Synthesizing Subsidence, Sea‐Level Rise, and Storm Surge Scenarios",37,Natural gas,True,,,,,False,False,"The study does not address natural gas, methane, heating, electricity generation, or related leakage risks.",,0.00,0.00,2026-09-09_09-59-56_pruned_taxonomy_topdown
1102967171,0a5f97bd-ef18-455d-9bd2-9e860c1bb1ed,"Assessment of Future Flood Hazards for Southeastern Texas: Synthesizing Subsidence, Sea‐Level Rise, and Storm Surge Scenarios",17,(Unspecified) greenhouse gases,True,,,,,False,False,"The study concerns flooding, subsidence, sea-level rise, and storm surge; it does not study atmospheric greenhouse gases as a subject or exposure.",,0.00,0.00,2026-09-09_09-59-56_pruned_taxonomy_topdown
1102967171,0a5f97bd-ef18-455d-9bd2-9e860c1bb1ed,"Assessment of Future Flood Hazards for Southeastern Texas: Synthesizing Subsidence, Sea‐Level Rise, and Storm Surge Scenarios",18,Carbon dioxide (CO₂),True,,,,,False,False,Carbon dioxide is not mentioned or analyzed. The reference to climate change and RCP8.5 does not make CO₂ a focus of the study.,,0.00,0.00,2026-09-09_09-59-56_pruned_taxonomy_topdown
1102967171,0a5f97bd-ef18-455d-9bd2-9e860c1bb1ed,"Assessment of Future Flood Hazards for Southeastern Texas: Synthesizing Subsidence, Sea‐Level Rise, and Storm Surge Scenarios",22,Ozone-depleting substances / chlorofluorocarbons / hydrochlorofluorocarbons / halons / carbon tetrachloride / methyl chloroform,True,,,,,False,False,The study does not address ozone-depleting compounds regulated under the Montreal Protocol.,,0.00,0.00,2026-09-09_09-59-56_pruned_taxonomy_topdown
1102967171,0a5f97bd-ef18-455d-9bd2-9e860c1bb1ed,"Assessment of Future Flood Hazards for Southeastern Texas: Synthesizing Subsidence, Sea‐Level Rise, and Storm Surge Scenarios",19,Fluorinated gases / hydrofluorocarbons / perfluorocarbons / sulfur hexafluoride / nitrogen trifluoride,True,,,,,False,False,Synthetic industrial greenhouse gases are not mentioned or examined.,,0.00,0.00,2026-09-09_09-59-56_pruned_taxonomy_topdown
1102967171,0a5f97bd-ef18-455d-9bd2-9e860c1bb1ed,"Assessment of Future Flood Hazards for Southeastern Texas: Synthesizing Subsidence, Sea‐Level Rise, and Storm Surge Scenarios",20,Methane (CH₄),True,,,,,False,False,Methane emissions or exposures are not part of the study.,,0.00,0.00,2026-09-09_09-59-56_pruned_taxonomy_topdown
1102967171,0a5f97bd-ef18-455d-9bd2-9e860c1bb1ed,"Assessment of Future Flood Hazards for Southeastern Texas: Synthesizing Subsidence, Sea‐Level Rise, and Storm Surge Scenarios",21,Nitrous oxide (N₂O),True,,,,,False,False,Nitrous oxide is not mentioned or analyzed; the study focuses on coastal flooding hazards.,,0.00,0.00,2026-09-09_09-59-56_pruned_taxonomy_topdown
1102967171,0a5f97bd-ef18-455d-9bd2-9e860c1bb1ed,"Assessment of Future Flood Hazards for Southeastern Texas: Synthesizing Subsidence, Sea‐Level Rise, and Storm Surge Scenarios",23,Particulate matter (PM10) / fine particulate matter (PM2.5) / black/organic carbon / sulfate/nitrate aerosols,True,,,,,False,False,"Particulate matter and airborne particles are not studied as exposures, outcomes, or hazards.",,0.00,0.00,2026-09-09_09-59-56_pruned_taxonomy_topdown
1102967171,0a5f97bd-ef18-455d-9bd2-9e860c1bb1ed,"Assessment of Future Flood Hazards for Southeastern Texas: Synthesizing Subsidence, Sea‐Level Rise, and Storm Surge Scenarios",24,Tropospheric ozone (O₃),True,,,,,False,False,Ozone formed through photochemical reactions is not mentioned or examined.,,0.00,0.00,2026-09-09_09-59-56_pruned_taxonomy_topdown
1102967171,0a5f97bd-ef18-455d-9bd2-9e860c1bb1ed,"Assessment of Future Flood Hazards for Southeastern Texas: Synthesizing Subsidence, Sea‐Level Rise, and Storm Surge Scenarios",26,Extreme cold,True,,,,,False,False,"The study does not address cold temperatures, cold snaps, blizzards, or cold-related health risks.",,0.00,0.00,2026-09-09_09-59-56_pruned_taxonomy_topdown
1102967171,0a5f97bd-ef18-455d-9bd2-9e860c1bb1ed,"Assessment of Future Flood Hazards for Southeastern Texas: Synthesizing Subsidence, Sea‐Level Rise, and Storm Surge Scenarios",27,Extreme heat,True,,,,,False,False,"The study does not examine heatwaves, high temperatures, or heat-related health outcomes.",,0.00,0.00,2026-09-09_09-59-56_pruned_taxonomy_topdown
1102967171,0a5f97bd-ef18-455d-9bd2-9e860c1bb1ed,"Assessment of Future Flood Hazards for Southeastern Texas: Synthesizing Subsidence, Sea‐Level Rise, and Storm Surge Scenarios",28,Extreme precipitation,True,,,,,False,False,"Although flooding is modeled, the study does not focus on unusually intense or prolonged rainfall, snowfall, or other precipitation as the exposure; flooding is primarily associated with storm surge, sea-level rise, and land subsidence.",,0.00,0.00,2026-09-09_09-59-56_pruned_taxonomy_topdown
1102967171,0a5f97bd-ef18-455d-9bd2-9e860c1bb1ed,"Assessment of Future Flood Hazards for Southeastern Texas: Synthesizing Subsidence, Sea‐Level Rise, and Storm Surge Scenarios",30,Floods,True,,,,,True,True,"Flooding and inundation are central outcomes of the study, modeled under storm-surge, sea-level-rise, and subsidence scenarios.",we quantify the extent of flooding hazards,0.00,100.00,2026-09-09_09-59-56_pruned_taxonomy_topdown
1102967171,0a5f97bd-ef18-455d-9bd2-9e860c1bb1ed,"Assessment of Future Flood Hazards for Southeastern Texas: Synthesizing Subsidence, Sea‐Level Rise, and Storm Surge Scenarios",33,Wildfires,True,,,,,False,False,"The study does not address uncontrolled vegetation fires, wildfire smoke, or fire-related air pollution.",,0.00,0.00,2026-09-09_09-59-56_pruned_taxonomy_topdown
1102967171,0a5f97bd-ef18-455d-9bd2-9e860c1bb1ed,"Assessment of Future Flood Hazards for Southeastern Texas: Synthesizing Subsidence, Sea‐Level Rise, and Storm Surge Scenarios",25,Droughts,True,,,,,False,False,"The study does not examine prolonged water deficits, drought, reduced water availability, or related health and livelihood impacts.",,0.00,0.00,2026-09-09_09-59-56_pruned_taxonomy_topdown
1102967171,0a5f97bd-ef18-455d-9bd2-9e860c1bb1ed,"Assessment of Future Flood Hazards for Southeastern Texas: Synthesizing Subsidence, Sea‐Level Rise, and Storm Surge Scenarios",29,Extreme snow/ice events,True,,,,,False,False,The study does not address severe snow or ice conditions.,,0.00,0.00,2026-09-09_09-59-56_pruned_taxonomy_topdown
1102967171,0a5f97bd-ef18-455d-9bd2-9e860c1bb1ed,"Assessment of Future Flood Hazards for Southeastern Texas: Synthesizing Subsidence, Sea‐Level Rise, and Storm Surge Scenarios",31,Sand and dust storms,True,,,,,False,False,The study does not address wind-driven sand or dust events.,,0.00,0.00,2026-09-09_09-59-56_pruned_taxonomy_topdown
1102967171,0a5f97bd-ef18-455d-9bd2-9e860c1bb1ed,"Assessment of Future Flood Hazards for Southeastern Texas: Synthesizing Subsidence, Sea‐Level Rise, and Storm Surge Scenarios",32,Storms and severe wind,True,,,,,True,True,"Hurricanes and storm surge scenarios are a central component of the hazard assessment, fitting the concept for intense meteorological events such as tropical cyclones.",Recent hurricanes highlight shortcomings of flood resilience plans in Texas,0.00,100.00,2026-09-09_09-59-56_pruned_taxonomy_topdown
1102967171,0a5f97bd-ef18-455d-9bd2-9e860c1bb1ed,"Assessment of Future Flood Hazards for Southeastern Texas: Synthesizing Subsidence, Sea‐Level Rise, and Storm Surge Scenarios",34,Z_(Unspecified) extreme weather events,True,,,,,False,False,"The extreme weather type is identified specifically as hurricanes, so the nonspecific extreme-weather category does not apply.",Recent hurricanes,0.00,100.00,2026-09-09_09-59-56_pruned_taxonomy_topdown
1102967171,0a5f97bd-ef18-455d-9bd2-9e860c1bb1ed,"Assessment of Future Flood Hazards for Southeastern Texas: Synthesizing Subsidence, Sea‐Level Rise, and Storm Surge Scenarios",493,Attribution,True,,,,,False,False,"The study projects future flooding using sea-level rise, subsidence, and storm-surge scenarios; it does not establish the causal contribution of climate change to observed physical or health outcomes.",,0.00,0.00,2026-09-09_09-59-56_pruned_taxonomy_topdown
1102967171,0a5f97bd-ef18-455d-9bd2-9e860c1bb1ed,"Assessment of Future Flood Hazards for Southeastern Texas: Synthesizing Subsidence, Sea‐Level Rise, and Storm Surge Scenarios",487,Adaptation,True,,,,,True,True,"The study models sea-level rise, subsidence, and storm-surge flooding to support improved community flood resilience planning, which is climate adaptation and risk management.",These models enable communities to improve flood resiliency plans.,0.00,100.00,2026-09-09_09-59-56_pruned_taxonomy_topdown
1102967171,0a5f97bd-ef18-455d-9bd2-9e860c1bb1ed,"Assessment of Future Flood Hazards for Southeastern Texas: Synthesizing Subsidence, Sea‐Level Rise, and Storm Surge Scenarios",490,Maladaptation,True,,,,,False,False,"The study notes that existing plans may be insufficient or worsen under future conditions, but it does not analyze a specific adaptation action that inadvertently increases vulnerability or creates new risks.",Recent hurricanes highlight shortcomings of flood resilience plans in Texas that can worsen with climate change and rising seas.,0.00,100.00,2026-09-09_09-59-56_pruned_taxonomy_topdown
1102967171,0a5f97bd-ef18-455d-9bd2-9e860c1bb1ed,"Assessment of Future Flood Hazards for Southeastern Texas: Synthesizing Subsidence, Sea‐Level Rise, and Storm Surge Scenarios",495,Loss and damage,True,,,,,False,False,"Although substantial future inundation is projected, the abstract does not describe unavoidable, irreversible losses or damages, nor does it frame the impacts as beyond the reach of adaptation.",,0.00,0.00,2026-09-09_09-59-56_pruned_taxonomy_topdown
1102967171,0a5f97bd-ef18-455d-9bd2-9e860c1bb1ed,"Assessment of Future Flood Hazards for Southeastern Texas: Synthesizing Subsidence, Sea‐Level Rise, and Storm Surge Scenarios",492,Resilience,True,,,,,True,True,Flood resilience and the capacity of communities to withstand and adapt to flooding are central to the study's focus.,These models enable communities to improve flood resiliency plans.,0.00,100.00,2026-09-09_09-59-56_pruned_taxonomy_topdown
1102967171,0a5f97bd-ef18-455d-9bd2-9e860c1bb1ed,"Assessment of Future Flood Hazards for Southeastern Texas: Synthesizing Subsidence, Sea‐Level Rise, and Storm Surge Scenarios",489,Mitigation,True,,,,,False,False,"The study does not examine greenhouse-gas emissions, fossil fuels, or actions to reduce emissions. RCP8.5 is used only as a climate scenario.",,0.00,0.00,2026-09-09_09-59-56_pruned_taxonomy_topdown
1102967171,0a5f97bd-ef18-455d-9bd2-9e860c1bb1ed,"Assessment of Future Flood Hazards for Southeastern Texas: Synthesizing Subsidence, Sea‐Level Rise, and Storm Surge Scenarios",491,Preparedness,True,,,,,False,True,"The study supports forward-looking adaptation planning by modeling future inundation hazards for 2030, 2050, and 2100 to inform improved flood resilience plans.",These models enable communities to improve flood resiliency plans.,0.00,100.00,2026-09-09_09-59-56_pruned_taxonomy_topdown
1102967171,0a5f97bd-ef18-455d-9bd2-9e860c1bb1ed,"Assessment of Future Flood Hazards for Southeastern Texas: Synthesizing Subsidence, Sea‐Level Rise, and Storm Surge Scenarios",494,Future impact,True,,,,,True,True,"The study explicitly models projected future flooding hazards under sea-level rise, subsidence, storm surge, and an RCP8.5 scenario for multiple future years.","By the year 2100, over 76 km 2 are projected to subside below sea level.",0.00,100.00,2026-09-09_09-59-56_pruned_taxonomy_topdown
1102967171,0a5f97bd-ef18-455d-9bd2-9e860c1bb1ed,"Assessment of Future Flood Hazards for Southeastern Texas: Synthesizing Subsidence, Sea‐Level Rise, and Storm Surge Scenarios",496,Co-Benefits,True,,,,,False,False,No annotation with this attribute found: reverting to default,,0.00,0.00,2026-09-09_09-59-56_pruned_taxonomy_topdown
1102967171,0a5f97bd-ef18-455d-9bd2-9e860c1bb1ed,"Assessment of Future Flood Hazards for Southeastern Texas: Synthesizing Subsidence, Sea‐Level Rise, and Storm Surge Scenarios",488,Impact,True,,,,,True,True,The study characterizes projected effects of climate-related hazards—sea-level rise and storm surge—together with subsidence on flooding and affected areas.,"Combining vertical land motion (VLM) with sea-level rise (SLR) projections and storm surge scenarios for the years 2030, 2050, and 2100, we quantify the extent of flooding hazards.",0.00,99.44,2026-09-09_09-59-56_pruned_taxonomy_topdown
1102967171,0a5f97bd-ef18-455d-9bd2-9e860c1bb1ed,"Assessment of Future Flood Hazards for Southeastern Texas: Synthesizing Subsidence, Sea‐Level Rise, and Storm Surge Scenarios",6,(Unspecified) changes in weather,True,,,,,False,False,"The study does not examine broad changes in weather patterns; it focuses on sea-level rise, land subsidence, and storm-surge inundation.",,0.00,0.00,2026-09-09_09-59-56_pruned_taxonomy_topdown
1102967171,0a5f97bd-ef18-455d-9bd2-9e860c1bb1ed,"Assessment of Future Flood Hazards for Southeastern Texas: Synthesizing Subsidence, Sea‐Level Rise, and Storm Surge Scenarios",15,Changes in wind speed,True,,,,,False,False,"Although hurricanes and storm surge are mentioned, the study does not analyze alterations in wind patterns or wind velocity.",,0.00,0.00,2026-09-09_09-59-56_pruned_taxonomy_topdown
1102967171,0a5f97bd-ef18-455d-9bd2-9e860c1bb1ed,"Assessment of Future Flood Hazards for Southeastern Texas: Synthesizing Subsidence, Sea‐Level Rise, and Storm Surge Scenarios",13,Changes in season length,True,,,,,False,False,Seasonal duration or shifts in spring and summer timing are not addressed.,,0.00,0.00,2026-09-09_09-59-56_pruned_taxonomy_topdown
1102967171,0a5f97bd-ef18-455d-9bd2-9e860c1bb1ed,"Assessment of Future Flood Hazards for Southeastern Texas: Synthesizing Subsidence, Sea‐Level Rise, and Storm Surge Scenarios",7,(Unspecified) climate change,True,,,,,False,True,"Climate change is explicitly identified as a general aggravating factor, without the study attributing the relevant change to a specific climate mechanism beyond the separately modeled sea-level rise.",flood resilience plans in Texas that can worsen with climate change and rising seas,0.00,100.00,2026-09-09_09-59-56_pruned_taxonomy_topdown
1102967171,0a5f97bd-ef18-455d-9bd2-9e860c1bb1ed,"Assessment of Future Flood Hazards for Southeastern Texas: Synthesizing Subsidence, Sea‐Level Rise, and Storm Surge Scenarios",16,Climate variability,True,,,,,False,False,The study models projected sea-level rise and storm-surge scenarios rather than broader fluctuations in climate conditions around a long-term average.,,0.00,0.00,2026-09-09_09-59-56_pruned_taxonomy_topdown
1102967171,0a5f97bd-ef18-455d-9bd2-9e860c1bb1ed,"Assessment of Future Flood Hazards for Southeastern Texas: Synthesizing Subsidence, Sea‐Level Rise, and Storm Surge Scenarios",9,Changes in humidity,True,,,,,False,False,Atmospheric moisture or humidity changes are not examined.,,0.00,0.00,2026-09-09_09-59-56_pruned_taxonomy_topdown
1102967171,0a5f97bd-ef18-455d-9bd2-9e860c1bb1ed,"Assessment of Future Flood Hazards for Southeastern Texas: Synthesizing Subsidence, Sea‐Level Rise, and Storm Surge Scenarios",12,Changes in sea level,True,,,,,True,True,"Sea-level rise is a central exposure in the flooding hazard projections, including its interaction with land subsidence and storm surge.",Combining vertical land motion (VLM) with sea-level rise (SLR) projections and storm surge scenarios,0.00,99.00,2026-09-09_09-59-56_pruned_taxonomy_topdown
1102967171,0a5f97bd-ef18-455d-9bd2-9e860c1bb1ed,"Assessment of Future Flood Hazards for Southeastern Texas: Synthesizing Subsidence, Sea‐Level Rise, and Storm Surge Scenarios",11,Changes in precipitation,True,,,,,False,False,"Rainfall or snowfall changes, precipitation timing, and precipitation-related flooding are not the focus; the modeled flooding is driven by storm surge, subsidence, and sea-level rise.",,0.00,0.00,2026-09-09_09-59-56_pruned_taxonomy_topdown
1102967171,0a5f97bd-ef18-455d-9bd2-9e860c1bb1ed,"Assessment of Future Flood Hazards for Southeastern Texas: Synthesizing Subsidence, Sea‐Level Rise, and Storm Surge Scenarios",10,Changes in inland water bodies,True,,,,,False,False,"The study does not address climate-driven changes in freshwater systems, river flows, lake levels, or water availability.",,0.00,0.00,2026-09-09_09-59-56_pruned_taxonomy_topdown
1102967171,0a5f97bd-ef18-455d-9bd2-9e860c1bb1ed,"Assessment of Future Flood Hazards for Southeastern Texas: Synthesizing Subsidence, Sea‐Level Rise, and Storm Surge Scenarios",14,Changes in temperature,True,,,,,False,False,Temperature trends or changes in average or extreme temperatures are not analyzed.,,0.00,0.00,2026-09-09_09-59-56_pruned_taxonomy_topdown
1102967171,0a5f97bd-ef18-455d-9bd2-9e860c1bb1ed,"Assessment of Future Flood Hazards for Southeastern Texas: Synthesizing Subsidence, Sea‐Level Rise, and Storm Surge Scenarios",8,Changes in glacier / snow melt,True,,,,,False,False,Glacier or snowpack melting is not discussed.,,0.00,0.00,2026-09-09_09-59-56_pruned_taxonomy_topdown
1102967171,0a5f97bd-ef18-455d-9bd2-9e860c1bb1ed,"Assessment of Future Flood Hazards for Southeastern Texas: Synthesizing Subsidence, Sea‐Level Rise, and Storm Surge Scenarios",476,Education (Sector),True,,,,,False,False,The study models flooding hazards and resilience planning; it does not examine formal or informal education systems.,,0.00,0.00,2026-09-09_09-59-56_pruned_taxonomy_topdown
1102967171,0a5f97bd-ef18-455d-9bd2-9e860c1bb1ed,"Assessment of Future Flood Hazards for Southeastern Texas: Synthesizing Subsidence, Sea‐Level Rise, and Storm Surge Scenarios",485,Transportation (Sector),True,,,,,False,False,"Transport systems, infrastructure, vehicles, and logistics are not subjects of the study.",,0.00,0.00,2026-09-09_09-59-56_pruned_taxonomy_topdown
1102967171,0a5f97bd-ef18-455d-9bd2-9e860c1bb1ed,"Assessment of Future Flood Hazards for Southeastern Texas: Synthesizing Subsidence, Sea‐Level Rise, and Storm Surge Scenarios",483,Public administration (Sector),True,,,,,False,False,"Although communities' flood resilience plans are mentioned, the study does not examine public-administration operations, services, or workforce.",,0.00,0.00,2026-09-09_09-59-56_pruned_taxonomy_topdown
1102967171,0a5f97bd-ef18-455d-9bd2-9e860c1bb1ed,"Assessment of Future Flood Hazards for Southeastern Texas: Synthesizing Subsidence, Sea‐Level Rise, and Storm Surge Scenarios",479,Healthcare (Sector),True,,,,,False,False,"Medical care, public health services, and health infrastructure are not examined.",,0.00,0.00,2026-09-09_09-59-56_pruned_taxonomy_topdown
1102967171,0a5f97bd-ef18-455d-9bd2-9e860c1bb1ed,"Assessment of Future Flood Hazards for Southeastern Texas: Synthesizing Subsidence, Sea‐Level Rise, and Storm Surge Scenarios",486,"Water, sanitation, and waste management (Sector)",True,,,,,False,False,"Water supply, sewage treatment, and solid waste management are not study subjects; the modeled water exposure is coastal flooding and sea-level rise.",,0.00,0.00,2026-09-09_09-59-56_pruned_taxonomy_topdown
1102967171,0a5f97bd-ef18-455d-9bd2-9e860c1bb1ed,"Assessment of Future Flood Hazards for Southeastern Texas: Synthesizing Subsidence, Sea‐Level Rise, and Storm Surge Scenarios",475,Buildings / housing (Sector),True,,,,,False,False,"Buildings, housing provision, and construction are not analyzed as sectors or assets.",,0.00,0.00,2026-09-09_09-59-56_pruned_taxonomy_topdown
1102967171,0a5f97bd-ef18-455d-9bd2-9e860c1bb1ed,"Assessment of Future Flood Hazards for Southeastern Texas: Synthesizing Subsidence, Sea‐Level Rise, and Storm Surge Scenarios",478,Finance (Sector),True,,,,,False,False,"Banking, insurance, investment, and financial services are not addressed.",,0.00,0.00,2026-09-09_09-59-56_pruned_taxonomy_topdown
1102967171,0a5f97bd-ef18-455d-9bd2-9e860c1bb1ed,"Assessment of Future Flood Hazards for Southeastern Texas: Synthesizing Subsidence, Sea‐Level Rise, and Storm Surge Scenarios",484,Social protection (Sector),True,,,,,False,False,"Social safety nets, welfare services, and support systems are not examined.",,0.00,0.00,2026-09-09_09-59-56_pruned_taxonomy_topdown
1102967171,0a5f97bd-ef18-455d-9bd2-9e860c1bb1ed,"Assessment of Future Flood Hazards for Southeastern Texas: Synthesizing Subsidence, Sea‐Level Rise, and Storm Surge Scenarios",481,Information and communications technologies (Sector),True,,,,,False,False,"Telecommunications, digital infrastructure, and information technology are not study subjects; satellite and geospatial technologies are used only as measurement methods.",,0.00,0.00,2026-09-09_09-59-56_pruned_taxonomy_topdown
1102967171,0a5f97bd-ef18-455d-9bd2-9e860c1bb1ed,"Assessment of Future Flood Hazards for Southeastern Texas: Synthesizing Subsidence, Sea‐Level Rise, and Storm Surge Scenarios",480,"Industry, trade, and services (Sector)",True,,,,,False,False,"Manufacturing, retail, wholesale trade, and commercial services are not examined.",,0.00,0.00,2026-09-09_09-59-56_pruned_taxonomy_topdown
1102967171,0a5f97bd-ef18-455d-9bd2-9e860c1bb1ed,"Assessment of Future Flood Hazards for Southeastern Texas: Synthesizing Subsidence, Sea‐Level Rise, and Storm Surge Scenarios",477,Energy and extractives (Sector),True,,,,,False,False,"Electricity generation, fuel production, resource extraction, and energy systems are not addressed.",,0.00,0.00,2026-09-09_09-59-56_pruned_taxonomy_topdown
1102967171,0a5f97bd-ef18-455d-9bd2-9e860c1bb1ed,"Assessment of Future Flood Hazards for Southeastern Texas: Synthesizing Subsidence, Sea‐Level Rise, and Storm Surge Scenarios",482,Military (Sector),True,,,,,False,False,"Military forces, defense capabilities, personnel, equipment, operations, and infrastructure are not addressed.",,0.00,0.00,2026-09-09_09-59-56_pruned_taxonomy_topdown
1102967171,0a5f97bd-ef18-455d-9bd2-9e860c1bb1ed,"Assessment of Future Flood Hazards for Southeastern Texas: Synthesizing Subsidence, Sea‐Level Rise, and Storm Surge Scenarios",474,"Agriculture, fishing, and forestry (Sector)",True,,,,,False,False,"Crop cultivation, livestock, aquaculture, fishing, and forest management are not examined.",,0.00,0.00,2026-09-09_09-59-56_pruned_taxonomy_topdown
1102967171,0a5f97bd-ef18-455d-9bd2-9e860c1bb1ed,"Assessment of Future Flood Hazards for Southeastern Texas: Synthesizing Subsidence, Sea‐Level Rise, and Storm Surge Scenarios",431,Z_Other evidence synthesis type,True,,,,,False,False,No annotation with this attribute found: reverting to default,,0.00,0.00,2026-09-09_09-59-56_pruned_taxonomy_topdown
1102967171,0a5f97bd-ef18-455d-9bd2-9e860c1bb1ed,"Assessment of Future Flood Hazards for Southeastern Texas: Synthesizing Subsidence, Sea‐Level Rise, and Storm Surge Scenarios",427,Health technology assessment (HTA),True,,,,,False,False,No annotation with this attribute found: reverting to default,,0.00,0.00,2026-09-09_09-59-56_pruned_taxonomy_topdown
1102967171,0a5f97bd-ef18-455d-9bd2-9e860c1bb1ed,"Assessment of Future Flood Hazards for Southeastern Texas: Synthesizing Subsidence, Sea‐Level Rise, and Storm Surge Scenarios",428,Meta-analysis (unsystematic),True,,,,,False,False,No annotation with this attribute found: reverting to default,,0.00,0.00,2026-09-09_09-59-56_pruned_taxonomy_topdown
1102967171,0a5f97bd-ef18-455d-9bd2-9e860c1bb1ed,"Assessment of Future Flood Hazards for Southeastern Texas: Synthesizing Subsidence, Sea‐Level Rise, and Storm Surge Scenarios",390,(Quasi-)Experimental / single-group designs,True,,,,,False,False,The study does not apply an intervention to a single group; it uses observational geospatial data and scenario modelling.,,0.00,0.00,2026-09-09_09-59-56_pruned_taxonomy_topdown
1102967171,0a5f97bd-ef18-455d-9bd2-9e860c1bb1ed,"Assessment of Future Flood Hazards for Southeastern Texas: Synthesizing Subsidence, Sea‐Level Rise, and Storm Surge Scenarios",397,Z_Other study design,True,,,,,False,False,The study is captured by the specific modelling design category rather than being an uncategorized primary research design.,,0.00,0.00,2026-09-09_09-59-56_pruned_taxonomy_topdown
1102967171,0a5f97bd-ef18-455d-9bd2-9e860c1bb1ed,"Assessment of Future Flood Hazards for Southeastern Texas: Synthesizing Subsidence, Sea‐Level Rise, and Storm Surge Scenarios",394,Observational / group comparison designs,True,,,,,False,False,It does not compare health outcomes between exposure-defined groups; it models flooding hazards under different scenarios.,,0.00,0.00,2026-09-09_09-59-56_pruned_taxonomy_topdown
1102967171,0a5f97bd-ef18-455d-9bd2-9e860c1bb1ed,"Assessment of Future Flood Hazards for Southeastern Texas: Synthesizing Subsidence, Sea‐Level Rise, and Storm Surge Scenarios",393,Modelling / simulation,True,,,,,True,True,"The study uses computational and scenario-based models combining land motion, sea-level rise, and storm surge projections to estimate future flooding impacts.","""multiple inundation and flooding scenarios are modeled""",0.00,96.43,2026-09-09_09-59-56_pruned_taxonomy_topdown
1102967171,0a5f97bd-ef18-455d-9bd2-9e860c1bb1ed,"Assessment of Future Flood Hazards for Southeastern Texas: Synthesizing Subsidence, Sea‐Level Rise, and Storm Surge Scenarios",387,1. Primary research,True,,,,,True,True,"This is an original modeling study that uses GNSS, satellite imagery, LIDAR, and scenario-based analyses to generate new projections of flooding hazards.","Combining vertical land motion (VLM) with sea‐level rise (SLR) projections and storm surge scenarios for the years 2030, 2050, and 2100, we quantify the extent of flooding hazards.",0.00,100.00,2026-09-09_09-59-56_pruned_taxonomy_topdown
1102967171,0a5f97bd-ef18-455d-9bd2-9e860c1bb1ed,"Assessment of Future Flood Hazards for Southeastern Texas: Synthesizing Subsidence, Sea‐Level Rise, and Storm Surge Scenarios",395,Observational / single-group designs,True,,,,,False,False,The study does not track outcomes over time in a single group; it projects future conditions using modelled scenarios.,,0.00,0.00,2026-09-09_09-59-56_pruned_taxonomy_topdown
1102967171,0a5f97bd-ef18-455d-9bd2-9e860c1bb1ed,"Assessment of Future Flood Hazards for Southeastern Texas: Synthesizing Subsidence, Sea‐Level Rise, and Storm Surge Scenarios",430,Systematic reviews,True,,,,,False,False,No annotation with this attribute found: reverting to default,,0.00,0.00,2026-09-09_09-59-56_pruned_taxonomy_topdown
1102967171,0a5f97bd-ef18-455d-9bd2-9e860c1bb1ed,"Assessment of Future Flood Hazards for Southeastern Texas: Synthesizing Subsidence, Sea‐Level Rise, and Storm Surge Scenarios",392,Mixed-methods,True,,,,,False,False,"The abstract describes quantitative geospatial analysis and modelling, with no qualitative data collection or analysis.",,0.00,0.00,2026-09-09_09-59-56_pruned_taxonomy_topdown
1102967171,0a5f97bd-ef18-455d-9bd2-9e860c1bb1ed,"Assessment of Future Flood Hazards for Southeastern Texas: Synthesizing Subsidence, Sea‐Level Rise, and Storm Surge Scenarios",396,Qualitative designs,True,,,,,False,False,"There is no qualitative exploration of meanings, experiences, or contextual factors.",,0.00,0.00,2026-09-09_09-59-56_pruned_taxonomy_topdown
1102967171,0a5f97bd-ef18-455d-9bd2-9e860c1bb1ed,"Assessment of Future Flood Hazards for Southeastern Texas: Synthesizing Subsidence, Sea‐Level Rise, and Storm Surge Scenarios",426,Guideline (clinical or public health),True,,,,,False,False,No annotation with this attribute found: reverting to default,,0.00,0.00,2026-09-09_09-59-56_pruned_taxonomy_topdown
1102967171,0a5f97bd-ef18-455d-9bd2-9e860c1bb1ed,"Assessment of Future Flood Hazards for Southeastern Texas: Synthesizing Subsidence, Sea‐Level Rise, and Storm Surge Scenarios",389,(Quasi-)Experimental / group comparison designs,True,,,,,False,False,The study does not evaluate an intervention using intervention and control groups.,,0.00,0.00,2026-09-09_09-59-56_pruned_taxonomy_topdown
1102967171,0a5f97bd-ef18-455d-9bd2-9e860c1bb1ed,"Assessment of Future Flood Hazards for Southeastern Texas: Synthesizing Subsidence, Sea‐Level Rise, and Storm Surge Scenarios",391,Descriptive / single-group designs,True,,,,,False,False,"Although it quantifies projected flooding extent, this is conducted through scenario modelling rather than descriptive analysis of a single group without temporal manipulation.",,0.00,0.00,2026-09-09_09-59-56_pruned_taxonomy_topdown
1102967171,0a5f97bd-ef18-455d-9bd2-9e860c1bb1ed,"Assessment of Future Flood Hazards for Southeastern Texas: Synthesizing Subsidence, Sea‐Level Rise, and Storm Surge Scenarios",388,2. Evidence synthesis,True,,,,,False,False,The study does not review or synthesise existing studies or literature; it performs original data collection and modeling of flooding scenarios in Texas.,,0.00,0.00,2026-09-09_09-59-56_pruned_taxonomy_topdown
1102967171,0a5f97bd-ef18-455d-9bd2-9e860c1bb1ed,"Assessment of Future Flood Hazards for Southeastern Texas: Synthesizing Subsidence, Sea‐Level Rise, and Storm Surge Scenarios",429,Narrative review,True,,,,,False,False,No annotation with this attribute found: reverting to default,,0.00,0.00,2026-09-09_09-59-56_pruned_taxonomy_topdown
1102967171,0a5f97bd-ef18-455d-9bd2-9e860c1bb1ed,"Assessment of Future Flood Hazards for Southeastern Texas: Synthesizing Subsidence, Sea‐Level Rise, and Storm Surge Scenarios",202,Neurological disorders,True,,,,,False,False,No annotation with this attribute found: reverting to default,,0.00,0.00,2026-09-09_09-59-56_pruned_taxonomy_topdown
1102967171,0a5f97bd-ef18-455d-9bd2-9e860c1bb1ed,"Assessment of Future Flood Hazards for Southeastern Texas: Synthesizing Subsidence, Sea‐Level Rise, and Storm Surge Scenarios",116,1.1. Total / all-cause mortality (Outcome),True,,,,,False,False,No annotation with this attribute found: reverting to default,,0.00,0.00,2026-09-09_09-59-56_pruned_taxonomy_topdown
1102967171,0a5f97bd-ef18-455d-9bd2-9e860c1bb1ed,"Assessment of Future Flood Hazards for Southeastern Texas: Synthesizing Subsidence, Sea‐Level Rise, and Storm Surge Scenarios",196,Chronic respiratory diseases,True,,,,,False,False,No annotation with this attribute found: reverting to default,,0.00,0.00,2026-09-09_09-59-56_pruned_taxonomy_topdown
1102967171,0a5f97bd-ef18-455d-9bd2-9e860c1bb1ed,"Assessment of Future Flood Hazards for Southeastern Texas: Synthesizing Subsidence, Sea‐Level Rise, and Storm Surge Scenarios",206,Z_Other non-communicable diseases,True,,,,,False,False,No annotation with this attribute found: reverting to default,,0.00,0.00,2026-09-09_09-59-56_pruned_taxonomy_topdown
1102967171,0a5f97bd-ef18-455d-9bd2-9e860c1bb1ed,"Assessment of Future Flood Hazards for Southeastern Texas: Synthesizing Subsidence, Sea‐Level Rise, and Storm Surge Scenarios",117,"1.2. Communicable, maternal, neonatal, and nutritional mortality",True,,,,,False,False,No annotation with this attribute found: reverting to default,,0.00,0.00,2026-09-09_09-59-56_pruned_taxonomy_topdown
1102967171,0a5f97bd-ef18-455d-9bd2-9e860c1bb1ed,"Assessment of Future Flood Hazards for Southeastern Texas: Synthesizing Subsidence, Sea‐Level Rise, and Storm Surge Scenarios",199,Mental disorders,True,,,,,False,False,No annotation with this attribute found: reverting to default,,0.00,0.00,2026-09-09_09-59-56_pruned_taxonomy_topdown
1102967171,0a5f97bd-ef18-455d-9bd2-9e860c1bb1ed,"Assessment of Future Flood Hazards for Southeastern Texas: Synthesizing Subsidence, Sea‐Level Rise, and Storm Surge Scenarios",204,Skin and subcutaneous diseases,True,,,,,False,False,No annotation with this attribute found: reverting to default,,0.00,0.00,2026-09-09_09-59-56_pruned_taxonomy_topdown
1102967171,0a5f97bd-ef18-455d-9bd2-9e860c1bb1ed,"Assessment of Future Flood Hazards for Southeastern Texas: Synthesizing Subsidence, Sea‐Level Rise, and Storm Surge Scenarios",134,HIV/AIDS and sexually transmitted infections,True,,,,,False,False,No annotation with this attribute found: reverting to default,,0.00,0.00,2026-09-09_09-59-56_pruned_taxonomy_topdown
1102967171,0a5f97bd-ef18-455d-9bd2-9e860c1bb1ed,"Assessment of Future Flood Hazards for Southeastern Texas: Synthesizing Subsidence, Sea‐Level Rise, and Storm Surge Scenarios",137,Nutritional deficiencies,True,,,,,False,False,No annotation with this attribute found: reverting to default,,0.00,0.00,2026-09-09_09-59-56_pruned_taxonomy_topdown
1102967171,0a5f97bd-ef18-455d-9bd2-9e860c1bb1ed,"Assessment of Future Flood Hazards for Southeastern Texas: Synthesizing Subsidence, Sea‐Level Rise, and Storm Surge Scenarios",200,Musculoskeletal disorders,True,,,,,False,False,No annotation with this attribute found: reverting to default,,0.00,0.00,2026-09-09_09-59-56_pruned_taxonomy_topdown
1102967171,0a5f97bd-ef18-455d-9bd2-9e860c1bb1ed,"Assessment of Future Flood Hazards for Southeastern Texas: Synthesizing Subsidence, Sea‐Level Rise, and Storm Surge Scenarios",139,Z_Other infectious diseases,True,,,,,False,False,No annotation with this attribute found: reverting to default,,0.00,0.00,2026-09-09_09-59-56_pruned_taxonomy_topdown
1102967171,0a5f97bd-ef18-455d-9bd2-9e860c1bb1ed,"Assessment of Future Flood Hazards for Southeastern Texas: Synthesizing Subsidence, Sea‐Level Rise, and Storm Surge Scenarios",289,Transport injuries,True,,,,,False,False,No annotation with this attribute found: reverting to default,,0.00,0.00,2026-09-09_09-59-56_pruned_taxonomy_topdown
1102967171,0a5f97bd-ef18-455d-9bd2-9e860c1bb1ed,"Assessment of Future Flood Hazards for Southeastern Texas: Synthesizing Subsidence, Sea‐Level Rise, and Storm Surge Scenarios",135,Maternal and neonatal disorders,True,,,,,False,False,No annotation with this attribute found: reverting to default,,0.00,0.00,2026-09-09_09-59-56_pruned_taxonomy_topdown
1102967171,0a5f97bd-ef18-455d-9bd2-9e860c1bb1ed,"Assessment of Future Flood Hazards for Southeastern Texas: Synthesizing Subsidence, Sea‐Level Rise, and Storm Surge Scenarios",136,Neglected tropical diseases and malaria,True,,,,,False,False,No annotation with this attribute found: reverting to default,,0.00,0.00,2026-09-09_09-59-56_pruned_taxonomy_topdown
1102967171,0a5f97bd-ef18-455d-9bd2-9e860c1bb1ed,"Assessment of Future Flood Hazards for Southeastern Texas: Synthesizing Subsidence, Sea‐Level Rise, and Storm Surge Scenarios",195,Cardiovascular diseases,True,,,,,False,False,No annotation with this attribute found: reverting to default,,0.00,0.00,2026-09-09_09-59-56_pruned_taxonomy_topdown
1102967171,0a5f97bd-ef18-455d-9bd2-9e860c1bb1ed,"Assessment of Future Flood Hazards for Southeastern Texas: Synthesizing Subsidence, Sea‐Level Rise, and Storm Surge Scenarios",288,Self-harm and interpersonal violence,True,,,,,False,False,No annotation with this attribute found: reverting to default,,0.00,0.00,2026-09-09_09-59-56_pruned_taxonomy_topdown
1102967171,0a5f97bd-ef18-455d-9bd2-9e860c1bb1ed,"Assessment of Future Flood Hazards for Southeastern Texas: Synthesizing Subsidence, Sea‐Level Rise, and Storm Surge Scenarios",114,3. Non-communicable diseases,True,,,,,False,False,"The study models flooding, land subsidence, sea-level rise, and storm-surge hazards; it does not examine chronic non-infectious diseases or related health outcomes.",,0.00,0.00,2026-09-09_09-59-56_pruned_taxonomy_topdown
1102967171,0a5f97bd-ef18-455d-9bd2-9e860c1bb1ed,"Assessment of Future Flood Hazards for Southeastern Texas: Synthesizing Subsidence, Sea‐Level Rise, and Storm Surge Scenarios",112,1. Mortality (Outcome),True,,,,,False,False,"The study does not assess deaths, mortality rates, causes of death, or fatal disease burden.",,0.00,0.00,2026-09-09_09-59-56_pruned_taxonomy_topdown
1102967171,0a5f97bd-ef18-455d-9bd2-9e860c1bb1ed,"Assessment of Future Flood Hazards for Southeastern Texas: Synthesizing Subsidence, Sea‐Level Rise, and Storm Surge Scenarios",138,Respiratory infections and tuberculosis,True,,,,,False,False,No annotation with this attribute found: reverting to default,,0.00,0.00,2026-09-09_09-59-56_pruned_taxonomy_topdown
1102967171,0a5f97bd-ef18-455d-9bd2-9e860c1bb1ed,"Assessment of Future Flood Hazards for Southeastern Texas: Synthesizing Subsidence, Sea‐Level Rise, and Storm Surge Scenarios",290,Unintentional injuries,True,,,,,False,False,No annotation with this attribute found: reverting to default,,0.00,0.00,2026-09-09_09-59-56_pruned_taxonomy_topdown
1102967171,0a5f97bd-ef18-455d-9bd2-9e860c1bb1ed,"Assessment of Future Flood Hazards for Southeastern Texas: Synthesizing Subsidence, Sea‐Level Rise, and Storm Surge Scenarios",113,"2. Communicable, maternal, neonatal, and nutritional diseases",True,,,,,False,False,"No infectious, maternal, neonatal, or nutritional diseases are examined; the focus is on projected flood inundation and resilience planning.",,0.00,0.00,2026-09-09_09-59-56_pruned_taxonomy_topdown
1102967171,0a5f97bd-ef18-455d-9bd2-9e860c1bb1ed,"Assessment of Future Flood Hazards for Southeastern Texas: Synthesizing Subsidence, Sea‐Level Rise, and Storm Surge Scenarios",133,Enteric infections,True,,,,,False,False,No annotation with this attribute found: reverting to default,,0.00,0.00,2026-09-09_09-59-56_pruned_taxonomy_topdown
1102967171,0a5f97bd-ef18-455d-9bd2-9e860c1bb1ed,"Assessment of Future Flood Hazards for Southeastern Texas: Synthesizing Subsidence, Sea‐Level Rise, and Storm Surge Scenarios",201,Neoplasms,True,,,,,False,False,No annotation with this attribute found: reverting to default,,0.00,0.00,2026-09-09_09-59-56_pruned_taxonomy_topdown
1102967171,0a5f97bd-ef18-455d-9bd2-9e860c1bb1ed,"Assessment of Future Flood Hazards for Southeastern Texas: Synthesizing Subsidence, Sea‐Level Rise, and Storm Surge Scenarios",118,1.3. Non-communicable mortality,True,,,,,False,False,No annotation with this attribute found: reverting to default,,0.00,0.00,2026-09-09_09-59-56_pruned_taxonomy_topdown
1102967171,0a5f97bd-ef18-455d-9bd2-9e860c1bb1ed,"Assessment of Future Flood Hazards for Southeastern Texas: Synthesizing Subsidence, Sea‐Level Rise, and Storm Surge Scenarios",205,Substance use disorders,True,,,,,False,False,No annotation with this attribute found: reverting to default,,0.00,0.00,2026-09-09_09-59-56_pruned_taxonomy_topdown
1102967171,0a5f97bd-ef18-455d-9bd2-9e860c1bb1ed,"Assessment of Future Flood Hazards for Southeastern Texas: Synthesizing Subsidence, Sea‐Level Rise, and Storm Surge Scenarios",197,Diabetes and kidney diseases,True,,,,,False,False,No annotation with this attribute found: reverting to default,,0.00,0.00,2026-09-09_09-59-56_pruned_taxonomy_topdown
1102967171,0a5f97bd-ef18-455d-9bd2-9e860c1bb1ed,"Assessment of Future Flood Hazards for Southeastern Texas: Synthesizing Subsidence, Sea‐Level Rise, and Storm Surge Scenarios",203,Sense organ diseases,True,,,,,False,False,No annotation with this attribute found: reverting to default,,0.00,0.00,2026-09-09_09-59-56_pruned_taxonomy_topdown
1102967171,0a5f97bd-ef18-455d-9bd2-9e860c1bb1ed,"Assessment of Future Flood Hazards for Southeastern Texas: Synthesizing Subsidence, Sea‐Level Rise, and Storm Surge Scenarios",115,4. Injuries,True,,,,,False,False,"Although flooding is an external hazard, the study quantifies affected and inundated areas rather than physical injuries, violence, self-harm, or other bodily harm outcomes.",,0.00,0.00,2026-09-09_09-59-56_pruned_taxonomy_topdown
1102967171,0a5f97bd-ef18-455d-9bd2-9e860c1bb1ed,"Assessment of Future Flood Hazards for Southeastern Texas: Synthesizing Subsidence, Sea‐Level Rise, and Storm Surge Scenarios",198,Digestive diseases,True,,,,,False,False,No annotation with this attribute found: reverting to default,,0.00,0.00,2026-09-09_09-59-56_pruned_taxonomy_topdown
4595111,20a31938-b314-4a8f-ad2d-134ddf796b54,,36,Coal,True,,,,,False,False,The abstract reviews indoor air pollution and its control in China but does not concern coal or any other solid fossil fuel.,,0.00,0.00,2026-09-09_09-59-56_pruned_taxonomy_topdown
4595111,20a31938-b314-4a8f-ad2d-134ddf796b54,,35,(Unspecified) fossil fuels,True,,,,,False,False,"The study does not discuss fossil fuel use or combustion in general; it focuses on indoor pollutants such as formaldehyde, benzene, particulate matter, and biological pollutants.",,0.00,0.00,2026-09-09_09-59-56_pruned_taxonomy_topdown
4595111,20a31938-b314-4a8f-ad2d-134ddf796b54,,38,Oil,True,,,,,False,False,"The abstract does not address petroleum, petrol, diesel, jet fuel, or other liquid fossil fuels.",,0.00,0.00,2026-09-09_09-59-56_pruned_taxonomy_topdown
4595111,20a31938-b314-4a8f-ad2d-134ddf796b54,,37,Natural gas,True,,,,,False,False,"The abstract does not mention natural gas, methane, or gas combustion; its focus is indoor air quality and pollutant control.",,0.00,0.00,2026-09-09_09-59-56_pruned_taxonomy_topdown
4595111,20a31938-b314-4a8f-ad2d-134ddf796b54,,17,(Unspecified) greenhouse gases,True,,,,,False,False,The study reviews indoor air pollution and control in China but does not address greenhouse gases collectively.,,0.00,0.00,2026-09-09_09-59-56_pruned_taxonomy_topdown
4595111,20a31938-b314-4a8f-ad2d-134ddf796b54,,18,Carbon dioxide (CO₂),True,,,,,False,False,Carbon dioxide or fossil-fuel-related CO2 emissions are not discussed as a subject of the study.,,0.00,0.00,2026-09-09_09-59-56_pruned_taxonomy_topdown
4595111,20a31938-b314-4a8f-ad2d-134ddf796b54,,22,Ozone-depleting substances / chlorofluorocarbons / hydrochlorofluorocarbons / halons / carbon tetrachloride / methyl chloroform,True,,,,,False,False,The abstract does not discuss ozone-depleting compounds regulated under the Montreal Protocol.,,0.00,0.00,2026-09-09_09-59-56_pruned_taxonomy_topdown
4595111,20a31938-b314-4a8f-ad2d-134ddf796b54,,19,Fluorinated gases / hydrofluorocarbons / perfluorocarbons / sulfur hexafluoride / nitrogen trifluoride,True,,,,,False,False,"Synthetic high-global-warming-potential fluorinated gases used in industry, refrigeration, or electronics are not addressed.",,0.00,0.00,2026-09-09_09-59-56_pruned_taxonomy_topdown
4595111,20a31938-b314-4a8f-ad2d-134ddf796b54,,20,Methane (CH₄),True,,,,,False,False,"Methane emissions from livestock, rice cultivation, landfills, or fossil fuel extraction are not discussed.",,0.00,0.00,2026-09-09_09-59-56_pruned_taxonomy_topdown
4595111,20a31938-b314-4a8f-ad2d-134ddf796b54,,21,Nitrous oxide (N₂O),True,,,,,False,False,"Nitrous oxide from agricultural soils, livestock, or nitrogen fertilizers is not discussed.",,0.00,0.00,2026-09-09_09-59-56_pruned_taxonomy_topdown
4595111,20a31938-b314-4a8f-ad2d-134ddf796b54,,23,Particulate matter (PM10) / fine particulate matter (PM2.5) / black/organic carbon / sulfate/nitrate aerosols,True,,,,,False,True,Particulate matter is explicitly identified as a major indoor pollutant within the study's subject of indoor air pollution and control.,studies show that indoor pollution of particulate matter (PM) ... might also be serious in China.,0.00,76.29,2026-09-09_09-59-56_pruned_taxonomy_topdown
4595111,20a31938-b314-4a8f-ad2d-134ddf796b54,,24,Tropospheric ozone (O₃),True,,,,,False,False,The study does not address photochemically formed ozone from nitrogen oxides and volatile organic compounds or its respiratory-health effects.,,0.00,0.00,2026-09-09_09-59-56_pruned_taxonomy_topdown
4595111,20a31938-b314-4a8f-ad2d-134ddf796b54,,26,Extreme cold,True,,,,,False,False,"The study reviews indoor air pollution and its control in China, with no focus on abnormally low temperatures, cold snaps, blizzards, or cold-related health risks.",,0.00,0.00,2026-09-09_09-59-56_pruned_taxonomy_topdown
4595111,20a31938-b314-4a8f-ad2d-134ddf796b54,,27,Extreme heat,True,,,,,False,False,"The study does not address high temperatures, heatwaves, or heat-related health outcomes.",,0.00,0.00,2026-09-09_09-59-56_pruned_taxonomy_topdown
4595111,20a31938-b314-4a8f-ad2d-134ddf796b54,,28,Extreme precipitation,True,,,,,False,False,"The study does not examine unusually intense or prolonged rainfall, snowfall, or other precipitation events.",,0.00,0.00,2026-09-09_09-59-56_pruned_taxonomy_topdown
4595111,20a31938-b314-4a8f-ad2d-134ddf796b54,,30,Floods,True,,,,,False,False,Flooding or temporary inundation is not a subject of the study.,,0.00,0.00,2026-09-09_09-59-56_pruned_taxonomy_topdown
4595111,20a31938-b314-4a8f-ad2d-134ddf796b54,,33,Wildfires,True,,,,,False,False,"The study does not address uncontrolled vegetation fires, wildfire smoke, or associated air pollution and health impacts.",,0.00,0.00,2026-09-09_09-59-56_pruned_taxonomy_topdown
4595111,20a31938-b314-4a8f-ad2d-134ddf796b54,,25,Droughts,True,,,,,False,False,"The study does not concern prolonged water deficits, drought, or resulting water availability, agricultural, or health impacts.",,0.00,0.00,2026-09-09_09-59-56_pruned_taxonomy_topdown
4595111,20a31938-b314-4a8f-ad2d-134ddf796b54,,29,Extreme snow/ice events,True,,,,,False,False,"Severe snow and ice conditions, including blizzards or ice storms, are not discussed.",,0.00,0.00,2026-09-09_09-59-56_pruned_taxonomy_topdown
4595111,20a31938-b314-4a8f-ad2d-134ddf796b54,,31,Sand and dust storms,True,,,,,False,False,The study does not address wind-driven sand or dust events.,,0.00,0.00,2026-09-09_09-59-56_pruned_taxonomy_topdown
4595111,20a31938-b314-4a8f-ad2d-134ddf796b54,,32,Storms and severe wind,True,,,,,False,False,"The study does not examine tropical cyclones, severe thunderstorms, hailstorms, or other intense meteorological events.",,0.00,0.00,2026-09-09_09-59-56_pruned_taxonomy_topdown
4595111,20a31938-b314-4a8f-ad2d-134ddf796b54,,34,Z_(Unspecified) extreme weather events,True,,,,,False,False,The study is about indoor air pollution and air-quality control rather than unspecified climate or weather extremes.,,0.00,0.00,2026-09-09_09-59-56_pruned_taxonomy_topdown
4595111,20a31938-b314-4a8f-ad2d-134ddf796b54,,493,Attribution,True,,,,,False,False,No annotation with this attribute found: reverting to default,,0.00,0.00,2026-09-09_09-59-56_pruned_taxonomy_topdown
4595111,20a31938-b314-4a8f-ad2d-134ddf796b54,,487,Adaptation,True,,,,,False,False,"The study reviews indoor air pollution control measures and indoor air-quality management, but it does not concern responses to climate variables, climate-related extreme events, or climate adaptation.",,0.00,0.00,2026-09-09_09-59-56_pruned_taxonomy_topdown
4595111,20a31938-b314-4a8f-ad2d-134ddf796b54,,490,Maladaptation,True,,,,,False,False,No annotation with this attribute found: reverting to default,,0.00,0.00,2026-09-09_09-59-56_pruned_taxonomy_topdown
4595111,20a31938-b314-4a8f-ad2d-134ddf796b54,,495,Loss and damage,True,,,,,False,False,No annotation with this attribute found: reverting to default,,0.00,0.00,2026-09-09_09-59-56_pruned_taxonomy_topdown
4595111,20a31938-b314-4a8f-ad2d-134ddf796b54,,492,Resilience,True,,,,,False,False,No annotation with this attribute found: reverting to default,,0.00,0.00,2026-09-09_09-59-56_pruned_taxonomy_topdown
4595111,20a31938-b314-4a8f-ad2d-134ddf796b54,,489,Mitigation,True,,,,,False,False,"The study addresses indoor pollutants such as formaldehyde, benzene, particulate matter, and biological pollutants, with no focus on greenhouse-gas emissions, fossil fuels, or emission-reduction strategies.",,0.00,0.00,2026-09-09_09-59-56_pruned_taxonomy_topdown
4595111,20a31938-b314-4a8f-ad2d-134ddf796b54,,491,Preparedness,True,,,,,False,False,No annotation with this attribute found: reverting to default,,0.00,0.00,2026-09-09_09-59-56_pruned_taxonomy_topdown
4595111,20a31938-b314-4a8f-ad2d-134ddf796b54,,494,Future impact,True,,,,,False,False,No annotation with this attribute found: reverting to default,,0.00,0.00,2026-09-09_09-59-56_pruned_taxonomy_topdown
4595111,20a31938-b314-4a8f-ad2d-134ddf796b54,,496,Co-Benefits,True,,,,,False,False,No annotation with this attribute found: reverting to default,,0.00,0.00,2026-09-09_09-59-56_pruned_taxonomy_topdown
4595111,20a31938-b314-4a8f-ad2d-134ddf796b54,,488,Impact,True,,,,,False,False,"The study concerns indoor air pollution and its control, but does not identify climate variability or a climate-related extreme event as a driver of the hazards or health/environmental effects.",,0.00,0.00,2026-09-09_09-59-56_pruned_taxonomy_topdown
4595111,20a31938-b314-4a8f-ad2d-134ddf796b54,,6,(Unspecified) changes in weather,True,,,,,False,False,"The study reviews indoor air pollution and its control in China, without discussing broad changes in weather patterns.",,0.00,0.00,2026-09-09_09-59-56_pruned_taxonomy_topdown
4595111,20a31938-b314-4a8f-ad2d-134ddf796b54,,15,Changes in wind speed,True,,,,,False,False,"Wind patterns or wind velocity are not examined as exposures, drivers, or determinants of indoor air pollution.",,0.00,0.00,2026-09-09_09-59-56_pruned_taxonomy_topdown
4595111,20a31938-b314-4a8f-ad2d-134ddf796b54,,13,Changes in season length,True,,,,,False,False,The abstract does not address changes in season duration or seasonal timing.,,0.00,0.00,2026-09-09_09-59-56_pruned_taxonomy_topdown
4595111,20a31938-b314-4a8f-ad2d-134ddf796b54,,7,(Unspecified) climate change,True,,,,,False,False,"Although the study concerns environmental pollution, it does not study climate change in general or any climate-change mechanism.",,0.00,0.00,2026-09-09_09-59-56_pruned_taxonomy_topdown
4595111,20a31938-b314-4a8f-ad2d-134ddf796b54,,16,Climate variability,True,,,,,False,False,"Climate variability is not a subject of the review; the focus is indoor pollutant characteristics, regulation, monitoring, and control.",,0.00,0.00,2026-09-09_09-59-56_pruned_taxonomy_topdown
4595111,20a31938-b314-4a8f-ad2d-134ddf796b54,,9,Changes in humidity,True,,,,,False,False,Atmospheric moisture or humidity shifts are not discussed.,,0.00,0.00,2026-09-09_09-59-56_pruned_taxonomy_topdown
4595111,20a31938-b314-4a8f-ad2d-134ddf796b54,,12,Changes in sea level,True,,,,,False,False,Sea-level rise and coastal impacts are not relevant to the study's focus on indoor air pollution in China.,,0.00,0.00,2026-09-09_09-59-56_pruned_taxonomy_topdown
4595111,20a31938-b314-4a8f-ad2d-134ddf796b54,,11,Changes in precipitation,True,,,,,False,False,Changes in rainfall or snowfall are not examined.,,0.00,0.00,2026-09-09_09-59-56_pruned_taxonomy_topdown
4595111,20a31938-b314-4a8f-ad2d-134ddf796b54,,10,Changes in inland water bodies,True,,,,,False,False,The study does not address climate-driven changes in freshwater systems or hydrological patterns.,,0.00,0.00,2026-09-09_09-59-56_pruned_taxonomy_topdown
4595111,20a31938-b314-4a8f-ad2d-134ddf796b54,,14,Changes in temperature,True,,,,,False,False,"Temperature trends or extremes are not studied; the review concerns indoor pollutants such as formaldehyde, benzene, particulate matter, and biological pollutants.",,0.00,0.00,2026-09-09_09-59-56_pruned_taxonomy_topdown
4595111,20a31938-b314-4a8f-ad2d-134ddf796b54,,8,Changes in glacier / snow melt,True,,,,,False,False,Glacier or snowpack melting is not discussed.,,0.00,0.00,2026-09-09_09-59-56_pruned_taxonomy_topdown
4595111,20a31938-b314-4a8f-ad2d-134ddf796b54,,476,Education (Sector),True,,,,,False,False,The study does not focus on formal or informal education systems or educational institutions.,,0.00,0.00,2026-09-09_09-59-56_pruned_taxonomy_topdown
4595111,20a31938-b314-4a8f-ad2d-134ddf796b54,,485,Transportation (Sector),True,,,,,False,False,"Transport systems, infrastructure, vehicles, and logistics are not subjects of the review.",,0.00,0.00,2026-09-09_09-59-56_pruned_taxonomy_topdown
4595111,20a31938-b314-4a8f-ad2d-134ddf796b54,,483,Public administration (Sector),True,,,,,False,False,"Although regulations and standards are discussed, public administration is not the sector being examined; government functions and workforce are not the study's focus.",,0.00,0.00,2026-09-09_09-59-56_pruned_taxonomy_topdown
4595111,20a31938-b314-4a8f-ad2d-134ddf796b54,,479,Healthcare (Sector),True,,,,,False,False,"The review concerns indoor air pollution and its control generally, not medical care, public health services, or health infrastructure.",,0.00,0.00,2026-09-09_09-59-56_pruned_taxonomy_topdown
4595111,20a31938-b314-4a8f-ad2d-134ddf796b54,,486,"Water, sanitation, and waste management (Sector)",True,,,,,False,False,"Water supply, sewage treatment, and solid waste management are not addressed.",,0.00,0.00,2026-09-09_09-59-56_pruned_taxonomy_topdown
4595111,20a31938-b314-4a8f-ad2d-134ddf796b54,,475,Buildings / housing (Sector),True,,,,,False,True,"The study focuses on indoor environmental conditions and indoor air quality, which directly concerns residential and commercial building environments.",indoor air pollution,0.00,100.00,2026-09-09_09-59-56_pruned_taxonomy_topdown
4595111,20a31938-b314-4a8f-ad2d-134ddf796b54,,478,Finance (Sector),True,,,,,False,False,"Banking, insurance, investment, and financial services are not discussed as a subject of the study.",,0.00,0.00,2026-09-09_09-59-56_pruned_taxonomy_topdown
4595111,20a31938-b314-4a8f-ad2d-134ddf796b54,,484,Social protection (Sector),True,,,,,False,False,"Social safety nets, welfare services, and support systems are not addressed.",,0.00,0.00,2026-09-09_09-59-56_pruned_taxonomy_topdown
4595111,20a31938-b314-4a8f-ad2d-134ddf796b54,,481,Information and communications technologies (Sector),True,,,,,False,False,"Although environmental monitoring is mentioned, telecommunications, digital infrastructure, and information technology are not the focus.",,0.00,0.00,2026-09-09_09-59-56_pruned_taxonomy_topdown
4595111,20a31938-b314-4a8f-ad2d-134ddf796b54,,480,"Industry, trade, and services (Sector)",True,,,,,False,False,"The cleaning and monitoring industry is mentioned as part of indoor pollution control, but manufacturing, trade, and commercial services are not the study's primary sectoral focus.",,0.00,0.00,2026-09-09_09-59-56_pruned_taxonomy_topdown
4595111,20a31938-b314-4a8f-ad2d-134ddf796b54,,477,Energy and extractives (Sector),True,,,,,False,False,"Electricity generation, fuel production, resource extraction, and energy systems are not addressed.",,0.00,0.00,2026-09-09_09-59-56_pruned_taxonomy_topdown
4595111,20a31938-b314-4a8f-ad2d-134ddf796b54,,482,Military (Sector),True,,,,,False,False,"Military organizations, defense capabilities, and related infrastructure are not addressed.",,0.00,0.00,2026-09-09_09-59-56_pruned_taxonomy_topdown
4595111,20a31938-b314-4a8f-ad2d-134ddf796b54,,474,"Agriculture, fishing, and forestry (Sector)",True,,,,,False,False,"Agriculture, livestock, aquaculture, fishing, and forestry are not addressed.",,0.00,0.00,2026-09-09_09-59-56_pruned_taxonomy_topdown
4595111,20a31938-b314-4a8f-ad2d-134ddf796b54,,431,Z_Other evidence synthesis type,True,,,,,False,False,"The study is a general review of indoor air pollution and its control, which is captured by the narrative review category rather than an uncategorized evidence synthesis type.",,0.00,0.00,2026-09-09_09-59-56_pruned_taxonomy_topdown
4595111,20a31938-b314-4a8f-ad2d-134ddf796b54,,427,Health technology assessment (HTA),True,,,,,False,False,"The abstract does not describe a comprehensive health technology assessment involving clinical effectiveness, cost-effectiveness, or broader ethical and organisational evaluation.",,0.00,0.00,2026-09-09_09-59-56_pruned_taxonomy_topdown
4595111,20a31938-b314-4a8f-ad2d-134ddf796b54,,428,Meta-analysis (unsystematic),True,,,,,False,False,"No advanced quantitative synthesis, statistical pooling, or meta-analysis is reported.",,0.00,0.00,2026-09-09_09-59-56_pruned_taxonomy_topdown
4595111,20a31938-b314-4a8f-ad2d-134ddf796b54,,390,(Quasi-)Experimental / single-group designs,True,,,,,False,False,No annotation with this attribute found: reverting to default,,0.00,0.00,2026-09-09_09-59-56_pruned_taxonomy_topdown
4595111,20a31938-b314-4a8f-ad2d-134ddf796b54,,397,Z_Other study design,True,,,,,False,False,No annotation with this attribute found: reverting to default,,0.00,0.00,2026-09-09_09-59-56_pruned_taxonomy_topdown
4595111,20a31938-b314-4a8f-ad2d-134ddf796b54,,394,Observational / group comparison designs,True,,,,,False,False,No annotation with this attribute found: reverting to default,,0.00,0.00,2026-09-09_09-59-56_pruned_taxonomy_topdown
4595111,20a31938-b314-4a8f-ad2d-134ddf796b54,,393,Modelling / simulation,True,,,,,False,False,No annotation with this attribute found: reverting to default,,0.00,0.00,2026-09-09_09-59-56_pruned_taxonomy_topdown
4595111,20a31938-b314-4a8f-ad2d-134ddf796b54,,387,1. Primary research,True,,,,,False,False,"This is not an original primary data collection study; it reviews the status, evidence, strategies, and problems related to indoor air pollution control in China.",The status of indoor air pollution and its control in China are reviewed,0.00,100.00,2026-09-09_09-59-56_pruned_taxonomy_topdown
4595111,20a31938-b314-4a8f-ad2d-134ddf796b54,,395,Observational / single-group designs,True,,,,,False,False,No annotation with this attribute found: reverting to default,,0.00,0.00,2026-09-09_09-59-56_pruned_taxonomy_topdown
4595111,20a31938-b314-4a8f-ad2d-134ddf796b54,,430,Systematic reviews,True,,,,,False,False,"The abstract does not report explicit, reproducible systematic searching, study selection, appraisal, or synthesis methods.",,0.00,0.00,2026-09-09_09-59-56_pruned_taxonomy_topdown
4595111,20a31938-b314-4a8f-ad2d-134ddf796b54,,392,Mixed-methods,True,,,,,False,False,No annotation with this attribute found: reverting to default,,0.00,0.00,2026-09-09_09-59-56_pruned_taxonomy_topdown
4595111,20a31938-b314-4a8f-ad2d-134ddf796b54,,396,Qualitative designs,True,,,,,False,False,No annotation with this attribute found: reverting to default,,0.00,0.00,2026-09-09_09-59-56_pruned_taxonomy_topdown
4595111,20a31938-b314-4a8f-ad2d-134ddf796b54,,426,Guideline (clinical or public health),True,,,,,False,False,"The review discusses regulations, standards, and control strategies but does not provide systematically developed clinical or public health recommendations.",,0.00,0.00,2026-09-09_09-59-56_pruned_taxonomy_topdown
4595111,20a31938-b314-4a8f-ad2d-134ddf796b54,,389,(Quasi-)Experimental / group comparison designs,True,,,,,False,False,No annotation with this attribute found: reverting to default,,0.00,0.00,2026-09-09_09-59-56_pruned_taxonomy_topdown
4595111,20a31938-b314-4a8f-ad2d-134ddf796b54,,391,Descriptive / single-group designs,True,,,,,False,False,No annotation with this attribute found: reverting to default,,0.00,0.00,2026-09-09_09-59-56_pruned_taxonomy_topdown
4595111,20a31938-b314-4a8f-ad2d-134ddf796b54,,388,2. Evidence synthesis,True,,,,,False,True,"The study is explicitly a review synthesizing existing information and research on indoor pollutants, control measures, regulations, and remaining problems.",The status of indoor air pollution and its control in China are reviewed,0.00,100.00,2026-09-09_09-59-56_pruned_taxonomy_topdown
4595111,20a31938-b314-4a8f-ad2d-134ddf796b54,,429,Narrative review,True,,,,,False,True,"This is a broad, non-systematic review that summarises the status, pollutants, control strategies, and remaining problems without describing systematic review methods.",The status of indoor air pollution and its control in China are reviewed,0.00,100.00,2026-09-09_09-59-56_pruned_taxonomy_topdown
4595111,20a31938-b314-4a8f-ad2d-134ddf796b54,,202,Neurological disorders,True,,,,,False,False,No annotation with this attribute found: reverting to default,,0.00,0.00,2026-09-09_09-59-56_pruned_taxonomy_topdown
4595111,20a31938-b314-4a8f-ad2d-134ddf796b54,,116,1.1. Total / all-cause mortality (Outcome),True,,,,,False,False,No annotation with this attribute found: reverting to default,,0.00,0.00,2026-09-09_09-59-56_pruned_taxonomy_topdown
4595111,20a31938-b314-4a8f-ad2d-134ddf796b54,,196,Chronic respiratory diseases,True,,,,,False,False,No annotation with this attribute found: reverting to default,,0.00,0.00,2026-09-09_09-59-56_pruned_taxonomy_topdown
4595111,20a31938-b314-4a8f-ad2d-134ddf796b54,,206,Z_Other non-communicable diseases,True,,,,,False,False,No annotation with this attribute found: reverting to default,,0.00,0.00,2026-09-09_09-59-56_pruned_taxonomy_topdown
4595111,20a31938-b314-4a8f-ad2d-134ddf796b54,,117,"1.2. Communicable, maternal, neonatal, and nutritional mortality",True,,,,,False,False,No annotation with this attribute found: reverting to default,,0.00,0.00,2026-09-09_09-59-56_pruned_taxonomy_topdown
4595111,20a31938-b314-4a8f-ad2d-134ddf796b54,,199,Mental disorders,True,,,,,False,False,No annotation with this attribute found: reverting to default,,0.00,0.00,2026-09-09_09-59-56_pruned_taxonomy_topdown
4595111,20a31938-b314-4a8f-ad2d-134ddf796b54,,204,Skin and subcutaneous diseases,True,,,,,False,False,No annotation with this attribute found: reverting to default,,0.00,0.00,2026-09-09_09-59-56_pruned_taxonomy_topdown
4595111,20a31938-b314-4a8f-ad2d-134ddf796b54,,134,HIV/AIDS and sexually transmitted infections,True,,,,,False,False,No annotation with this attribute found: reverting to default,,0.00,0.00,2026-09-09_09-59-56_pruned_taxonomy_topdown
4595111,20a31938-b314-4a8f-ad2d-134ddf796b54,,137,Nutritional deficiencies,True,,,,,False,False,No annotation with this attribute found: reverting to default,,0.00,0.00,2026-09-09_09-59-56_pruned_taxonomy_topdown
4595111,20a31938-b314-4a8f-ad2d-134ddf796b54,,200,Musculoskeletal disorders,True,,,,,False,False,No annotation with this attribute found: reverting to default,,0.00,0.00,2026-09-09_09-59-56_pruned_taxonomy_topdown
4595111,20a31938-b314-4a8f-ad2d-134ddf796b54,,139,Z_Other infectious diseases,True,,,,,False,False,No annotation with this attribute found: reverting to default,,0.00,0.00,2026-09-09_09-59-56_pruned_taxonomy_topdown
4595111,20a31938-b314-4a8f-ad2d-134ddf796b54,,289,Transport injuries,True,,,,,False,False,No annotation with this attribute found: reverting to default,,0.00,0.00,2026-09-09_09-59-56_pruned_taxonomy_topdown
4595111,20a31938-b314-4a8f-ad2d-134ddf796b54,,135,Maternal and neonatal disorders,True,,,,,False,False,No annotation with this attribute found: reverting to default,,0.00,0.00,2026-09-09_09-59-56_pruned_taxonomy_topdown
4595111,20a31938-b314-4a8f-ad2d-134ddf796b54,,136,Neglected tropical diseases and malaria,True,,,,,False,False,No annotation with this attribute found: reverting to default,,0.00,0.00,2026-09-09_09-59-56_pruned_taxonomy_topdown
4595111,20a31938-b314-4a8f-ad2d-134ddf796b54,,195,Cardiovascular diseases,True,,,,,False,False,No annotation with this attribute found: reverting to default,,0.00,0.00,2026-09-09_09-59-56_pruned_taxonomy_topdown
4595111,20a31938-b314-4a8f-ad2d-134ddf796b54,,288,Self-harm and interpersonal violence,True,,,,,False,False,No annotation with this attribute found: reverting to default,,0.00,0.00,2026-09-09_09-59-56_pruned_taxonomy_topdown
4595111,20a31938-b314-4a8f-ad2d-134ddf796b54,,114,3. Non-communicable diseases,True,,,,,False,False,"The study reviews indoor air pollution and its control in China, but it does not focus on chronic non-infectious diseases as outcomes or subjects.",,0.00,0.00,2026-09-09_09-59-56_pruned_taxonomy_topdown
4595111,20a31938-b314-4a8f-ad2d-134ddf796b54,,112,1. Mortality (Outcome),True,,,,,False,False,"The abstract does not examine deaths, mortality rates, causes of death, or fatal disease burden.",,0.00,0.00,2026-09-09_09-59-56_pruned_taxonomy_topdown
4595111,20a31938-b314-4a8f-ad2d-134ddf796b54,,138,Respiratory infections and tuberculosis,True,,,,,False,False,No annotation with this attribute found: reverting to default,,0.00,0.00,2026-09-09_09-59-56_pruned_taxonomy_topdown
4595111,20a31938-b314-4a8f-ad2d-134ddf796b54,,290,Unintentional injuries,True,,,,,False,False,No annotation with this attribute found: reverting to default,,0.00,0.00,2026-09-09_09-59-56_pruned_taxonomy_topdown
4595111,20a31938-b314-4a8f-ad2d-134ddf796b54,,113,"2. Communicable, maternal, neonatal, and nutritional diseases",True,,,,,False,False,"Although biological pollutants are mentioned as indoor pollutants, the study does not investigate infectious, maternal, neonatal, or nutritional diseases as health outcomes.",,0.00,0.00,2026-09-09_09-59-56_pruned_taxonomy_topdown
4595111,20a31938-b314-4a8f-ad2d-134ddf796b54,,133,Enteric infections,True,,,,,False,False,No annotation with this attribute found: reverting to default,,0.00,0.00,2026-09-09_09-59-56_pruned_taxonomy_topdown
4595111,20a31938-b314-4a8f-ad2d-134ddf796b54,,201,Neoplasms,True,,,,,False,False,No annotation with this attribute found: reverting to default,,0.00,0.00,2026-09-09_09-59-56_pruned_taxonomy_topdown
4595111,20a31938-b314-4a8f-ad2d-134ddf796b54,,118,1.3. Non-communicable mortality,True,,,,,False,False,No annotation with this attribute found: reverting to default,,0.00,0.00,2026-09-09_09-59-56_pruned_taxonomy_topdown
4595111,20a31938-b314-4a8f-ad2d-134ddf796b54,,205,Substance use disorders,True,,,,,False,False,No annotation with this attribute found: reverting to default,,0.00,0.00,2026-09-09_09-59-56_pruned_taxonomy_topdown
4595111,20a31938-b314-4a8f-ad2d-134ddf796b54,,197,Diabetes and kidney diseases,True,,,,,False,False,No annotation with this attribute found: reverting to default,,0.00,0.00,2026-09-09_09-59-56_pruned_taxonomy_topdown
4595111,20a31938-b314-4a8f-ad2d-134ddf796b54,,203,Sense organ diseases,True,,,,,False,False,No annotation with this attribute found: reverting to default,,0.00,0.00,2026-09-09_09-59-56_pruned_taxonomy_topdown
4595111,20a31938-b314-4a8f-ad2d-134ddf796b54,,115,4. Injuries,True,,,,,False,False,"The study concerns indoor air pollution, regulations, monitoring, and cleaning measures, with no focus on physical injuries, violence, self-harm, or other external-cause harms.",,0.00,0.00,2026-09-09_09-59-56_pruned_taxonomy_topdown
4595111,20a31938-b314-4a8f-ad2d-134ddf796b54,,198,Digestive diseases,True,,,,,False,False,No annotation with this attribute found: reverting to default,,0.00,0.00,2026-09-09_09-59-56_pruned_taxonomy_topdown
747982,20b3edce-53d5-4d2f-bc3c-8bedc5f44c18,PM10 Time Series Forecasting Using Variational Mode Decomposition Informer,36,Coal,True,,,,,False,False,The study focuses on forecasting particulate matter concentrations at a concrete batching plant and does not address coal or its combustion.,,0.00,0.00,2026-09-09_09-59-56_pruned_taxonomy_topdown
747982,20b3edce-53d5-4d2f-bc3c-8bedc5f44c18,PM10 Time Series Forecasting Using Variational Mode Decomposition Informer,35,(Unspecified) fossil fuels,True,,,,,False,False,"Although the study concerns air pollution, it does not study fossil fuel use or combustion in general; it develops a PM10 forecasting model using environmental measurements.",,0.00,0.00,2026-09-09_09-59-56_pruned_taxonomy_topdown
747982,20b3edce-53d5-4d2f-bc3c-8bedc5f44c18,PM10 Time Series Forecasting Using Variational Mode Decomposition Informer,38,Oil,True,,,,,False,False,"The study does not address petroleum, liquid fossil fuels, transport fuel, or industrial combustion involving oil-derived products.",,0.00,0.00,2026-09-09_09-59-56_pruned_taxonomy_topdown
747982,20b3edce-53d5-4d2f-bc3c-8bedc5f44c18,PM10 Time Series Forecasting Using Variational Mode Decomposition Informer,37,Natural gas,True,,,,,False,False,"The abstract does not mention natural gas, methane, gas combustion, heating, or electricity generation from gas.",,0.00,0.00,2026-09-09_09-59-56_pruned_taxonomy_topdown
747982,20b3edce-53d5-4d2f-bc3c-8bedc5f44c18,PM10 Time Series Forecasting Using Variational Mode Decomposition Informer,17,(Unspecified) greenhouse gases,True,,,,,False,False,The study concerns particulate matter forecasting and does not address greenhouse gases collectively.,,0.00,0.00,2026-09-09_09-59-56_pruned_taxonomy_topdown
747982,20b3edce-53d5-4d2f-bc3c-8bedc5f44c18,PM10 Time Series Forecasting Using Variational Mode Decomposition Informer,18,Carbon dioxide (CO₂),True,,,,,False,False,"Carbon dioxide is not examined as an exposure, outcome, predictor, or subject of the forecasting model.",,0.00,0.00,2026-09-09_09-59-56_pruned_taxonomy_topdown
747982,20b3edce-53d5-4d2f-bc3c-8bedc5f44c18,PM10 Time Series Forecasting Using Variational Mode Decomposition Informer,22,Ozone-depleting substances / chlorofluorocarbons / hydrochlorofluorocarbons / halons / carbon tetrachloride / methyl chloroform,True,,,,,False,False,The study does not discuss ozone-depleting compounds regulated under the Montreal Protocol.,,0.00,0.00,2026-09-09_09-59-56_pruned_taxonomy_topdown
747982,20b3edce-53d5-4d2f-bc3c-8bedc5f44c18,PM10 Time Series Forecasting Using Variational Mode Decomposition Informer,19,Fluorinated gases / hydrofluorocarbons / perfluorocarbons / sulfur hexafluoride / nitrogen trifluoride,True,,,,,False,False,Synthetic industrial greenhouse gases such as hydrofluorocarbons or other fluorinated gases are not part of the study.,,0.00,0.00,2026-09-09_09-59-56_pruned_taxonomy_topdown
747982,20b3edce-53d5-4d2f-bc3c-8bedc5f44c18,PM10 Time Series Forecasting Using Variational Mode Decomposition Informer,20,Methane (CH₄),True,,,,,False,False,Methane is not discussed or modeled in the study.,,0.00,0.00,2026-09-09_09-59-56_pruned_taxonomy_topdown
747982,20b3edce-53d5-4d2f-bc3c-8bedc5f44c18,PM10 Time Series Forecasting Using Variational Mode Decomposition Informer,21,Nitrous oxide (N₂O),True,,,,,False,False,Nitrous oxide is not discussed or modeled; the study focuses on particulate matter rather than agricultural or fertilizer emissions.,,0.00,0.00,2026-09-09_09-59-56_pruned_taxonomy_topdown
747982,20b3edce-53d5-4d2f-bc3c-8bedc5f44c18,PM10 Time Series Forecasting Using Variational Mode Decomposition Informer,23,Particulate matter (PM10) / fine particulate matter (PM2.5) / black/organic carbon / sulfate/nitrate aerosols,True,,,,,False,True,"The central subject is forecasting PM10 concentrations, and PM2.5 is also included as an input factor. These are airborne particulate matter size categories relevant to this concept.",forecast PM concentrations with an aerodynamic diameter of less than 10 µ m (PM10),0.00,100.00,2026-09-09_09-59-56_pruned_taxonomy_topdown
747982,20b3edce-53d5-4d2f-bc3c-8bedc5f44c18,PM10 Time Series Forecasting Using Variational Mode Decomposition Informer,24,Tropospheric ozone (O₃),True,,,,,False,False,The study does not address ground-level ozone formed through photochemical reactions between nitrogen oxides and volatile organic compounds.,,0.00,0.00,2026-09-09_09-59-56_pruned_taxonomy_topdown
747982,20b3edce-53d5-4d2f-bc3c-8bedc5f44c18,PM10 Time Series Forecasting Using Variational Mode Decomposition Informer,26,Extreme cold,True,,,,,False,False,"The study forecasts PM10 concentrations at a concrete batching plant; it does not investigate unusually low temperatures, cold snaps, blizzards, or related health outcomes.",,0.00,0.00,2026-09-09_09-59-56_pruned_taxonomy_topdown
747982,20b3edce-53d5-4d2f-bc3c-8bedc5f44c18,PM10 Time Series Forecasting Using Variational Mode Decomposition Informer,27,Extreme heat,True,,,,,False,False,"Temperature is included as an input variable for PM10 prediction, but the study does not examine heatwaves, abnormally high temperatures, or heat-related health risks.",,0.00,0.00,2026-09-09_09-59-56_pruned_taxonomy_topdown
747982,20b3edce-53d5-4d2f-bc3c-8bedc5f44c18,PM10 Time Series Forecasting Using Variational Mode Decomposition Informer,28,Extreme precipitation,True,,,,,False,False,"The study does not address unusually intense or prolonged rainfall, snowfall, or other precipitation events.",,0.00,0.00,2026-09-09_09-59-56_pruned_taxonomy_topdown
747982,20b3edce-53d5-4d2f-bc3c-8bedc5f44c18,PM10 Time Series Forecasting Using Variational Mode Decomposition Informer,30,Floods,True,,,,,False,False,Flooding or temporary inundation is not a subject of the study.,,0.00,0.00,2026-09-09_09-59-56_pruned_taxonomy_topdown
747982,20b3edce-53d5-4d2f-bc3c-8bedc5f44c18,PM10 Time Series Forecasting Using Variational Mode Decomposition Informer,33,Wildfires,True,,,,,False,False,"Although the study concerns particulate air pollution, it does not investigate uncontrolled vegetation fires, wildfire smoke, or fire-related health impacts.",,0.00,0.00,2026-09-09_09-59-56_pruned_taxonomy_topdown
747982,20b3edce-53d5-4d2f-bc3c-8bedc5f44c18,PM10 Time Series Forecasting Using Variational Mode Decomposition Informer,25,Droughts,True,,,,,False,False,"The study does not examine prolonged water deficits, drought, water availability, or drought-related health and livelihood impacts.",,0.00,0.00,2026-09-09_09-59-56_pruned_taxonomy_topdown
747982,20b3edce-53d5-4d2f-bc3c-8bedc5f44c18,PM10 Time Series Forecasting Using Variational Mode Decomposition Informer,29,Extreme snow/ice events,True,,,,,False,False,"The study does not address severe or unusual snow and ice conditions such as heavy snowfall, blizzards, freezing rain, or ice storms.",,0.00,0.00,2026-09-09_09-59-56_pruned_taxonomy_topdown
747982,20b3edce-53d5-4d2f-bc3c-8bedc5f44c18,PM10 Time Series Forecasting Using Variational Mode Decomposition Informer,31,Sand and dust storms,True,,,,,False,False,The study forecasts PM10 at a construction-related concrete batching plant but does not investigate wind-driven sand or dust storms.,,0.00,0.00,2026-09-09_09-59-56_pruned_taxonomy_topdown
747982,20b3edce-53d5-4d2f-bc3c-8bedc5f44c18,PM10 Time Series Forecasting Using Variational Mode Decomposition Informer,32,Storms and severe wind,True,,,,,False,False,"The study does not examine tropical cyclones, hurricanes, typhoons, severe thunderstorms, hailstorms, or their impacts.",,0.00,0.00,2026-09-09_09-59-56_pruned_taxonomy_topdown
747982,20b3edce-53d5-4d2f-bc3c-8bedc5f44c18,PM10 Time Series Forecasting Using Variational Mode Decomposition Informer,34,Z_(Unspecified) extreme weather events,True,,,,,False,False,The study is not about extreme weather events generally; it focuses on forecasting PM10 concentrations using environmental and operational predictors.,,0.00,0.00,2026-09-09_09-59-56_pruned_taxonomy_topdown
747982,20b3edce-53d5-4d2f-bc3c-8bedc5f44c18,PM10 Time Series Forecasting Using Variational Mode Decomposition Informer,493,Attribution,True,,,,,False,False,The study develops a model to forecast PM10 concentrations at a concrete batching plant. It does not assess the causal contribution of climate change to observed environmental or health changes.,,0.00,0.00,2026-09-09_09-59-56_pruned_taxonomy_topdown
747982,20b3edce-53d5-4d2f-bc3c-8bedc5f44c18,PM10 Time Series Forecasting Using Variational Mode Decomposition Informer,487,Adaptation,True,,,,,False,False,"The study develops a forecasting model for PM10 concentrations at a concrete batching plant. Although it uses temperature and humidity as predictors, it does not concern adaptation to climate change, climate-related extremes, or climate-risk management.",,0.00,0.00,2026-09-09_09-59-56_pruned_taxonomy_topdown
747982,20b3edce-53d5-4d2f-bc3c-8bedc5f44c18,PM10 Time Series Forecasting Using Variational Mode Decomposition Informer,490,Maladaptation,True,,,,,False,False,No annotation with this attribute found: reverting to default,,0.00,0.00,2026-09-09_09-59-56_pruned_taxonomy_topdown
747982,20b3edce-53d5-4d2f-bc3c-8bedc5f44c18,PM10 Time Series Forecasting Using Variational Mode Decomposition Informer,495,Loss and damage,True,,,,,False,False,The study does not examine unavoidable or irreversible harms from climate change; it focuses on air-pollution forecasting and hygiene protections at a construction site.,,0.00,0.00,2026-09-09_09-59-56_pruned_taxonomy_topdown
747982,20b3edce-53d5-4d2f-bc3c-8bedc5f44c18,PM10 Time Series Forecasting Using Variational Mode Decomposition Informer,492,Resilience,True,,,,,False,False,No annotation with this attribute found: reverting to default,,0.00,0.00,2026-09-09_09-59-56_pruned_taxonomy_topdown
747982,20b3edce-53d5-4d2f-bc3c-8bedc5f44c18,PM10 Time Series Forecasting Using Variational Mode Decomposition Informer,489,Mitigation,True,,,,,False,False,"The study addresses particulate-matter pollution from construction activities, not greenhouse-gas emissions, fossil fuels, or strategies to reduce them.",,0.00,0.00,2026-09-09_09-59-56_pruned_taxonomy_topdown
747982,20b3edce-53d5-4d2f-bc3c-8bedc5f44c18,PM10 Time Series Forecasting Using Variational Mode Decomposition Informer,491,Preparedness,True,,,,,False,False,No annotation with this attribute found: reverting to default,,0.00,0.00,2026-09-09_09-59-56_pruned_taxonomy_topdown
747982,20b3edce-53d5-4d2f-bc3c-8bedc5f44c18,PM10 Time Series Forecasting Using Variational Mode Decomposition Informer,494,Future impact,True,,,,,False,False,"Although the study forecasts future PM10 concentrations, these are short-term air-quality predictions based on environmental and pollutant variables, not projected effects of anticipated climate change using climate scenarios or models.",,0.00,0.00,2026-09-09_09-59-56_pruned_taxonomy_topdown
747982,20b3edce-53d5-4d2f-bc3c-8bedc5f44c18,PM10 Time Series Forecasting Using Variational Mode Decomposition Informer,496,Co-Benefits,True,,,,,False,False,No annotation with this attribute found: reverting to default,,0.00,0.00,2026-09-09_09-59-56_pruned_taxonomy_topdown
747982,20b3edce-53d5-4d2f-bc3c-8bedc5f44c18,PM10 Time Series Forecasting Using Variational Mode Decomposition Informer,488,Impact,True,,,,,False,True,"The study models PM10 concentrations partly as a function of climate-related variables, specifically temperature and humidity. Under the taxonomy, a climate variable modifying exposure to another hazard such as air pollution qualifies as a climate-change effect, even though the paper does not explicitly use climate-change terminology.","additional factors, including temperature, humidity, ambient noise, light intensity, and PM2.5, are integrated to predict PM10 concentrations",0.00,100.00,2026-09-09_09-59-56_pruned_taxonomy_topdown
747982,20b3edce-53d5-4d2f-bc3c-8bedc5f44c18,PM10 Time Series Forecasting Using Variational Mode Decomposition Informer,6,(Unspecified) changes in weather,True,,,,,False,False,"The study forecasts PM10 concentrations using measured environmental factors, but it does not examine broad changes in weather patterns.",,0.00,0.00,2026-09-09_09-59-56_pruned_taxonomy_topdown
747982,20b3edce-53d5-4d2f-bc3c-8bedc5f44c18,PM10 Time Series Forecasting Using Variational Mode Decomposition Informer,15,Changes in wind speed,True,,,,,False,False,"Wind patterns or wind velocity are not identified as a study exposure, outcome, or focus.",,0.00,0.00,2026-09-09_09-59-56_pruned_taxonomy_topdown
747982,20b3edce-53d5-4d2f-bc3c-8bedc5f44c18,PM10 Time Series Forecasting Using Variational Mode Decomposition Informer,13,Changes in season length,True,,,,,False,False,The study does not address changes in season duration or seasonal onset.,,0.00,0.00,2026-09-09_09-59-56_pruned_taxonomy_topdown
747982,20b3edce-53d5-4d2f-bc3c-8bedc5f44c18,PM10 Time Series Forecasting Using Variational Mode Decomposition Informer,7,(Unspecified) climate change,True,,,,,False,False,Climate change is not the subject of the study; the work focuses on short-term PM10 time-series forecasting.,,0.00,0.00,2026-09-09_09-59-56_pruned_taxonomy_topdown
747982,20b3edce-53d5-4d2f-bc3c-8bedc5f44c18,PM10 Time Series Forecasting Using Variational Mode Decomposition Informer,16,Climate variability,True,,,,,False,False,"Although environmental measurements are used as model inputs, the study does not investigate climate variability over time or around a long-term average.",,0.00,0.00,2026-09-09_09-59-56_pruned_taxonomy_topdown
747982,20b3edce-53d5-4d2f-bc3c-8bedc5f44c18,PM10 Time Series Forecasting Using Variational Mode Decomposition Informer,9,Changes in humidity,True,,,,,False,False,"Humidity is included as a predictor, but the study does not examine shifts in atmospheric moisture levels or their health effects.","including temperature, humidity, ambient noise, light intensity, and PM2.5",0.00,100.00,2026-09-09_09-59-56_pruned_taxonomy_topdown
747982,20b3edce-53d5-4d2f-bc3c-8bedc5f44c18,PM10 Time Series Forecasting Using Variational Mode Decomposition Informer,12,Changes in sea level,True,,,,,False,False,Sea-level rise is not addressed.,,0.00,0.00,2026-09-09_09-59-56_pruned_taxonomy_topdown
747982,20b3edce-53d5-4d2f-bc3c-8bedc5f44c18,PM10 Time Series Forecasting Using Variational Mode Decomposition Informer,11,Changes in precipitation,True,,,,,False,False,Rainfall or snowfall changes are not examined.,,0.00,0.00,2026-09-09_09-59-56_pruned_taxonomy_topdown
747982,20b3edce-53d5-4d2f-bc3c-8bedc5f44c18,PM10 Time Series Forecasting Using Variational Mode Decomposition Informer,10,Changes in inland water bodies,True,,,,,False,False,The study does not concern climate-driven changes in freshwater systems or hydrological patterns.,,0.00,0.00,2026-09-09_09-59-56_pruned_taxonomy_topdown
747982,20b3edce-53d5-4d2f-bc3c-8bedc5f44c18,PM10 Time Series Forecasting Using Variational Mode Decomposition Informer,14,Changes in temperature,True,,,,,False,False,"Temperature is used as an additional input for PM10 prediction, but the study does not investigate long-term or extreme temperature shifts.","including temperature, humidity, ambient noise, light intensity, and PM2.5",0.00,100.00,2026-09-09_09-59-56_pruned_taxonomy_topdown
747982,20b3edce-53d5-4d2f-bc3c-8bedc5f44c18,PM10 Time Series Forecasting Using Variational Mode Decomposition Informer,8,Changes in glacier / snow melt,True,,,,,False,False,Glacier or snowpack melting is not addressed.,,0.00,0.00,2026-09-09_09-59-56_pruned_taxonomy_topdown
747982,20b3edce-53d5-4d2f-bc3c-8bedc5f44c18,PM10 Time Series Forecasting Using Variational Mode Decomposition Informer,476,Education (Sector),True,,,,,False,False,The study does not examine formal or informal education systems.,,0.00,0.00,2026-09-09_09-59-56_pruned_taxonomy_topdown
747982,20b3edce-53d5-4d2f-bc3c-8bedc5f44c18,PM10 Time Series Forecasting Using Variational Mode Decomposition Informer,485,Transportation (Sector),True,,,,,False,False,"Highway construction is the study setting, but transport systems, vehicles, logistics, or transport operations are not the subject of analysis.",,0.00,0.00,2026-09-09_09-59-56_pruned_taxonomy_topdown
747982,20b3edce-53d5-4d2f-bc3c-8bedc5f44c18,PM10 Time Series Forecasting Using Variational Mode Decomposition Informer,483,Public administration (Sector),True,,,,,False,False,Government involvement is only contextual through the national highway; public administration operations or services are not studied.,,0.00,0.00,2026-09-09_09-59-56_pruned_taxonomy_topdown
747982,20b3edce-53d5-4d2f-bc3c-8bedc5f44c18,PM10 Time Series Forecasting Using Variational Mode Decomposition Informer,479,Healthcare (Sector),True,,,,,False,False,"Human health is mentioned as a motivation, but medical care, public health services, or health infrastructure are not examined.",,0.00,0.00,2026-09-09_09-59-56_pruned_taxonomy_topdown
747982,20b3edce-53d5-4d2f-bc3c-8bedc5f44c18,PM10 Time Series Forecasting Using Variational Mode Decomposition Informer,486,"Water, sanitation, and waste management (Sector)",True,,,,,False,False,"The study does not concern water supply, sewage treatment, or solid waste management.",,0.00,0.00,2026-09-09_09-59-56_pruned_taxonomy_topdown
747982,20b3edce-53d5-4d2f-bc3c-8bedc5f44c18,PM10 Time Series Forecasting Using Variational Mode Decomposition Informer,475,Buildings / housing (Sector),True,,,,,False,True,"Construction is a central setting of the study, which develops a PM10 forecasting model for a concrete batching plant involved in highway construction.",a concrete batching plant (CBP) involved in highway construction,0.00,100.00,2026-09-09_09-59-56_pruned_taxonomy_topdown
747982,20b3edce-53d5-4d2f-bc3c-8bedc5f44c18,PM10 Time Series Forecasting Using Variational Mode Decomposition Informer,478,Finance (Sector),True,,,,,False,False,"No banking, insurance, investment, or financial-service activities are studied.",,0.00,0.00,2026-09-09_09-59-56_pruned_taxonomy_topdown
747982,20b3edce-53d5-4d2f-bc3c-8bedc5f44c18,PM10 Time Series Forecasting Using Variational Mode Decomposition Informer,484,Social protection (Sector),True,,,,,False,False,"The study does not examine welfare services, social safety nets, or support systems for vulnerable populations.",,0.00,0.00,2026-09-09_09-59-56_pruned_taxonomy_topdown
747982,20b3edce-53d5-4d2f-bc3c-8bedc5f44c18,PM10 Time Series Forecasting Using Variational Mode Decomposition Informer,481,Information and communications technologies (Sector),True,,,,,False,False,"Although the study uses an informer prediction model, telecommunications, digital infrastructure, and information technology as a sector are not the subject of the study.",,0.00,0.00,2026-09-09_09-59-56_pruned_taxonomy_topdown
747982,20b3edce-53d5-4d2f-bc3c-8bedc5f44c18,PM10 Time Series Forecasting Using Variational Mode Decomposition Informer,480,"Industry, trade, and services (Sector)",True,,,,,False,True,"The study focuses on PM10 concentrations at a concrete batching plant, an industrial production facility within the manufacturing sector.",a concrete batching plant (CBP),0.00,100.00,2026-09-09_09-59-56_pruned_taxonomy_topdown
747982,20b3edce-53d5-4d2f-bc3c-8bedc5f44c18,PM10 Time Series Forecasting Using Variational Mode Decomposition Informer,477,Energy and extractives (Sector),True,,,,,False,False,"The study does not concern electricity generation, fuel production, or resource extraction.",,0.00,0.00,2026-09-09_09-59-56_pruned_taxonomy_topdown
747982,20b3edce-53d5-4d2f-bc3c-8bedc5f44c18,PM10 Time Series Forecasting Using Variational Mode Decomposition Informer,482,Military (Sector),True,,,,,False,False,"No military personnel, equipment, operations, or defense infrastructure are involved.",,0.00,0.00,2026-09-09_09-59-56_pruned_taxonomy_topdown
747982,20b3edce-53d5-4d2f-bc3c-8bedc5f44c18,PM10 Time Series Forecasting Using Variational Mode Decomposition Informer,474,"Agriculture, fishing, and forestry (Sector)",True,,,,,False,False,"The study does not concern agriculture, livestock, aquaculture, fishing, or forest management.",,0.00,0.00,2026-09-09_09-59-56_pruned_taxonomy_topdown
747982,20b3edce-53d5-4d2f-bc3c-8bedc5f44c18,PM10 Time Series Forecasting Using Variational Mode Decomposition Informer,431,Z_Other evidence synthesis type,True,,,,,False,False,No annotation with this attribute found: reverting to default,,0.00,0.00,2026-09-09_09-59-56_pruned_taxonomy_topdown
747982,20b3edce-53d5-4d2f-bc3c-8bedc5f44c18,PM10 Time Series Forecasting Using Variational Mode Decomposition Informer,427,Health technology assessment (HTA),True,,,,,False,False,No annotation with this attribute found: reverting to default,,0.00,0.00,2026-09-09_09-59-56_pruned_taxonomy_topdown
747982,20b3edce-53d5-4d2f-bc3c-8bedc5f44c18,PM10 Time Series Forecasting Using Variational Mode Decomposition Informer,428,Meta-analysis (unsystematic),True,,,,,False,False,No annotation with this attribute found: reverting to default,,0.00,0.00,2026-09-09_09-59-56_pruned_taxonomy_topdown
747982,20b3edce-53d5-4d2f-bc3c-8bedc5f44c18,PM10 Time Series Forecasting Using Variational Mode Decomposition Informer,390,(Quasi-)Experimental / single-group designs,True,,,,,False,False,The study develops and evaluates a forecasting model using observed PM10 and related environmental data; it does not apply an intervention to a single group.,,0.00,0.00,2026-09-09_09-59-56_pruned_taxonomy_topdown
747982,20b3edce-53d5-4d2f-bc3c-8bedc5f44c18,PM10 Time Series Forecasting Using Variational Mode Decomposition Informer,397,Z_Other study design,True,,,,,False,False,"This is a modelling study, which is captured by the specific modelling-design category rather than an uncategorized primary research design.",,0.00,0.00,2026-09-09_09-59-56_pruned_taxonomy_topdown
747982,20b3edce-53d5-4d2f-bc3c-8bedc5f44c18,PM10 Time Series Forecasting Using Variational Mode Decomposition Informer,394,Observational / group comparison designs,True,,,,,False,False,The study does not compare health outcomes between groups defined by exposure status.,,0.00,0.00,2026-09-09_09-59-56_pruned_taxonomy_topdown
747982,20b3edce-53d5-4d2f-bc3c-8bedc5f44c18,PM10 Time Series Forecasting Using Variational Mode Decomposition Informer,393,Modelling / simulation,True,,,,,False,True,The study uses computational and statistical modelling to perform time-series forecasting of PM10 concentrations.,This study proposes a hybrid prediction model to forecast PM concentrations,0.00,100.00,2026-09-09_09-59-56_pruned_taxonomy_topdown
747982,20b3edce-53d5-4d2f-bc3c-8bedc5f44c18,PM10 Time Series Forecasting Using Variational Mode Decomposition Informer,387,1. Primary research,True,,,,,False,True,This is an original primary research study that develops and evaluates a hybrid forecasting model using PM10 data and additional environmental measurements collected from a concrete batching plant.,The effectiveness of the model was confirmed using data from a CBP associated with a national highway.,0.00,100.00,2026-09-09_09-59-56_pruned_taxonomy_topdown
747982,20b3edce-53d5-4d2f-bc3c-8bedc5f44c18,PM10 Time Series Forecasting Using Variational Mode Decomposition Informer,395,Observational / single-group designs,True,,,,,False,False,"Although the data are used for time-series forecasting, the study does not track health outcomes over time in a single group.",,0.00,0.00,2026-09-09_09-59-56_pruned_taxonomy_topdown
747982,20b3edce-53d5-4d2f-bc3c-8bedc5f44c18,PM10 Time Series Forecasting Using Variational Mode Decomposition Informer,430,Systematic reviews,True,,,,,False,False,No annotation with this attribute found: reverting to default,,0.00,0.00,2026-09-09_09-59-56_pruned_taxonomy_topdown
747982,20b3edce-53d5-4d2f-bc3c-8bedc5f44c18,PM10 Time Series Forecasting Using Variational Mode Decomposition Informer,392,Mixed-methods,True,,,,,False,False,The abstract describes quantitative modelling and does not report integrated qualitative data collection or analysis.,,0.00,0.00,2026-09-09_09-59-56_pruned_taxonomy_topdown
747982,20b3edce-53d5-4d2f-bc3c-8bedc5f44c18,PM10 Time Series Forecasting Using Variational Mode Decomposition Informer,396,Qualitative designs,True,,,,,False,False,"No qualitative methods or analysis of meanings, experiences, or contextual factors are reported.",,0.00,0.00,2026-09-09_09-59-56_pruned_taxonomy_topdown
747982,20b3edce-53d5-4d2f-bc3c-8bedc5f44c18,PM10 Time Series Forecasting Using Variational Mode Decomposition Informer,426,Guideline (clinical or public health),True,,,,,False,False,No annotation with this attribute found: reverting to default,,0.00,0.00,2026-09-09_09-59-56_pruned_taxonomy_topdown
747982,20b3edce-53d5-4d2f-bc3c-8bedc5f44c18,PM10 Time Series Forecasting Using Variational Mode Decomposition Informer,389,(Quasi-)Experimental / group comparison designs,True,,,,,False,False,"The study compares model performance, such as the VMD-informer model versus the informer-only model, but this is not an intervention-versus-control experimental design.",,0.00,0.00,2026-09-09_09-59-56_pruned_taxonomy_topdown
747982,20b3edce-53d5-4d2f-bc3c-8bedc5f44c18,PM10 Time Series Forecasting Using Variational Mode Decomposition Informer,391,Descriptive / single-group designs,True,,,,,False,False,The study does not simply describe the frequency or distribution of outcomes in a single group; it develops a predictive model for PM10 concentrations.,,0.00,0.00,2026-09-09_09-59-56_pruned_taxonomy_topdown
747982,20b3edce-53d5-4d2f-bc3c-8bedc5f44c18,PM10 Time Series Forecasting Using Variational Mode Decomposition Informer,388,2. Evidence synthesis,True,,,,,False,False,"The study develops and validates a prediction model using direct environmental data; it does not review, aggregate, or synthesise findings from existing studies or literature.",,0.00,0.00,2026-09-09_09-59-56_pruned_taxonomy_topdown
747982,20b3edce-53d5-4d2f-bc3c-8bedc5f44c18,PM10 Time Series Forecasting Using Variational Mode Decomposition Informer,429,Narrative review,True,,,,,False,False,No annotation with this attribute found: reverting to default,,0.00,0.00,2026-09-09_09-59-56_pruned_taxonomy_topdown
747982,20b3edce-53d5-4d2f-bc3c-8bedc5f44c18,PM10 Time Series Forecasting Using Variational Mode Decomposition Informer,202,Neurological disorders,True,,,,,False,False,No annotation with this attribute found: reverting to default,,0.00,0.00,2026-09-09_09-59-56_pruned_taxonomy_topdown
747982,20b3edce-53d5-4d2f-bc3c-8bedc5f44c18,PM10 Time Series Forecasting Using Variational Mode Decomposition Informer,116,1.1. Total / all-cause mortality (Outcome),True,,,,,False,False,No annotation with this attribute found: reverting to default,,0.00,0.00,2026-09-09_09-59-56_pruned_taxonomy_topdown
747982,20b3edce-53d5-4d2f-bc3c-8bedc5f44c18,PM10 Time Series Forecasting Using Variational Mode Decomposition Informer,196,Chronic respiratory diseases,True,,,,,False,False,No annotation with this attribute found: reverting to default,,0.00,0.00,2026-09-09_09-59-56_pruned_taxonomy_topdown
747982,20b3edce-53d5-4d2f-bc3c-8bedc5f44c18,PM10 Time Series Forecasting Using Variational Mode Decomposition Informer,206,Z_Other non-communicable diseases,True,,,,,False,False,No annotation with this attribute found: reverting to default,,0.00,0.00,2026-09-09_09-59-56_pruned_taxonomy_topdown
747982,20b3edce-53d5-4d2f-bc3c-8bedc5f44c18,PM10 Time Series Forecasting Using Variational Mode Decomposition Informer,117,"1.2. Communicable, maternal, neonatal, and nutritional mortality",True,,,,,False,False,No annotation with this attribute found: reverting to default,,0.00,0.00,2026-09-09_09-59-56_pruned_taxonomy_topdown
747982,20b3edce-53d5-4d2f-bc3c-8bedc5f44c18,PM10 Time Series Forecasting Using Variational Mode Decomposition Informer,199,Mental disorders,True,,,,,False,False,No annotation with this attribute found: reverting to default,,0.00,0.00,2026-09-09_09-59-56_pruned_taxonomy_topdown
747982,20b3edce-53d5-4d2f-bc3c-8bedc5f44c18,PM10 Time Series Forecasting Using Variational Mode Decomposition Informer,204,Skin and subcutaneous diseases,True,,,,,False,False,No annotation with this attribute found: reverting to default,,0.00,0.00,2026-09-09_09-59-56_pruned_taxonomy_topdown
747982,20b3edce-53d5-4d2f-bc3c-8bedc5f44c18,PM10 Time Series Forecasting Using Variational Mode Decomposition Informer,134,HIV/AIDS and sexually transmitted infections,True,,,,,False,False,No annotation with this attribute found: reverting to default,,0.00,0.00,2026-09-09_09-59-56_pruned_taxonomy_topdown
747982,20b3edce-53d5-4d2f-bc3c-8bedc5f44c18,PM10 Time Series Forecasting Using Variational Mode Decomposition Informer,137,Nutritional deficiencies,True,,,,,False,False,No annotation with this attribute found: reverting to default,,0.00,0.00,2026-09-09_09-59-56_pruned_taxonomy_topdown
747982,20b3edce-53d5-4d2f-bc3c-8bedc5f44c18,PM10 Time Series Forecasting Using Variational Mode Decomposition Informer,200,Musculoskeletal disorders,True,,,,,False,False,No annotation with this attribute found: reverting to default,,0.00,0.00,2026-09-09_09-59-56_pruned_taxonomy_topdown
747982,20b3edce-53d5-4d2f-bc3c-8bedc5f44c18,PM10 Time Series Forecasting Using Variational Mode Decomposition Informer,139,Z_Other infectious diseases,True,,,,,False,False,No annotation with this attribute found: reverting to default,,0.00,0.00,2026-09-09_09-59-56_pruned_taxonomy_topdown
747982,20b3edce-53d5-4d2f-bc3c-8bedc5f44c18,PM10 Time Series Forecasting Using Variational Mode Decomposition Informer,289,Transport injuries,True,,,,,False,False,No annotation with this attribute found: reverting to default,,0.00,0.00,2026-09-09_09-59-56_pruned_taxonomy_topdown
747982,20b3edce-53d5-4d2f-bc3c-8bedc5f44c18,PM10 Time Series Forecasting Using Variational Mode Decomposition Informer,135,Maternal and neonatal disorders,True,,,,,False,False,No annotation with this attribute found: reverting to default,,0.00,0.00,2026-09-09_09-59-56_pruned_taxonomy_topdown
747982,20b3edce-53d5-4d2f-bc3c-8bedc5f44c18,PM10 Time Series Forecasting Using Variational Mode Decomposition Informer,136,Neglected tropical diseases and malaria,True,,,,,False,False,No annotation with this attribute found: reverting to default,,0.00,0.00,2026-09-09_09-59-56_pruned_taxonomy_topdown
747982,20b3edce-53d5-4d2f-bc3c-8bedc5f44c18,PM10 Time Series Forecasting Using Variational Mode Decomposition Informer,195,Cardiovascular diseases,True,,,,,False,False,No annotation with this attribute found: reverting to default,,0.00,0.00,2026-09-09_09-59-56_pruned_taxonomy_topdown
747982,20b3edce-53d5-4d2f-bc3c-8bedc5f44c18,PM10 Time Series Forecasting Using Variational Mode Decomposition Informer,288,Self-harm and interpersonal violence,True,,,,,False,False,No annotation with this attribute found: reverting to default,,0.00,0.00,2026-09-09_09-59-56_pruned_taxonomy_topdown
747982,20b3edce-53d5-4d2f-bc3c-8bedc5f44c18,PM10 Time Series Forecasting Using Variational Mode Decomposition Informer,114,3. Non-communicable diseases,True,,,,,False,False,"The study focuses on forecasting PM10 concentrations at a concrete batching plant, not on chronic non-infectious diseases or their health burden.",,0.00,0.00,2026-09-09_09-59-56_pruned_taxonomy_topdown
747982,20b3edce-53d5-4d2f-bc3c-8bedc5f44c18,PM10 Time Series Forecasting Using Variational Mode Decomposition Informer,112,1. Mortality (Outcome),True,,,,,False,False,"The study does not assess deaths, mortality, causes of death, or fatal disease burden; it evaluates the accuracy of an air-pollution forecasting model.",,0.00,0.00,2026-09-09_09-59-56_pruned_taxonomy_topdown
747982,20b3edce-53d5-4d2f-bc3c-8bedc5f44c18,PM10 Time Series Forecasting Using Variational Mode Decomposition Informer,138,Respiratory infections and tuberculosis,True,,,,,False,False,No annotation with this attribute found: reverting to default,,0.00,0.00,2026-09-09_09-59-56_pruned_taxonomy_topdown
747982,20b3edce-53d5-4d2f-bc3c-8bedc5f44c18,PM10 Time Series Forecasting Using Variational Mode Decomposition Informer,290,Unintentional injuries,True,,,,,False,False,No annotation with this attribute found: reverting to default,,0.00,0.00,2026-09-09_09-59-56_pruned_taxonomy_topdown
747982,20b3edce-53d5-4d2f-bc3c-8bedc5f44c18,PM10 Time Series Forecasting Using Variational Mode Decomposition Informer,113,"2. Communicable, maternal, neonatal, and nutritional diseases",True,,,,,False,False,"No infectious, maternal, neonatal, or nutritional diseases are studied. The context concerns PM10 concentration prediction and environmental protection.",,0.00,0.00,2026-09-09_09-59-56_pruned_taxonomy_topdown
747982,20b3edce-53d5-4d2f-bc3c-8bedc5f44c18,PM10 Time Series Forecasting Using Variational Mode Decomposition Informer,133,Enteric infections,True,,,,,False,False,No annotation with this attribute found: reverting to default,,0.00,0.00,2026-09-09_09-59-56_pruned_taxonomy_topdown
747982,20b3edce-53d5-4d2f-bc3c-8bedc5f44c18,PM10 Time Series Forecasting Using Variational Mode Decomposition Informer,201,Neoplasms,True,,,,,False,False,No annotation with this attribute found: reverting to default,,0.00,0.00,2026-09-09_09-59-56_pruned_taxonomy_topdown
747982,20b3edce-53d5-4d2f-bc3c-8bedc5f44c18,PM10 Time Series Forecasting Using Variational Mode Decomposition Informer,118,1.3. Non-communicable mortality,True,,,,,False,False,No annotation with this attribute found: reverting to default,,0.00,0.00,2026-09-09_09-59-56_pruned_taxonomy_topdown
747982,20b3edce-53d5-4d2f-bc3c-8bedc5f44c18,PM10 Time Series Forecasting Using Variational Mode Decomposition Informer,205,Substance use disorders,True,,,,,False,False,No annotation with this attribute found: reverting to default,,0.00,0.00,2026-09-09_09-59-56_pruned_taxonomy_topdown
747982,20b3edce-53d5-4d2f-bc3c-8bedc5f44c18,PM10 Time Series Forecasting Using Variational Mode Decomposition Informer,197,Diabetes and kidney diseases,True,,,,,False,False,No annotation with this attribute found: reverting to default,,0.00,0.00,2026-09-09_09-59-56_pruned_taxonomy_topdown
747982,20b3edce-53d5-4d2f-bc3c-8bedc5f44c18,PM10 Time Series Forecasting Using Variational Mode Decomposition Informer,203,Sense organ diseases,True,,,,,False,False,No annotation with this attribute found: reverting to default,,0.00,0.00,2026-09-09_09-59-56_pruned_taxonomy_topdown
747982,20b3edce-53d5-4d2f-bc3c-8bedc5f44c18,PM10 Time Series Forecasting Using Variational Mode Decomposition Informer,115,4. Injuries,True,,,,,False,False,"The study does not examine physical injuries, self-harm, violence, conflict, or other external-cause harms; it focuses on particulate-matter forecasting.",,0.00,0.00,2026-09-09_09-59-56_pruned_taxonomy_topdown
747982,20b3edce-53d5-4d2f-bc3c-8bedc5f44c18,PM10 Time Series Forecasting Using Variational Mode Decomposition Informer,198,Digestive diseases,True,,,,,False,False,No annotation with this attribute found: reverting to default,,0.00,0.00,2026-09-09_09-59-56_pruned_taxonomy_topdown
10988066,2111d5e5-4ece-442c-a1c7-a5ba9321ee95,Evaluating the Impact of the Spatial Resolution of Digital Elevation Models on Flood Modelling,36,Coal,True,,,,,False,False,The study focuses on flood modelling and Digital Elevation Model resolution in Nigeria; it does not concern coal or other solid fossil fuels.,,0.00,0.00,2026-09-09_09-59-56_pruned_taxonomy_topdown
10988066,2111d5e5-4ece-442c-a1c7-a5ba9321ee95,Evaluating the Impact of the Spatial Resolution of Digital Elevation Models on Flood Modelling,35,(Unspecified) fossil fuels,True,,,,,False,False,The study does not address fossil fuel use or combustion in general; its subject is flood prediction and risk management.,,0.00,0.00,2026-09-09_09-59-56_pruned_taxonomy_topdown
10988066,2111d5e5-4ece-442c-a1c7-a5ba9321ee95,Evaluating the Impact of the Spatial Resolution of Digital Elevation Models on Flood Modelling,38,Oil,True,,,,,False,False,"The study does not concern liquid fossil fuels such as petroleum, petrol, diesel, or jet fuel.",,0.00,0.00,2026-09-09_09-59-56_pruned_taxonomy_topdown
10988066,2111d5e5-4ece-442c-a1c7-a5ba9321ee95,Evaluating the Impact of the Spatial Resolution of Digital Elevation Models on Flood Modelling,37,Natural gas,True,,,,,False,False,"The study does not concern natural gas, methane, or gas-related emissions; it addresses flood modelling using elevation data.",,0.00,0.00,2026-09-09_09-59-56_pruned_taxonomy_topdown
10988066,2111d5e5-4ece-442c-a1c7-a5ba9321ee95,Evaluating the Impact of the Spatial Resolution of Digital Elevation Models on Flood Modelling,17,(Unspecified) greenhouse gases,True,,,,,False,False,The study focuses on flood modelling and Digital Elevation Model resolution; atmospheric greenhouse gases are not a subject of the study.,,0.00,0.00,2026-09-09_09-59-56_pruned_taxonomy_topdown
10988066,2111d5e5-4ece-442c-a1c7-a5ba9321ee95,Evaluating the Impact of the Spatial Resolution of Digital Elevation Models on Flood Modelling,18,Carbon dioxide (CO₂),True,,,,,False,False,"Carbon dioxide is not discussed as an exposure, variable, or focus of the flood-modelling study.",,0.00,0.00,2026-09-09_09-59-56_pruned_taxonomy_topdown
10988066,2111d5e5-4ece-442c-a1c7-a5ba9321ee95,Evaluating the Impact of the Spatial Resolution of Digital Elevation Models on Flood Modelling,22,Ozone-depleting substances / chlorofluorocarbons / hydrochlorofluorocarbons / halons / carbon tetrachloride / methyl chloroform,True,,,,,False,False,Ozone-depleting compounds regulated under the Montreal Protocol are not addressed.,,0.00,0.00,2026-09-09_09-59-56_pruned_taxonomy_topdown
10988066,2111d5e5-4ece-442c-a1c7-a5ba9321ee95,Evaluating the Impact of the Spatial Resolution of Digital Elevation Models on Flood Modelling,19,Fluorinated gases / hydrofluorocarbons / perfluorocarbons / sulfur hexafluoride / nitrogen trifluoride,True,,,,,False,False,Synthetic industrial greenhouse gases are not part of the study's subject matter.,,0.00,0.00,2026-09-09_09-59-56_pruned_taxonomy_topdown
10988066,2111d5e5-4ece-442c-a1c7-a5ba9321ee95,Evaluating the Impact of the Spatial Resolution of Digital Elevation Models on Flood Modelling,20,Methane (CH₄),True,,,,,False,False,Methane emissions or methane-related climate impacts are not discussed.,,0.00,0.00,2026-09-09_09-59-56_pruned_taxonomy_topdown
10988066,2111d5e5-4ece-442c-a1c7-a5ba9321ee95,Evaluating the Impact of the Spatial Resolution of Digital Elevation Models on Flood Modelling,21,Nitrous oxide (N₂O),True,,,,,False,False,"Nitrous oxide, agricultural emissions, and nitrogen fertilisers are not addressed in this flood-modelling study.",,0.00,0.00,2026-09-09_09-59-56_pruned_taxonomy_topdown
10988066,2111d5e5-4ece-442c-a1c7-a5ba9321ee95,Evaluating the Impact of the Spatial Resolution of Digital Elevation Models on Flood Modelling,23,Particulate matter (PM10) / fine particulate matter (PM2.5) / black/organic carbon / sulfate/nitrate aerosols,True,,,,,False,False,Particulate matter and its effects on climate or human health are not investigated.,,0.00,0.00,2026-09-09_09-59-56_pruned_taxonomy_topdown
10988066,2111d5e5-4ece-442c-a1c7-a5ba9321ee95,Evaluating the Impact of the Spatial Resolution of Digital Elevation Models on Flood Modelling,24,Tropospheric ozone (O₃),True,,,,,False,False,Ground-level ozone or its photochemical precursors are not discussed; the study concerns flood prediction and hazard mapping.,,0.00,0.00,2026-09-09_09-59-56_pruned_taxonomy_topdown
10988066,2111d5e5-4ece-442c-a1c7-a5ba9321ee95,Evaluating the Impact of the Spatial Resolution of Digital Elevation Models on Flood Modelling,26,Extreme cold,True,,,,,False,False,"The study does not examine unusually low temperatures, cold snaps, blizzards, or cold-related health outcomes.",,0.00,0.00,2026-09-09_09-59-56_pruned_taxonomy_topdown
10988066,2111d5e5-4ece-442c-a1c7-a5ba9321ee95,Evaluating the Impact of the Spatial Resolution of Digital Elevation Models on Flood Modelling,27,Extreme heat,True,,,,,False,False,"The study does not address high temperatures, heatwaves, or heat-related health risks.",,0.00,0.00,2026-09-09_09-59-56_pruned_taxonomy_topdown
10988066,2111d5e5-4ece-442c-a1c7-a5ba9321ee95,Evaluating the Impact of the Spatial Resolution of Digital Elevation Models on Flood Modelling,28,Extreme precipitation,True,,,,,False,False,"Although the study models flooding, it does not specifically investigate unusually intense or prolonged rainfall, snowfall, or other precipitation as the exposure or event of interest.",,0.00,0.00,2026-09-09_09-59-56_pruned_taxonomy_topdown
10988066,2111d5e5-4ece-442c-a1c7-a5ba9321ee95,Evaluating the Impact of the Spatial Resolution of Digital Elevation Models on Flood Modelling,30,Floods,True,,,,,True,True,"Flooding is the central subject of the study, which evaluates digital elevation models for predicting flood levels and improving flood hazard mapping and management.","This study investigated the impact of different Digital Elevation Model (DEM) resolutions ... on flood modelling within the Shiroro floodplain, Nigeria.",0.00,76.32,2026-09-09_09-59-56_pruned_taxonomy_topdown
10988066,2111d5e5-4ece-442c-a1c7-a5ba9321ee95,Evaluating the Impact of the Spatial Resolution of Digital Elevation Models on Flood Modelling,33,Wildfires,True,,,,,False,False,"The study does not concern uncontrolled vegetation fires, wildfire smoke, or associated air-pollution health impacts.",,0.00,0.00,2026-09-09_09-59-56_pruned_taxonomy_topdown
10988066,2111d5e5-4ece-442c-a1c7-a5ba9321ee95,Evaluating the Impact of the Spatial Resolution of Digital Elevation Models on Flood Modelling,25,Droughts,True,,,,,False,False,"The study does not investigate prolonged water deficits, drought, reduced water availability, or related health, agricultural, or livelihood effects.",,0.00,0.00,2026-09-09_09-59-56_pruned_taxonomy_topdown
10988066,2111d5e5-4ece-442c-a1c7-a5ba9321ee95,Evaluating the Impact of the Spatial Resolution of Digital Elevation Models on Flood Modelling,29,Extreme snow/ice events,True,,,,,False,False,"The study does not address severe snow or ice conditions, blizzards, freezing rain, or ice storms.",,0.00,0.00,2026-09-09_09-59-56_pruned_taxonomy_topdown
10988066,2111d5e5-4ece-442c-a1c7-a5ba9321ee95,Evaluating the Impact of the Spatial Resolution of Digital Elevation Models on Flood Modelling,31,Sand and dust storms,True,,,,,False,False,"The study does not examine wind-driven sand or dust events, reduced air quality, or visibility impacts.",,0.00,0.00,2026-09-09_09-59-56_pruned_taxonomy_topdown
10988066,2111d5e5-4ece-442c-a1c7-a5ba9321ee95,Evaluating the Impact of the Spatial Resolution of Digital Elevation Models on Flood Modelling,32,Storms and severe wind,True,,,,,False,False,"The study does not address tropical cyclones, hurricanes, typhoons, severe thunderstorms, or hailstorms.",,0.00,0.00,2026-09-09_09-59-56_pruned_taxonomy_topdown
10988066,2111d5e5-4ece-442c-a1c7-a5ba9321ee95,Evaluating the Impact of the Spatial Resolution of Digital Elevation Models on Flood Modelling,34,Z_(Unspecified) extreme weather events,True,,,,,False,False,The study identifies the specific extreme event as flooding rather than referring generally to an unspecified climate extreme.,,0.00,0.00,2026-09-09_09-59-56_pruned_taxonomy_topdown
10988066,2111d5e5-4ece-442c-a1c7-a5ba9321ee95,Evaluating the Impact of the Spatial Resolution of Digital Elevation Models on Flood Modelling,493,Attribution,True,,,,,False,False,The study does not establish whether climate change caused observed flood events or changes in flood risk; it focuses on the technical accuracy of flood modelling.,,0.00,0.00,2026-09-09_09-59-56_pruned_taxonomy_topdown
10988066,2111d5e5-4ece-442c-a1c7-a5ba9321ee95,Evaluating the Impact of the Spatial Resolution of Digital Elevation Models on Flood Modelling,487,Adaptation,True,,,,,True,True,"The study focuses on flood modelling for flood risk management, forecasting, hazard mapping, disaster preparedness, and response— 모두 adaptation-related activities.","""accurate flood predictions, refine flood hazard maps, and inform targeted flood mitigation measures, ultimately enhancing disaster preparedness and response""",0.00,91.77,2026-09-09_09-59-56_pruned_taxonomy_topdown
10988066,2111d5e5-4ece-442c-a1c7-a5ba9321ee95,Evaluating the Impact of the Spatial Resolution of Digital Elevation Models on Flood Modelling,490,Maladaptation,True,,,,,False,False,The study does not examine adaptation actions that create unintended risks or increase vulnerability; it evaluates the accuracy of flood modelling using different DEM resolutions.,,0.00,0.00,2026-09-09_09-59-56_pruned_taxonomy_topdown
10988066,2111d5e5-4ece-442c-a1c7-a5ba9321ee95,Evaluating the Impact of the Spatial Resolution of Digital Elevation Models on Flood Modelling,495,Loss and damage,True,,,,,False,False,"The abstract does not discuss unavoidable, irreversible losses or damages resulting from climate change.",,0.00,0.00,2026-09-09_09-59-56_pruned_taxonomy_topdown
10988066,2111d5e5-4ece-442c-a1c7-a5ba9321ee95,Evaluating the Impact of the Spatial Resolution of Digital Elevation Models on Flood Modelling,492,Resilience,True,,,,,False,True,"The study contributes to the capacity to anticipate and withstand flood hazards by improving flood prediction, hazard mapping, preparedness, and response.",ultimately enhancing disaster preparedness and response within the Shiroro floodplain and beyond,0.00,100.00,2026-09-09_09-59-56_pruned_taxonomy_topdown
10988066,2111d5e5-4ece-442c-a1c7-a5ba9321ee95,Evaluating the Impact of the Spatial Resolution of Digital Elevation Models on Flood Modelling,489,Mitigation,True,,,,,False,False,"The study does not concern greenhouse-gas emissions, fossil fuels, or strategies to reduce emissions.",,0.00,0.00,2026-09-09_09-59-56_pruned_taxonomy_topdown
10988066,2111d5e5-4ece-442c-a1c7-a5ba9321ee95,Evaluating the Impact of the Spatial Resolution of Digital Elevation Models on Flood Modelling,491,Preparedness,True,,,,,True,True,The study focuses on flood forecasting and risk-management information intended to support measures and preparedness before flood events occur.,"inform targeted flood mitigation measures, ultimately enhancing disaster preparedness and response",0.00,100.00,2026-09-09_09-59-56_pruned_taxonomy_topdown
10988066,2111d5e5-4ece-442c-a1c7-a5ba9321ee95,Evaluating the Impact of the Spatial Resolution of Digital Elevation Models on Flood Modelling,494,Future impact,True,,,,,False,False,"The study models flood levels using topographic data but does not project future climate-related health, ecological, or societal effects using climate scenarios or climate modelling.",,0.00,0.00,2026-09-09_09-59-56_pruned_taxonomy_topdown
10988066,2111d5e5-4ece-442c-a1c7-a5ba9321ee95,Evaluating the Impact of the Spatial Resolution of Digital Elevation Models on Flood Modelling,496,Co-Benefits,True,,,,,False,False,No annotation with this attribute found: reverting to default,,0.00,0.00,2026-09-09_09-59-56_pruned_taxonomy_topdown
10988066,2111d5e5-4ece-442c-a1c7-a5ba9321ee95,Evaluating the Impact of the Spatial Resolution of Digital Elevation Models on Flood Modelling,488,Impact,True,,,,,False,True,"The study characterises and models flood hazards, a climate-related extreme event, and assesses flood-risk predictions and impacts within a floodplain.","""investigated the impact of different Digital Elevation Model (DEM) resolutions ... on flood modelling""",0.00,81.55,2026-09-09_09-59-56_pruned_taxonomy_topdown
10988066,2111d5e5-4ece-442c-a1c7-a5ba9321ee95,Evaluating the Impact of the Spatial Resolution of Digital Elevation Models on Flood Modelling,6,(Unspecified) changes in weather,True,,,,,False,False,"The study focuses on flood modelling and the effect of DEM resolution, not broad changes in weather patterns.",,0.00,0.00,2026-09-09_09-59-56_pruned_taxonomy_topdown
10988066,2111d5e5-4ece-442c-a1c7-a5ba9321ee95,Evaluating the Impact of the Spatial Resolution of Digital Elevation Models on Flood Modelling,15,Changes in wind speed,True,,,,,False,False,No changes in wind patterns or wind velocity are examined.,,0.00,0.00,2026-09-09_09-59-56_pruned_taxonomy_topdown
10988066,2111d5e5-4ece-442c-a1c7-a5ba9321ee95,Evaluating the Impact of the Spatial Resolution of Digital Elevation Models on Flood Modelling,13,Changes in season length,True,,,,,False,False,The study does not address seasonal duration or shifts in season onset.,,0.00,0.00,2026-09-09_09-59-56_pruned_taxonomy_topdown
10988066,2111d5e5-4ece-442c-a1c7-a5ba9321ee95,Evaluating the Impact of the Spatial Resolution of Digital Elevation Models on Flood Modelling,7,(Unspecified) climate change,True,,,,,False,False,"Climate change is not identified as a subject, driver, or mechanism of the study.",,0.00,0.00,2026-09-09_09-59-56_pruned_taxonomy_topdown
10988066,2111d5e5-4ece-442c-a1c7-a5ba9321ee95,Evaluating the Impact of the Spatial Resolution of Digital Elevation Models on Flood Modelling,16,Climate variability,True,,,,,False,False,The study does not investigate climate variability or fluctuations in climate statistics over time.,,0.00,0.00,2026-09-09_09-59-56_pruned_taxonomy_topdown
10988066,2111d5e5-4ece-442c-a1c7-a5ba9321ee95,Evaluating the Impact of the Spatial Resolution of Digital Elevation Models on Flood Modelling,9,Changes in humidity,True,,,,,False,False,Atmospheric moisture or humidity changes are not examined.,,0.00,0.00,2026-09-09_09-59-56_pruned_taxonomy_topdown
10988066,2111d5e5-4ece-442c-a1c7-a5ba9321ee95,Evaluating the Impact of the Spatial Resolution of Digital Elevation Models on Flood Modelling,12,Changes in sea level,True,,,,,False,False,Sea-level rise is not relevant to the inland Shiroro floodplain study.,,0.00,0.00,2026-09-09_09-59-56_pruned_taxonomy_topdown
10988066,2111d5e5-4ece-442c-a1c7-a5ba9321ee95,Evaluating the Impact of the Spatial Resolution of Digital Elevation Models on Flood Modelling,11,Changes in precipitation,True,,,,,False,False,"Although flooding is modelled, the study does not examine alterations in rainfall or snowfall amount, timing, or intensity.",,0.00,0.00,2026-09-09_09-59-56_pruned_taxonomy_topdown
10988066,2111d5e5-4ece-442c-a1c7-a5ba9321ee95,Evaluating the Impact of the Spatial Resolution of Digital Elevation Models on Flood Modelling,10,Changes in inland water bodies,True,,,,,False,False,The study models flood levels in river channels but does not investigate climate-driven changes in freshwater availability or hydrological patterns.,,0.00,0.00,2026-09-09_09-59-56_pruned_taxonomy_topdown
10988066,2111d5e5-4ece-442c-a1c7-a5ba9321ee95,Evaluating the Impact of the Spatial Resolution of Digital Elevation Models on Flood Modelling,14,Changes in temperature,True,,,,,False,False,Temperature conditions or warming trends are not addressed.,,0.00,0.00,2026-09-09_09-59-56_pruned_taxonomy_topdown
10988066,2111d5e5-4ece-442c-a1c7-a5ba9321ee95,Evaluating the Impact of the Spatial Resolution of Digital Elevation Models on Flood Modelling,8,Changes in glacier / snow melt,True,,,,,False,False,Glacier or snowpack melting is not addressed.,,0.00,0.00,2026-09-09_09-59-56_pruned_taxonomy_topdown
10988066,2111d5e5-4ece-442c-a1c7-a5ba9321ee95,Evaluating the Impact of the Spatial Resolution of Digital Elevation Models on Flood Modelling,476,Education (Sector),True,,,,,False,False,"The study focuses on flood modelling and digital elevation model accuracy, not formal or informal education systems.",,0.00,0.00,2026-09-09_09-59-56_pruned_taxonomy_topdown
10988066,2111d5e5-4ece-442c-a1c7-a5ba9321ee95,Evaluating the Impact of the Spatial Resolution of Digital Elevation Models on Flood Modelling,485,Transportation (Sector),True,,,,,False,False,"Transport infrastructure, vehicles, and logistics operations are not examined.",,0.00,0.00,2026-09-09_09-59-56_pruned_taxonomy_topdown
10988066,2111d5e5-4ece-442c-a1c7-a5ba9321ee95,Evaluating the Impact of the Spatial Resolution of Digital Elevation Models on Flood Modelling,483,Public administration (Sector),True,,,,,False,False,"Although disaster management and preparedness are mentioned, the study does not examine public-administration operations, services, or workforce; it evaluates flood-modelling methods.",,0.00,0.00,2026-09-09_09-59-56_pruned_taxonomy_topdown
10988066,2111d5e5-4ece-442c-a1c7-a5ba9321ee95,Evaluating the Impact of the Spatial Resolution of Digital Elevation Models on Flood Modelling,479,Healthcare (Sector),True,,,,,False,False,"Medical care, public health services, and health infrastructure are not subjects of the study.",,0.00,0.00,2026-09-09_09-59-56_pruned_taxonomy_topdown
10988066,2111d5e5-4ece-442c-a1c7-a5ba9321ee95,Evaluating the Impact of the Spatial Resolution of Digital Elevation Models on Flood Modelling,486,"Water, sanitation, and waste management (Sector)",True,,,,,False,False,"The study concerns river-channel flood modelling, not water supply, sewage treatment, or solid waste management.",,0.00,0.00,2026-09-09_09-59-56_pruned_taxonomy_topdown
10988066,2111d5e5-4ece-442c-a1c7-a5ba9321ee95,Evaluating the Impact of the Spatial Resolution of Digital Elevation Models on Flood Modelling,475,Buildings / housing (Sector),True,,,,,False,False,"Residential or commercial buildings, housing, and construction are not examined.",,0.00,0.00,2026-09-09_09-59-56_pruned_taxonomy_topdown
10988066,2111d5e5-4ece-442c-a1c7-a5ba9321ee95,Evaluating the Impact of the Spatial Resolution of Digital Elevation Models on Flood Modelling,478,Finance (Sector),True,,,,,False,False,"Banking, insurance, investment, and financial services are not addressed.",,0.00,0.00,2026-09-09_09-59-56_pruned_taxonomy_topdown
10988066,2111d5e5-4ece-442c-a1c7-a5ba9321ee95,Evaluating the Impact of the Spatial Resolution of Digital Elevation Models on Flood Modelling,484,Social protection (Sector),True,,,,,False,False,"Social safety nets, welfare services, and support systems are not the subject of the study.",,0.00,0.00,2026-09-09_09-59-56_pruned_taxonomy_topdown
10988066,2111d5e5-4ece-442c-a1c7-a5ba9321ee95,Evaluating the Impact of the Spatial Resolution of Digital Elevation Models on Flood Modelling,481,Information and communications technologies (Sector),True,,,,,False,False,"Although UAV, InSAR, SRTM, MATLAB, and digital elevation models are used as research tools, the study does not examine telecommunications, digital infrastructure, or information technology as a sector.",,0.00,0.00,2026-09-09_09-59-56_pruned_taxonomy_topdown
10988066,2111d5e5-4ece-442c-a1c7-a5ba9321ee95,Evaluating the Impact of the Spatial Resolution of Digital Elevation Models on Flood Modelling,480,"Industry, trade, and services (Sector)",True,,,,,False,False,"Manufacturing, retail, wholesale trade, and commercial services are not addressed.",,0.00,0.00,2026-09-09_09-59-56_pruned_taxonomy_topdown
10988066,2111d5e5-4ece-442c-a1c7-a5ba9321ee95,Evaluating the Impact of the Spatial Resolution of Digital Elevation Models on Flood Modelling,477,Energy and extractives (Sector),True,,,,,False,False,"Electricity generation, fuel production, resource extraction, and energy systems are not examined.",,0.00,0.00,2026-09-09_09-59-56_pruned_taxonomy_topdown
10988066,2111d5e5-4ece-442c-a1c7-a5ba9321ee95,Evaluating the Impact of the Spatial Resolution of Digital Elevation Models on Flood Modelling,482,Military (Sector),True,,,,,False,False,"Military forces, defense capabilities, personnel, equipment, operations, and infrastructure are not involved.",,0.00,0.00,2026-09-09_09-59-56_pruned_taxonomy_topdown
10988066,2111d5e5-4ece-442c-a1c7-a5ba9321ee95,Evaluating the Impact of the Spatial Resolution of Digital Elevation Models on Flood Modelling,474,"Agriculture, fishing, and forestry (Sector)",True,,,,,False,False,"Crop cultivation, livestock, aquaculture, fishing, and forest management are not examined.",,0.00,0.00,2026-09-09_09-59-56_pruned_taxonomy_topdown
10988066,2111d5e5-4ece-442c-a1c7-a5ba9321ee95,Evaluating the Impact of the Spatial Resolution of Digital Elevation Models on Flood Modelling,431,Z_Other evidence synthesis type,True,,,,,False,False,No annotation with this attribute found: reverting to default,,0.00,0.00,2026-09-09_09-59-56_pruned_taxonomy_topdown
10988066,2111d5e5-4ece-442c-a1c7-a5ba9321ee95,Evaluating the Impact of the Spatial Resolution of Digital Elevation Models on Flood Modelling,427,Health technology assessment (HTA),True,,,,,False,False,No annotation with this attribute found: reverting to default,,0.00,0.00,2026-09-09_09-59-56_pruned_taxonomy_topdown
10988066,2111d5e5-4ece-442c-a1c7-a5ba9321ee95,Evaluating the Impact of the Spatial Resolution of Digital Elevation Models on Flood Modelling,428,Meta-analysis (unsystematic),True,,,,,False,False,No annotation with this attribute found: reverting to default,,0.00,0.00,2026-09-09_09-59-56_pruned_taxonomy_topdown
10988066,2111d5e5-4ece-442c-a1c7-a5ba9321ee95,Evaluating the Impact of the Spatial Resolution of Digital Elevation Models on Flood Modelling,390,(Quasi-)Experimental / single-group designs,True,,,,,False,False,The study compares digital elevation model inputs within a flood model rather than applying an intervention to a single human or other study group without a concurrent control.,,0.00,0.00,2026-09-09_09-59-56_pruned_taxonomy_topdown
10988066,2111d5e5-4ece-442c-a1c7-a5ba9321ee95,Evaluating the Impact of the Spatial Resolution of Digital Elevation Models on Flood Modelling,397,Z_Other study design,True,,,,,False,False,"The study is captured by the specified modelling design category, so it is not best classified as an uncategorized primary research design.",,0.00,0.00,2026-09-09_09-59-56_pruned_taxonomy_topdown
10988066,2111d5e5-4ece-442c-a1c7-a5ba9321ee95,Evaluating the Impact of the Spatial Resolution of Digital Elevation Models on Flood Modelling,394,Observational / group comparison designs,True,,,,,False,False,There is no observational comparison of health outcomes between groups defined by exposure status.,,0.00,0.00,2026-09-09_09-59-56_pruned_taxonomy_topdown
10988066,2111d5e5-4ece-442c-a1c7-a5ba9321ee95,Evaluating the Impact of the Spatial Resolution of Digital Elevation Models on Flood Modelling,393,Modelling / simulation,True,,,,,True,True,The study uses computational and mathematical flood modelling to assess predictions under different DEM resolution scenarios.,Using the Shallow Water Equations (SWE) implemented in MATLAB to assess flood levels,0.00,100.00,2026-09-09_09-59-56_pruned_taxonomy_topdown
10988066,2111d5e5-4ece-442c-a1c7-a5ba9321ee95,Evaluating the Impact of the Spatial Resolution of Digital Elevation Models on Flood Modelling,387,1. Primary research,True,,,,,True,True,"This is an original research study that directly conducts flood modelling analyses using DEM data and the Shallow Water Equations, producing new comparative results.","This study investigated the impact of different Digital Elevation Model (DEM) resolutions (1 m UAV, 10 m InSAR, and 30 m SRTM) on flood modelling within the Shiroro floodplain, Nigeria.",0.00,100.00,2026-09-09_09-59-56_pruned_taxonomy_topdown
10988066,2111d5e5-4ece-442c-a1c7-a5ba9321ee95,Evaluating the Impact of the Spatial Resolution of Digital Elevation Models on Flood Modelling,395,Observational / single-group designs,True,,,,,False,False,The study does not track outcomes over time in a single group using temporal patterns.,,0.00,0.00,2026-09-09_09-59-56_pruned_taxonomy_topdown
10988066,2111d5e5-4ece-442c-a1c7-a5ba9321ee95,Evaluating the Impact of the Spatial Resolution of Digital Elevation Models on Flood Modelling,430,Systematic reviews,True,,,,,False,False,No annotation with this attribute found: reverting to default,,0.00,0.00,2026-09-09_09-59-56_pruned_taxonomy_topdown
10988066,2111d5e5-4ece-442c-a1c7-a5ba9321ee95,Evaluating the Impact of the Spatial Resolution of Digital Elevation Models on Flood Modelling,392,Mixed-methods,True,,,,,False,False,The abstract describes computational modelling only and does not report integrated quantitative and qualitative data collection or analysis.,,0.00,0.00,2026-09-09_09-59-56_pruned_taxonomy_topdown
10988066,2111d5e5-4ece-442c-a1c7-a5ba9321ee95,Evaluating the Impact of the Spatial Resolution of Digital Elevation Models on Flood Modelling,396,Qualitative designs,True,,,,,False,False,"No qualitative data collection or analysis of meanings, experiences, or contextual factors is reported.",,0.00,0.00,2026-09-09_09-59-56_pruned_taxonomy_topdown
10988066,2111d5e5-4ece-442c-a1c7-a5ba9321ee95,Evaluating the Impact of the Spatial Resolution of Digital Elevation Models on Flood Modelling,426,Guideline (clinical or public health),True,,,,,False,False,No annotation with this attribute found: reverting to default,,0.00,0.00,2026-09-09_09-59-56_pruned_taxonomy_topdown
10988066,2111d5e5-4ece-442c-a1c7-a5ba9321ee95,Evaluating the Impact of the Spatial Resolution of Digital Elevation Models on Flood Modelling,389,(Quasi-)Experimental / group comparison designs,True,,,,,False,False,"Although different DEM datasets are compared, these are model inputs rather than intervention and control groups in an experimental study design.",,0.00,0.00,2026-09-09_09-59-56_pruned_taxonomy_topdown
10988066,2111d5e5-4ece-442c-a1c7-a5ba9321ee95,Evaluating the Impact of the Spatial Resolution of Digital Elevation Models on Flood Modelling,391,Descriptive / single-group designs,True,,,,,False,False,The study does not merely describe the frequency or distribution of outcomes in a single group; it evaluates model performance across different DEM resolutions.,,0.00,0.00,2026-09-09_09-59-56_pruned_taxonomy_topdown
10988066,2111d5e5-4ece-442c-a1c7-a5ba9321ee95,Evaluating the Impact of the Spatial Resolution of Digital Elevation Models on Flood Modelling,388,2. Evidence synthesis,True,,,,,False,False,"The study is a primary modelling investigation, not a review or synthesis of existing studies, literature, or evidence.",,0.00,0.00,2026-09-09_09-59-56_pruned_taxonomy_topdown
10988066,2111d5e5-4ece-442c-a1c7-a5ba9321ee95,Evaluating the Impact of the Spatial Resolution of Digital Elevation Models on Flood Modelling,429,Narrative review,True,,,,,False,False,No annotation with this attribute found: reverting to default,,0.00,0.00,2026-09-09_09-59-56_pruned_taxonomy_topdown
10988066,2111d5e5-4ece-442c-a1c7-a5ba9321ee95,Evaluating the Impact of the Spatial Resolution of Digital Elevation Models on Flood Modelling,202,Neurological disorders,True,,,,,False,False,No annotation with this attribute found: reverting to default,,0.00,0.00,2026-09-09_09-59-56_pruned_taxonomy_topdown
10988066,2111d5e5-4ece-442c-a1c7-a5ba9321ee95,Evaluating the Impact of the Spatial Resolution of Digital Elevation Models on Flood Modelling,116,1.1. Total / all-cause mortality (Outcome),True,,,,,False,False,No annotation with this attribute found: reverting to default,,0.00,0.00,2026-09-09_09-59-56_pruned_taxonomy_topdown
10988066,2111d5e5-4ece-442c-a1c7-a5ba9321ee95,Evaluating the Impact of the Spatial Resolution of Digital Elevation Models on Flood Modelling,196,Chronic respiratory diseases,True,,,,,False,False,No annotation with this attribute found: reverting to default,,0.00,0.00,2026-09-09_09-59-56_pruned_taxonomy_topdown
10988066,2111d5e5-4ece-442c-a1c7-a5ba9321ee95,Evaluating the Impact of the Spatial Resolution of Digital Elevation Models on Flood Modelling,206,Z_Other non-communicable diseases,True,,,,,False,False,No annotation with this attribute found: reverting to default,,0.00,0.00,2026-09-09_09-59-56_pruned_taxonomy_topdown
10988066,2111d5e5-4ece-442c-a1c7-a5ba9321ee95,Evaluating the Impact of the Spatial Resolution of Digital Elevation Models on Flood Modelling,117,"1.2. Communicable, maternal, neonatal, and nutritional mortality",True,,,,,False,False,No annotation with this attribute found: reverting to default,,0.00,0.00,2026-09-09_09-59-56_pruned_taxonomy_topdown
10988066,2111d5e5-4ece-442c-a1c7-a5ba9321ee95,Evaluating the Impact of the Spatial Resolution of Digital Elevation Models on Flood Modelling,199,Mental disorders,True,,,,,False,False,No annotation with this attribute found: reverting to default,,0.00,0.00,2026-09-09_09-59-56_pruned_taxonomy_topdown
10988066,2111d5e5-4ece-442c-a1c7-a5ba9321ee95,Evaluating the Impact of the Spatial Resolution of Digital Elevation Models on Flood Modelling,204,Skin and subcutaneous diseases,True,,,,,False,False,No annotation with this attribute found: reverting to default,,0.00,0.00,2026-09-09_09-59-56_pruned_taxonomy_topdown
10988066,2111d5e5-4ece-442c-a1c7-a5ba9321ee95,Evaluating the Impact of the Spatial Resolution of Digital Elevation Models on Flood Modelling,134,HIV/AIDS and sexually transmitted infections,True,,,,,False,False,No annotation with this attribute found: reverting to default,,0.00,0.00,2026-09-09_09-59-56_pruned_taxonomy_topdown
10988066,2111d5e5-4ece-442c-a1c7-a5ba9321ee95,Evaluating the Impact of the Spatial Resolution of Digital Elevation Models on Flood Modelling,137,Nutritional deficiencies,True,,,,,False,False,No annotation with this attribute found: reverting to default,,0.00,0.00,2026-09-09_09-59-56_pruned_taxonomy_topdown
10988066,2111d5e5-4ece-442c-a1c7-a5ba9321ee95,Evaluating the Impact of the Spatial Resolution of Digital Elevation Models on Flood Modelling,200,Musculoskeletal disorders,True,,,,,False,False,No annotation with this attribute found: reverting to default,,0.00,0.00,2026-09-09_09-59-56_pruned_taxonomy_topdown
10988066,2111d5e5-4ece-442c-a1c7-a5ba9321ee95,Evaluating the Impact of the Spatial Resolution of Digital Elevation Models on Flood Modelling,139,Z_Other infectious diseases,True,,,,,False,False,No annotation with this attribute found: reverting to default,,0.00,0.00,2026-09-09_09-59-56_pruned_taxonomy_topdown
10988066,2111d5e5-4ece-442c-a1c7-a5ba9321ee95,Evaluating the Impact of the Spatial Resolution of Digital Elevation Models on Flood Modelling,289,Transport injuries,True,,,,,False,False,No annotation with this attribute found: reverting to default,,0.00,0.00,2026-09-09_09-59-56_pruned_taxonomy_topdown
10988066,2111d5e5-4ece-442c-a1c7-a5ba9321ee95,Evaluating the Impact of the Spatial Resolution of Digital Elevation Models on Flood Modelling,135,Maternal and neonatal disorders,True,,,,,False,False,No annotation with this attribute found: reverting to default,,0.00,0.00,2026-09-09_09-59-56_pruned_taxonomy_topdown
10988066,2111d5e5-4ece-442c-a1c7-a5ba9321ee95,Evaluating the Impact of the Spatial Resolution of Digital Elevation Models on Flood Modelling,136,Neglected tropical diseases and malaria,True,,,,,False,False,No annotation with this attribute found: reverting to default,,0.00,0.00,2026-09-09_09-59-56_pruned_taxonomy_topdown
10988066,2111d5e5-4ece-442c-a1c7-a5ba9321ee95,Evaluating the Impact of the Spatial Resolution of Digital Elevation Models on Flood Modelling,195,Cardiovascular diseases,True,,,,,False,False,No annotation with this attribute found: reverting to default,,0.00,0.00,2026-09-09_09-59-56_pruned_taxonomy_topdown
10988066,2111d5e5-4ece-442c-a1c7-a5ba9321ee95,Evaluating the Impact of the Spatial Resolution of Digital Elevation Models on Flood Modelling,288,Self-harm and interpersonal violence,True,,,,,False,False,No annotation with this attribute found: reverting to default,,0.00,0.00,2026-09-09_09-59-56_pruned_taxonomy_topdown
10988066,2111d5e5-4ece-442c-a1c7-a5ba9321ee95,Evaluating the Impact of the Spatial Resolution of Digital Elevation Models on Flood Modelling,114,3. Non-communicable diseases,True,,,,,False,False,"The study focuses on flood modelling accuracy and digital elevation model resolution, not chronic non-infectious diseases.",,0.00,0.00,2026-09-09_09-59-56_pruned_taxonomy_topdown
10988066,2111d5e5-4ece-442c-a1c7-a5ba9321ee95,Evaluating the Impact of the Spatial Resolution of Digital Elevation Models on Flood Modelling,112,1. Mortality (Outcome),True,,,,,False,False,"No deaths, mortality outcomes, causes of death, or fatal disease burden are assessed.",,0.00,0.00,2026-09-09_09-59-56_pruned_taxonomy_topdown
10988066,2111d5e5-4ece-442c-a1c7-a5ba9321ee95,Evaluating the Impact of the Spatial Resolution of Digital Elevation Models on Flood Modelling,138,Respiratory infections and tuberculosis,True,,,,,False,False,No annotation with this attribute found: reverting to default,,0.00,0.00,2026-09-09_09-59-56_pruned_taxonomy_topdown
10988066,2111d5e5-4ece-442c-a1c7-a5ba9321ee95,Evaluating the Impact of the Spatial Resolution of Digital Elevation Models on Flood Modelling,290,Unintentional injuries,True,,,,,False,False,No annotation with this attribute found: reverting to default,,0.00,0.00,2026-09-09_09-59-56_pruned_taxonomy_topdown
10988066,2111d5e5-4ece-442c-a1c7-a5ba9321ee95,Evaluating the Impact of the Spatial Resolution of Digital Elevation Models on Flood Modelling,113,"2. Communicable, maternal, neonatal, and nutritional diseases",True,,,,,False,False,"The study does not investigate infectious, maternal, neonatal, or nutritional diseases.",,0.00,0.00,2026-09-09_09-59-56_pruned_taxonomy_topdown
10988066,2111d5e5-4ece-442c-a1c7-a5ba9321ee95,Evaluating the Impact of the Spatial Resolution of Digital Elevation Models on Flood Modelling,133,Enteric infections,True,,,,,False,False,No annotation with this attribute found: reverting to default,,0.00,0.00,2026-09-09_09-59-56_pruned_taxonomy_topdown
10988066,2111d5e5-4ece-442c-a1c7-a5ba9321ee95,Evaluating the Impact of the Spatial Resolution of Digital Elevation Models on Flood Modelling,201,Neoplasms,True,,,,,False,False,No annotation with this attribute found: reverting to default,,0.00,0.00,2026-09-09_09-59-56_pruned_taxonomy_topdown
10988066,2111d5e5-4ece-442c-a1c7-a5ba9321ee95,Evaluating the Impact of the Spatial Resolution of Digital Elevation Models on Flood Modelling,118,1.3. Non-communicable mortality,True,,,,,False,False,No annotation with this attribute found: reverting to default,,0.00,0.00,2026-09-09_09-59-56_pruned_taxonomy_topdown
10988066,2111d5e5-4ece-442c-a1c7-a5ba9321ee95,Evaluating the Impact of the Spatial Resolution of Digital Elevation Models on Flood Modelling,205,Substance use disorders,True,,,,,False,False,No annotation with this attribute found: reverting to default,,0.00,0.00,2026-09-09_09-59-56_pruned_taxonomy_topdown
10988066,2111d5e5-4ece-442c-a1c7-a5ba9321ee95,Evaluating the Impact of the Spatial Resolution of Digital Elevation Models on Flood Modelling,197,Diabetes and kidney diseases,True,,,,,False,False,No annotation with this attribute found: reverting to default,,0.00,0.00,2026-09-09_09-59-56_pruned_taxonomy_topdown
10988066,2111d5e5-4ece-442c-a1c7-a5ba9321ee95,Evaluating the Impact of the Spatial Resolution of Digital Elevation Models on Flood Modelling,203,Sense organ diseases,True,,,,,False,False,No annotation with this attribute found: reverting to default,,0.00,0.00,2026-09-09_09-59-56_pruned_taxonomy_topdown
10988066,2111d5e5-4ece-442c-a1c7-a5ba9321ee95,Evaluating the Impact of the Spatial Resolution of Digital Elevation Models on Flood Modelling,115,4. Injuries,True,,,,,False,False,"Although flooding is a hazard that can potentially cause injury, the study models flood levels and risk rather than examining physical harm, injuries, violence, or other external-cause health outcomes.",,0.00,0.00,2026-09-09_09-59-56_pruned_taxonomy_topdown
10988066,2111d5e5-4ece-442c-a1c7-a5ba9321ee95,Evaluating the Impact of the Spatial Resolution of Digital Elevation Models on Flood Modelling,198,Digestive diseases,True,,,,,False,False,No annotation with this attribute found: reverting to default,,0.00,0.00,2026-09-09_09-59-56_pruned_taxonomy_topdown
207894680,2617a3ba-840b-4954-abaa-2d0e34197ae1,Antibiotic Resistant Escherichia coli (E. coli) in Minneopa Creek Collected During Two Storm Events in 2017,36,Coal,True,,,,,False,False,The study concerns E. coli contamination and antibiotic resistance in Minneopa Creek; coal is not discussed.,,0.00,0.00,2026-09-09_09-59-56_pruned_taxonomy_topdown
207894680,2617a3ba-840b-4954-abaa-2d0e34197ae1,Antibiotic Resistant Escherichia coli (E. coli) in Minneopa Creek Collected During Two Storm Events in 2017,35,(Unspecified) fossil fuels,True,,,,,False,False,The study does not address fossil fuel use or combustion in general.,,0.00,0.00,2026-09-09_09-59-56_pruned_taxonomy_topdown
207894680,2617a3ba-840b-4954-abaa-2d0e34197ae1,Antibiotic Resistant Escherichia coli (E. coli) in Minneopa Creek Collected During Two Storm Events in 2017,38,Oil,True,,,,,False,False,"The study does not discuss petroleum, oil, or refined liquid fossil fuels.",,0.00,0.00,2026-09-09_09-59-56_pruned_taxonomy_topdown
207894680,2617a3ba-840b-4954-abaa-2d0e34197ae1,Antibiotic Resistant Escherichia coli (E. coli) in Minneopa Creek Collected During Two Storm Events in 2017,37,Natural gas,True,,,,,False,False,The study does not discuss natural gas or methane-based fossil fuel use.,,0.00,0.00,2026-09-09_09-59-56_pruned_taxonomy_topdown
207894680,2617a3ba-840b-4954-abaa-2d0e34197ae1,Antibiotic Resistant Escherichia coli (E. coli) in Minneopa Creek Collected During Two Storm Events in 2017,17,(Unspecified) greenhouse gases,True,,,,,False,False,"The study concerns E. coli contamination and antibiotic resistance in stream water, not atmospheric gases or greenhouse effects.",,0.00,0.00,2026-09-09_09-59-56_pruned_taxonomy_topdown
207894680,2617a3ba-840b-4954-abaa-2d0e34197ae1,Antibiotic Resistant Escherichia coli (E. coli) in Minneopa Creek Collected During Two Storm Events in 2017,18,Carbon dioxide (CO₂),True,,,,,False,False,"Carbon dioxide is not discussed as an exposure, emission, or subject of the study.",,0.00,0.00,2026-09-09_09-59-56_pruned_taxonomy_topdown
207894680,2617a3ba-840b-4954-abaa-2d0e34197ae1,Antibiotic Resistant Escherichia coli (E. coli) in Minneopa Creek Collected During Two Storm Events in 2017,22,Ozone-depleting substances / chlorofluorocarbons / hydrochlorofluorocarbons / halons / carbon tetrachloride / methyl chloroform,True,,,,,False,False,The study does not address ozone-depleting compounds regulated under the Montreal Protocol.,,0.00,0.00,2026-09-09_09-59-56_pruned_taxonomy_topdown
207894680,2617a3ba-840b-4954-abaa-2d0e34197ae1,Antibiotic Resistant Escherichia coli (E. coli) in Minneopa Creek Collected During Two Storm Events in 2017,19,Fluorinated gases / hydrofluorocarbons / perfluorocarbons / sulfur hexafluoride / nitrogen trifluoride,True,,,,,False,False,Synthetic industrial greenhouse gases and their emissions are not part of the study.,,0.00,0.00,2026-09-09_09-59-56_pruned_taxonomy_topdown
207894680,2617a3ba-840b-4954-abaa-2d0e34197ae1,Antibiotic Resistant Escherichia coli (E. coli) in Minneopa Creek Collected During Two Storm Events in 2017,20,Methane (CH₄),True,,,,,False,False,"Methane emissions from livestock, rice, landfills, or fossil fuel extraction are not examined.",,0.00,0.00,2026-09-09_09-59-56_pruned_taxonomy_topdown
207894680,2617a3ba-840b-4954-abaa-2d0e34197ae1,Antibiotic Resistant Escherichia coli (E. coli) in Minneopa Creek Collected During Two Storm Events in 2017,21,Nitrous oxide (N₂O),True,,,,,False,False,"Nitrous oxide emissions from agricultural soils, livestock, or nitrogen fertilizers are not examined; agricultural manure is mentioned only as a potential source of E. coli contamination.",,0.00,0.00,2026-09-09_09-59-56_pruned_taxonomy_topdown
207894680,2617a3ba-840b-4954-abaa-2d0e34197ae1,Antibiotic Resistant Escherichia coli (E. coli) in Minneopa Creek Collected During Two Storm Events in 2017,23,Particulate matter (PM10) / fine particulate matter (PM2.5) / black/organic carbon / sulfate/nitrate aerosols,True,,,,,False,False,Particulate matter and its respiratory or cardiovascular effects are not studied.,,0.00,0.00,2026-09-09_09-59-56_pruned_taxonomy_topdown
207894680,2617a3ba-840b-4954-abaa-2d0e34197ae1,Antibiotic Resistant Escherichia coli (E. coli) in Minneopa Creek Collected During Two Storm Events in 2017,24,Tropospheric ozone (O₃),True,,,,,False,False,Photochemical ozone formation and related nitrogen oxide or volatile organic compound exposures are not addressed.,,0.00,0.00,2026-09-09_09-59-56_pruned_taxonomy_topdown
207894680,2617a3ba-840b-4954-abaa-2d0e34197ae1,Antibiotic Resistant Escherichia coli (E. coli) in Minneopa Creek Collected During Two Storm Events in 2017,26,Extreme cold,True,,,,,False,False,"The study does not concern unusually low temperatures, cold snaps, blizzards, or cold-related health effects.",,0.00,0.00,2026-09-09_09-59-56_pruned_taxonomy_topdown
207894680,2617a3ba-840b-4954-abaa-2d0e34197ae1,Antibiotic Resistant Escherichia coli (E. coli) in Minneopa Creek Collected During Two Storm Events in 2017,27,Extreme heat,True,,,,,False,False,The study does not concern high temperatures or heat-related health risks.,,0.00,0.00,2026-09-09_09-59-56_pruned_taxonomy_topdown
207894680,2617a3ba-840b-4954-abaa-2d0e34197ae1,Antibiotic Resistant Escherichia coli (E. coli) in Minneopa Creek Collected During Two Storm Events in 2017,28,Extreme precipitation,True,,,,,False,False,"Rainfall occurred during the monitoring events, but the study is fundamentally about E. coli contamination and antibiotic resistance in streams, not unusually intense or prolonged precipitation.",,0.00,0.00,2026-09-09_09-59-56_pruned_taxonomy_topdown
207894680,2617a3ba-840b-4954-abaa-2d0e34197ae1,Antibiotic Resistant Escherichia coli (E. coli) in Minneopa Creek Collected During Two Storm Events in 2017,30,Floods,True,,,,,False,False,No flooding or temporary inundation of normally dry land is described.,,0.00,0.00,2026-09-09_09-59-56_pruned_taxonomy_topdown
207894680,2617a3ba-840b-4954-abaa-2d0e34197ae1,Antibiotic Resistant Escherichia coli (E. coli) in Minneopa Creek Collected During Two Storm Events in 2017,33,Wildfires,True,,,,,False,False,"The study does not address wildfires, smoke, or fire-related air pollution.",,0.00,0.00,2026-09-09_09-59-56_pruned_taxonomy_topdown
207894680,2617a3ba-840b-4954-abaa-2d0e34197ae1,Antibiotic Resistant Escherichia coli (E. coli) in Minneopa Creek Collected During Two Storm Events in 2017,25,Droughts,True,,,,,False,False,"Although water availability and water contamination are discussed, the study does not examine prolonged water deficit or drought.",,0.00,0.00,2026-09-09_09-59-56_pruned_taxonomy_topdown
207894680,2617a3ba-840b-4954-abaa-2d0e34197ae1,Antibiotic Resistant Escherichia coli (E. coli) in Minneopa Creek Collected During Two Storm Events in 2017,29,Extreme snow/ice events,True,,,,,False,False,"The study does not concern snow, ice, blizzards, freezing rain, or other frozen precipitation.",,0.00,0.00,2026-09-09_09-59-56_pruned_taxonomy_topdown
207894680,2617a3ba-840b-4954-abaa-2d0e34197ae1,Antibiotic Resistant Escherichia coli (E. coli) in Minneopa Creek Collected During Two Storm Events in 2017,31,Sand and dust storms,True,,,,,False,False,No wind-driven sand or dust event is discussed.,,0.00,0.00,2026-09-09_09-59-56_pruned_taxonomy_topdown
207894680,2617a3ba-840b-4954-abaa-2d0e34197ae1,Antibiotic Resistant Escherichia coli (E. coli) in Minneopa Creek Collected During Two Storm Events in 2017,32,Storms and severe wind,True,,,,,True,False,"The storms mentioned are rainfall monitoring events, not tropical cyclones, severe thunderstorms, hailstorms, or other intense meteorological hazards being studied as such.",,0.00,0.00,2026-09-09_09-59-56_pruned_taxonomy_topdown
207894680,2617a3ba-840b-4954-abaa-2d0e34197ae1,Antibiotic Resistant Escherichia coli (E. coli) in Minneopa Creek Collected During Two Storm Events in 2017,34,Z_(Unspecified) extreme weather events,True,,,,,False,False,The study does not investigate unspecified climate or extreme weather events; storms are mentioned only as the timing of water sampling.,,0.00,0.00,2026-09-09_09-59-56_pruned_taxonomy_topdown
207894680,2617a3ba-840b-4954-abaa-2d0e34197ae1,Antibiotic Resistant Escherichia coli (E. coli) in Minneopa Creek Collected During Two Storm Events in 2017,493,Attribution,True,,,,,False,False,"The study measures E. coli contamination and antibiotic resistance in Minneopa Creek during storms, but does not establish or discuss the causal contribution of climate change to these observations.",,0.00,0.00,2026-09-09_09-59-56_pruned_taxonomy_topdown
207894680,2617a3ba-840b-4954-abaa-2d0e34197ae1,Antibiotic Resistant Escherichia coli (E. coli) in Minneopa Creek Collected During Two Storm Events in 2017,487,Adaptation,True,,,,,False,False,"The study monitors E. coli contamination and antibiotic resistance during storm events, but it does not address adaptation, coping, risk management, preparedness, or other actions responding to climate-related hazards.",,0.00,0.00,2026-09-09_09-59-56_pruned_taxonomy_topdown
207894680,2617a3ba-840b-4954-abaa-2d0e34197ae1,Antibiotic Resistant Escherichia coli (E. coli) in Minneopa Creek Collected During Two Storm Events in 2017,490,Maladaptation,True,,,,,False,False,No annotation with this attribute found: reverting to default,,0.00,0.00,2026-09-09_09-59-56_pruned_taxonomy_topdown
207894680,2617a3ba-840b-4954-abaa-2d0e34197ae1,Antibiotic Resistant Escherichia coli (E. coli) in Minneopa Creek Collected During Two Storm Events in 2017,495,Loss and damage,True,,,,,False,False,"The context reports water impairment and antibiotic resistance, but does not address unavoidable or irreversible harms caused by climate change.",,0.00,0.00,2026-09-09_09-59-56_pruned_taxonomy_topdown
207894680,2617a3ba-840b-4954-abaa-2d0e34197ae1,Antibiotic Resistant Escherichia coli (E. coli) in Minneopa Creek Collected During Two Storm Events in 2017,492,Resilience,True,,,,,False,False,No annotation with this attribute found: reverting to default,,0.00,0.00,2026-09-09_09-59-56_pruned_taxonomy_topdown
207894680,2617a3ba-840b-4954-abaa-2d0e34197ae1,Antibiotic Resistant Escherichia coli (E. coli) in Minneopa Creek Collected During Two Storm Events in 2017,489,Mitigation,True,,,,,False,False,"The study does not concern greenhouse-gas emissions, fossil fuels, or actions to reduce emissions.",,0.00,0.00,2026-09-09_09-59-56_pruned_taxonomy_topdown
207894680,2617a3ba-840b-4954-abaa-2d0e34197ae1,Antibiotic Resistant Escherichia coli (E. coli) in Minneopa Creek Collected During Two Storm Events in 2017,491,Preparedness,True,,,,,False,False,No annotation with this attribute found: reverting to default,,0.00,0.00,2026-09-09_09-59-56_pruned_taxonomy_topdown
207894680,2617a3ba-840b-4954-abaa-2d0e34197ae1,Antibiotic Resistant Escherichia coli (E. coli) in Minneopa Creek Collected During Two Storm Events in 2017,494,Future impact,True,,,,,False,False,"This is an observational monitoring study of E. coli levels during 2017 rainfall events, not a projection of future health, ecological, or societal effects using climate models or scenarios.",,0.00,0.00,2026-09-09_09-59-56_pruned_taxonomy_topdown
207894680,2617a3ba-840b-4954-abaa-2d0e34197ae1,Antibiotic Resistant Escherichia coli (E. coli) in Minneopa Creek Collected During Two Storm Events in 2017,496,Co-Benefits,True,,,,,False,False,No annotation with this attribute found: reverting to default,,0.00,0.00,2026-09-09_09-59-56_pruned_taxonomy_topdown
207894680,2617a3ba-840b-4954-abaa-2d0e34197ae1,Antibiotic Resistant Escherichia coli (E. coli) in Minneopa Creek Collected During Two Storm Events in 2017,488,Impact,True,,,,,True,True,"The study examines how a climate-related weather variable—storm rainfall—is associated with contamination of streams by E. coli, a potential waterborne health hazard. This fits effects of climate variability or extreme events on human and environmental health risks.","E. coli levels were monitored at several sites along Minneopa Creek during storms on June 28 and August 9, 2017 where rainfall was 0.68 and 1.56 inches, respectively.",0.00,100.00,2026-09-09_09-59-56_pruned_taxonomy_topdown
207894680,2617a3ba-840b-4954-abaa-2d0e34197ae1,Antibiotic Resistant Escherichia coli (E. coli) in Minneopa Creek Collected During Two Storm Events in 2017,6,(Unspecified) changes in weather,True,,,,,False,False,"The study focuses on E. coli contamination and antibiotic resistance in Minneopa Creek, not broad changes in weather patterns.",,0.00,0.00,2026-09-09_09-59-56_pruned_taxonomy_topdown
207894680,2617a3ba-840b-4954-abaa-2d0e34197ae1,Antibiotic Resistant Escherichia coli (E. coli) in Minneopa Creek Collected During Two Storm Events in 2017,15,Changes in wind speed,True,,,,,False,False,Wind patterns are not examined or discussed as a study exposure or outcome.,,0.00,0.00,2026-09-09_09-59-56_pruned_taxonomy_topdown
207894680,2617a3ba-840b-4954-abaa-2d0e34197ae1,Antibiotic Resistant Escherichia coli (E. coli) in Minneopa Creek Collected During Two Storm Events in 2017,13,Changes in season length,True,,,,,False,False,Seasonal duration or shifts in season timing are not addressed.,,0.00,0.00,2026-09-09_09-59-56_pruned_taxonomy_topdown
207894680,2617a3ba-840b-4954-abaa-2d0e34197ae1,Antibiotic Resistant Escherichia coli (E. coli) in Minneopa Creek Collected During Two Storm Events in 2017,7,(Unspecified) climate change,True,,,,,False,False,The study does not investigate climate change or attribute the observed water contamination to climate change.,,0.00,0.00,2026-09-09_09-59-56_pruned_taxonomy_topdown
207894680,2617a3ba-840b-4954-abaa-2d0e34197ae1,Antibiotic Resistant Escherichia coli (E. coli) in Minneopa Creek Collected During Two Storm Events in 2017,16,Climate variability,True,,,,,False,False,"Although sampling occurred during two storm events, the study does not examine longer-term climate variability or fluctuations around a climatic average.",,0.00,0.00,2026-09-09_09-59-56_pruned_taxonomy_topdown
207894680,2617a3ba-840b-4954-abaa-2d0e34197ae1,Antibiotic Resistant Escherichia coli (E. coli) in Minneopa Creek Collected During Two Storm Events in 2017,9,Changes in humidity,True,,,,,False,False,Atmospheric moisture or humidity is not studied.,,0.00,0.00,2026-09-09_09-59-56_pruned_taxonomy_topdown
207894680,2617a3ba-840b-4954-abaa-2d0e34197ae1,Antibiotic Resistant Escherichia coli (E. coli) in Minneopa Creek Collected During Two Storm Events in 2017,12,Changes in sea level,True,,,,,False,False,Sea-level rise is unrelated to the freshwater stream contamination investigated.,,0.00,0.00,2026-09-09_09-59-56_pruned_taxonomy_topdown
207894680,2617a3ba-840b-4954-abaa-2d0e34197ae1,Antibiotic Resistant Escherichia coli (E. coli) in Minneopa Creek Collected During Two Storm Events in 2017,11,Changes in precipitation,True,,,,,True,False,"Rainfall is reported only as the immediate condition during sampling; the study does not examine alterations in precipitation amount, timing, or intensity as a climate-related phenomenon.","E. coli levels were monitored at several sites along Minneopa Creek during storms on June 28 and August 9, 2017 where rainfall was 0.68 and 1.56 inches, respectively.",0.00,100.00,2026-09-09_09-59-56_pruned_taxonomy_topdown
207894680,2617a3ba-840b-4954-abaa-2d0e34197ae1,Antibiotic Resistant Escherichia coli (E. coli) in Minneopa Creek Collected During Two Storm Events in 2017,10,Changes in inland water bodies,True,,,,,False,False,"The study measures bacterial contamination in a stream but does not investigate climate-driven changes in freshwater levels, availability, or hydrological patterns.",,0.00,0.00,2026-09-09_09-59-56_pruned_taxonomy_topdown
207894680,2617a3ba-840b-4954-abaa-2d0e34197ae1,Antibiotic Resistant Escherichia coli (E. coli) in Minneopa Creek Collected During Two Storm Events in 2017,14,Changes in temperature,True,,,,,False,False,Temperature conditions and warming trends are not examined.,,0.00,0.00,2026-09-09_09-59-56_pruned_taxonomy_topdown
207894680,2617a3ba-840b-4954-abaa-2d0e34197ae1,Antibiotic Resistant Escherichia coli (E. coli) in Minneopa Creek Collected During Two Storm Events in 2017,8,Changes in glacier / snow melt,True,,,,,False,False,Glacier or snowpack melting is not relevant to or discussed in the study.,,0.00,0.00,2026-09-09_09-59-56_pruned_taxonomy_topdown
207894680,2617a3ba-840b-4954-abaa-2d0e34197ae1,Antibiotic Resistant Escherichia coli (E. coli) in Minneopa Creek Collected During Two Storm Events in 2017,476,Education (Sector),True,,,,,False,False,"The study does not examine education systems, institutions, or education-sector populations or operations.",,0.00,0.00,2026-09-09_09-59-56_pruned_taxonomy_topdown
207894680,2617a3ba-840b-4954-abaa-2d0e34197ae1,Antibiotic Resistant Escherichia coli (E. coli) in Minneopa Creek Collected During Two Storm Events in 2017,485,Transportation (Sector),True,,,,,False,False,"No transport systems, infrastructure, vehicles, or logistics operations are studied.",,0.00,0.00,2026-09-09_09-59-56_pruned_taxonomy_topdown
207894680,2617a3ba-840b-4954-abaa-2d0e34197ae1,Antibiotic Resistant Escherichia coli (E. coli) in Minneopa Creek Collected During Two Storm Events in 2017,483,Public administration (Sector),True,,,,,False,False,"Although state water-quality standards are mentioned, public administration is not the subject of the study; the focus is E. coli contamination and antibiotic resistance in Minneopa Creek.",,0.00,0.00,2026-09-09_09-59-56_pruned_taxonomy_topdown
207894680,2617a3ba-840b-4954-abaa-2d0e34197ae1,Antibiotic Resistant Escherichia coli (E. coli) in Minneopa Creek Collected During Two Storm Events in 2017,479,Healthcare (Sector),True,,,,,False,False,"Human-health implications are noted, but the study does not examine medical care, public-health services, health infrastructure, or preventive-health operations.",E. coli is used to indicate the potential presence of waterborne pathogens that can be harmful to human health.,0.00,100.00,2026-09-09_09-59-56_pruned_taxonomy_topdown
207894680,2617a3ba-840b-4954-abaa-2d0e34197ae1,Antibiotic Resistant Escherichia coli (E. coli) in Minneopa Creek Collected During Two Storm Events in 2017,486,"Water, sanitation, and waste management (Sector)",True,,,,,True,False,Wastewater treatment and septic systems are mentioned only as potential contamination sources; the water and sewage-management sector is not itself examined.,"Potential sources of E. coli contamination include wildlife, failing septic systems, feedlots, wastewater treatment plant effluents...",0.00,97.76,2026-09-09_09-59-56_pruned_taxonomy_topdown
207894680,2617a3ba-840b-4954-abaa-2d0e34197ae1,Antibiotic Resistant Escherichia coli (E. coli) in Minneopa Creek Collected During Two Storm Events in 2017,475,Buildings / housing (Sector),True,,,,,False,False,"Buildings, housing, or construction are not subjects of the study.",,0.00,0.00,2026-09-09_09-59-56_pruned_taxonomy_topdown
207894680,2617a3ba-840b-4954-abaa-2d0e34197ae1,Antibiotic Resistant Escherichia coli (E. coli) in Minneopa Creek Collected During Two Storm Events in 2017,478,Finance (Sector),True,,,,,False,False,"The study does not address banking, insurance, investment, or financial services.",,0.00,0.00,2026-09-09_09-59-56_pruned_taxonomy_topdown
207894680,2617a3ba-840b-4954-abaa-2d0e34197ae1,Antibiotic Resistant Escherichia coli (E. coli) in Minneopa Creek Collected During Two Storm Events in 2017,484,Social protection (Sector),True,,,,,False,False,"No social safety-net, welfare, or support services are examined.",,0.00,0.00,2026-09-09_09-59-56_pruned_taxonomy_topdown
207894680,2617a3ba-840b-4954-abaa-2d0e34197ae1,Antibiotic Resistant Escherichia coli (E. coli) in Minneopa Creek Collected During Two Storm Events in 2017,481,Information and communications technologies (Sector),True,,,,,False,False,"Telecommunications, digital infrastructure, and information technology are not relevant subjects of the study.",,0.00,0.00,2026-09-09_09-59-56_pruned_taxonomy_topdown
207894680,2617a3ba-840b-4954-abaa-2d0e34197ae1,Antibiotic Resistant Escherichia coli (E. coli) in Minneopa Creek Collected During Two Storm Events in 2017,480,"Industry, trade, and services (Sector)",True,,,,,False,False,"Manufacturing, trade, and commercial services are not examined.",,0.00,0.00,2026-09-09_09-59-56_pruned_taxonomy_topdown
207894680,2617a3ba-840b-4954-abaa-2d0e34197ae1,Antibiotic Resistant Escherichia coli (E. coli) in Minneopa Creek Collected During Two Storm Events in 2017,477,Energy and extractives (Sector),True,,,,,False,False,"Energy generation, fuel production, and resource extraction are not studied.",,0.00,0.00,2026-09-09_09-59-56_pruned_taxonomy_topdown
207894680,2617a3ba-840b-4954-abaa-2d0e34197ae1,Antibiotic Resistant Escherichia coli (E. coli) in Minneopa Creek Collected During Two Storm Events in 2017,482,Military (Sector),True,,,,,False,False,The military and defense sector is not addressed.,,0.00,0.00,2026-09-09_09-59-56_pruned_taxonomy_topdown
207894680,2617a3ba-840b-4954-abaa-2d0e34197ae1,Antibiotic Resistant Escherichia coli (E. coli) in Minneopa Creek Collected During Two Storm Events in 2017,474,"Agriculture, fishing, and forestry (Sector)",True,,,,,False,False,"Agricultural manure application and feedlots are listed as possible contamination sources, but crop, livestock, aquaculture, fishing, or forest management is not the study's subject.","Potential sources of E. coli contamination include wildlife, failing septic systems, feedlots, wastewater treatment plant effluents, and agricultural application of manure and treated biosolids to fields.",0.00,100.00,2026-09-09_09-59-56_pruned_taxonomy_topdown
207894680,2617a3ba-840b-4954-abaa-2d0e34197ae1,Antibiotic Resistant Escherichia coli (E. coli) in Minneopa Creek Collected During Two Storm Events in 2017,431,Z_Other evidence synthesis type,True,,,,,False,False,No annotation with this attribute found: reverting to default,,0.00,0.00,2026-09-09_09-59-56_pruned_taxonomy_topdown
207894680,2617a3ba-840b-4954-abaa-2d0e34197ae1,Antibiotic Resistant Escherichia coli (E. coli) in Minneopa Creek Collected During Two Storm Events in 2017,427,Health technology assessment (HTA),True,,,,,False,False,No annotation with this attribute found: reverting to default,,0.00,0.00,2026-09-09_09-59-56_pruned_taxonomy_topdown
207894680,2617a3ba-840b-4954-abaa-2d0e34197ae1,Antibiotic Resistant Escherichia coli (E. coli) in Minneopa Creek Collected During Two Storm Events in 2017,428,Meta-analysis (unsystematic),True,,,,,False,False,No annotation with this attribute found: reverting to default,,0.00,0.00,2026-09-09_09-59-56_pruned_taxonomy_topdown
207894680,2617a3ba-840b-4954-abaa-2d0e34197ae1,Antibiotic Resistant Escherichia coli (E. coli) in Minneopa Creek Collected During Two Storm Events in 2017,390,(Quasi-)Experimental / single-group designs,True,,,,,False,False,No intervention was applied to a single group; the study monitored E. coli in stream and ditch sites.,,0.00,0.00,2026-09-09_09-59-56_pruned_taxonomy_topdown
207894680,2617a3ba-840b-4954-abaa-2d0e34197ae1,Antibiotic Resistant Escherichia coli (E. coli) in Minneopa Creek Collected During Two Storm Events in 2017,397,Z_Other study design,True,,,,,False,False,The study is captured by a descriptive design rather than an uncategorized primary research design.,,0.00,0.00,2026-09-09_09-59-56_pruned_taxonomy_topdown
207894680,2617a3ba-840b-4954-abaa-2d0e34197ae1,Antibiotic Resistant Escherichia coli (E. coli) in Minneopa Creek Collected During Two Storm Events in 2017,394,Observational / group comparison designs,True,,,,,False,False,"Although multiple sites were sampled, the study does not compare health outcomes between groups defined by exposure status.",,0.00,0.00,2026-09-09_09-59-56_pruned_taxonomy_topdown
207894680,2617a3ba-840b-4954-abaa-2d0e34197ae1,Antibiotic Resistant Escherichia coli (E. coli) in Minneopa Creek Collected During Two Storm Events in 2017,393,Modelling / simulation,True,,,,,False,False,"No mathematical, statistical, or computational model was used; the study involved direct environmental sampling and laboratory testing.",,0.00,0.00,2026-09-09_09-59-56_pruned_taxonomy_topdown
207894680,2617a3ba-840b-4954-abaa-2d0e34197ae1,Antibiotic Resistant Escherichia coli (E. coli) in Minneopa Creek Collected During Two Storm Events in 2017,387,1. Primary research,True,,,,,True,True,"The study collects and analyzes primary environmental samples, measuring E. coli levels and antibiotic resistance at multiple stream and ditch sites.","E. coli levels were monitored at several sites along Minneopa Creek during storms on June 28 and August 9, 2017",0.00,100.00,2026-09-09_09-59-56_pruned_taxonomy_topdown
207894680,2617a3ba-840b-4954-abaa-2d0e34197ae1,Antibiotic Resistant Escherichia coli (E. coli) in Minneopa Creek Collected During Two Storm Events in 2017,395,Observational / single-group designs,True,,,,,False,False,"Sampling occurred on two dates, but the study does not track outcomes over time to infer temporal associations in a single cohort.",,0.00,0.00,2026-09-09_09-59-56_pruned_taxonomy_topdown
207894680,2617a3ba-840b-4954-abaa-2d0e34197ae1,Antibiotic Resistant Escherichia coli (E. coli) in Minneopa Creek Collected During Two Storm Events in 2017,430,Systematic reviews,True,,,,,False,False,No annotation with this attribute found: reverting to default,,0.00,0.00,2026-09-09_09-59-56_pruned_taxonomy_topdown
207894680,2617a3ba-840b-4954-abaa-2d0e34197ae1,Antibiotic Resistant Escherichia coli (E. coli) in Minneopa Creek Collected During Two Storm Events in 2017,392,Mixed-methods,True,,,,,False,False,"The study uses quantitative environmental measurements and laboratory susceptibility testing, with no qualitative data collection or analysis.",,0.00,0.00,2026-09-09_09-59-56_pruned_taxonomy_topdown
207894680,2617a3ba-840b-4954-abaa-2d0e34197ae1,Antibiotic Resistant Escherichia coli (E. coli) in Minneopa Creek Collected During Two Storm Events in 2017,396,Qualitative designs,True,,,,,False,False,No qualitative methods are described; the study reports measured E. coli concentrations and antibiotic resistance results.,,0.00,0.00,2026-09-09_09-59-56_pruned_taxonomy_topdown
207894680,2617a3ba-840b-4954-abaa-2d0e34197ae1,Antibiotic Resistant Escherichia coli (E. coli) in Minneopa Creek Collected During Two Storm Events in 2017,426,Guideline (clinical or public health),True,,,,,False,False,No annotation with this attribute found: reverting to default,,0.00,0.00,2026-09-09_09-59-56_pruned_taxonomy_topdown
207894680,2617a3ba-840b-4954-abaa-2d0e34197ae1,Antibiotic Resistant Escherichia coli (E. coli) in Minneopa Creek Collected During Two Storm Events in 2017,389,(Quasi-)Experimental / group comparison designs,True,,,,,False,False,"There is no intervention, randomized allocation, or intervention and control group comparison.",,0.00,0.00,2026-09-09_09-59-56_pruned_taxonomy_topdown
207894680,2617a3ba-840b-4954-abaa-2d0e34197ae1,Antibiotic Resistant Escherichia coli (E. coli) in Minneopa Creek Collected During Two Storm Events in 2017,391,Descriptive / single-group designs,True,,,,,True,True,"The study primarily describes the frequency and distribution of E. coli contamination and antibiotic resistance across sampled sites and dates, without a formal comparison group or experimental manipulation.","E. coli levels were monitored at several sites along Minneopa Creek during storms on June 28 and August 9, 2017",0.00,100.00,2026-09-09_09-59-56_pruned_taxonomy_topdown
207894680,2617a3ba-840b-4954-abaa-2d0e34197ae1,Antibiotic Resistant Escherichia coli (E. coli) in Minneopa Creek Collected During Two Storm Events in 2017,388,2. Evidence synthesis,True,,,,,False,False,"This is a primary observational monitoring study, not a review or synthesis of existing studies or literature.",,0.00,0.00,2026-09-09_09-59-56_pruned_taxonomy_topdown
207894680,2617a3ba-840b-4954-abaa-2d0e34197ae1,Antibiotic Resistant Escherichia coli (E. coli) in Minneopa Creek Collected During Two Storm Events in 2017,429,Narrative review,True,,,,,False,False,No annotation with this attribute found: reverting to default,,0.00,0.00,2026-09-09_09-59-56_pruned_taxonomy_topdown
207894680,2617a3ba-840b-4954-abaa-2d0e34197ae1,Antibiotic Resistant Escherichia coli (E. coli) in Minneopa Creek Collected During Two Storm Events in 2017,202,Neurological disorders,True,,,,,False,False,No annotation with this attribute found: reverting to default,,0.00,0.00,2026-09-09_09-59-56_pruned_taxonomy_topdown
207894680,2617a3ba-840b-4954-abaa-2d0e34197ae1,Antibiotic Resistant Escherichia coli (E. coli) in Minneopa Creek Collected During Two Storm Events in 2017,116,1.1. Total / all-cause mortality (Outcome),True,,,,,False,False,No annotation with this attribute found: reverting to default,,0.00,0.00,2026-09-09_09-59-56_pruned_taxonomy_topdown
207894680,2617a3ba-840b-4954-abaa-2d0e34197ae1,Antibiotic Resistant Escherichia coli (E. coli) in Minneopa Creek Collected During Two Storm Events in 2017,196,Chronic respiratory diseases,True,,,,,False,False,No annotation with this attribute found: reverting to default,,0.00,0.00,2026-09-09_09-59-56_pruned_taxonomy_topdown
207894680,2617a3ba-840b-4954-abaa-2d0e34197ae1,Antibiotic Resistant Escherichia coli (E. coli) in Minneopa Creek Collected During Two Storm Events in 2017,206,Z_Other non-communicable diseases,True,,,,,False,False,No annotation with this attribute found: reverting to default,,0.00,0.00,2026-09-09_09-59-56_pruned_taxonomy_topdown
207894680,2617a3ba-840b-4954-abaa-2d0e34197ae1,Antibiotic Resistant Escherichia coli (E. coli) in Minneopa Creek Collected During Two Storm Events in 2017,117,"1.2. Communicable, maternal, neonatal, and nutritional mortality",True,,,,,False,False,No annotation with this attribute found: reverting to default,,0.00,0.00,2026-09-09_09-59-56_pruned_taxonomy_topdown
207894680,2617a3ba-840b-4954-abaa-2d0e34197ae1,Antibiotic Resistant Escherichia coli (E. coli) in Minneopa Creek Collected During Two Storm Events in 2017,199,Mental disorders,True,,,,,False,False,No annotation with this attribute found: reverting to default,,0.00,0.00,2026-09-09_09-59-56_pruned_taxonomy_topdown
207894680,2617a3ba-840b-4954-abaa-2d0e34197ae1,Antibiotic Resistant Escherichia coli (E. coli) in Minneopa Creek Collected During Two Storm Events in 2017,204,Skin and subcutaneous diseases,True,,,,,False,False,No annotation with this attribute found: reverting to default,,0.00,0.00,2026-09-09_09-59-56_pruned_taxonomy_topdown
207894680,2617a3ba-840b-4954-abaa-2d0e34197ae1,Antibiotic Resistant Escherichia coli (E. coli) in Minneopa Creek Collected During Two Storm Events in 2017,134,HIV/AIDS and sexually transmitted infections,True,,,,,False,False,No annotation with this attribute found: reverting to default,,0.00,0.00,2026-09-09_09-59-56_pruned_taxonomy_topdown
207894680,2617a3ba-840b-4954-abaa-2d0e34197ae1,Antibiotic Resistant Escherichia coli (E. coli) in Minneopa Creek Collected During Two Storm Events in 2017,137,Nutritional deficiencies,True,,,,,False,False,No annotation with this attribute found: reverting to default,,0.00,0.00,2026-09-09_09-59-56_pruned_taxonomy_topdown
207894680,2617a3ba-840b-4954-abaa-2d0e34197ae1,Antibiotic Resistant Escherichia coli (E. coli) in Minneopa Creek Collected During Two Storm Events in 2017,200,Musculoskeletal disorders,True,,,,,False,False,No annotation with this attribute found: reverting to default,,0.00,0.00,2026-09-09_09-59-56_pruned_taxonomy_topdown
207894680,2617a3ba-840b-4954-abaa-2d0e34197ae1,Antibiotic Resistant Escherichia coli (E. coli) in Minneopa Creek Collected During Two Storm Events in 2017,139,Z_Other infectious diseases,True,,,,,False,False,No annotation with this attribute found: reverting to default,,0.00,0.00,2026-09-09_09-59-56_pruned_taxonomy_topdown
207894680,2617a3ba-840b-4954-abaa-2d0e34197ae1,Antibiotic Resistant Escherichia coli (E. coli) in Minneopa Creek Collected During Two Storm Events in 2017,289,Transport injuries,True,,,,,False,False,No annotation with this attribute found: reverting to default,,0.00,0.00,2026-09-09_09-59-56_pruned_taxonomy_topdown
207894680,2617a3ba-840b-4954-abaa-2d0e34197ae1,Antibiotic Resistant Escherichia coli (E. coli) in Minneopa Creek Collected During Two Storm Events in 2017,135,Maternal and neonatal disorders,True,,,,,False,False,No annotation with this attribute found: reverting to default,,0.00,0.00,2026-09-09_09-59-56_pruned_taxonomy_topdown
207894680,2617a3ba-840b-4954-abaa-2d0e34197ae1,Antibiotic Resistant Escherichia coli (E. coli) in Minneopa Creek Collected During Two Storm Events in 2017,136,Neglected tropical diseases and malaria,True,,,,,False,False,No annotation with this attribute found: reverting to default,,0.00,0.00,2026-09-09_09-59-56_pruned_taxonomy_topdown
207894680,2617a3ba-840b-4954-abaa-2d0e34197ae1,Antibiotic Resistant Escherichia coli (E. coli) in Minneopa Creek Collected During Two Storm Events in 2017,195,Cardiovascular diseases,True,,,,,False,False,No annotation with this attribute found: reverting to default,,0.00,0.00,2026-09-09_09-59-56_pruned_taxonomy_topdown
207894680,2617a3ba-840b-4954-abaa-2d0e34197ae1,Antibiotic Resistant Escherichia coli (E. coli) in Minneopa Creek Collected During Two Storm Events in 2017,288,Self-harm and interpersonal violence,True,,,,,False,False,No annotation with this attribute found: reverting to default,,0.00,0.00,2026-09-09_09-59-56_pruned_taxonomy_topdown
207894680,2617a3ba-840b-4954-abaa-2d0e34197ae1,Antibiotic Resistant Escherichia coli (E. coli) in Minneopa Creek Collected During Two Storm Events in 2017,114,3. Non-communicable diseases,True,,,,,False,False,"The study focuses on E. coli contamination and antibiotic resistance in stream water, not chronic non-infectious diseases such as cardiovascular, respiratory, metabolic, neurological, or neoplastic conditions.",,0.00,0.00,2026-09-09_09-59-56_pruned_taxonomy_topdown
207894680,2617a3ba-840b-4954-abaa-2d0e34197ae1,Antibiotic Resistant Escherichia coli (E. coli) in Minneopa Creek Collected During Two Storm Events in 2017,112,1. Mortality (Outcome),True,,,,,False,False,"The study reports water-quality measurements and antimicrobial resistance; it does not examine deaths, mortality, causes of death, or fatal disease burden.",,0.00,0.00,2026-09-09_09-59-56_pruned_taxonomy_topdown
207894680,2617a3ba-840b-4954-abaa-2d0e34197ae1,Antibiotic Resistant Escherichia coli (E. coli) in Minneopa Creek Collected During Two Storm Events in 2017,138,Respiratory infections and tuberculosis,True,,,,,False,False,No annotation with this attribute found: reverting to default,,0.00,0.00,2026-09-09_09-59-56_pruned_taxonomy_topdown
207894680,2617a3ba-840b-4954-abaa-2d0e34197ae1,Antibiotic Resistant Escherichia coli (E. coli) in Minneopa Creek Collected During Two Storm Events in 2017,290,Unintentional injuries,True,,,,,False,False,No annotation with this attribute found: reverting to default,,0.00,0.00,2026-09-09_09-59-56_pruned_taxonomy_topdown
207894680,2617a3ba-840b-4954-abaa-2d0e34197ae1,Antibiotic Resistant Escherichia coli (E. coli) in Minneopa Creek Collected During Two Storm Events in 2017,113,"2. Communicable, maternal, neonatal, and nutritional diseases",True,,,,,False,False,"Although E. coli and potential waterborne pathogens are measured, the study does not investigate infectious, maternal, neonatal, or nutritional diseases or their health burden. Its focus is environmental contamination and antibiotic resistance.",,0.00,0.00,2026-09-09_09-59-56_pruned_taxonomy_topdown
207894680,2617a3ba-840b-4954-abaa-2d0e34197ae1,Antibiotic Resistant Escherichia coli (E. coli) in Minneopa Creek Collected During Two Storm Events in 2017,133,Enteric infections,True,,,,,False,False,No annotation with this attribute found: reverting to default,,0.00,0.00,2026-09-09_09-59-56_pruned_taxonomy_topdown
207894680,2617a3ba-840b-4954-abaa-2d0e34197ae1,Antibiotic Resistant Escherichia coli (E. coli) in Minneopa Creek Collected During Two Storm Events in 2017,201,Neoplasms,True,,,,,False,False,No annotation with this attribute found: reverting to default,,0.00,0.00,2026-09-09_09-59-56_pruned_taxonomy_topdown
207894680,2617a3ba-840b-4954-abaa-2d0e34197ae1,Antibiotic Resistant Escherichia coli (E. coli) in Minneopa Creek Collected During Two Storm Events in 2017,118,1.3. Non-communicable mortality,True,,,,,False,False,No annotation with this attribute found: reverting to default,,0.00,0.00,2026-09-09_09-59-56_pruned_taxonomy_topdown
207894680,2617a3ba-840b-4954-abaa-2d0e34197ae1,Antibiotic Resistant Escherichia coli (E. coli) in Minneopa Creek Collected During Two Storm Events in 2017,205,Substance use disorders,True,,,,,False,False,No annotation with this attribute found: reverting to default,,0.00,0.00,2026-09-09_09-59-56_pruned_taxonomy_topdown
207894680,2617a3ba-840b-4954-abaa-2d0e34197ae1,Antibiotic Resistant Escherichia coli (E. coli) in Minneopa Creek Collected During Two Storm Events in 2017,197,Diabetes and kidney diseases,True,,,,,False,False,No annotation with this attribute found: reverting to default,,0.00,0.00,2026-09-09_09-59-56_pruned_taxonomy_topdown
207894680,2617a3ba-840b-4954-abaa-2d0e34197ae1,Antibiotic Resistant Escherichia coli (E. coli) in Minneopa Creek Collected During Two Storm Events in 2017,203,Sense organ diseases,True,,,,,False,False,No annotation with this attribute found: reverting to default,,0.00,0.00,2026-09-09_09-59-56_pruned_taxonomy_topdown
207894680,2617a3ba-840b-4954-abaa-2d0e34197ae1,Antibiotic Resistant Escherichia coli (E. coli) in Minneopa Creek Collected During Two Storm Events in 2017,115,4. Injuries,True,,,,,False,False,"The study does not address physical harm, unintentional injury, self-harm, interpersonal violence, or conflict.",,0.00,0.00,2026-09-09_09-59-56_pruned_taxonomy_topdown
207894680,2617a3ba-840b-4954-abaa-2d0e34197ae1,Antibiotic Resistant Escherichia coli (E. coli) in Minneopa Creek Collected During Two Storm Events in 2017,198,Digestive diseases,True,,,,,False,False,No annotation with this attribute found: reverting to default,,0.00,0.00,2026-09-09_09-59-56_pruned_taxonomy_topdown
9392410,3d1b69c4-4443-473d-9757-2025bed395e1,TRANSPORTATION AND QUALITY OF LIFE,36,Coal,True,,,,,False,False,The study discusses urban automobile dependency and transportation impacts but does not specifically address coal.,,0.00,0.00,2026-09-09_09-59-56_pruned_taxonomy_topdown
9392410,3d1b69c4-4443-473d-9757-2025bed395e1,TRANSPORTATION AND QUALITY OF LIFE,35,(Unspecified) fossil fuels,True,,,,,False,False,"Although private vehicle use and environmental pollution are discussed, the study does not identify fossil fuel use or combustion as a specific subject or exposure.",,0.00,0.00,2026-09-09_09-59-56_pruned_taxonomy_topdown
9392410,3d1b69c4-4443-473d-9757-2025bed395e1,TRANSPORTATION AND QUALITY OF LIFE,38,Oil,True,,,,,False,False,"The study does not specifically address petroleum, petrol, diesel, jet fuel, or other liquid fossil fuels.",,0.00,0.00,2026-09-09_09-59-56_pruned_taxonomy_topdown
9392410,3d1b69c4-4443-473d-9757-2025bed395e1,TRANSPORTATION AND QUALITY OF LIFE,37,Natural gas,True,,,,,False,False,The study does not mention or focus on natural gas or methane-based fossil fuels.,,0.00,0.00,2026-09-09_09-59-56_pruned_taxonomy_topdown
9392410,3d1b69c4-4443-473d-9757-2025bed395e1,TRANSPORTATION AND QUALITY OF LIFE,17,(Unspecified) greenhouse gases,True,,,,,False,False,"The study discusses transportation, automobile dependency, and general environmental pollution, but does not specifically address greenhouse gases collectively.",,0.00,0.00,2026-09-09_09-59-56_pruned_taxonomy_topdown
9392410,3d1b69c4-4443-473d-9757-2025bed395e1,TRANSPORTATION AND QUALITY OF LIFE,18,Carbon dioxide (CO₂),True,,,,,False,False,Carbon dioxide is not specifically mentioned or studied; the focus is urban transportation and quality of life.,,0.00,0.00,2026-09-09_09-59-56_pruned_taxonomy_topdown
9392410,3d1b69c4-4443-473d-9757-2025bed395e1,TRANSPORTATION AND QUALITY OF LIFE,22,Ozone-depleting substances / chlorofluorocarbons / hydrochlorofluorocarbons / halons / carbon tetrachloride / methyl chloroform,True,,,,,False,False,The context does not discuss ozone-depleting compounds regulated under the Montreal Protocol.,,0.00,0.00,2026-09-09_09-59-56_pruned_taxonomy_topdown
9392410,3d1b69c4-4443-473d-9757-2025bed395e1,TRANSPORTATION AND QUALITY OF LIFE,19,Fluorinated gases / hydrofluorocarbons / perfluorocarbons / sulfur hexafluoride / nitrogen trifluoride,True,,,,,False,False,Synthetic industrial greenhouse gases are not mentioned and are not a subject of the study.,,0.00,0.00,2026-09-09_09-59-56_pruned_taxonomy_topdown
9392410,3d1b69c4-4443-473d-9757-2025bed395e1,TRANSPORTATION AND QUALITY OF LIFE,20,Methane (CH₄),True,,,,,False,False,Methane sources or impacts are not addressed.,,0.00,0.00,2026-09-09_09-59-56_pruned_taxonomy_topdown
9392410,3d1b69c4-4443-473d-9757-2025bed395e1,TRANSPORTATION AND QUALITY OF LIFE,21,Nitrous oxide (N₂O),True,,,,,False,False,Nitrous oxide and its agricultural or fertiliser-related sources are not addressed.,,0.00,0.00,2026-09-09_09-59-56_pruned_taxonomy_topdown
9392410,3d1b69c4-4443-473d-9757-2025bed395e1,TRANSPORTATION AND QUALITY OF LIFE,23,Particulate matter (PM10) / fine particulate matter (PM2.5) / black/organic carbon / sulfate/nitrate aerosols,True,,,,,True,False,"Although the study refers generally to environmental pollution, it does not specifically examine particulate matter or its health effects.",,0.00,0.00,2026-09-09_09-59-56_pruned_taxonomy_topdown
9392410,3d1b69c4-4443-473d-9757-2025bed395e1,TRANSPORTATION AND QUALITY OF LIFE,24,Tropospheric ozone (O₃),True,,,,,False,False,Ozone or photochemical smog formed from nitrogen oxides and volatile organic compounds is not specifically discussed.,,0.00,0.00,2026-09-09_09-59-56_pruned_taxonomy_topdown
9392410,3d1b69c4-4443-473d-9757-2025bed395e1,TRANSPORTATION AND QUALITY OF LIFE,26,Extreme cold,True,,,,,False,False,"The study concerns urban transportation, automobile dependency, congestion, pollution, and quality of life; it does not address unusually low temperatures or cold-related health risks.",,0.00,0.00,2026-09-09_09-59-56_pruned_taxonomy_topdown
9392410,3d1b69c4-4443-473d-9757-2025bed395e1,TRANSPORTATION AND QUALITY OF LIFE,27,Extreme heat,True,,,,,False,False,"No heatwaves, unusually high temperatures, or heat-related health outcomes are discussed.",,0.00,0.00,2026-09-09_09-59-56_pruned_taxonomy_topdown
9392410,3d1b69c4-4443-473d-9757-2025bed395e1,TRANSPORTATION AND QUALITY OF LIFE,28,Extreme precipitation,True,,,,,False,False,The context does not examine unusually intense or prolonged precipitation or its effects.,,0.00,0.00,2026-09-09_09-59-56_pruned_taxonomy_topdown
9392410,3d1b69c4-4443-473d-9757-2025bed395e1,TRANSPORTATION AND QUALITY OF LIFE,30,Floods,True,,,,,False,False,Flooding or temporary inundation is not a subject of the study.,,0.00,0.00,2026-09-09_09-59-56_pruned_taxonomy_topdown
9392410,3d1b69c4-4443-473d-9757-2025bed395e1,TRANSPORTATION AND QUALITY OF LIFE,33,Wildfires,True,,,,,False,False,"The study does not address uncontrolled vegetation fires, wildfire smoke, or related health impacts.",,0.00,0.00,2026-09-09_09-59-56_pruned_taxonomy_topdown
9392410,3d1b69c4-4443-473d-9757-2025bed395e1,TRANSPORTATION AND QUALITY OF LIFE,25,Droughts,True,,,,,False,False,"No prolonged water deficit, drought, or associated effects on water availability, health, nutrition, or livelihoods are discussed.",,0.00,0.00,2026-09-09_09-59-56_pruned_taxonomy_topdown
9392410,3d1b69c4-4443-473d-9757-2025bed395e1,TRANSPORTATION AND QUALITY OF LIFE,29,Extreme snow/ice events,True,,,,,False,False,The context does not concern severe snow or ice conditions.,,0.00,0.00,2026-09-09_09-59-56_pruned_taxonomy_topdown
9392410,3d1b69c4-4443-473d-9757-2025bed395e1,TRANSPORTATION AND QUALITY OF LIFE,31,Sand and dust storms,True,,,,,False,False,"Although environmental pollution is mentioned generally, the study does not address wind-driven sand or dust events.",,0.00,0.00,2026-09-09_09-59-56_pruned_taxonomy_topdown
9392410,3d1b69c4-4443-473d-9757-2025bed395e1,TRANSPORTATION AND QUALITY OF LIFE,32,Storms and severe wind,True,,,,,False,False,"No tropical cyclones, hurricanes, typhoons, severe thunderstorms, hailstorms, or related impacts are studied.",,0.00,0.00,2026-09-09_09-59-56_pruned_taxonomy_topdown
9392410,3d1b69c4-4443-473d-9757-2025bed395e1,TRANSPORTATION AND QUALITY OF LIFE,34,Z_(Unspecified) extreme weather events,True,,,,,False,False,The study is not about climate extremes generally or unspecified extreme weather events.,,0.00,0.00,2026-09-09_09-59-56_pruned_taxonomy_topdown
9392410,3d1b69c4-4443-473d-9757-2025bed395e1,TRANSPORTATION AND QUALITY OF LIFE,493,Attribution,True,,,,,False,False,No annotation with this attribute found: reverting to default,,0.00,0.00,2026-09-09_09-59-56_pruned_taxonomy_topdown
9392410,3d1b69c4-4443-473d-9757-2025bed395e1,TRANSPORTATION AND QUALITY OF LIFE,487,Adaptation,True,,,,,False,False,"The chapter discusses urban transportation, automobile dependency, quality of life, congestion, accidents, pollution, and transport-system strategies, but it does not concern adaptation to climate variables or climate-related hazards.",,0.00,0.00,2026-09-09_09-59-56_pruned_taxonomy_topdown
9392410,3d1b69c4-4443-473d-9757-2025bed395e1,TRANSPORTATION AND QUALITY OF LIFE,490,Maladaptation,True,,,,,False,False,No annotation with this attribute found: reverting to default,,0.00,0.00,2026-09-09_09-59-56_pruned_taxonomy_topdown
9392410,3d1b69c4-4443-473d-9757-2025bed395e1,TRANSPORTATION AND QUALITY OF LIFE,495,Loss and damage,True,,,,,False,False,No annotation with this attribute found: reverting to default,,0.00,0.00,2026-09-09_09-59-56_pruned_taxonomy_topdown
9392410,3d1b69c4-4443-473d-9757-2025bed395e1,TRANSPORTATION AND QUALITY OF LIFE,492,Resilience,True,,,,,False,False,No annotation with this attribute found: reverting to default,,0.00,0.00,2026-09-09_09-59-56_pruned_taxonomy_topdown
9392410,3d1b69c4-4443-473d-9757-2025bed395e1,TRANSPORTATION AND QUALITY OF LIFE,489,Mitigation,True,,,,,True,False,"Although transportation and environmental pollution are discussed, the study does not specifically address greenhouse-gas emissions, fossil fuels, or strategies explicitly aimed at reducing them.",,0.00,0.00,2026-09-09_09-59-56_pruned_taxonomy_topdown
9392410,3d1b69c4-4443-473d-9757-2025bed395e1,TRANSPORTATION AND QUALITY OF LIFE,491,Preparedness,True,,,,,False,False,No annotation with this attribute found: reverting to default,,0.00,0.00,2026-09-09_09-59-56_pruned_taxonomy_topdown
9392410,3d1b69c4-4443-473d-9757-2025bed395e1,TRANSPORTATION AND QUALITY OF LIFE,494,Future impact,True,,,,,False,False,No annotation with this attribute found: reverting to default,,0.00,0.00,2026-09-09_09-59-56_pruned_taxonomy_topdown
9392410,3d1b69c4-4443-473d-9757-2025bed395e1,TRANSPORTATION AND QUALITY OF LIFE,496,Co-Benefits,True,,,,,False,False,No annotation with this attribute found: reverting to default,,0.00,0.00,2026-09-09_09-59-56_pruned_taxonomy_topdown
9392410,3d1b69c4-4443-473d-9757-2025bed395e1,TRANSPORTATION AND QUALITY OF LIFE,488,Impact,True,,,,,False,False,"The study examines the impacts of automobile dependency on urban dwellers and urban systems, but it does not attribute these effects to climate variability, climate change, or climate-related extreme events.",,0.00,0.00,2026-09-09_09-59-56_pruned_taxonomy_topdown
9392410,3d1b69c4-4443-473d-9757-2025bed395e1,TRANSPORTATION AND QUALITY OF LIFE,6,(Unspecified) changes in weather,True,,,,,False,False,"The study discusses urban transportation, automobile dependency, and quality of life, but does not address broad changes in weather patterns.",,0.00,0.00,2026-09-09_09-59-56_pruned_taxonomy_topdown
9392410,3d1b69c4-4443-473d-9757-2025bed395e1,TRANSPORTATION AND QUALITY OF LIFE,15,Changes in wind speed,True,,,,,False,False,"No alterations in wind patterns, wind velocity, air quality related to wind, or airborne pathogen spread are discussed.",,0.00,0.00,2026-09-09_09-59-56_pruned_taxonomy_topdown
9392410,3d1b69c4-4443-473d-9757-2025bed395e1,TRANSPORTATION AND QUALITY OF LIFE,13,Changes in season length,True,,,,,False,False,The context does not examine changes in season duration or seasonal timing.,,0.00,0.00,2026-09-09_09-59-56_pruned_taxonomy_topdown
9392410,3d1b69c4-4443-473d-9757-2025bed395e1,TRANSPORTATION AND QUALITY OF LIFE,7,(Unspecified) climate change,True,,,,,False,False,Climate change is not a subject of the study; the discussion focuses on transportation and urban quality of life.,,0.00,0.00,2026-09-09_09-59-56_pruned_taxonomy_topdown
9392410,3d1b69c4-4443-473d-9757-2025bed395e1,TRANSPORTATION AND QUALITY OF LIFE,16,Climate variability,True,,,,,False,False,No climate variability or fluctuations in climate conditions over time are addressed.,,0.00,0.00,2026-09-09_09-59-56_pruned_taxonomy_topdown
9392410,3d1b69c4-4443-473d-9757-2025bed395e1,TRANSPORTATION AND QUALITY OF LIFE,9,Changes in humidity,True,,,,,False,False,"The study does not discuss atmospheric moisture, humidity, thermal comfort, respiratory health, or moisture-related diseases.",,0.00,0.00,2026-09-09_09-59-56_pruned_taxonomy_topdown
9392410,3d1b69c4-4443-473d-9757-2025bed395e1,TRANSPORTATION AND QUALITY OF LIFE,12,Changes in sea level,True,,,,,False,False,Sea-level rise and its effects on coastal communities or resources are not mentioned.,,0.00,0.00,2026-09-09_09-59-56_pruned_taxonomy_topdown
9392410,3d1b69c4-4443-473d-9757-2025bed395e1,TRANSPORTATION AND QUALITY OF LIFE,11,Changes in precipitation,True,,,,,False,False,"The context does not address changes in rainfall, snowfall, precipitation timing, flooding, or drought.",,0.00,0.00,2026-09-09_09-59-56_pruned_taxonomy_topdown
9392410,3d1b69c4-4443-473d-9757-2025bed395e1,TRANSPORTATION AND QUALITY OF LIFE,10,Changes in inland water bodies,True,,,,,False,False,"No climate-driven changes in freshwater systems, hydrological patterns, or water availability are discussed.",,0.00,0.00,2026-09-09_09-59-56_pruned_taxonomy_topdown
9392410,3d1b69c4-4443-473d-9757-2025bed395e1,TRANSPORTATION AND QUALITY OF LIFE,14,Changes in temperature,True,,,,,False,False,"The study does not examine temperature changes, warming trends, or temperature extremes.",,0.00,0.00,2026-09-09_09-59-56_pruned_taxonomy_topdown
9392410,3d1b69c4-4443-473d-9757-2025bed395e1,TRANSPORTATION AND QUALITY OF LIFE,8,Changes in glacier / snow melt,True,,,,,False,False,Glacier or snowpack melting is not relevant to or discussed in this study of Malaysian urban transportation.,,0.00,0.00,2026-09-09_09-59-56_pruned_taxonomy_topdown
9392410,3d1b69c4-4443-473d-9757-2025bed395e1,TRANSPORTATION AND QUALITY OF LIFE,476,Education (Sector),True,,,,,False,False,The study does not focus on formal or informal education systems.,,0.00,0.00,2026-09-09_09-59-56_pruned_taxonomy_topdown
9392410,3d1b69c4-4443-473d-9757-2025bed395e1,TRANSPORTATION AND QUALITY OF LIFE,485,Transportation (Sector),True,,,,,True,True,"Transportation systems, including private and public vehicle use and urban transport, are the central subject of the study.","This chapter will discuss Malaysia's urban transportation in general, focusing on the struggle between private and public transportation usage",0.00,100.00,2026-09-09_09-59-56_pruned_taxonomy_topdown
9392410,3d1b69c4-4443-473d-9757-2025bed395e1,TRANSPORTATION AND QUALITY OF LIFE,483,Public administration (Sector),True,,,,,False,False,"Government or public transportation is mentioned, but public administration operations or services are not the subject of the study.",,0.00,0.00,2026-09-09_09-59-56_pruned_taxonomy_topdown
9392410,3d1b69c4-4443-473d-9757-2025bed395e1,TRANSPORTATION AND QUALITY OF LIFE,479,Healthcare (Sector),True,,,,,False,False,"The study does not examine medical care, public health services, or health infrastructure.",,0.00,0.00,2026-09-09_09-59-56_pruned_taxonomy_topdown
9392410,3d1b69c4-4443-473d-9757-2025bed395e1,TRANSPORTATION AND QUALITY OF LIFE,486,"Water, sanitation, and waste management (Sector)",True,,,,,False,False,"Water supply, sewage treatment, and solid waste management are not addressed.",,0.00,0.00,2026-09-09_09-59-56_pruned_taxonomy_topdown
9392410,3d1b69c4-4443-473d-9757-2025bed395e1,TRANSPORTATION AND QUALITY OF LIFE,475,Buildings / housing (Sector),True,,,,,False,False,"Urban land use and sprawl are mentioned as impacts, but buildings, housing, or construction are not a substantive focus.",,0.00,0.00,2026-09-09_09-59-56_pruned_taxonomy_topdown
9392410,3d1b69c4-4443-473d-9757-2025bed395e1,TRANSPORTATION AND QUALITY OF LIFE,478,Finance (Sector),True,,,,,False,False,"Banking, insurance, investment, and financial services are not examined.",,0.00,0.00,2026-09-09_09-59-56_pruned_taxonomy_topdown
9392410,3d1b69c4-4443-473d-9757-2025bed395e1,TRANSPORTATION AND QUALITY OF LIFE,484,Social protection (Sector),True,,,,,False,False,"The study does not focus on social safety nets, welfare services, or support systems for vulnerable populations.",,0.00,0.00,2026-09-09_09-59-56_pruned_taxonomy_topdown
9392410,3d1b69c4-4443-473d-9757-2025bed395e1,TRANSPORTATION AND QUALITY OF LIFE,481,Information and communications technologies (Sector),True,,,,,False,False,"Telecommunications, digital infrastructure, and information technology are not addressed.",,0.00,0.00,2026-09-09_09-59-56_pruned_taxonomy_topdown
9392410,3d1b69c4-4443-473d-9757-2025bed395e1,TRANSPORTATION AND QUALITY OF LIFE,480,"Industry, trade, and services (Sector)",True,,,,,False,False,"Manufacturing, retail, wholesale trade, and commercial services are not the subject of the study.",,0.00,0.00,2026-09-09_09-59-56_pruned_taxonomy_topdown
9392410,3d1b69c4-4443-473d-9757-2025bed395e1,TRANSPORTATION AND QUALITY OF LIFE,477,Energy and extractives (Sector),True,,,,,False,False,"Electricity generation, fuel production, and resource extraction are not examined.",,0.00,0.00,2026-09-09_09-59-56_pruned_taxonomy_topdown
9392410,3d1b69c4-4443-473d-9757-2025bed395e1,TRANSPORTATION AND QUALITY OF LIFE,482,Military (Sector),True,,,,,False,False,The military and defense sector is not addressed.,,0.00,0.00,2026-09-09_09-59-56_pruned_taxonomy_topdown
9392410,3d1b69c4-4443-473d-9757-2025bed395e1,TRANSPORTATION AND QUALITY OF LIFE,474,"Agriculture, fishing, and forestry (Sector)",True,,,,,False,False,"Agriculture, livestock, aquaculture, fishing, and forest management are not addressed.",,0.00,0.00,2026-09-09_09-59-56_pruned_taxonomy_topdown
9392410,3d1b69c4-4443-473d-9757-2025bed395e1,TRANSPORTATION AND QUALITY OF LIFE,431,Z_Other evidence synthesis type,True,,,,,True,False,No annotation with this attribute found: reverting to default,,0.00,0.00,2026-09-09_09-59-56_pruned_taxonomy_topdown
9392410,3d1b69c4-4443-473d-9757-2025bed395e1,TRANSPORTATION AND QUALITY OF LIFE,427,Health technology assessment (HTA),True,,,,,False,False,No annotation with this attribute found: reverting to default,,0.00,0.00,2026-09-09_09-59-56_pruned_taxonomy_topdown
9392410,3d1b69c4-4443-473d-9757-2025bed395e1,TRANSPORTATION AND QUALITY OF LIFE,428,Meta-analysis (unsystematic),True,,,,,False,False,No annotation with this attribute found: reverting to default,,0.00,0.00,2026-09-09_09-59-56_pruned_taxonomy_topdown
9392410,3d1b69c4-4443-473d-9757-2025bed395e1,TRANSPORTATION AND QUALITY OF LIFE,390,(Quasi-)Experimental / single-group designs,True,,,,,False,False,No annotation with this attribute found: reverting to default,,0.00,0.00,2026-09-09_09-59-56_pruned_taxonomy_topdown
9392410,3d1b69c4-4443-473d-9757-2025bed395e1,TRANSPORTATION AND QUALITY OF LIFE,397,Z_Other study design,True,,,,,False,False,No annotation with this attribute found: reverting to default,,0.00,0.00,2026-09-09_09-59-56_pruned_taxonomy_topdown
9392410,3d1b69c4-4443-473d-9757-2025bed395e1,TRANSPORTATION AND QUALITY OF LIFE,394,Observational / group comparison designs,True,,,,,False,False,No annotation with this attribute found: reverting to default,,0.00,0.00,2026-09-09_09-59-56_pruned_taxonomy_topdown
9392410,3d1b69c4-4443-473d-9757-2025bed395e1,TRANSPORTATION AND QUALITY OF LIFE,393,Modelling / simulation,True,,,,,False,False,No annotation with this attribute found: reverting to default,,0.00,0.00,2026-09-09_09-59-56_pruned_taxonomy_topdown
9392410,3d1b69c4-4443-473d-9757-2025bed395e1,TRANSPORTATION AND QUALITY OF LIFE,387,1. Primary research,True,,,,,False,False,The context describes a general discussion chapter and does not report collection or analysis of original empirical data.,This chapter will discuss Malaysia's urban transportation in general,0.00,100.00,2026-09-09_09-59-56_pruned_taxonomy_topdown
9392410,3d1b69c4-4443-473d-9757-2025bed395e1,TRANSPORTATION AND QUALITY OF LIFE,395,Observational / single-group designs,True,,,,,False,False,No annotation with this attribute found: reverting to default,,0.00,0.00,2026-09-09_09-59-56_pruned_taxonomy_topdown
9392410,3d1b69c4-4443-473d-9757-2025bed395e1,TRANSPORTATION AND QUALITY OF LIFE,430,Systematic reviews,True,,,,,False,False,No annotation with this attribute found: reverting to default,,0.00,0.00,2026-09-09_09-59-56_pruned_taxonomy_topdown
9392410,3d1b69c4-4443-473d-9757-2025bed395e1,TRANSPORTATION AND QUALITY OF LIFE,392,Mixed-methods,True,,,,,False,False,No annotation with this attribute found: reverting to default,,0.00,0.00,2026-09-09_09-59-56_pruned_taxonomy_topdown
9392410,3d1b69c4-4443-473d-9757-2025bed395e1,TRANSPORTATION AND QUALITY OF LIFE,396,Qualitative designs,True,,,,,False,False,No annotation with this attribute found: reverting to default,,0.00,0.00,2026-09-09_09-59-56_pruned_taxonomy_topdown
9392410,3d1b69c4-4443-473d-9757-2025bed395e1,TRANSPORTATION AND QUALITY OF LIFE,426,Guideline (clinical or public health),True,,,,,False,False,No annotation with this attribute found: reverting to default,,0.00,0.00,2026-09-09_09-59-56_pruned_taxonomy_topdown
9392410,3d1b69c4-4443-473d-9757-2025bed395e1,TRANSPORTATION AND QUALITY OF LIFE,389,(Quasi-)Experimental / group comparison designs,True,,,,,False,False,No annotation with this attribute found: reverting to default,,0.00,0.00,2026-09-09_09-59-56_pruned_taxonomy_topdown
9392410,3d1b69c4-4443-473d-9757-2025bed395e1,TRANSPORTATION AND QUALITY OF LIFE,391,Descriptive / single-group designs,True,,,,,False,False,No annotation with this attribute found: reverting to default,,0.00,0.00,2026-09-09_09-59-56_pruned_taxonomy_topdown
9392410,3d1b69c4-4443-473d-9757-2025bed395e1,TRANSPORTATION AND QUALITY OF LIFE,388,2. Evidence synthesis,True,,,,,True,False,"Although the chapter provides a broad overview and discusses impacts and strategies, the abstract does not indicate that it is designed as a review or synthesis of existing studies or literature.",This chapter will discuss Malaysia's urban transportation in general,0.00,100.00,2026-09-09_09-59-56_pruned_taxonomy_topdown
9392410,3d1b69c4-4443-473d-9757-2025bed395e1,TRANSPORTATION AND QUALITY OF LIFE,429,Narrative review,True,,,,,False,False,No annotation with this attribute found: reverting to default,,0.00,0.00,2026-09-09_09-59-56_pruned_taxonomy_topdown
9392410,3d1b69c4-4443-473d-9757-2025bed395e1,TRANSPORTATION AND QUALITY OF LIFE,202,Neurological disorders,True,,,,,False,False,No annotation with this attribute found: reverting to default,,0.00,0.00,2026-09-09_09-59-56_pruned_taxonomy_topdown
9392410,3d1b69c4-4443-473d-9757-2025bed395e1,TRANSPORTATION AND QUALITY OF LIFE,116,1.1. Total / all-cause mortality (Outcome),True,,,,,False,False,No annotation with this attribute found: reverting to default,,0.00,0.00,2026-09-09_09-59-56_pruned_taxonomy_topdown
9392410,3d1b69c4-4443-473d-9757-2025bed395e1,TRANSPORTATION AND QUALITY OF LIFE,196,Chronic respiratory diseases,True,,,,,False,False,No annotation with this attribute found: reverting to default,,0.00,0.00,2026-09-09_09-59-56_pruned_taxonomy_topdown
9392410,3d1b69c4-4443-473d-9757-2025bed395e1,TRANSPORTATION AND QUALITY OF LIFE,206,Z_Other non-communicable diseases,True,,,,,False,False,No annotation with this attribute found: reverting to default,,0.00,0.00,2026-09-09_09-59-56_pruned_taxonomy_topdown
9392410,3d1b69c4-4443-473d-9757-2025bed395e1,TRANSPORTATION AND QUALITY OF LIFE,117,"1.2. Communicable, maternal, neonatal, and nutritional mortality",True,,,,,False,False,No annotation with this attribute found: reverting to default,,0.00,0.00,2026-09-09_09-59-56_pruned_taxonomy_topdown
9392410,3d1b69c4-4443-473d-9757-2025bed395e1,TRANSPORTATION AND QUALITY OF LIFE,199,Mental disorders,True,,,,,False,False,No annotation with this attribute found: reverting to default,,0.00,0.00,2026-09-09_09-59-56_pruned_taxonomy_topdown
9392410,3d1b69c4-4443-473d-9757-2025bed395e1,TRANSPORTATION AND QUALITY OF LIFE,204,Skin and subcutaneous diseases,True,,,,,False,False,No annotation with this attribute found: reverting to default,,0.00,0.00,2026-09-09_09-59-56_pruned_taxonomy_topdown
9392410,3d1b69c4-4443-473d-9757-2025bed395e1,TRANSPORTATION AND QUALITY OF LIFE,134,HIV/AIDS and sexually transmitted infections,True,,,,,False,False,No annotation with this attribute found: reverting to default,,0.00,0.00,2026-09-09_09-59-56_pruned_taxonomy_topdown
9392410,3d1b69c4-4443-473d-9757-2025bed395e1,TRANSPORTATION AND QUALITY OF LIFE,137,Nutritional deficiencies,True,,,,,False,False,No annotation with this attribute found: reverting to default,,0.00,0.00,2026-09-09_09-59-56_pruned_taxonomy_topdown
9392410,3d1b69c4-4443-473d-9757-2025bed395e1,TRANSPORTATION AND QUALITY OF LIFE,200,Musculoskeletal disorders,True,,,,,False,False,No annotation with this attribute found: reverting to default,,0.00,0.00,2026-09-09_09-59-56_pruned_taxonomy_topdown
9392410,3d1b69c4-4443-473d-9757-2025bed395e1,TRANSPORTATION AND QUALITY OF LIFE,139,Z_Other infectious diseases,True,,,,,False,False,No annotation with this attribute found: reverting to default,,0.00,0.00,2026-09-09_09-59-56_pruned_taxonomy_topdown
9392410,3d1b69c4-4443-473d-9757-2025bed395e1,TRANSPORTATION AND QUALITY OF LIFE,289,Transport injuries,True,,,,,True,False,No annotation with this attribute found: reverting to default,,0.00,0.00,2026-09-09_09-59-56_pruned_taxonomy_topdown
9392410,3d1b69c4-4443-473d-9757-2025bed395e1,TRANSPORTATION AND QUALITY OF LIFE,135,Maternal and neonatal disorders,True,,,,,False,False,No annotation with this attribute found: reverting to default,,0.00,0.00,2026-09-09_09-59-56_pruned_taxonomy_topdown
9392410,3d1b69c4-4443-473d-9757-2025bed395e1,TRANSPORTATION AND QUALITY OF LIFE,136,Neglected tropical diseases and malaria,True,,,,,False,False,No annotation with this attribute found: reverting to default,,0.00,0.00,2026-09-09_09-59-56_pruned_taxonomy_topdown
9392410,3d1b69c4-4443-473d-9757-2025bed395e1,TRANSPORTATION AND QUALITY OF LIFE,195,Cardiovascular diseases,True,,,,,False,False,No annotation with this attribute found: reverting to default,,0.00,0.00,2026-09-09_09-59-56_pruned_taxonomy_topdown
9392410,3d1b69c4-4443-473d-9757-2025bed395e1,TRANSPORTATION AND QUALITY OF LIFE,288,Self-harm and interpersonal violence,True,,,,,False,False,No annotation with this attribute found: reverting to default,,0.00,0.00,2026-09-09_09-59-56_pruned_taxonomy_topdown
9392410,3d1b69c4-4443-473d-9757-2025bed395e1,TRANSPORTATION AND QUALITY OF LIFE,114,3. Non-communicable diseases,True,,,,,False,False,"The study focuses on urban transportation, automobile dependency, and quality of life, not chronic non-infectious diseases such as cardiovascular, respiratory, metabolic, neurological, or neoplastic conditions.",,0.00,0.00,2026-09-09_09-59-56_pruned_taxonomy_topdown
9392410,3d1b69c4-4443-473d-9757-2025bed395e1,TRANSPORTATION AND QUALITY OF LIFE,112,1. Mortality (Outcome),True,,,,,False,False,Death is not assessed as a health outcome. The discussion concerns transportation impacts and quality of life rather than mortality or fatal disease burden.,,0.00,0.00,2026-09-09_09-59-56_pruned_taxonomy_topdown
9392410,3d1b69c4-4443-473d-9757-2025bed395e1,TRANSPORTATION AND QUALITY OF LIFE,138,Respiratory infections and tuberculosis,True,,,,,False,False,No annotation with this attribute found: reverting to default,,0.00,0.00,2026-09-09_09-59-56_pruned_taxonomy_topdown
9392410,3d1b69c4-4443-473d-9757-2025bed395e1,TRANSPORTATION AND QUALITY OF LIFE,290,Unintentional injuries,True,,,,,False,False,No annotation with this attribute found: reverting to default,,0.00,0.00,2026-09-09_09-59-56_pruned_taxonomy_topdown
9392410,3d1b69c4-4443-473d-9757-2025bed395e1,TRANSPORTATION AND QUALITY OF LIFE,113,"2. Communicable, maternal, neonatal, and nutritional diseases",True,,,,,False,False,"The study does not examine infectious, maternal, neonatal, or nutritional conditions; its subject is urban transportation and automobile dependency.",,0.00,0.00,2026-09-09_09-59-56_pruned_taxonomy_topdown
9392410,3d1b69c4-4443-473d-9757-2025bed395e1,TRANSPORTATION AND QUALITY OF LIFE,133,Enteric infections,True,,,,,False,False,No annotation with this attribute found: reverting to default,,0.00,0.00,2026-09-09_09-59-56_pruned_taxonomy_topdown
9392410,3d1b69c4-4443-473d-9757-2025bed395e1,TRANSPORTATION AND QUALITY OF LIFE,201,Neoplasms,True,,,,,False,False,No annotation with this attribute found: reverting to default,,0.00,0.00,2026-09-09_09-59-56_pruned_taxonomy_topdown
9392410,3d1b69c4-4443-473d-9757-2025bed395e1,TRANSPORTATION AND QUALITY OF LIFE,118,1.3. Non-communicable mortality,True,,,,,False,False,No annotation with this attribute found: reverting to default,,0.00,0.00,2026-09-09_09-59-56_pruned_taxonomy_topdown
9392410,3d1b69c4-4443-473d-9757-2025bed395e1,TRANSPORTATION AND QUALITY OF LIFE,205,Substance use disorders,True,,,,,False,False,No annotation with this attribute found: reverting to default,,0.00,0.00,2026-09-09_09-59-56_pruned_taxonomy_topdown
9392410,3d1b69c4-4443-473d-9757-2025bed395e1,TRANSPORTATION AND QUALITY OF LIFE,197,Diabetes and kidney diseases,True,,,,,False,False,No annotation with this attribute found: reverting to default,,0.00,0.00,2026-09-09_09-59-56_pruned_taxonomy_topdown
9392410,3d1b69c4-4443-473d-9757-2025bed395e1,TRANSPORTATION AND QUALITY OF LIFE,203,Sense organ diseases,True,,,,,False,False,No annotation with this attribute found: reverting to default,,0.00,0.00,2026-09-09_09-59-56_pruned_taxonomy_topdown
9392410,3d1b69c4-4443-473d-9757-2025bed395e1,TRANSPORTATION AND QUALITY OF LIFE,115,4. Injuries,True,,,,,True,False,"Although higher accident rates are mentioned as a general negative consequence of automobile dependency, physical injuries from external causes are not a substantive study outcome or focus.",higher accidents rate,0.00,100.00,2026-09-09_09-59-56_pruned_taxonomy_topdown
9392410,3d1b69c4-4443-473d-9757-2025bed395e1,TRANSPORTATION AND QUALITY OF LIFE,198,Digestive diseases,True,,,,,False,False,No annotation with this attribute found: reverting to default,,0.00,0.00,2026-09-09_09-59-56_pruned_taxonomy_topdown
22339,3d63f91c-fdd7-45c1-be82-a5252d727499,Significance of dietary sulphur and sulphate reducing bacteria in lactating dairy cattle: A review,36,Coal,True,,,,,False,False,The study concerns sulphur nutrition in dairy cattle and its effects on performance and methane emissions; it does not address coal or coal combustion.,,0.00,0.00,2026-09-09_09-59-56_pruned_taxonomy_topdown
22339,3d63f91c-fdd7-45c1-be82-a5252d727499,Significance of dietary sulphur and sulphate reducing bacteria in lactating dairy cattle: A review,35,(Unspecified) fossil fuels,True,,,,,False,False,"The study does not examine fossil fuel use or combustion in general. The mention of methane gas emissions refers to animal digestion, not fossil fuels.",,0.00,0.00,2026-09-09_09-59-56_pruned_taxonomy_topdown
22339,3d63f91c-fdd7-45c1-be82-a5252d727499,Significance of dietary sulphur and sulphate reducing bacteria in lactating dairy cattle: A review,38,Oil,True,,,,,False,False,"The study does not address petroleum, liquid fossil fuels, transport, or industrial fuel use.",,0.00,0.00,2026-09-09_09-59-56_pruned_taxonomy_topdown
22339,3d63f91c-fdd7-45c1-be82-a5252d727499,Significance of dietary sulphur and sulphate reducing bacteria in lactating dairy cattle: A review,37,Natural gas,True,,,,,False,False,"Although methane emissions are mentioned, they arise in the context of rumen biology and dairy cattle nutrition, not natural gas use or combustion.",,0.00,0.00,2026-09-09_09-59-56_pruned_taxonomy_topdown
22339,3d63f91c-fdd7-45c1-be82-a5252d727499,Significance of dietary sulphur and sulphate reducing bacteria in lactating dairy cattle: A review,17,(Unspecified) greenhouse gases,True,,,,,False,False,"The study focuses on sulfur nutrition and its effects in dairy cattle, including methane emissions, but does not address greenhouse gases collectively without specifying a gas type.",,0.00,0.00,2026-09-09_09-59-56_pruned_taxonomy_topdown
22339,3d63f91c-fdd7-45c1-be82-a5252d727499,Significance of dietary sulphur and sulphate reducing bacteria in lactating dairy cattle: A review,18,Carbon dioxide (CO₂),True,,,,,False,False,Carbon dioxide is not mentioned or studied.,,0.00,0.00,2026-09-09_09-59-56_pruned_taxonomy_topdown
22339,3d63f91c-fdd7-45c1-be82-a5252d727499,Significance of dietary sulphur and sulphate reducing bacteria in lactating dairy cattle: A review,22,Ozone-depleting substances / chlorofluorocarbons / hydrochlorofluorocarbons / halons / carbon tetrachloride / methyl chloroform,True,,,,,False,False,The study does not address ozone-depleting compounds regulated under the Montreal Protocol.,,0.00,0.00,2026-09-09_09-59-56_pruned_taxonomy_topdown
22339,3d63f91c-fdd7-45c1-be82-a5252d727499,Significance of dietary sulphur and sulphate reducing bacteria in lactating dairy cattle: A review,19,Fluorinated gases / hydrofluorocarbons / perfluorocarbons / sulfur hexafluoride / nitrogen trifluoride,True,,,,,False,False,Synthetic industrial greenhouse gases are not part of the study.,,0.00,0.00,2026-09-09_09-59-56_pruned_taxonomy_topdown
22339,3d63f91c-fdd7-45c1-be82-a5252d727499,Significance of dietary sulphur and sulphate reducing bacteria in lactating dairy cattle: A review,20,Methane (CH₄),True,,,,,True,True,Methane emissions from dairy cattle are explicitly identified as an outcome potentially affected by sulfur supplementation.,"Controlled amount of sulphur in dairy cattle can improve their performance in context of milk, digestion with the help of sulphate reducing bacteria, methane gas emission",0.00,100.00,2026-09-09_09-59-56_pruned_taxonomy_topdown
22339,3d63f91c-fdd7-45c1-be82-a5252d727499,Significance of dietary sulphur and sulphate reducing bacteria in lactating dairy cattle: A review,21,Nitrous oxide (N₂O),True,,,,,False,False,"Nitrous oxide from agricultural soils, livestock, or nitrogen fertilisers is not discussed; the mention of methane does not indicate nitrous oxide.",,0.00,0.00,2026-09-09_09-59-56_pruned_taxonomy_topdown
22339,3d63f91c-fdd7-45c1-be82-a5252d727499,Significance of dietary sulphur and sulphate reducing bacteria in lactating dairy cattle: A review,23,Particulate matter (PM10) / fine particulate matter (PM2.5) / black/organic carbon / sulfate/nitrate aerosols,True,,,,,False,False,Particulate matter and its respiratory or cardiovascular effects are not addressed.,,0.00,0.00,2026-09-09_09-59-56_pruned_taxonomy_topdown
22339,3d63f91c-fdd7-45c1-be82-a5252d727499,Significance of dietary sulphur and sulphate reducing bacteria in lactating dairy cattle: A review,24,Tropospheric ozone (O₃),True,,,,,False,False,"The study does not concern photochemical ozone formation, nitrogen oxides, volatile organic compounds, or respiratory effects from ozone.",,0.00,0.00,2026-09-09_09-59-56_pruned_taxonomy_topdown
22339,3d63f91c-fdd7-45c1-be82-a5252d727499,Significance of dietary sulphur and sulphate reducing bacteria in lactating dairy cattle: A review,26,Extreme cold,True,,,,,False,False,"The study concerns sulfur nutrition in dairy cattle, not abnormally low temperatures or cold-related health risks.",,0.00,0.00,2026-09-09_09-59-56_pruned_taxonomy_topdown
22339,3d63f91c-fdd7-45c1-be82-a5252d727499,Significance of dietary sulphur and sulphate reducing bacteria in lactating dairy cattle: A review,27,Extreme heat,True,,,,,False,False,"The study does not examine heatwaves, unusually high temperatures, or heat-related health outcomes.",,0.00,0.00,2026-09-09_09-59-56_pruned_taxonomy_topdown
22339,3d63f91c-fdd7-45c1-be82-a5252d727499,Significance of dietary sulphur and sulphate reducing bacteria in lactating dairy cattle: A review,28,Extreme precipitation,True,,,,,False,False,"The study does not address unusual rainfall, snowfall, or other precipitation events.",,0.00,0.00,2026-09-09_09-59-56_pruned_taxonomy_topdown
22339,3d63f91c-fdd7-45c1-be82-a5252d727499,Significance of dietary sulphur and sulphate reducing bacteria in lactating dairy cattle: A review,30,Floods,True,,,,,False,False,"Flooding and its health, displacement, infrastructure, or ecosystem impacts are not studied.",,0.00,0.00,2026-09-09_09-59-56_pruned_taxonomy_topdown
22339,3d63f91c-fdd7-45c1-be82-a5252d727499,Significance of dietary sulphur and sulphate reducing bacteria in lactating dairy cattle: A review,33,Wildfires,True,,,,,False,False,"The study does not concern wildfires, smoke, or fire-related air pollution.",,0.00,0.00,2026-09-09_09-59-56_pruned_taxonomy_topdown
22339,3d63f91c-fdd7-45c1-be82-a5252d727499,Significance of dietary sulphur and sulphate reducing bacteria in lactating dairy cattle: A review,25,Droughts,True,,,,,False,False,"Although sulfur is discussed in relation to animal nutrition and methane emissions, the study does not address prolonged water deficit or drought.",,0.00,0.00,2026-09-09_09-59-56_pruned_taxonomy_topdown
22339,3d63f91c-fdd7-45c1-be82-a5252d727499,Significance of dietary sulphur and sulphate reducing bacteria in lactating dairy cattle: A review,29,Extreme snow/ice events,True,,,,,False,False,"The study does not examine severe snow, ice, blizzards, freezing rain, or related impacts.",,0.00,0.00,2026-09-09_09-59-56_pruned_taxonomy_topdown
22339,3d63f91c-fdd7-45c1-be82-a5252d727499,Significance of dietary sulphur and sulphate reducing bacteria in lactating dairy cattle: A review,31,Sand and dust storms,True,,,,,False,False,"No sand or dust storms, airborne particulate transport, or associated health impacts are discussed.",,0.00,0.00,2026-09-09_09-59-56_pruned_taxonomy_topdown
22339,3d63f91c-fdd7-45c1-be82-a5252d727499,Significance of dietary sulphur and sulphate reducing bacteria in lactating dairy cattle: A review,32,Storms and severe wind,True,,,,,False,False,"The study does not address tropical cyclones, severe thunderstorms, hailstorms, or other intense meteorological events.",,0.00,0.00,2026-09-09_09-59-56_pruned_taxonomy_topdown
22339,3d63f91c-fdd7-45c1-be82-a5252d727499,Significance of dietary sulphur and sulphate reducing bacteria in lactating dairy cattle: A review,34,Z_(Unspecified) extreme weather events,True,,,,,False,False,The study does not concern extreme weather events of unspecified type; it focuses on sulfur nutrition in dairy cattle.,,0.00,0.00,2026-09-09_09-59-56_pruned_taxonomy_topdown
22339,3d63f91c-fdd7-45c1-be82-a5252d727499,Significance of dietary sulphur and sulphate reducing bacteria in lactating dairy cattle: A review,493,Attribution,True,,,,,False,False,No annotation with this attribute found: reverting to default,,0.00,0.00,2026-09-09_09-59-56_pruned_taxonomy_topdown
22339,3d63f91c-fdd7-45c1-be82-a5252d727499,Significance of dietary sulphur and sulphate reducing bacteria in lactating dairy cattle: A review,487,Adaptation,True,,,,,False,False,"The study discusses sulfur nutrition and its effects on animal performance; it does not concern adapting to climate variables, climate-related hazards, or resilience.",,0.00,0.00,2026-09-09_09-59-56_pruned_taxonomy_topdown
22339,3d63f91c-fdd7-45c1-be82-a5252d727499,Significance of dietary sulphur and sulphate reducing bacteria in lactating dairy cattle: A review,490,Maladaptation,True,,,,,False,False,No annotation with this attribute found: reverting to default,,0.00,0.00,2026-09-09_09-59-56_pruned_taxonomy_topdown
22339,3d63f91c-fdd7-45c1-be82-a5252d727499,Significance of dietary sulphur and sulphate reducing bacteria in lactating dairy cattle: A review,495,Loss and damage,True,,,,,False,False,No annotation with this attribute found: reverting to default,,0.00,0.00,2026-09-09_09-59-56_pruned_taxonomy_topdown
22339,3d63f91c-fdd7-45c1-be82-a5252d727499,Significance of dietary sulphur and sulphate reducing bacteria in lactating dairy cattle: A review,492,Resilience,True,,,,,False,False,No annotation with this attribute found: reverting to default,,0.00,0.00,2026-09-09_09-59-56_pruned_taxonomy_topdown
22339,3d63f91c-fdd7-45c1-be82-a5252d727499,Significance of dietary sulphur and sulphate reducing bacteria in lactating dairy cattle: A review,489,Mitigation,True,,,,,True,True,"The study explicitly considers methane gas emissions in relation to sulfur supplementation in dairy cattle. Methane is a greenhouse gas, so this concerns a potential livestock-related emissions-reduction pathway, even though mitigation is not the primary framing.","Controlled amount of sulphur in dairy cattle can improve their performance in context of milk, digestion with the help of sulphate reducing bacteria, methane gas emission",0.00,100.00,2026-09-09_09-59-56_pruned_taxonomy_topdown
22339,3d63f91c-fdd7-45c1-be82-a5252d727499,Significance of dietary sulphur and sulphate reducing bacteria in lactating dairy cattle: A review,491,Preparedness,True,,,,,False,False,No annotation with this attribute found: reverting to default,,0.00,0.00,2026-09-09_09-59-56_pruned_taxonomy_topdown
22339,3d63f91c-fdd7-45c1-be82-a5252d727499,Significance of dietary sulphur and sulphate reducing bacteria in lactating dairy cattle: A review,494,Future impact,True,,,,,False,False,No annotation with this attribute found: reverting to default,,0.00,0.00,2026-09-09_09-59-56_pruned_taxonomy_topdown
22339,3d63f91c-fdd7-45c1-be82-a5252d727499,Significance of dietary sulphur and sulphate reducing bacteria in lactating dairy cattle: A review,496,Co-Benefits,True,,,,,False,False,"The study concerns sulphur nutrition in dairy cattle and its effects on animal performance, digestion, and methane emissions. It does not evaluate positive health, social, or environmental co-benefits arising from a mitigation action whose primary goal is reducing greenhouse gases.","Controlled amount of sulphur in dairy cattle can improve their performance in context of milk, digestion with the help of sulphate reducing bacteria, methane gas emission",0.00,100.00,2026-09-09_09-59-56_pruned_taxonomy_topdown
22339,3d63f91c-fdd7-45c1-be82-a5252d727499,Significance of dietary sulphur and sulphate reducing bacteria in lactating dairy cattle: A review,488,Impact,True,,,,,False,False,"The abstract does not examine effects of climate variables or climate-related extreme events on health, ecosystems, or society. Methane is mentioned as an emissions outcome, not as a climate-driven exposure or hazard.",,0.00,0.00,2026-09-09_09-59-56_pruned_taxonomy_topdown
22339,3d63f91c-fdd7-45c1-be82-a5252d727499,Significance of dietary sulphur and sulphate reducing bacteria in lactating dairy cattle: A review,6,(Unspecified) changes in weather,True,,,,,False,False,The study concerns sulphur nutrition in dairy cattle and does not address broad changes in weather patterns.,,0.00,0.00,2026-09-09_09-59-56_pruned_taxonomy_topdown
22339,3d63f91c-fdd7-45c1-be82-a5252d727499,Significance of dietary sulphur and sulphate reducing bacteria in lactating dairy cattle: A review,15,Changes in wind speed,True,,,,,False,False,No alterations in wind patterns or wind-related effects are discussed.,,0.00,0.00,2026-09-09_09-59-56_pruned_taxonomy_topdown
22339,3d63f91c-fdd7-45c1-be82-a5252d727499,Significance of dietary sulphur and sulphate reducing bacteria in lactating dairy cattle: A review,13,Changes in season length,True,,,,,False,False,The study does not examine changes in season duration or seasonal timing.,,0.00,0.00,2026-09-09_09-59-56_pruned_taxonomy_topdown
22339,3d63f91c-fdd7-45c1-be82-a5252d727499,Significance of dietary sulphur and sulphate reducing bacteria in lactating dairy cattle: A review,7,(Unspecified) climate change,True,,,,,False,False,Climate change in general is not a subject of the study.,,0.00,0.00,2026-09-09_09-59-56_pruned_taxonomy_topdown
22339,3d63f91c-fdd7-45c1-be82-a5252d727499,Significance of dietary sulphur and sulphate reducing bacteria in lactating dairy cattle: A review,16,Climate variability,True,,,,,False,False,The context does not discuss climate variability or fluctuations in climate conditions.,,0.00,0.00,2026-09-09_09-59-56_pruned_taxonomy_topdown
22339,3d63f91c-fdd7-45c1-be82-a5252d727499,Significance of dietary sulphur and sulphate reducing bacteria in lactating dairy cattle: A review,9,Changes in humidity,True,,,,,False,False,Atmospheric moisture and humidity-related health effects are not addressed.,,0.00,0.00,2026-09-09_09-59-56_pruned_taxonomy_topdown
22339,3d63f91c-fdd7-45c1-be82-a5252d727499,Significance of dietary sulphur and sulphate reducing bacteria in lactating dairy cattle: A review,12,Changes in sea level,True,,,,,False,False,The study does not concern sea-level rise.,,0.00,0.00,2026-09-09_09-59-56_pruned_taxonomy_topdown
22339,3d63f91c-fdd7-45c1-be82-a5252d727499,Significance of dietary sulphur and sulphate reducing bacteria in lactating dairy cattle: A review,11,Changes in precipitation,True,,,,,False,False,Rainfall or snowfall changes are not discussed.,,0.00,0.00,2026-09-09_09-59-56_pruned_taxonomy_topdown
22339,3d63f91c-fdd7-45c1-be82-a5252d727499,Significance of dietary sulphur and sulphate reducing bacteria in lactating dairy cattle: A review,10,Changes in inland water bodies,True,,,,,False,False,"Although methane emissions are mentioned, the study does not examine climate-driven changes in freshwater systems or hydrological patterns.",,0.00,0.00,2026-09-09_09-59-56_pruned_taxonomy_topdown
22339,3d63f91c-fdd7-45c1-be82-a5252d727499,Significance of dietary sulphur and sulphate reducing bacteria in lactating dairy cattle: A review,14,Changes in temperature,True,,,,,False,False,Temperature changes or warming trends are not studied; the reference to animal body weight and sulphur dosage is unrelated to climate temperature.,,0.00,0.00,2026-09-09_09-59-56_pruned_taxonomy_topdown
22339,3d63f91c-fdd7-45c1-be82-a5252d727499,Significance of dietary sulphur and sulphate reducing bacteria in lactating dairy cattle: A review,8,Changes in glacier / snow melt,True,,,,,False,False,Glacier or snowpack melting is not addressed.,,0.00,0.00,2026-09-09_09-59-56_pruned_taxonomy_topdown
22339,3d63f91c-fdd7-45c1-be82-a5252d727499,Significance of dietary sulphur and sulphate reducing bacteria in lactating dairy cattle: A review,476,Education (Sector),True,,,,,False,False,"The study concerns sulphur nutrition in dairy cattle, not formal or informal education systems.",,0.00,0.00,2026-09-09_09-59-56_pruned_taxonomy_topdown
22339,3d63f91c-fdd7-45c1-be82-a5252d727499,Significance of dietary sulphur and sulphate reducing bacteria in lactating dairy cattle: A review,485,Transportation (Sector),True,,,,,False,False,Transport systems and infrastructure are not subjects of the study.,,0.00,0.00,2026-09-09_09-59-56_pruned_taxonomy_topdown
22339,3d63f91c-fdd7-45c1-be82-a5252d727499,Significance of dietary sulphur and sulphate reducing bacteria in lactating dairy cattle: A review,483,Public administration (Sector),True,,,,,False,False,"Government agencies, public administration, and public services are not examined.",,0.00,0.00,2026-09-09_09-59-56_pruned_taxonomy_topdown
22339,3d63f91c-fdd7-45c1-be82-a5252d727499,Significance of dietary sulphur and sulphate reducing bacteria in lactating dairy cattle: A review,479,Healthcare (Sector),True,,,,,False,False,"The study addresses animal nutrition and cattle performance, not human medical care or public health services.",,0.00,0.00,2026-09-09_09-59-56_pruned_taxonomy_topdown
22339,3d63f91c-fdd7-45c1-be82-a5252d727499,Significance of dietary sulphur and sulphate reducing bacteria in lactating dairy cattle: A review,486,"Water, sanitation, and waste management (Sector)",True,,,,,False,False,"Water supply, sewage treatment, and solid waste management are not discussed as sectors of study.",,0.00,0.00,2026-09-09_09-59-56_pruned_taxonomy_topdown
22339,3d63f91c-fdd7-45c1-be82-a5252d727499,Significance of dietary sulphur and sulphate reducing bacteria in lactating dairy cattle: A review,475,Buildings / housing (Sector),True,,,,,False,False,"Buildings, housing, and construction are not relevant to the study.",,0.00,0.00,2026-09-09_09-59-56_pruned_taxonomy_topdown
22339,3d63f91c-fdd7-45c1-be82-a5252d727499,Significance of dietary sulphur and sulphate reducing bacteria in lactating dairy cattle: A review,478,Finance (Sector),True,,,,,False,False,"Banking, insurance, investment, and financial services are not addressed.",,0.00,0.00,2026-09-09_09-59-56_pruned_taxonomy_topdown
22339,3d63f91c-fdd7-45c1-be82-a5252d727499,Significance of dietary sulphur and sulphate reducing bacteria in lactating dairy cattle: A review,484,Social protection (Sector),True,,,,,False,False,Social safety nets and welfare services are not subjects of the study.,,0.00,0.00,2026-09-09_09-59-56_pruned_taxonomy_topdown
22339,3d63f91c-fdd7-45c1-be82-a5252d727499,Significance of dietary sulphur and sulphate reducing bacteria in lactating dairy cattle: A review,481,Information and communications technologies (Sector),True,,,,,False,False,"Telecommunications, digital infrastructure, and information technology are not addressed.",,0.00,0.00,2026-09-09_09-59-56_pruned_taxonomy_topdown
22339,3d63f91c-fdd7-45c1-be82-a5252d727499,Significance of dietary sulphur and sulphate reducing bacteria in lactating dairy cattle: A review,480,"Industry, trade, and services (Sector)",True,,,,,False,False,"Manufacturing, retail, wholesale trade, and commercial services are not the focus.",,0.00,0.00,2026-09-09_09-59-56_pruned_taxonomy_topdown
22339,3d63f91c-fdd7-45c1-be82-a5252d727499,Significance of dietary sulphur and sulphate reducing bacteria in lactating dairy cattle: A review,477,Energy and extractives (Sector),True,,,,,False,False,"Although methane gas emissions are mentioned as a potential effect, electricity generation, fuel production, and resource extraction are not studied.",,0.00,0.00,2026-09-09_09-59-56_pruned_taxonomy_topdown
22339,3d63f91c-fdd7-45c1-be82-a5252d727499,Significance of dietary sulphur and sulphate reducing bacteria in lactating dairy cattle: A review,482,Military (Sector),True,,,,,False,False,The military and defense sector is not involved.,,0.00,0.00,2026-09-09_09-59-56_pruned_taxonomy_topdown
22339,3d63f91c-fdd7-45c1-be82-a5252d727499,Significance of dietary sulphur and sulphate reducing bacteria in lactating dairy cattle: A review,474,"Agriculture, fishing, and forestry (Sector)",True,,,,,True,True,"The study focuses on sulphur nutrition and its effects on dairy cattle, directly concerning livestock rearing within the agriculture sector.","Controlled amount of sulphur in dairy cattle can improve their performance in context of milk, digestion",0.00,100.00,2026-09-09_09-59-56_pruned_taxonomy_topdown
22339,3d63f91c-fdd7-45c1-be82-a5252d727499,Significance of dietary sulphur and sulphate reducing bacteria in lactating dairy cattle: A review,431,Z_Other evidence synthesis type,True,,,,,False,False,No annotation with this attribute found: reverting to default,,0.00,0.00,2026-09-09_09-59-56_pruned_taxonomy_topdown
22339,3d63f91c-fdd7-45c1-be82-a5252d727499,Significance of dietary sulphur and sulphate reducing bacteria in lactating dairy cattle: A review,427,Health technology assessment (HTA),True,,,,,False,False,No annotation with this attribute found: reverting to default,,0.00,0.00,2026-09-09_09-59-56_pruned_taxonomy_topdown
22339,3d63f91c-fdd7-45c1-be82-a5252d727499,Significance of dietary sulphur and sulphate reducing bacteria in lactating dairy cattle: A review,428,Meta-analysis (unsystematic),True,,,,,False,False,No annotation with this attribute found: reverting to default,,0.00,0.00,2026-09-09_09-59-56_pruned_taxonomy_topdown
22339,3d63f91c-fdd7-45c1-be82-a5252d727499,Significance of dietary sulphur and sulphate reducing bacteria in lactating dairy cattle: A review,390,(Quasi-)Experimental / single-group designs,True,,,,,False,False,No annotation with this attribute found: reverting to default,,0.00,0.00,2026-09-09_09-59-56_pruned_taxonomy_topdown
22339,3d63f91c-fdd7-45c1-be82-a5252d727499,Significance of dietary sulphur and sulphate reducing bacteria in lactating dairy cattle: A review,397,Z_Other study design,True,,,,,False,False,No annotation with this attribute found: reverting to default,,0.00,0.00,2026-09-09_09-59-56_pruned_taxonomy_topdown
22339,3d63f91c-fdd7-45c1-be82-a5252d727499,Significance of dietary sulphur and sulphate reducing bacteria in lactating dairy cattle: A review,394,Observational / group comparison designs,True,,,,,False,False,No annotation with this attribute found: reverting to default,,0.00,0.00,2026-09-09_09-59-56_pruned_taxonomy_topdown
22339,3d63f91c-fdd7-45c1-be82-a5252d727499,Significance of dietary sulphur and sulphate reducing bacteria in lactating dairy cattle: A review,393,Modelling / simulation,True,,,,,False,False,No annotation with this attribute found: reverting to default,,0.00,0.00,2026-09-09_09-59-56_pruned_taxonomy_topdown
22339,3d63f91c-fdd7-45c1-be82-a5252d727499,Significance of dietary sulphur and sulphate reducing bacteria in lactating dairy cattle: A review,387,1. Primary research,True,,,,,False,False,"The context provides general background on sulphur nutrition and its effects in dairy cattle, but does not describe collecting or analysing original study data.",,0.00,0.00,2026-09-09_09-59-56_pruned_taxonomy_topdown
22339,3d63f91c-fdd7-45c1-be82-a5252d727499,Significance of dietary sulphur and sulphate reducing bacteria in lactating dairy cattle: A review,395,Observational / single-group designs,True,,,,,False,False,No annotation with this attribute found: reverting to default,,0.00,0.00,2026-09-09_09-59-56_pruned_taxonomy_topdown
22339,3d63f91c-fdd7-45c1-be82-a5252d727499,Significance of dietary sulphur and sulphate reducing bacteria in lactating dairy cattle: A review,430,Systematic reviews,True,,,,,False,False,No annotation with this attribute found: reverting to default,,0.00,0.00,2026-09-09_09-59-56_pruned_taxonomy_topdown
22339,3d63f91c-fdd7-45c1-be82-a5252d727499,Significance of dietary sulphur and sulphate reducing bacteria in lactating dairy cattle: A review,392,Mixed-methods,True,,,,,False,False,No annotation with this attribute found: reverting to default,,0.00,0.00,2026-09-09_09-59-56_pruned_taxonomy_topdown
22339,3d63f91c-fdd7-45c1-be82-a5252d727499,Significance of dietary sulphur and sulphate reducing bacteria in lactating dairy cattle: A review,396,Qualitative designs,True,,,,,False,False,No annotation with this attribute found: reverting to default,,0.00,0.00,2026-09-09_09-59-56_pruned_taxonomy_topdown
22339,3d63f91c-fdd7-45c1-be82-a5252d727499,Significance of dietary sulphur and sulphate reducing bacteria in lactating dairy cattle: A review,426,Guideline (clinical or public health),True,,,,,False,False,No annotation with this attribute found: reverting to default,,0.00,0.00,2026-09-09_09-59-56_pruned_taxonomy_topdown
22339,3d63f91c-fdd7-45c1-be82-a5252d727499,Significance of dietary sulphur and sulphate reducing bacteria in lactating dairy cattle: A review,389,(Quasi-)Experimental / group comparison designs,True,,,,,False,False,No annotation with this attribute found: reverting to default,,0.00,0.00,2026-09-09_09-59-56_pruned_taxonomy_topdown
22339,3d63f91c-fdd7-45c1-be82-a5252d727499,Significance of dietary sulphur and sulphate reducing bacteria in lactating dairy cattle: A review,391,Descriptive / single-group designs,True,,,,,False,False,No annotation with this attribute found: reverting to default,,0.00,0.00,2026-09-09_09-59-56_pruned_taxonomy_topdown
22339,3d63f91c-fdd7-45c1-be82-a5252d727499,Significance of dietary sulphur and sulphate reducing bacteria in lactating dairy cattle: A review,388,2. Evidence synthesis,True,,,,,True,False,"Although the text is a general overview, it does not indicate that the study is designed as a review, synthesis, meta-analysis, mapping exercise, or other structured analysis of existing literature.",,0.00,0.00,2026-09-09_09-59-56_pruned_taxonomy_topdown
22339,3d63f91c-fdd7-45c1-be82-a5252d727499,Significance of dietary sulphur and sulphate reducing bacteria in lactating dairy cattle: A review,429,Narrative review,True,,,,,True,False,No annotation with this attribute found: reverting to default,,0.00,0.00,2026-09-09_09-59-56_pruned_taxonomy_topdown
22339,3d63f91c-fdd7-45c1-be82-a5252d727499,Significance of dietary sulphur and sulphate reducing bacteria in lactating dairy cattle: A review,202,Neurological disorders,True,,,,,False,False,No annotation with this attribute found: reverting to default,,0.00,0.00,2026-09-09_09-59-56_pruned_taxonomy_topdown
22339,3d63f91c-fdd7-45c1-be82-a5252d727499,Significance of dietary sulphur and sulphate reducing bacteria in lactating dairy cattle: A review,116,1.1. Total / all-cause mortality (Outcome),True,,,,,False,False,No annotation with this attribute found: reverting to default,,0.00,0.00,2026-09-09_09-59-56_pruned_taxonomy_topdown
22339,3d63f91c-fdd7-45c1-be82-a5252d727499,Significance of dietary sulphur and sulphate reducing bacteria in lactating dairy cattle: A review,196,Chronic respiratory diseases,True,,,,,False,False,No annotation with this attribute found: reverting to default,,0.00,0.00,2026-09-09_09-59-56_pruned_taxonomy_topdown
22339,3d63f91c-fdd7-45c1-be82-a5252d727499,Significance of dietary sulphur and sulphate reducing bacteria in lactating dairy cattle: A review,206,Z_Other non-communicable diseases,True,,,,,False,False,No annotation with this attribute found: reverting to default,,0.00,0.00,2026-09-09_09-59-56_pruned_taxonomy_topdown
22339,3d63f91c-fdd7-45c1-be82-a5252d727499,Significance of dietary sulphur and sulphate reducing bacteria in lactating dairy cattle: A review,117,"1.2. Communicable, maternal, neonatal, and nutritional mortality",True,,,,,False,False,No annotation with this attribute found: reverting to default,,0.00,0.00,2026-09-09_09-59-56_pruned_taxonomy_topdown
22339,3d63f91c-fdd7-45c1-be82-a5252d727499,Significance of dietary sulphur and sulphate reducing bacteria in lactating dairy cattle: A review,199,Mental disorders,True,,,,,False,False,No annotation with this attribute found: reverting to default,,0.00,0.00,2026-09-09_09-59-56_pruned_taxonomy_topdown
22339,3d63f91c-fdd7-45c1-be82-a5252d727499,Significance of dietary sulphur and sulphate reducing bacteria in lactating dairy cattle: A review,204,Skin and subcutaneous diseases,True,,,,,False,False,No annotation with this attribute found: reverting to default,,0.00,0.00,2026-09-09_09-59-56_pruned_taxonomy_topdown
22339,3d63f91c-fdd7-45c1-be82-a5252d727499,Significance of dietary sulphur and sulphate reducing bacteria in lactating dairy cattle: A review,134,HIV/AIDS and sexually transmitted infections,True,,,,,False,False,No annotation with this attribute found: reverting to default,,0.00,0.00,2026-09-09_09-59-56_pruned_taxonomy_topdown
22339,3d63f91c-fdd7-45c1-be82-a5252d727499,Significance of dietary sulphur and sulphate reducing bacteria in lactating dairy cattle: A review,137,Nutritional deficiencies,True,,,,,False,False,No annotation with this attribute found: reverting to default,,0.00,0.00,2026-09-09_09-59-56_pruned_taxonomy_topdown
22339,3d63f91c-fdd7-45c1-be82-a5252d727499,Significance of dietary sulphur and sulphate reducing bacteria in lactating dairy cattle: A review,200,Musculoskeletal disorders,True,,,,,False,False,No annotation with this attribute found: reverting to default,,0.00,0.00,2026-09-09_09-59-56_pruned_taxonomy_topdown
22339,3d63f91c-fdd7-45c1-be82-a5252d727499,Significance of dietary sulphur and sulphate reducing bacteria in lactating dairy cattle: A review,139,Z_Other infectious diseases,True,,,,,False,False,No annotation with this attribute found: reverting to default,,0.00,0.00,2026-09-09_09-59-56_pruned_taxonomy_topdown
22339,3d63f91c-fdd7-45c1-be82-a5252d727499,Significance of dietary sulphur and sulphate reducing bacteria in lactating dairy cattle: A review,289,Transport injuries,True,,,,,False,False,No annotation with this attribute found: reverting to default,,0.00,0.00,2026-09-09_09-59-56_pruned_taxonomy_topdown
22339,3d63f91c-fdd7-45c1-be82-a5252d727499,Significance of dietary sulphur and sulphate reducing bacteria in lactating dairy cattle: A review,135,Maternal and neonatal disorders,True,,,,,False,False,No annotation with this attribute found: reverting to default,,0.00,0.00,2026-09-09_09-59-56_pruned_taxonomy_topdown
22339,3d63f91c-fdd7-45c1-be82-a5252d727499,Significance of dietary sulphur and sulphate reducing bacteria in lactating dairy cattle: A review,136,Neglected tropical diseases and malaria,True,,,,,False,False,No annotation with this attribute found: reverting to default,,0.00,0.00,2026-09-09_09-59-56_pruned_taxonomy_topdown
22339,3d63f91c-fdd7-45c1-be82-a5252d727499,Significance of dietary sulphur and sulphate reducing bacteria in lactating dairy cattle: A review,195,Cardiovascular diseases,True,,,,,False,False,No annotation with this attribute found: reverting to default,,0.00,0.00,2026-09-09_09-59-56_pruned_taxonomy_topdown
22339,3d63f91c-fdd7-45c1-be82-a5252d727499,Significance of dietary sulphur and sulphate reducing bacteria in lactating dairy cattle: A review,288,Self-harm and interpersonal violence,True,,,,,False,False,No annotation with this attribute found: reverting to default,,0.00,0.00,2026-09-09_09-59-56_pruned_taxonomy_topdown
22339,3d63f91c-fdd7-45c1-be82-a5252d727499,Significance of dietary sulphur and sulphate reducing bacteria in lactating dairy cattle: A review,114,3. Non-communicable diseases,True,,,,,False,False,"The context concerns sulphur nutrition and performance in dairy cattle, not chronic non-infectious diseases in humans.",,0.00,0.00,2026-09-09_09-59-56_pruned_taxonomy_topdown
22339,3d63f91c-fdd7-45c1-be82-a5252d727499,Significance of dietary sulphur and sulphate reducing bacteria in lactating dairy cattle: A review,112,1. Mortality (Outcome),True,,,,,False,False,"The study does not report death, mortality, or fatal disease burden as an outcome.",,0.00,0.00,2026-09-09_09-59-56_pruned_taxonomy_topdown
22339,3d63f91c-fdd7-45c1-be82-a5252d727499,Significance of dietary sulphur and sulphate reducing bacteria in lactating dairy cattle: A review,138,Respiratory infections and tuberculosis,True,,,,,False,False,No annotation with this attribute found: reverting to default,,0.00,0.00,2026-09-09_09-59-56_pruned_taxonomy_topdown
22339,3d63f91c-fdd7-45c1-be82-a5252d727499,Significance of dietary sulphur and sulphate reducing bacteria in lactating dairy cattle: A review,290,Unintentional injuries,True,,,,,False,False,No annotation with this attribute found: reverting to default,,0.00,0.00,2026-09-09_09-59-56_pruned_taxonomy_topdown
22339,3d63f91c-fdd7-45c1-be82-a5252d727499,Significance of dietary sulphur and sulphate reducing bacteria in lactating dairy cattle: A review,113,"2. Communicable, maternal, neonatal, and nutritional diseases",True,,,,,False,False,"Although rumen bacteria are mentioned, the study is about animal nutrition and sulphur effects, not infectious, maternal, neonatal, or nutritional diseases in the GBD disease hierarchy.",,0.00,0.00,2026-09-09_09-59-56_pruned_taxonomy_topdown
22339,3d63f91c-fdd7-45c1-be82-a5252d727499,Significance of dietary sulphur and sulphate reducing bacteria in lactating dairy cattle: A review,133,Enteric infections,True,,,,,False,False,No annotation with this attribute found: reverting to default,,0.00,0.00,2026-09-09_09-59-56_pruned_taxonomy_topdown
22339,3d63f91c-fdd7-45c1-be82-a5252d727499,Significance of dietary sulphur and sulphate reducing bacteria in lactating dairy cattle: A review,201,Neoplasms,True,,,,,False,False,No annotation with this attribute found: reverting to default,,0.00,0.00,2026-09-09_09-59-56_pruned_taxonomy_topdown
22339,3d63f91c-fdd7-45c1-be82-a5252d727499,Significance of dietary sulphur and sulphate reducing bacteria in lactating dairy cattle: A review,118,1.3. Non-communicable mortality,True,,,,,False,False,No annotation with this attribute found: reverting to default,,0.00,0.00,2026-09-09_09-59-56_pruned_taxonomy_topdown
22339,3d63f91c-fdd7-45c1-be82-a5252d727499,Significance of dietary sulphur and sulphate reducing bacteria in lactating dairy cattle: A review,205,Substance use disorders,True,,,,,False,False,No annotation with this attribute found: reverting to default,,0.00,0.00,2026-09-09_09-59-56_pruned_taxonomy_topdown
22339,3d63f91c-fdd7-45c1-be82-a5252d727499,Significance of dietary sulphur and sulphate reducing bacteria in lactating dairy cattle: A review,197,Diabetes and kidney diseases,True,,,,,False,False,No annotation with this attribute found: reverting to default,,0.00,0.00,2026-09-09_09-59-56_pruned_taxonomy_topdown
22339,3d63f91c-fdd7-45c1-be82-a5252d727499,Significance of dietary sulphur and sulphate reducing bacteria in lactating dairy cattle: A review,203,Sense organ diseases,True,,,,,False,False,No annotation with this attribute found: reverting to default,,0.00,0.00,2026-09-09_09-59-56_pruned_taxonomy_topdown
22339,3d63f91c-fdd7-45c1-be82-a5252d727499,Significance of dietary sulphur and sulphate reducing bacteria in lactating dairy cattle: A review,115,4. Injuries,True,,,,,False,False,"No physical injury, self-harm, violence, conflict, or other external-cause harm is studied.",,0.00,0.00,2026-09-09_09-59-56_pruned_taxonomy_topdown
22339,3d63f91c-fdd7-45c1-be82-a5252d727499,Significance of dietary sulphur and sulphate reducing bacteria in lactating dairy cattle: A review,198,Digestive diseases,True,,,,,False,False,No annotation with this attribute found: reverting to default,,0.00,0.00,2026-09-09_09-59-56_pruned_taxonomy_topdown
45858,498f8d2f-abbb-4a08-ba43-4c51d576a32c,Constructed Wetlands Lessons from Three Middle East Countries : The Effect of Plants and Filter Media on CW Performance,36,Coal,True,,,,,False,False,"The study focuses on constructed wetlands, wastewater treatment and reuse, water scarcity, and agricultural production; it does not concern coal.",,0.00,0.00,2026-09-09_09-59-56_pruned_taxonomy_topdown
45858,498f8d2f-abbb-4a08-ba43-4c51d576a32c,Constructed Wetlands Lessons from Three Middle East Countries : The Effect of Plants and Filter Media on CW Performance,35,(Unspecified) fossil fuels,True,,,,,False,False,The abstract does not discuss fossil fuel use or combustion in general.,,0.00,0.00,2026-09-09_09-59-56_pruned_taxonomy_topdown
45858,498f8d2f-abbb-4a08-ba43-4c51d576a32c,Constructed Wetlands Lessons from Three Middle East Countries : The Effect of Plants and Filter Media on CW Performance,38,Oil,True,,,,,False,False,"The study does not address petroleum, liquid fossil fuels, transport, or industrial fuel use.",,0.00,0.00,2026-09-09_09-59-56_pruned_taxonomy_topdown
45858,498f8d2f-abbb-4a08-ba43-4c51d576a32c,Constructed Wetlands Lessons from Three Middle East Countries : The Effect of Plants and Filter Media on CW Performance,37,Natural gas,True,,,,,False,False,"The abstract does not address natural gas, methane, heating, electricity generation, or gas-related emissions.",,0.00,0.00,2026-09-09_09-59-56_pruned_taxonomy_topdown
45858,498f8d2f-abbb-4a08-ba43-4c51d576a32c,Constructed Wetlands Lessons from Three Middle East Countries : The Effect of Plants and Filter Media on CW Performance,17,(Unspecified) greenhouse gases,True,,,,,False,False,"The study focuses on wastewater treatment, constructed wetlands, water scarcity, and agricultural production; atmospheric greenhouse gases are not a subject of the study.",,0.00,0.00,2026-09-09_09-59-56_pruned_taxonomy_topdown
45858,498f8d2f-abbb-4a08-ba43-4c51d576a32c,Constructed Wetlands Lessons from Three Middle East Countries : The Effect of Plants and Filter Media on CW Performance,18,Carbon dioxide (CO₂),True,,,,,False,False,"Carbon dioxide is not discussed as an exposure, outcome, or focus of the study.",,0.00,0.00,2026-09-09_09-59-56_pruned_taxonomy_topdown
45858,498f8d2f-abbb-4a08-ba43-4c51d576a32c,Constructed Wetlands Lessons from Three Middle East Countries : The Effect of Plants and Filter Media on CW Performance,22,Ozone-depleting substances / chlorofluorocarbons / hydrochlorofluorocarbons / halons / carbon tetrachloride / methyl chloroform,True,,,,,False,False,The study does not address ozone-depleting compounds regulated under the Montreal Protocol.,,0.00,0.00,2026-09-09_09-59-56_pruned_taxonomy_topdown
45858,498f8d2f-abbb-4a08-ba43-4c51d576a32c,Constructed Wetlands Lessons from Three Middle East Countries : The Effect of Plants and Filter Media on CW Performance,19,Fluorinated gases / hydrofluorocarbons / perfluorocarbons / sulfur hexafluoride / nitrogen trifluoride,True,,,,,False,False,Synthetic industrial greenhouse gases are not mentioned or investigated.,,0.00,0.00,2026-09-09_09-59-56_pruned_taxonomy_topdown
45858,498f8d2f-abbb-4a08-ba43-4c51d576a32c,Constructed Wetlands Lessons from Three Middle East Countries : The Effect of Plants and Filter Media on CW Performance,20,Methane (CH₄),True,,,,,False,False,"Methane emissions from livestock, rice cultivation, landfills, or fossil fuel extraction are not part of the study.",,0.00,0.00,2026-09-09_09-59-56_pruned_taxonomy_topdown
45858,498f8d2f-abbb-4a08-ba43-4c51d576a32c,Constructed Wetlands Lessons from Three Middle East Countries : The Effect of Plants and Filter Media on CW Performance,21,Nitrous oxide (N₂O),True,,,,,False,False,Nitrous oxide from agriculture or fertilisers is not discussed; the agricultural focus concerns wastewater reuse and production.,,0.00,0.00,2026-09-09_09-59-56_pruned_taxonomy_topdown
45858,498f8d2f-abbb-4a08-ba43-4c51d576a32c,Constructed Wetlands Lessons from Three Middle East Countries : The Effect of Plants and Filter Media on CW Performance,23,Particulate matter (PM10) / fine particulate matter (PM2.5) / black/organic carbon / sulfate/nitrate aerosols,True,,,,,False,False,Particulate matter and related respiratory or cardiovascular health effects are not addressed.,,0.00,0.00,2026-09-09_09-59-56_pruned_taxonomy_topdown
45858,498f8d2f-abbb-4a08-ba43-4c51d576a32c,Constructed Wetlands Lessons from Three Middle East Countries : The Effect of Plants and Filter Media on CW Performance,24,Tropospheric ozone (O₃),True,,,,,False,False,Tropospheric ozone and its formation from nitrogen oxides and volatile organic compounds are not discussed.,,0.00,0.00,2026-09-09_09-59-56_pruned_taxonomy_topdown
45858,498f8d2f-abbb-4a08-ba43-4c51d576a32c,Constructed Wetlands Lessons from Three Middle East Countries : The Effect of Plants and Filter Media on CW Performance,26,Extreme cold,True,,,,,False,False,"The study does not concern unusually low temperatures, cold snaps, blizzards, or cold-related health outcomes.",,0.00,0.00,2026-09-09_09-59-56_pruned_taxonomy_topdown
45858,498f8d2f-abbb-4a08-ba43-4c51d576a32c,Constructed Wetlands Lessons from Three Middle East Countries : The Effect of Plants and Filter Media on CW Performance,27,Extreme heat,True,,,,,False,False,The study does not address high temperatures or heatwave-related health risks.,,0.00,0.00,2026-09-09_09-59-56_pruned_taxonomy_topdown
45858,498f8d2f-abbb-4a08-ba43-4c51d576a32c,Constructed Wetlands Lessons from Three Middle East Countries : The Effect of Plants and Filter Media on CW Performance,28,Extreme precipitation,True,,,,,False,False,"No unusually intense or prolonged rainfall, snowfall, or other precipitation events are studied.",,0.00,0.00,2026-09-09_09-59-56_pruned_taxonomy_topdown
45858,498f8d2f-abbb-4a08-ba43-4c51d576a32c,Constructed Wetlands Lessons from Three Middle East Countries : The Effect of Plants and Filter Media on CW Performance,30,Floods,True,,,,,False,False,The study does not concern flooding or temporary inundation of normally dry land.,,0.00,0.00,2026-09-09_09-59-56_pruned_taxonomy_topdown
45858,498f8d2f-abbb-4a08-ba43-4c51d576a32c,Constructed Wetlands Lessons from Three Middle East Countries : The Effect of Plants and Filter Media on CW Performance,33,Wildfires,True,,,,,False,False,Wildfires and fire-related smoke or air pollution are not addressed.,,0.00,0.00,2026-09-09_09-59-56_pruned_taxonomy_topdown
45858,498f8d2f-abbb-4a08-ba43-4c51d576a32c,Constructed Wetlands Lessons from Three Middle East Countries : The Effect of Plants and Filter Media on CW Performance,25,Droughts,True,,,,,False,False,"Although the context mentions ongoing water scarcity, the study focuses on wastewater treatment and reuse rather than prolonged climatic or hydrological drought and its impacts.",,0.00,0.00,2026-09-09_09-59-56_pruned_taxonomy_topdown
45858,498f8d2f-abbb-4a08-ba43-4c51d576a32c,Constructed Wetlands Lessons from Three Middle East Countries : The Effect of Plants and Filter Media on CW Performance,29,Extreme snow/ice events,True,,,,,False,False,"The study does not address severe snow, ice, blizzards, freezing rain, or ice storms.",,0.00,0.00,2026-09-09_09-59-56_pruned_taxonomy_topdown
45858,498f8d2f-abbb-4a08-ba43-4c51d576a32c,Constructed Wetlands Lessons from Three Middle East Countries : The Effect of Plants and Filter Media on CW Performance,31,Sand and dust storms,True,,,,,False,False,No wind-driven sand or dust events are discussed.,,0.00,0.00,2026-09-09_09-59-56_pruned_taxonomy_topdown
45858,498f8d2f-abbb-4a08-ba43-4c51d576a32c,Constructed Wetlands Lessons from Three Middle East Countries : The Effect of Plants and Filter Media on CW Performance,32,Storms and severe wind,True,,,,,False,False,"The study does not concern tropical cyclones, hurricanes, typhoons, severe thunderstorms, or hailstorms.",,0.00,0.00,2026-09-09_09-59-56_pruned_taxonomy_topdown
45858,498f8d2f-abbb-4a08-ba43-4c51d576a32c,Constructed Wetlands Lessons from Three Middle East Countries : The Effect of Plants and Filter Media on CW Performance,34,Z_(Unspecified) extreme weather events,True,,,,,False,False,The study does not investigate unspecified extreme weather events; its focus is wastewater treatment and reuse in response to water scarcity.,,0.00,0.00,2026-09-09_09-59-56_pruned_taxonomy_topdown
45858,498f8d2f-abbb-4a08-ba43-4c51d576a32c,Constructed Wetlands Lessons from Three Middle East Countries : The Effect of Plants and Filter Media on CW Performance,493,Attribution,True,,,,,False,False,No annotation with this attribute found: reverting to default,,0.00,0.00,2026-09-09_09-59-56_pruned_taxonomy_topdown
45858,498f8d2f-abbb-4a08-ba43-4c51d576a32c,Constructed Wetlands Lessons from Three Middle East Countries : The Effect of Plants and Filter Media on CW Performance,487,Adaptation,True,,,,,True,True,"The study concerns constructed wetlands and wastewater reuse as infrastructural and agricultural measures for managing water scarcity and supporting agricultural production, which constitutes adaptation to water stress.",The results suggest that CWs can indeed offer an effective way to aleviate water scarcity and improve agriculture production in the rural areas in the Middle East.,0.00,100.00,2026-09-09_09-59-56_pruned_taxonomy_topdown
45858,498f8d2f-abbb-4a08-ba43-4c51d576a32c,Constructed Wetlands Lessons from Three Middle East Countries : The Effect of Plants and Filter Media on CW Performance,490,Maladaptation,True,,,,,False,False,"The study describes wastewater reuse and constructed wetlands as measures to alleviate ongoing water scarcity and improve agriculture, but it does not identify unintended harmful consequences, increased vulnerability, or new risks resulting from these interventions.",,0.00,0.00,2026-09-09_09-59-56_pruned_taxonomy_topdown
45858,498f8d2f-abbb-4a08-ba43-4c51d576a32c,Constructed Wetlands Lessons from Three Middle East Countries : The Effect of Plants and Filter Media on CW Performance,495,Loss and damage,True,,,,,False,False,No annotation with this attribute found: reverting to default,,0.00,0.00,2026-09-09_09-59-56_pruned_taxonomy_topdown
45858,498f8d2f-abbb-4a08-ba43-4c51d576a32c,Constructed Wetlands Lessons from Three Middle East Countries : The Effect of Plants and Filter Media on CW Performance,492,Resilience,True,,,,,True,False,"Although the interventions may improve water availability and agricultural production, the study does not assess the capacity of people, communities, ecosystems, or systems to anticipate, withstand, recover from, or adapt to climate-related shocks.",,0.00,0.00,2026-09-09_09-59-56_pruned_taxonomy_topdown
45858,498f8d2f-abbb-4a08-ba43-4c51d576a32c,Constructed Wetlands Lessons from Three Middle East Countries : The Effect of Plants and Filter Media on CW Performance,489,Mitigation,True,,,,,False,False,"The study does not address greenhouse-gas emissions, fossil fuels, or actions to reduce emissions.",,0.00,0.00,2026-09-09_09-59-56_pruned_taxonomy_topdown
45858,498f8d2f-abbb-4a08-ba43-4c51d576a32c,Constructed Wetlands Lessons from Three Middle East Countries : The Effect of Plants and Filter Media on CW Performance,491,Preparedness,True,,,,,False,False,"The study concerns wastewater treatment and reuse for addressing water scarcity, but it does not frame the measures as advance planning or capacity development for responding to climate-related events and reducing their impacts.",,0.00,0.00,2026-09-09_09-59-56_pruned_taxonomy_topdown
45858,498f8d2f-abbb-4a08-ba43-4c51d576a32c,Constructed Wetlands Lessons from Three Middle East Countries : The Effect of Plants and Filter Media on CW Performance,494,Future impact,True,,,,,False,False,No annotation with this attribute found: reverting to default,,0.00,0.00,2026-09-09_09-59-56_pruned_taxonomy_topdown
45858,498f8d2f-abbb-4a08-ba43-4c51d576a32c,Constructed Wetlands Lessons from Three Middle East Countries : The Effect of Plants and Filter Media on CW Performance,496,Co-Benefits,True,,,,,False,False,No annotation with this attribute found: reverting to default,,0.00,0.00,2026-09-09_09-59-56_pruned_taxonomy_topdown
45858,498f8d2f-abbb-4a08-ba43-4c51d576a32c,Constructed Wetlands Lessons from Three Middle East Countries : The Effect of Plants and Filter Media on CW Performance,488,Impact,True,,,,,False,False,"Although water scarcity is studied, the abstract does not identify a climate variable or climate-related extreme event as its driver; it presents scarcity as an ongoing regional issue addressed through wastewater reuse.",,0.00,0.00,2026-09-09_09-59-56_pruned_taxonomy_topdown
45858,498f8d2f-abbb-4a08-ba43-4c51d576a32c,Constructed Wetlands Lessons from Three Middle East Countries : The Effect of Plants and Filter Media on CW Performance,6,(Unspecified) changes in weather,True,,,,,False,False,"The study discusses regional water scarcity and wastewater reuse, not broad changes in weather patterns.",,0.00,0.00,2026-09-09_09-59-56_pruned_taxonomy_topdown
45858,498f8d2f-abbb-4a08-ba43-4c51d576a32c,Constructed Wetlands Lessons from Three Middle East Countries : The Effect of Plants and Filter Media on CW Performance,15,Changes in wind speed,True,,,,,False,False,Wind patterns or wind-related effects are not addressed.,,0.00,0.00,2026-09-09_09-59-56_pruned_taxonomy_topdown
45858,498f8d2f-abbb-4a08-ba43-4c51d576a32c,Constructed Wetlands Lessons from Three Middle East Countries : The Effect of Plants and Filter Media on CW Performance,13,Changes in season length,True,,,,,False,False,Seasonal duration or shifts in season onset are not discussed.,,0.00,0.00,2026-09-09_09-59-56_pruned_taxonomy_topdown
45858,498f8d2f-abbb-4a08-ba43-4c51d576a32c,Constructed Wetlands Lessons from Three Middle East Countries : The Effect of Plants and Filter Media on CW Performance,7,(Unspecified) climate change,True,,,,,False,False,"The study does not concern climate change in general; it focuses on wastewater treatment, constructed wetlands, and water scarcity.",,0.00,0.00,2026-09-09_09-59-56_pruned_taxonomy_topdown
45858,498f8d2f-abbb-4a08-ba43-4c51d576a32c,Constructed Wetlands Lessons from Three Middle East Countries : The Effect of Plants and Filter Media on CW Performance,16,Climate variability,True,,,,,False,False,No fluctuations or variability in climate conditions over time are examined.,,0.00,0.00,2026-09-09_09-59-56_pruned_taxonomy_topdown
45858,498f8d2f-abbb-4a08-ba43-4c51d576a32c,Constructed Wetlands Lessons from Three Middle East Countries : The Effect of Plants and Filter Media on CW Performance,9,Changes in humidity,True,,,,,False,False,"Atmospheric moisture, humidity, or moisture-related health effects are not addressed.",,0.00,0.00,2026-09-09_09-59-56_pruned_taxonomy_topdown
45858,498f8d2f-abbb-4a08-ba43-4c51d576a32c,Constructed Wetlands Lessons from Three Middle East Countries : The Effect of Plants and Filter Media on CW Performance,12,Changes in sea level,True,,,,,False,False,Sea-level rise and its impacts are not part of the study.,,0.00,0.00,2026-09-09_09-59-56_pruned_taxonomy_topdown
45858,498f8d2f-abbb-4a08-ba43-4c51d576a32c,Constructed Wetlands Lessons from Three Middle East Countries : The Effect of Plants and Filter Media on CW Performance,11,Changes in precipitation,True,,,,,False,False,Changes in rainfall or snowfall are not discussed as causes of water scarcity or as study variables.,,0.00,0.00,2026-09-09_09-59-56_pruned_taxonomy_topdown
45858,498f8d2f-abbb-4a08-ba43-4c51d576a32c,Constructed Wetlands Lessons from Three Middle East Countries : The Effect of Plants and Filter Media on CW Performance,10,Changes in inland water bodies,True,,,,,False,False,"Although the study concerns water scarcity and water reuse, it does not examine climate-driven changes in freshwater systems or hydrological patterns.",,0.00,0.00,2026-09-09_09-59-56_pruned_taxonomy_topdown
45858,498f8d2f-abbb-4a08-ba43-4c51d576a32c,Constructed Wetlands Lessons from Three Middle East Countries : The Effect of Plants and Filter Media on CW Performance,14,Changes in temperature,True,,,,,False,False,Temperature trends or temperature extremes are not addressed.,,0.00,0.00,2026-09-09_09-59-56_pruned_taxonomy_topdown
45858,498f8d2f-abbb-4a08-ba43-4c51d576a32c,Constructed Wetlands Lessons from Three Middle East Countries : The Effect of Plants and Filter Media on CW Performance,8,Changes in glacier / snow melt,True,,,,,False,False,Glacier or snowpack melting is not discussed.,,0.00,0.00,2026-09-09_09-59-56_pruned_taxonomy_topdown
45858,498f8d2f-abbb-4a08-ba43-4c51d576a32c,Constructed Wetlands Lessons from Three Middle East Countries : The Effect of Plants and Filter Media on CW Performance,476,Education (Sector),True,,,,,False,False,The study does not concern formal or informal education systems.,,0.00,0.00,2026-09-09_09-59-56_pruned_taxonomy_topdown
45858,498f8d2f-abbb-4a08-ba43-4c51d576a32c,Constructed Wetlands Lessons from Three Middle East Countries : The Effect of Plants and Filter Media on CW Performance,485,Transportation (Sector),True,,,,,False,False,"Transport systems, infrastructure, and logistics are not subjects of the study.",,0.00,0.00,2026-09-09_09-59-56_pruned_taxonomy_topdown
45858,498f8d2f-abbb-4a08-ba43-4c51d576a32c,Constructed Wetlands Lessons from Three Middle East Countries : The Effect of Plants and Filter Media on CW Performance,483,Public administration (Sector),True,,,,,False,False,"Although the study involves Israel, Jordan, and Palestine, public administration operations or services are not examined.",,0.00,0.00,2026-09-09_09-59-56_pruned_taxonomy_topdown
45858,498f8d2f-abbb-4a08-ba43-4c51d576a32c,Constructed Wetlands Lessons from Three Middle East Countries : The Effect of Plants and Filter Media on CW Performance,479,Healthcare (Sector),True,,,,,False,False,"The study addresses water scarcity and wastewater treatment, not medical care or public health services.",,0.00,0.00,2026-09-09_09-59-56_pruned_taxonomy_topdown
45858,498f8d2f-abbb-4a08-ba43-4c51d576a32c,Constructed Wetlands Lessons from Three Middle East Countries : The Effect of Plants and Filter Media on CW Performance,486,"Water, sanitation, and waste management (Sector)",True,,,,,True,True,"Wastewater treatment and reuse are central topics, directly fitting the water, sewage treatment, and waste-management sector.",wastewater treatment and reuse could relieve much of this water scarcity,0.00,100.00,2026-09-09_09-59-56_pruned_taxonomy_topdown
45858,498f8d2f-abbb-4a08-ba43-4c51d576a32c,Constructed Wetlands Lessons from Three Middle East Countries : The Effect of Plants and Filter Media on CW Performance,475,Buildings / housing (Sector),True,,,,,False,False,"Constructed wetlands are discussed as water-treatment systems, but residential or commercial buildings, housing, and construction are not the study's sectoral focus.",,0.00,0.00,2026-09-09_09-59-56_pruned_taxonomy_topdown
45858,498f8d2f-abbb-4a08-ba43-4c51d576a32c,Constructed Wetlands Lessons from Three Middle East Countries : The Effect of Plants and Filter Media on CW Performance,478,Finance (Sector),True,,,,,False,False,"Banking, insurance, investment, and financial services are not addressed.",,0.00,0.00,2026-09-09_09-59-56_pruned_taxonomy_topdown
45858,498f8d2f-abbb-4a08-ba43-4c51d576a32c,Constructed Wetlands Lessons from Three Middle East Countries : The Effect of Plants and Filter Media on CW Performance,484,Social protection (Sector),True,,,,,False,False,"The study does not examine social safety nets, welfare services, or support systems for vulnerable populations.",,0.00,0.00,2026-09-09_09-59-56_pruned_taxonomy_topdown
45858,498f8d2f-abbb-4a08-ba43-4c51d576a32c,Constructed Wetlands Lessons from Three Middle East Countries : The Effect of Plants and Filter Media on CW Performance,481,Information and communications technologies (Sector),True,,,,,False,False,"Telecommunications, digital infrastructure, and information technology are not involved.",,0.00,0.00,2026-09-09_09-59-56_pruned_taxonomy_topdown
45858,498f8d2f-abbb-4a08-ba43-4c51d576a32c,Constructed Wetlands Lessons from Three Middle East Countries : The Effect of Plants and Filter Media on CW Performance,480,"Industry, trade, and services (Sector)",True,,,,,False,False,"Manufacturing, retail, wholesale trade, and commercial services are not the subject of the study.",,0.00,0.00,2026-09-09_09-59-56_pruned_taxonomy_topdown
45858,498f8d2f-abbb-4a08-ba43-4c51d576a32c,Constructed Wetlands Lessons from Three Middle East Countries : The Effect of Plants and Filter Media on CW Performance,477,Energy and extractives (Sector),True,,,,,False,False,"Electricity generation, fuel production, and resource extraction are not addressed.",,0.00,0.00,2026-09-09_09-59-56_pruned_taxonomy_topdown
45858,498f8d2f-abbb-4a08-ba43-4c51d576a32c,Constructed Wetlands Lessons from Three Middle East Countries : The Effect of Plants and Filter Media on CW Performance,482,Military (Sector),True,,,,,False,False,Military and defense activities are not part of the study.,,0.00,0.00,2026-09-09_09-59-56_pruned_taxonomy_topdown
45858,498f8d2f-abbb-4a08-ba43-4c51d576a32c,Constructed Wetlands Lessons from Three Middle East Countries : The Effect of Plants and Filter Media on CW Performance,474,"Agriculture, fishing, and forestry (Sector)",True,,,,,True,True,"Improving agricultural production is an explicit intended outcome of the wastewater-reuse and constructed-wetland systems, bringing the agriculture sector within the study's scope.",improve agriculture production in the rural areas in the Middle East,0.00,100.00,2026-09-09_09-59-56_pruned_taxonomy_topdown
45858,498f8d2f-abbb-4a08-ba43-4c51d576a32c,Constructed Wetlands Lessons from Three Middle East Countries : The Effect of Plants and Filter Media on CW Performance,431,Z_Other evidence synthesis type,True,,,,,False,False,No annotation with this attribute found: reverting to default,,0.00,0.00,2026-09-09_09-59-56_pruned_taxonomy_topdown
45858,498f8d2f-abbb-4a08-ba43-4c51d576a32c,Constructed Wetlands Lessons from Three Middle East Countries : The Effect of Plants and Filter Media on CW Performance,427,Health technology assessment (HTA),True,,,,,False,False,No annotation with this attribute found: reverting to default,,0.00,0.00,2026-09-09_09-59-56_pruned_taxonomy_topdown
45858,498f8d2f-abbb-4a08-ba43-4c51d576a32c,Constructed Wetlands Lessons from Three Middle East Countries : The Effect of Plants and Filter Media on CW Performance,428,Meta-analysis (unsystematic),True,,,,,False,False,No annotation with this attribute found: reverting to default,,0.00,0.00,2026-09-09_09-59-56_pruned_taxonomy_topdown
45858,498f8d2f-abbb-4a08-ba43-4c51d576a32c,Constructed Wetlands Lessons from Three Middle East Countries : The Effect of Plants and Filter Media on CW Performance,390,(Quasi-)Experimental / single-group designs,True,,,,,False,True,"The study involves implementing and testing a constructed-wetland intervention, with no concurrent control or comparison group described, fitting a single-group experimental design.","This chapter describes the building, testing and adaptation of constructed wetlands in Israel, Jordan and Palestine.",0.00,100.00,2026-09-09_09-59-56_pruned_taxonomy_topdown
45858,498f8d2f-abbb-4a08-ba43-4c51d576a32c,Constructed Wetlands Lessons from Three Middle East Countries : The Effect of Plants and Filter Media on CW Performance,397,Z_Other study design,True,,,,,False,False,The study is best classified as a single-group experimental evaluation rather than an uncategorized primary research design.,,0.00,0.00,2026-09-09_09-59-56_pruned_taxonomy_topdown
45858,498f8d2f-abbb-4a08-ba43-4c51d576a32c,Constructed Wetlands Lessons from Three Middle East Countries : The Effect of Plants and Filter Media on CW Performance,394,Observational / group comparison designs,True,,,,,False,False,No observational comparison of groups defined by exposure status is described.,,0.00,0.00,2026-09-09_09-59-56_pruned_taxonomy_topdown
45858,498f8d2f-abbb-4a08-ba43-4c51d576a32c,Constructed Wetlands Lessons from Three Middle East Countries : The Effect of Plants and Filter Media on CW Performance,393,Modelling / simulation,True,,,,,False,False,"The study does not use mathematical, statistical, or computational modelling; it tests constructed wetlands in practice.",,0.00,0.00,2026-09-09_09-59-56_pruned_taxonomy_topdown
45858,498f8d2f-abbb-4a08-ba43-4c51d576a32c,Constructed Wetlands Lessons from Three Middle East Countries : The Effect of Plants and Filter Media on CW Performance,387,1. Primary research,True,,,,,True,True,"The study reports the building, testing, adaptation, and results of constructed wetlands, indicating collection and analysis of original research data rather than synthesis of prior studies.","This chapter describes the building, testing and adaptation of constructed wetlands in Israel, Jordan and Palestine.",0.00,100.00,2026-09-09_09-59-56_pruned_taxonomy_topdown
45858,498f8d2f-abbb-4a08-ba43-4c51d576a32c,Constructed Wetlands Lessons from Three Middle East Countries : The Effect of Plants and Filter Media on CW Performance,395,Observational / single-group designs,True,,,,,False,False,"Although maturation over time is discussed, the study is not described as tracking outcomes in a single group through a temporal observational design.",,0.00,0.00,2026-09-09_09-59-56_pruned_taxonomy_topdown
45858,498f8d2f-abbb-4a08-ba43-4c51d576a32c,Constructed Wetlands Lessons from Three Middle East Countries : The Effect of Plants and Filter Media on CW Performance,430,Systematic reviews,True,,,,,False,False,No annotation with this attribute found: reverting to default,,0.00,0.00,2026-09-09_09-59-56_pruned_taxonomy_topdown
45858,498f8d2f-abbb-4a08-ba43-4c51d576a32c,Constructed Wetlands Lessons from Three Middle East Countries : The Effect of Plants and Filter Media on CW Performance,392,Mixed-methods,True,,,,,False,False,There is no indication that quantitative and qualitative data collection and analysis were integrated.,,0.00,0.00,2026-09-09_09-59-56_pruned_taxonomy_topdown
45858,498f8d2f-abbb-4a08-ba43-4c51d576a32c,Constructed Wetlands Lessons from Three Middle East Countries : The Effect of Plants and Filter Media on CW Performance,396,Qualitative designs,True,,,,,False,False,"The chapter does not primarily use qualitative methods to study meanings, experiences, or contextual factors.",,0.00,0.00,2026-09-09_09-59-56_pruned_taxonomy_topdown
45858,498f8d2f-abbb-4a08-ba43-4c51d576a32c,Constructed Wetlands Lessons from Three Middle East Countries : The Effect of Plants and Filter Media on CW Performance,426,Guideline (clinical or public health),True,,,,,False,False,No annotation with this attribute found: reverting to default,,0.00,0.00,2026-09-09_09-59-56_pruned_taxonomy_topdown
45858,498f8d2f-abbb-4a08-ba43-4c51d576a32c,Constructed Wetlands Lessons from Three Middle East Countries : The Effect of Plants and Filter Media on CW Performance,389,(Quasi-)Experimental / group comparison designs,True,,,,,False,False,No intervention and concurrent control or comparison groups are reported.,,0.00,0.00,2026-09-09_09-59-56_pruned_taxonomy_topdown
45858,498f8d2f-abbb-4a08-ba43-4c51d576a32c,Constructed Wetlands Lessons from Three Middle East Countries : The Effect of Plants and Filter Media on CW Performance,391,Descriptive / single-group designs,True,,,,,True,False,The chapter reports testing and adaptation of an intervention rather than merely describing outcome characteristics or distributions in a single group.,,0.00,0.00,2026-09-09_09-59-56_pruned_taxonomy_topdown
45858,498f8d2f-abbb-4a08-ba43-4c51d576a32c,Constructed Wetlands Lessons from Three Middle East Countries : The Effect of Plants and Filter Media on CW Performance,388,2. Evidence synthesis,True,,,,,False,False,The chapter is not presented as a review or synthesis of existing literature; it describes direct testing and results from constructed wetlands in several countries.,,0.00,0.00,2026-09-09_09-59-56_pruned_taxonomy_topdown
45858,498f8d2f-abbb-4a08-ba43-4c51d576a32c,Constructed Wetlands Lessons from Three Middle East Countries : The Effect of Plants and Filter Media on CW Performance,429,Narrative review,True,,,,,False,False,No annotation with this attribute found: reverting to default,,0.00,0.00,2026-09-09_09-59-56_pruned_taxonomy_topdown
45858,498f8d2f-abbb-4a08-ba43-4c51d576a32c,Constructed Wetlands Lessons from Three Middle East Countries : The Effect of Plants and Filter Media on CW Performance,202,Neurological disorders,True,,,,,False,False,No annotation with this attribute found: reverting to default,,0.00,0.00,2026-09-09_09-59-56_pruned_taxonomy_topdown
45858,498f8d2f-abbb-4a08-ba43-4c51d576a32c,Constructed Wetlands Lessons from Three Middle East Countries : The Effect of Plants and Filter Media on CW Performance,116,1.1. Total / all-cause mortality (Outcome),True,,,,,False,False,No annotation with this attribute found: reverting to default,,0.00,0.00,2026-09-09_09-59-56_pruned_taxonomy_topdown
45858,498f8d2f-abbb-4a08-ba43-4c51d576a32c,Constructed Wetlands Lessons from Three Middle East Countries : The Effect of Plants and Filter Media on CW Performance,196,Chronic respiratory diseases,True,,,,,False,False,No annotation with this attribute found: reverting to default,,0.00,0.00,2026-09-09_09-59-56_pruned_taxonomy_topdown
45858,498f8d2f-abbb-4a08-ba43-4c51d576a32c,Constructed Wetlands Lessons from Three Middle East Countries : The Effect of Plants and Filter Media on CW Performance,206,Z_Other non-communicable diseases,True,,,,,False,False,No annotation with this attribute found: reverting to default,,0.00,0.00,2026-09-09_09-59-56_pruned_taxonomy_topdown
45858,498f8d2f-abbb-4a08-ba43-4c51d576a32c,Constructed Wetlands Lessons from Three Middle East Countries : The Effect of Plants and Filter Media on CW Performance,117,"1.2. Communicable, maternal, neonatal, and nutritional mortality",True,,,,,False,False,No annotation with this attribute found: reverting to default,,0.00,0.00,2026-09-09_09-59-56_pruned_taxonomy_topdown
45858,498f8d2f-abbb-4a08-ba43-4c51d576a32c,Constructed Wetlands Lessons from Three Middle East Countries : The Effect of Plants and Filter Media on CW Performance,199,Mental disorders,True,,,,,False,False,No annotation with this attribute found: reverting to default,,0.00,0.00,2026-09-09_09-59-56_pruned_taxonomy_topdown
45858,498f8d2f-abbb-4a08-ba43-4c51d576a32c,Constructed Wetlands Lessons from Three Middle East Countries : The Effect of Plants and Filter Media on CW Performance,204,Skin and subcutaneous diseases,True,,,,,False,False,No annotation with this attribute found: reverting to default,,0.00,0.00,2026-09-09_09-59-56_pruned_taxonomy_topdown
45858,498f8d2f-abbb-4a08-ba43-4c51d576a32c,Constructed Wetlands Lessons from Three Middle East Countries : The Effect of Plants and Filter Media on CW Performance,134,HIV/AIDS and sexually transmitted infections,True,,,,,False,False,No annotation with this attribute found: reverting to default,,0.00,0.00,2026-09-09_09-59-56_pruned_taxonomy_topdown
45858,498f8d2f-abbb-4a08-ba43-4c51d576a32c,Constructed Wetlands Lessons from Three Middle East Countries : The Effect of Plants and Filter Media on CW Performance,137,Nutritional deficiencies,True,,,,,False,False,No annotation with this attribute found: reverting to default,,0.00,0.00,2026-09-09_09-59-56_pruned_taxonomy_topdown
45858,498f8d2f-abbb-4a08-ba43-4c51d576a32c,Constructed Wetlands Lessons from Three Middle East Countries : The Effect of Plants and Filter Media on CW Performance,200,Musculoskeletal disorders,True,,,,,False,False,No annotation with this attribute found: reverting to default,,0.00,0.00,2026-09-09_09-59-56_pruned_taxonomy_topdown
45858,498f8d2f-abbb-4a08-ba43-4c51d576a32c,Constructed Wetlands Lessons from Three Middle East Countries : The Effect of Plants and Filter Media on CW Performance,139,Z_Other infectious diseases,True,,,,,False,False,No annotation with this attribute found: reverting to default,,0.00,0.00,2026-09-09_09-59-56_pruned_taxonomy_topdown
45858,498f8d2f-abbb-4a08-ba43-4c51d576a32c,Constructed Wetlands Lessons from Three Middle East Countries : The Effect of Plants and Filter Media on CW Performance,289,Transport injuries,True,,,,,False,False,No annotation with this attribute found: reverting to default,,0.00,0.00,2026-09-09_09-59-56_pruned_taxonomy_topdown
45858,498f8d2f-abbb-4a08-ba43-4c51d576a32c,Constructed Wetlands Lessons from Three Middle East Countries : The Effect of Plants and Filter Media on CW Performance,135,Maternal and neonatal disorders,True,,,,,False,False,No annotation with this attribute found: reverting to default,,0.00,0.00,2026-09-09_09-59-56_pruned_taxonomy_topdown
45858,498f8d2f-abbb-4a08-ba43-4c51d576a32c,Constructed Wetlands Lessons from Three Middle East Countries : The Effect of Plants and Filter Media on CW Performance,136,Neglected tropical diseases and malaria,True,,,,,False,False,No annotation with this attribute found: reverting to default,,0.00,0.00,2026-09-09_09-59-56_pruned_taxonomy_topdown
45858,498f8d2f-abbb-4a08-ba43-4c51d576a32c,Constructed Wetlands Lessons from Three Middle East Countries : The Effect of Plants and Filter Media on CW Performance,195,Cardiovascular diseases,True,,,,,False,False,No annotation with this attribute found: reverting to default,,0.00,0.00,2026-09-09_09-59-56_pruned_taxonomy_topdown
45858,498f8d2f-abbb-4a08-ba43-4c51d576a32c,Constructed Wetlands Lessons from Three Middle East Countries : The Effect of Plants and Filter Media on CW Performance,288,Self-harm and interpersonal violence,True,,,,,False,False,No annotation with this attribute found: reverting to default,,0.00,0.00,2026-09-09_09-59-56_pruned_taxonomy_topdown
45858,498f8d2f-abbb-4a08-ba43-4c51d576a32c,Constructed Wetlands Lessons from Three Middle East Countries : The Effect of Plants and Filter Media on CW Performance,114,3. Non-communicable diseases,True,,,,,False,False,"The study focuses on constructed wetlands, wastewater reuse, water scarcity, and agricultural production; it does not examine chronic non-infectious diseases.",,0.00,0.00,2026-09-09_09-59-56_pruned_taxonomy_topdown
45858,498f8d2f-abbb-4a08-ba43-4c51d576a32c,Constructed Wetlands Lessons from Three Middle East Countries : The Effect of Plants and Filter Media on CW Performance,112,1. Mortality (Outcome),True,,,,,False,False,"The study does not assess deaths, mortality rates, causes of death, or fatal disease burden.",,0.00,0.00,2026-09-09_09-59-56_pruned_taxonomy_topdown
45858,498f8d2f-abbb-4a08-ba43-4c51d576a32c,Constructed Wetlands Lessons from Three Middle East Countries : The Effect of Plants and Filter Media on CW Performance,138,Respiratory infections and tuberculosis,True,,,,,False,False,No annotation with this attribute found: reverting to default,,0.00,0.00,2026-09-09_09-59-56_pruned_taxonomy_topdown
45858,498f8d2f-abbb-4a08-ba43-4c51d576a32c,Constructed Wetlands Lessons from Three Middle East Countries : The Effect of Plants and Filter Media on CW Performance,290,Unintentional injuries,True,,,,,False,False,No annotation with this attribute found: reverting to default,,0.00,0.00,2026-09-09_09-59-56_pruned_taxonomy_topdown
45858,498f8d2f-abbb-4a08-ba43-4c51d576a32c,Constructed Wetlands Lessons from Three Middle East Countries : The Effect of Plants and Filter Media on CW Performance,113,"2. Communicable, maternal, neonatal, and nutritional diseases",True,,,,,False,False,"Although wastewater treatment is discussed, the study does not investigate infectious, maternal, neonatal, or nutritional diseases as health outcomes.",,0.00,0.00,2026-09-09_09-59-56_pruned_taxonomy_topdown
45858,498f8d2f-abbb-4a08-ba43-4c51d576a32c,Constructed Wetlands Lessons from Three Middle East Countries : The Effect of Plants and Filter Media on CW Performance,133,Enteric infections,True,,,,,False,False,No annotation with this attribute found: reverting to default,,0.00,0.00,2026-09-09_09-59-56_pruned_taxonomy_topdown
45858,498f8d2f-abbb-4a08-ba43-4c51d576a32c,Constructed Wetlands Lessons from Three Middle East Countries : The Effect of Plants and Filter Media on CW Performance,201,Neoplasms,True,,,,,False,False,No annotation with this attribute found: reverting to default,,0.00,0.00,2026-09-09_09-59-56_pruned_taxonomy_topdown
45858,498f8d2f-abbb-4a08-ba43-4c51d576a32c,Constructed Wetlands Lessons from Three Middle East Countries : The Effect of Plants and Filter Media on CW Performance,118,1.3. Non-communicable mortality,True,,,,,False,False,No annotation with this attribute found: reverting to default,,0.00,0.00,2026-09-09_09-59-56_pruned_taxonomy_topdown
45858,498f8d2f-abbb-4a08-ba43-4c51d576a32c,Constructed Wetlands Lessons from Three Middle East Countries : The Effect of Plants and Filter Media on CW Performance,205,Substance use disorders,True,,,,,False,False,No annotation with this attribute found: reverting to default,,0.00,0.00,2026-09-09_09-59-56_pruned_taxonomy_topdown
45858,498f8d2f-abbb-4a08-ba43-4c51d576a32c,Constructed Wetlands Lessons from Three Middle East Countries : The Effect of Plants and Filter Media on CW Performance,197,Diabetes and kidney diseases,True,,,,,False,False,No annotation with this attribute found: reverting to default,,0.00,0.00,2026-09-09_09-59-56_pruned_taxonomy_topdown
45858,498f8d2f-abbb-4a08-ba43-4c51d576a32c,Constructed Wetlands Lessons from Three Middle East Countries : The Effect of Plants and Filter Media on CW Performance,203,Sense organ diseases,True,,,,,False,False,No annotation with this attribute found: reverting to default,,0.00,0.00,2026-09-09_09-59-56_pruned_taxonomy_topdown
45858,498f8d2f-abbb-4a08-ba43-4c51d576a32c,Constructed Wetlands Lessons from Three Middle East Countries : The Effect of Plants and Filter Media on CW Performance,115,4. Injuries,True,,,,,False,False,"The study does not examine physical injuries, violence, self-harm, conflict, or other external causes of bodily harm.",,0.00,0.00,2026-09-09_09-59-56_pruned_taxonomy_topdown
45858,498f8d2f-abbb-4a08-ba43-4c51d576a32c,Constructed Wetlands Lessons from Three Middle East Countries : The Effect of Plants and Filter Media on CW Performance,198,Digestive diseases,True,,,,,False,False,No annotation with this attribute found: reverting to default,,0.00,0.00,2026-09-09_09-59-56_pruned_taxonomy_topdown
1743198,4df7c95b-fafb-48bc-9a49-02c8a0a567cd,塑化建材、2-乙基己醇及微生物共存環境與病態大樓症候群的關係,36,Coal,True,,,,,False,False,"The study concerns plastic building materials, indoor air quality, volatile organic compounds, microorganisms, and sick building syndrome; it does not address coal.",,0.00,0.00,2026-09-09_09-59-56_pruned_taxonomy_topdown
1743198,4df7c95b-fafb-48bc-9a49-02c8a0a567cd,塑化建材、2-乙基己醇及微生物共存環境與病態大樓症候群的關係,35,(Unspecified) fossil fuels,True,,,,,False,False,The study does not examine fossil fuel use or combustion in general. Its environmental exposures are indoor pollutants and conditions associated with plastic carpeting.,,0.00,0.00,2026-09-09_09-59-56_pruned_taxonomy_topdown
1743198,4df7c95b-fafb-48bc-9a49-02c8a0a567cd,塑化建材、2-乙基己醇及微生物共存環境與病態大樓症候群的關係,38,Oil,True,,,,,False,False,"The study does not address petroleum, petroleum products, or their use in transport or industry.",,0.00,0.00,2026-09-09_09-59-56_pruned_taxonomy_topdown
1743198,4df7c95b-fafb-48bc-9a49-02c8a0a567cd,塑化建材、2-乙基己醇及微生物共存環境與病態大樓症候群的關係,37,Natural gas,True,,,,,False,False,"The study does not address natural gas, methane, or related combustion or leakage risks.",,0.00,0.00,2026-09-09_09-59-56_pruned_taxonomy_topdown
1743198,4df7c95b-fafb-48bc-9a49-02c8a0a567cd,塑化建材、2-乙基己醇及微生物共存環境與病態大樓症候群的關係,17,(Unspecified) greenhouse gases,True,,,,,False,False,The study concerns indoor air contaminants and sick building syndrome but does not address greenhouse gases collectively.,,0.00,0.00,2026-09-09_09-59-56_pruned_taxonomy_topdown
1743198,4df7c95b-fafb-48bc-9a49-02c8a0a567cd,塑化建材、2-乙基己醇及微生物共存環境與病態大樓症候群的關係,18,Carbon dioxide (CO₂),True,,,,,False,False,"Carbon dioxide is not identified as an exposure, outcome, or focus of the study.",,0.00,0.00,2026-09-09_09-59-56_pruned_taxonomy_topdown
1743198,4df7c95b-fafb-48bc-9a49-02c8a0a567cd,塑化建材、2-乙基己醇及微生物共存環境與病態大樓症候群的關係,22,Ozone-depleting substances / chlorofluorocarbons / hydrochlorofluorocarbons / halons / carbon tetrachloride / methyl chloroform,True,,,,,False,False,The study does not examine ozone-depleting compounds regulated under the Montreal Protocol.,,0.00,0.00,2026-09-09_09-59-56_pruned_taxonomy_topdown
1743198,4df7c95b-fafb-48bc-9a49-02c8a0a567cd,塑化建材、2-乙基己醇及微生物共存環境與病態大樓症候群的關係,19,Fluorinated gases / hydrofluorocarbons / perfluorocarbons / sulfur hexafluoride / nitrogen trifluoride,True,,,,,False,False,Industrial synthetic greenhouse gases such as hydrofluorocarbons or related compounds are not studied.,,0.00,0.00,2026-09-09_09-59-56_pruned_taxonomy_topdown
1743198,4df7c95b-fafb-48bc-9a49-02c8a0a567cd,塑化建材、2-乙基己醇及微生物共存環境與病態大樓症候群的關係,20,Methane (CH₄),True,,,,,False,False,"Methane is not discussed as an exposure, emission, or study focus.",,0.00,0.00,2026-09-09_09-59-56_pruned_taxonomy_topdown
1743198,4df7c95b-fafb-48bc-9a49-02c8a0a567cd,塑化建材、2-乙基己醇及微生物共存環境與病態大樓症候群的關係,21,Nitrous oxide (N₂O),True,,,,,False,False,"Nitrous oxide from agricultural soils, livestock, or fertilisers is not addressed.",,0.00,0.00,2026-09-09_09-59-56_pruned_taxonomy_topdown
1743198,4df7c95b-fafb-48bc-9a49-02c8a0a567cd,塑化建材、2-乙基己醇及微生物共存環境與病態大樓症候群的關係,23,Particulate matter (PM10) / fine particulate matter (PM2.5) / black/organic carbon / sulfate/nitrate aerosols,True,,,,,False,False,"The study measures total suspended particulates, but does not specifically address PM10 or PM2.5/fine particulate matter.",,0.00,0.00,2026-09-09_09-59-56_pruned_taxonomy_topdown
1743198,4df7c95b-fafb-48bc-9a49-02c8a0a567cd,塑化建材、2-乙基己醇及微生物共存環境與病態大樓症候群的關係,24,Tropospheric ozone (O₃),True,,,,,False,False,"Photochemical ozone is not studied; the relevant indoor contaminants are 2-ethyl-1-hexanol, microorganisms, volatile organic compounds, and total suspended particulates.",,0.00,0.00,2026-09-09_09-59-56_pruned_taxonomy_topdown
1743198,4df7c95b-fafb-48bc-9a49-02c8a0a567cd,塑化建材、2-乙基己醇及微生物共存環境與病態大樓症候群的關係,26,Extreme cold,True,,,,,False,False,"The study examines indoor environmental exposures and sick building syndrome, not abnormally low temperatures, cold snaps, blizzards, or cold-related health effects.",,0.00,0.00,2026-09-09_09-59-56_pruned_taxonomy_topdown
1743198,4df7c95b-fafb-48bc-9a49-02c8a0a567cd,塑化建材、2-乙基己醇及微生物共存環境與病態大樓症候群的關係,27,Extreme heat,True,,,,,False,False,"Temperature is measured as an indoor environmental factor, but the study does not concern periods of abnormally high temperature or heatwaves.",,0.00,0.00,2026-09-09_09-59-56_pruned_taxonomy_topdown
1743198,4df7c95b-fafb-48bc-9a49-02c8a0a567cd,塑化建材、2-乙基己醇及微生物共存環境與病態大樓症候群的關係,28,Extreme precipitation,True,,,,,False,False,"The study does not investigate unusually intense or prolonged rainfall, snowfall, or other precipitation.",,0.00,0.00,2026-09-09_09-59-56_pruned_taxonomy_topdown
1743198,4df7c95b-fafb-48bc-9a49-02c8a0a567cd,塑化建材、2-乙基己醇及微生物共存環境與病態大樓症候群的關係,30,Floods,True,,,,,False,False,Flooding or temporary inundation is not a subject of the study.,,0.00,0.00,2026-09-09_09-59-56_pruned_taxonomy_topdown
1743198,4df7c95b-fafb-48bc-9a49-02c8a0a567cd,塑化建材、2-乙基己醇及微生物共存環境與病態大樓症候群的關係,33,Wildfires,True,,,,,False,False,"The study does not concern uncontrolled vegetation fires, wildfire smoke, or fire-related air pollution.",,0.00,0.00,2026-09-09_09-59-56_pruned_taxonomy_topdown
1743198,4df7c95b-fafb-48bc-9a49-02c8a0a567cd,塑化建材、2-乙基己醇及微生物共存環境與病態大樓症候群的關係,25,Droughts,True,,,,,False,False,"Although indoor humidity is measured, the study does not examine prolonged water deficit, drought, or its health and livelihood consequences.",,0.00,0.00,2026-09-09_09-59-56_pruned_taxonomy_topdown
1743198,4df7c95b-fafb-48bc-9a49-02c8a0a567cd,塑化建材、2-乙基己醇及微生物共存環境與病態大樓症候群的關係,29,Extreme snow/ice events,True,,,,,False,False,The mention of winter vacation is incidental; the study does not investigate severe snow or ice conditions such as blizzards or ice storms.,,0.00,0.00,2026-09-09_09-59-56_pruned_taxonomy_topdown
1743198,4df7c95b-fafb-48bc-9a49-02c8a0a567cd,塑化建材、2-乙基己醇及微生物共存環境與病態大樓症候群的關係,31,Sand and dust storms,True,,,,,False,False,The study does not examine wind-driven sand or dust events.,,0.00,0.00,2026-09-09_09-59-56_pruned_taxonomy_topdown
1743198,4df7c95b-fafb-48bc-9a49-02c8a0a567cd,塑化建材、2-乙基己醇及微生物共存環境與病態大樓症候群的關係,32,Storms and severe wind,True,,,,,False,False,"The study does not concern tropical cyclones, hurricanes, typhoons, severe thunderstorms, hailstorms, or other intense meteorological events.",,0.00,0.00,2026-09-09_09-59-56_pruned_taxonomy_topdown
1743198,4df7c95b-fafb-48bc-9a49-02c8a0a567cd,塑化建材、2-乙基己醇及微生物共存環境與病態大樓症候群的關係,34,Z_(Unspecified) extreme weather events,True,,,,,False,False,The study does not address extreme weather events generally or any unspecified climate extreme.,,0.00,0.00,2026-09-09_09-59-56_pruned_taxonomy_topdown
1743198,4df7c95b-fafb-48bc-9a49-02c8a0a567cd,塑化建材、2-乙基己醇及微生物共存環境與病態大樓症候群的關係,493,Attribution,True,,,,,False,False,No annotation with this attribute found: reverting to default,,0.00,0.00,2026-09-09_09-59-56_pruned_taxonomy_topdown
1743198,4df7c95b-fafb-48bc-9a49-02c8a0a567cd,塑化建材、2-乙基己醇及微生物共存環境與病態大樓症候群的關係,487,Adaptation,True,,,,,False,False,"The study investigates indoor sick building syndrome and associated factors such as plastic building materials, ventilation, temperature, humidity, volatile organic compounds, particulates, and microorganisms. It does not concern adaptation, resilience, climate-related risk management, or coping with climate change or extreme events.",,0.00,0.00,2026-09-09_09-59-56_pruned_taxonomy_topdown
1743198,4df7c95b-fafb-48bc-9a49-02c8a0a567cd,塑化建材、2-乙基己醇及微生物共存環境與病態大樓症候群的關係,490,Maladaptation,True,,,,,False,False,No annotation with this attribute found: reverting to default,,0.00,0.00,2026-09-09_09-59-56_pruned_taxonomy_topdown
1743198,4df7c95b-fafb-48bc-9a49-02c8a0a567cd,塑化建材、2-乙基己醇及微生物共存環境與病態大樓症候群的關係,495,Loss and damage,True,,,,,False,False,No annotation with this attribute found: reverting to default,,0.00,0.00,2026-09-09_09-59-56_pruned_taxonomy_topdown
1743198,4df7c95b-fafb-48bc-9a49-02c8a0a567cd,塑化建材、2-乙基己醇及微生物共存環境與病態大樓症候群的關係,492,Resilience,True,,,,,False,False,No annotation with this attribute found: reverting to default,,0.00,0.00,2026-09-09_09-59-56_pruned_taxonomy_topdown
1743198,4df7c95b-fafb-48bc-9a49-02c8a0a567cd,塑化建材、2-乙基己醇及微生物共存環境與病態大樓症候群的關係,489,Mitigation,True,,,,,False,False,"The study does not address greenhouse-gas emissions, fossil fuels, or actions to reduce emissions. Plastic building materials and indoor air pollutants are examined, but they are not studied as emissions-related mitigation issues.",,0.00,0.00,2026-09-09_09-59-56_pruned_taxonomy_topdown
1743198,4df7c95b-fafb-48bc-9a49-02c8a0a567cd,塑化建材、2-乙基己醇及微生物共存環境與病態大樓症候群的關係,491,Preparedness,True,,,,,False,False,No annotation with this attribute found: reverting to default,,0.00,0.00,2026-09-09_09-59-56_pruned_taxonomy_topdown
1743198,4df7c95b-fafb-48bc-9a49-02c8a0a567cd,塑化建材、2-乙基己醇及微生物共存環境與病態大樓症候群的關係,494,Future impact,True,,,,,False,False,No annotation with this attribute found: reverting to default,,0.00,0.00,2026-09-09_09-59-56_pruned_taxonomy_topdown
1743198,4df7c95b-fafb-48bc-9a49-02c8a0a567cd,塑化建材、2-乙基己醇及微生物共存環境與病態大樓症候群的關係,496,Co-Benefits,True,,,,,False,False,No annotation with this attribute found: reverting to default,,0.00,0.00,2026-09-09_09-59-56_pruned_taxonomy_topdown
1743198,4df7c95b-fafb-48bc-9a49-02c8a0a567cd,塑化建材、2-乙基己醇及微生物共存環境與病態大樓症候群的關係,488,Impact,True,,,,,False,False,"Although temperature and humidity are measured, they are treated as indoor environmental factors associated with 2-ethyl-1-hexanol and sick building syndrome, not as climate variables or climate-related events driving health effects. The study therefore concerns non-climate indoor exposures rather than impacts of climate change.",,0.00,0.00,2026-09-09_09-59-56_pruned_taxonomy_topdown
1743198,4df7c95b-fafb-48bc-9a49-02c8a0a567cd,塑化建材、2-乙基己醇及微生物共存環境與病態大樓症候群的關係,6,(Unspecified) changes in weather,True,,,,,False,False,"The study concerns indoor environmental conditions and sick building syndrome, not broad changes in weather patterns.",,0.00,0.00,2026-09-09_09-59-56_pruned_taxonomy_topdown
1743198,4df7c95b-fafb-48bc-9a49-02c8a0a567cd,塑化建材、2-乙基己醇及微生物共存環境與病態大樓症候群的關係,15,Changes in wind speed,True,,,,,False,False,Wind patterns or wind velocity are not studied; ventilation is assessed but is not a climate-related alteration in wind patterns.,,0.00,0.00,2026-09-09_09-59-56_pruned_taxonomy_topdown
1743198,4df7c95b-fafb-48bc-9a49-02c8a0a567cd,塑化建材、2-乙基己醇及微生物共存環境與病態大樓症候群的關係,13,Changes in season length,True,,,,,False,False,The study does not address changes in the duration or timing of seasons.,,0.00,0.00,2026-09-09_09-59-56_pruned_taxonomy_topdown
1743198,4df7c95b-fafb-48bc-9a49-02c8a0a567cd,塑化建材、2-乙基己醇及微生物共存環境與病態大樓症候群的關係,7,(Unspecified) climate change,True,,,,,False,False,"Although temperature and humidity are measured, the study does not examine climate change in general or as an exposure.",,0.00,0.00,2026-09-09_09-59-56_pruned_taxonomy_topdown
1743198,4df7c95b-fafb-48bc-9a49-02c8a0a567cd,塑化建材、2-乙基己醇及微生物共存環境與病態大樓症候群的關係,16,Climate variability,True,,,,,False,False,The study does not investigate fluctuations in climate conditions over time or climate variability.,,0.00,0.00,2026-09-09_09-59-56_pruned_taxonomy_topdown
1743198,4df7c95b-fafb-48bc-9a49-02c8a0a567cd,塑化建材、2-乙基己醇及微生物共存環境與病態大樓症候群的關係,9,Changes in humidity,True,,,,,False,False,"Humidity is measured as an indoor environmental factor, but the study does not examine climate-driven shifts in atmospheric moisture.",,0.00,0.00,2026-09-09_09-59-56_pruned_taxonomy_topdown
1743198,4df7c95b-fafb-48bc-9a49-02c8a0a567cd,塑化建材、2-乙基己醇及微生物共存環境與病態大樓症候群的關係,12,Changes in sea level,True,,,,,False,False,Sea-level rise is not relevant to the study's indoor air quality and sick building syndrome focus.,,0.00,0.00,2026-09-09_09-59-56_pruned_taxonomy_topdown
1743198,4df7c95b-fafb-48bc-9a49-02c8a0a567cd,塑化建材、2-乙基己醇及微生物共存環境與病態大樓症候群的關係,11,Changes in precipitation,True,,,,,False,False,Rainfall or snowfall changes are not examined.,,0.00,0.00,2026-09-09_09-59-56_pruned_taxonomy_topdown
1743198,4df7c95b-fafb-48bc-9a49-02c8a0a567cd,塑化建材、2-乙基己醇及微生物共存環境與病態大樓症候群的關係,10,Changes in inland water bodies,True,,,,,False,False,The study does not address climate-driven changes in freshwater systems or hydrological patterns.,,0.00,0.00,2026-09-09_09-59-56_pruned_taxonomy_topdown
1743198,4df7c95b-fafb-48bc-9a49-02c8a0a567cd,塑化建材、2-乙基己醇及微生物共存環境與病態大樓症候群的關係,14,Changes in temperature,True,,,,,False,False,"Temperature is measured indoors as an environmental covariate, but the study does not investigate long-term or extreme temperature changes.",,0.00,0.00,2026-09-09_09-59-56_pruned_taxonomy_topdown
1743198,4df7c95b-fafb-48bc-9a49-02c8a0a567cd,塑化建材、2-乙基己醇及微生物共存環境與病態大樓症候群的關係,8,Changes in glacier / snow melt,True,,,,,False,False,Glacier or snowpack melting is not addressed.,,0.00,0.00,2026-09-09_09-59-56_pruned_taxonomy_topdown
1743198,4df7c95b-fafb-48bc-9a49-02c8a0a567cd,塑化建材、2-乙基己醇及微生物共存環境與病態大樓症候群的關係,476,Education (Sector),True,,,,,False,True,"The study examines indoor environmental conditions and sick building syndrome in classrooms, making formal education settings a genuine study setting.","""schooling time and winter vacation""",0.00,94.44,2026-09-09_09-59-56_pruned_taxonomy_topdown
1743198,4df7c95b-fafb-48bc-9a49-02c8a0a567cd,塑化建材、2-乙基己醇及微生物共存環境與病態大樓症候群的關係,485,Transportation (Sector),True,,,,,False,False,"Transport systems, infrastructure, vehicles, or logistics are not studied.",,0.00,0.00,2026-09-09_09-59-56_pruned_taxonomy_topdown
1743198,4df7c95b-fafb-48bc-9a49-02c8a0a567cd,塑化建材、2-乙基己醇及微生物共存環境與病態大樓症候群的關係,483,Public administration (Sector),True,,,,,False,False,"Government agencies, public administration operations, or civil-service functions are not the subject of the study.",,0.00,0.00,2026-09-09_09-59-56_pruned_taxonomy_topdown
1743198,4df7c95b-fafb-48bc-9a49-02c8a0a567cd,塑化建材、2-乙基己醇及微生物共存環境與病態大樓症候群的關係,479,Healthcare (Sector),True,,,,,False,False,"Although the study measures health effects, it does not examine medical care, public health services, healthcare infrastructure, or healthcare workers.",,0.00,0.00,2026-09-09_09-59-56_pruned_taxonomy_topdown
1743198,4df7c95b-fafb-48bc-9a49-02c8a0a567cd,塑化建材、2-乙基己醇及微生物共存環境與病態大樓症候群的關係,486,"Water, sanitation, and waste management (Sector)",True,,,,,False,False,"Water supply, sewage treatment, and solid waste management are not addressed.",,0.00,0.00,2026-09-09_09-59-56_pruned_taxonomy_topdown
1743198,4df7c95b-fafb-48bc-9a49-02c8a0a567cd,塑化建材、2-乙基己醇及微生物共存環境與病態大樓症候群的關係,475,Buildings / housing (Sector),True,,,,,False,True,"The study focuses on indoor building environments, plastic building materials and carpeting, ventilation, and room characteristics, which fall within the buildings and construction sector.","""plastic building materials that are getting popular in indoor environment""",0.00,97.33,2026-09-09_09-59-56_pruned_taxonomy_topdown
1743198,4df7c95b-fafb-48bc-9a49-02c8a0a567cd,塑化建材、2-乙基己醇及微生物共存環境與病態大樓症候群的關係,478,Finance (Sector),True,,,,,False,False,"Banking, insurance, investment, and financial services are not addressed.",,0.00,0.00,2026-09-09_09-59-56_pruned_taxonomy_topdown
1743198,4df7c95b-fafb-48bc-9a49-02c8a0a567cd,塑化建材、2-乙基己醇及微生物共存環境與病態大樓症候群的關係,484,Social protection (Sector),True,,,,,False,False,"Social safety nets, welfare services, and support systems are not studied.",,0.00,0.00,2026-09-09_09-59-56_pruned_taxonomy_topdown
1743198,4df7c95b-fafb-48bc-9a49-02c8a0a567cd,塑化建材、2-乙基己醇及微生物共存環境與病態大樓症候群的關係,481,Information and communications technologies (Sector),True,,,,,False,False,"Telecommunications, digital infrastructure, information technology, and connectivity systems are not addressed.",,0.00,0.00,2026-09-09_09-59-56_pruned_taxonomy_topdown
1743198,4df7c95b-fafb-48bc-9a49-02c8a0a567cd,塑化建材、2-乙基己醇及微生物共存環境與病態大樓症候群的關係,480,"Industry, trade, and services (Sector)",True,,,,,False,False,"Manufacturing, retail, wholesale trade, and commercial services are not the focus; plastic carpeting is examined as an indoor exposure rather than as an industry or commercial activity.",,0.00,0.00,2026-09-09_09-59-56_pruned_taxonomy_topdown
1743198,4df7c95b-fafb-48bc-9a49-02c8a0a567cd,塑化建材、2-乙基己醇及微生物共存環境與病態大樓症候群的關係,477,Energy and extractives (Sector),True,,,,,False,False,"Electricity generation, fuel production, resource extraction, and energy systems are not addressed.",,0.00,0.00,2026-09-09_09-59-56_pruned_taxonomy_topdown
1743198,4df7c95b-fafb-48bc-9a49-02c8a0a567cd,塑化建材、2-乙基己醇及微生物共存環境與病態大樓症候群的關係,482,Military (Sector),True,,,,,False,False,"Military personnel, operations, infrastructure, and defense capabilities are not studied.",,0.00,0.00,2026-09-09_09-59-56_pruned_taxonomy_topdown
1743198,4df7c95b-fafb-48bc-9a49-02c8a0a567cd,塑化建材、2-乙基己醇及微生物共存環境與病態大樓症候群的關係,474,"Agriculture, fishing, and forestry (Sector)",True,,,,,False,False,"Crop cultivation, livestock, aquaculture, fishing, and forest management are not addressed.",,0.00,0.00,2026-09-09_09-59-56_pruned_taxonomy_topdown
1743198,4df7c95b-fafb-48bc-9a49-02c8a0a567cd,塑化建材、2-乙基己醇及微生物共存環境與病態大樓症候群的關係,431,Z_Other evidence synthesis type,True,,,,,False,False,No annotation with this attribute found: reverting to default,,0.00,0.00,2026-09-09_09-59-56_pruned_taxonomy_topdown
1743198,4df7c95b-fafb-48bc-9a49-02c8a0a567cd,塑化建材、2-乙基己醇及微生物共存環境與病態大樓症候群的關係,427,Health technology assessment (HTA),True,,,,,False,False,No annotation with this attribute found: reverting to default,,0.00,0.00,2026-09-09_09-59-56_pruned_taxonomy_topdown
1743198,4df7c95b-fafb-48bc-9a49-02c8a0a567cd,塑化建材、2-乙基己醇及微生物共存環境與病態大樓症候群的關係,428,Meta-analysis (unsystematic),True,,,,,False,False,No annotation with this attribute found: reverting to default,,0.00,0.00,2026-09-09_09-59-56_pruned_taxonomy_topdown
1743198,4df7c95b-fafb-48bc-9a49-02c8a0a567cd,塑化建材、2-乙基己醇及微生物共存環境與病態大樓症候群的關係,390,(Quasi-)Experimental / single-group designs,True,,,,,False,False,The study does not apply an intervention to a single group; it measures environmental exposures and health symptoms observationally.,,0.00,0.00,2026-09-09_09-59-56_pruned_taxonomy_topdown
1743198,4df7c95b-fafb-48bc-9a49-02c8a0a567cd,塑化建材、2-乙基己醇及微生物共存環境與病態大樓症候群的關係,397,Z_Other study design,True,,,,,False,False,The study fits a specific observational design category rather than an uncategorized primary research design.,,0.00,0.00,2026-09-09_09-59-56_pruned_taxonomy_topdown
1743198,4df7c95b-fafb-48bc-9a49-02c8a0a567cd,塑化建材、2-乙基己醇及微生物共存環境與病態大樓症候群的關係,394,Observational / group comparison designs,True,,,,,False,True,"The study compares health outcomes and environmental measurements between settings defined by exposure status, particularly rooms with versus without plastic carpet, without random allocation.",People felt uncomfortable in   installed with plastic carpet that was a significantly risk factor after adjusted for sick building syndrome.,0.00,100.00,2026-09-09_09-59-56_pruned_taxonomy_topdown
1743198,4df7c95b-fafb-48bc-9a49-02c8a0a567cd,塑化建材、2-乙基己醇及微生物共存環境與病態大樓症候群的關係,393,Modelling / simulation,True,,,,,False,False,"No mathematical, statistical, or computational model is used to simulate systems or project outcomes; statistical analyses are observational associations.",,0.00,0.00,2026-09-09_09-59-56_pruned_taxonomy_topdown
1743198,4df7c95b-fafb-48bc-9a49-02c8a0a567cd,塑化建材、2-乙基己醇及微生物共存環境與病態大樓症候群的關係,387,1. Primary research,True,,,,,False,True,"This is an original primary research study that collected new questionnaire, environmental sampling, and measurement data and analyzed their associations with sick building syndrome.",A questionnaire survey was administrated for investigating prevalence of sick building syndrome; 2-ethyl-1-hexanol and microorganisms ... were sampled and analyzed.,0.00,89.63,2026-09-09_09-59-56_pruned_taxonomy_topdown
1743198,4df7c95b-fafb-48bc-9a49-02c8a0a567cd,塑化建材、2-乙基己醇及微生物共存環境與病態大樓症候群的關係,395,Observational / single-group designs,True,,,,,False,False,"Although measurements were taken during schooling time and winter vacation, the study does not track outcomes over time in a single group using temporal patterns as its primary design.",,0.00,0.00,2026-09-09_09-59-56_pruned_taxonomy_topdown
1743198,4df7c95b-fafb-48bc-9a49-02c8a0a567cd,塑化建材、2-乙基己醇及微生物共存環境與病態大樓症候群的關係,430,Systematic reviews,True,,,,,False,False,No annotation with this attribute found: reverting to default,,0.00,0.00,2026-09-09_09-59-56_pruned_taxonomy_topdown
1743198,4df7c95b-fafb-48bc-9a49-02c8a0a567cd,塑化建材、2-乙基己醇及微生物共存環境與病態大樓症候群的關係,392,Mixed-methods,True,,,,,False,False,"The study uses a questionnaire and quantitative environmental sampling and measurements, but does not report qualitative data collection or analysis.",,0.00,0.00,2026-09-09_09-59-56_pruned_taxonomy_topdown
1743198,4df7c95b-fafb-48bc-9a49-02c8a0a567cd,塑化建材、2-乙基己醇及微生物共存環境與病態大樓症候群的關係,396,Qualitative designs,True,,,,,False,False,"There is no qualitative exploration of meanings, experiences, or contextual factors; the questionnaire and instrument measurements are analyzed quantitatively.",,0.00,0.00,2026-09-09_09-59-56_pruned_taxonomy_topdown
1743198,4df7c95b-fafb-48bc-9a49-02c8a0a567cd,塑化建材、2-乙基己醇及微生物共存環境與病態大樓症候群的關係,426,Guideline (clinical or public health),True,,,,,False,False,No annotation with this attribute found: reverting to default,,0.00,0.00,2026-09-09_09-59-56_pruned_taxonomy_topdown
1743198,4df7c95b-fafb-48bc-9a49-02c8a0a567cd,塑化建材、2-乙基己醇及微生物共存環境與病態大樓症候群的關係,389,(Quasi-)Experimental / group comparison designs,True,,,,,False,False,There is no researcher-assigned intervention and no experimental intervention and control groups.,,0.00,0.00,2026-09-09_09-59-56_pruned_taxonomy_topdown
1743198,4df7c95b-fafb-48bc-9a49-02c8a0a567cd,塑化建材、2-乙基己醇及微生物共存環境與病態大樓症候群的關係,391,Descriptive / single-group designs,True,,,,,False,False,"The study reports prevalence in the surveyed population but also compares exposure-defined groups, particularly rooms with and without plastic carpet, so it is not limited to descriptive single-group reporting.",,0.00,0.00,2026-09-09_09-59-56_pruned_taxonomy_topdown
1743198,4df7c95b-fafb-48bc-9a49-02c8a0a567cd,塑化建材、2-乙基己醇及微生物共存環境與病態大樓症候群的關係,388,2. Evidence synthesis,True,,,,,False,False,The study is not a review or synthesis of existing literature; it reports newly collected data from a questionnaire survey and direct environmental measurements.,,0.00,0.00,2026-09-09_09-59-56_pruned_taxonomy_topdown
1743198,4df7c95b-fafb-48bc-9a49-02c8a0a567cd,塑化建材、2-乙基己醇及微生物共存環境與病態大樓症候群的關係,429,Narrative review,True,,,,,False,False,No annotation with this attribute found: reverting to default,,0.00,0.00,2026-09-09_09-59-56_pruned_taxonomy_topdown
1743198,4df7c95b-fafb-48bc-9a49-02c8a0a567cd,塑化建材、2-乙基己醇及微生物共存環境與病態大樓症候群的關係,202,Neurological disorders,True,,,,,False,False,No annotation with this attribute found: reverting to default,,0.00,0.00,2026-09-09_09-59-56_pruned_taxonomy_topdown
1743198,4df7c95b-fafb-48bc-9a49-02c8a0a567cd,塑化建材、2-乙基己醇及微生物共存環境與病態大樓症候群的關係,116,1.1. Total / all-cause mortality (Outcome),True,,,,,False,False,No annotation with this attribute found: reverting to default,,0.00,0.00,2026-09-09_09-59-56_pruned_taxonomy_topdown
1743198,4df7c95b-fafb-48bc-9a49-02c8a0a567cd,塑化建材、2-乙基己醇及微生物共存環境與病態大樓症候群的關係,196,Chronic respiratory diseases,True,,,,,False,False,No annotation with this attribute found: reverting to default,,0.00,0.00,2026-09-09_09-59-56_pruned_taxonomy_topdown
1743198,4df7c95b-fafb-48bc-9a49-02c8a0a567cd,塑化建材、2-乙基己醇及微生物共存環境與病態大樓症候群的關係,206,Z_Other non-communicable diseases,True,,,,,False,False,No annotation with this attribute found: reverting to default,,0.00,0.00,2026-09-09_09-59-56_pruned_taxonomy_topdown
1743198,4df7c95b-fafb-48bc-9a49-02c8a0a567cd,塑化建材、2-乙基己醇及微生物共存環境與病態大樓症候群的關係,117,"1.2. Communicable, maternal, neonatal, and nutritional mortality",True,,,,,False,False,No annotation with this attribute found: reverting to default,,0.00,0.00,2026-09-09_09-59-56_pruned_taxonomy_topdown
1743198,4df7c95b-fafb-48bc-9a49-02c8a0a567cd,塑化建材、2-乙基己醇及微生物共存環境與病態大樓症候群的關係,199,Mental disorders,True,,,,,False,False,No annotation with this attribute found: reverting to default,,0.00,0.00,2026-09-09_09-59-56_pruned_taxonomy_topdown
1743198,4df7c95b-fafb-48bc-9a49-02c8a0a567cd,塑化建材、2-乙基己醇及微生物共存環境與病態大樓症候群的關係,204,Skin and subcutaneous diseases,True,,,,,False,False,No annotation with this attribute found: reverting to default,,0.00,0.00,2026-09-09_09-59-56_pruned_taxonomy_topdown
1743198,4df7c95b-fafb-48bc-9a49-02c8a0a567cd,塑化建材、2-乙基己醇及微生物共存環境與病態大樓症候群的關係,134,HIV/AIDS and sexually transmitted infections,True,,,,,False,False,No annotation with this attribute found: reverting to default,,0.00,0.00,2026-09-09_09-59-56_pruned_taxonomy_topdown
1743198,4df7c95b-fafb-48bc-9a49-02c8a0a567cd,塑化建材、2-乙基己醇及微生物共存環境與病態大樓症候群的關係,137,Nutritional deficiencies,True,,,,,False,False,No annotation with this attribute found: reverting to default,,0.00,0.00,2026-09-09_09-59-56_pruned_taxonomy_topdown
1743198,4df7c95b-fafb-48bc-9a49-02c8a0a567cd,塑化建材、2-乙基己醇及微生物共存環境與病態大樓症候群的關係,200,Musculoskeletal disorders,True,,,,,False,False,No annotation with this attribute found: reverting to default,,0.00,0.00,2026-09-09_09-59-56_pruned_taxonomy_topdown
1743198,4df7c95b-fafb-48bc-9a49-02c8a0a567cd,塑化建材、2-乙基己醇及微生物共存環境與病態大樓症候群的關係,139,Z_Other infectious diseases,True,,,,,False,False,No annotation with this attribute found: reverting to default,,0.00,0.00,2026-09-09_09-59-56_pruned_taxonomy_topdown
1743198,4df7c95b-fafb-48bc-9a49-02c8a0a567cd,塑化建材、2-乙基己醇及微生物共存環境與病態大樓症候群的關係,289,Transport injuries,True,,,,,False,False,No annotation with this attribute found: reverting to default,,0.00,0.00,2026-09-09_09-59-56_pruned_taxonomy_topdown
1743198,4df7c95b-fafb-48bc-9a49-02c8a0a567cd,塑化建材、2-乙基己醇及微生物共存環境與病態大樓症候群的關係,135,Maternal and neonatal disorders,True,,,,,False,False,No annotation with this attribute found: reverting to default,,0.00,0.00,2026-09-09_09-59-56_pruned_taxonomy_topdown
1743198,4df7c95b-fafb-48bc-9a49-02c8a0a567cd,塑化建材、2-乙基己醇及微生物共存環境與病態大樓症候群的關係,136,Neglected tropical diseases and malaria,True,,,,,False,False,No annotation with this attribute found: reverting to default,,0.00,0.00,2026-09-09_09-59-56_pruned_taxonomy_topdown
1743198,4df7c95b-fafb-48bc-9a49-02c8a0a567cd,塑化建材、2-乙基己醇及微生物共存環境與病態大樓症候群的關係,195,Cardiovascular diseases,True,,,,,False,False,No annotation with this attribute found: reverting to default,,0.00,0.00,2026-09-09_09-59-56_pruned_taxonomy_topdown
1743198,4df7c95b-fafb-48bc-9a49-02c8a0a567cd,塑化建材、2-乙基己醇及微生物共存環境與病態大樓症候群的關係,288,Self-harm and interpersonal violence,True,,,,,False,False,No annotation with this attribute found: reverting to default,,0.00,0.00,2026-09-09_09-59-56_pruned_taxonomy_topdown
1743198,4df7c95b-fafb-48bc-9a49-02c8a0a567cd,塑化建材、2-乙基己醇及微生物共存環境與病態大樓症候群的關係,114,3. Non-communicable diseases,True,,,,,False,False,"The study concerns sick building syndrome and mucous membrane irritation associated with indoor pollutants and environmental conditions, not chronic non-infectious diseases such as cardiovascular, respiratory, metabolic, neurological, or neoplastic conditions.",,0.00,0.00,2026-09-09_09-59-56_pruned_taxonomy_topdown
1743198,4df7c95b-fafb-48bc-9a49-02c8a0a567cd,塑化建材、2-乙基己醇及微生物共存環境與病態大樓症候群的關係,112,1. Mortality (Outcome),True,,,,,False,False,"The study reports the prevalence of sick building syndrome and related symptoms, with no analysis of deaths or fatal disease burden.",,0.00,0.00,2026-09-09_09-59-56_pruned_taxonomy_topdown
1743198,4df7c95b-fafb-48bc-9a49-02c8a0a567cd,塑化建材、2-乙基己醇及微生物共存環境與病態大樓症候群的關係,138,Respiratory infections and tuberculosis,True,,,,,False,False,No annotation with this attribute found: reverting to default,,0.00,0.00,2026-09-09_09-59-56_pruned_taxonomy_topdown
1743198,4df7c95b-fafb-48bc-9a49-02c8a0a567cd,塑化建材、2-乙基己醇及微生物共存環境與病態大樓症候群的關係,290,Unintentional injuries,True,,,,,False,False,No annotation with this attribute found: reverting to default,,0.00,0.00,2026-09-09_09-59-56_pruned_taxonomy_topdown
1743198,4df7c95b-fafb-48bc-9a49-02c8a0a567cd,塑化建材、2-乙基己醇及微生物共存環境與病態大樓症候群的關係,113,"2. Communicable, maternal, neonatal, and nutritional diseases",True,,,,,False,False,"Microorganisms were measured as indoor environmental factors, but the study does not investigate infectious, maternal, neonatal, or nutritional diseases as health outcomes.",,0.00,0.00,2026-09-09_09-59-56_pruned_taxonomy_topdown
1743198,4df7c95b-fafb-48bc-9a49-02c8a0a567cd,塑化建材、2-乙基己醇及微生物共存環境與病態大樓症候群的關係,133,Enteric infections,True,,,,,False,False,No annotation with this attribute found: reverting to default,,0.00,0.00,2026-09-09_09-59-56_pruned_taxonomy_topdown
1743198,4df7c95b-fafb-48bc-9a49-02c8a0a567cd,塑化建材、2-乙基己醇及微生物共存環境與病態大樓症候群的關係,201,Neoplasms,True,,,,,False,False,No annotation with this attribute found: reverting to default,,0.00,0.00,2026-09-09_09-59-56_pruned_taxonomy_topdown
1743198,4df7c95b-fafb-48bc-9a49-02c8a0a567cd,塑化建材、2-乙基己醇及微生物共存環境與病態大樓症候群的關係,118,1.3. Non-communicable mortality,True,,,,,False,False,No annotation with this attribute found: reverting to default,,0.00,0.00,2026-09-09_09-59-56_pruned_taxonomy_topdown
1743198,4df7c95b-fafb-48bc-9a49-02c8a0a567cd,塑化建材、2-乙基己醇及微生物共存環境與病態大樓症候群的關係,205,Substance use disorders,True,,,,,False,False,No annotation with this attribute found: reverting to default,,0.00,0.00,2026-09-09_09-59-56_pruned_taxonomy_topdown
1743198,4df7c95b-fafb-48bc-9a49-02c8a0a567cd,塑化建材、2-乙基己醇及微生物共存環境與病態大樓症候群的關係,197,Diabetes and kidney diseases,True,,,,,False,False,No annotation with this attribute found: reverting to default,,0.00,0.00,2026-09-09_09-59-56_pruned_taxonomy_topdown
1743198,4df7c95b-fafb-48bc-9a49-02c8a0a567cd,塑化建材、2-乙基己醇及微生物共存環境與病態大樓症候群的關係,203,Sense organ diseases,True,,,,,False,False,No annotation with this attribute found: reverting to default,,0.00,0.00,2026-09-09_09-59-56_pruned_taxonomy_topdown
1743198,4df7c95b-fafb-48bc-9a49-02c8a0a567cd,塑化建材、2-乙基己醇及微生物共存環境與病態大樓症候群的關係,115,4. Injuries,True,,,,,False,False,"The study does not examine physical injuries, self-harm, violence, conflict, or other external-cause bodily harm.",,0.00,0.00,2026-09-09_09-59-56_pruned_taxonomy_topdown
1743198,4df7c95b-fafb-48bc-9a49-02c8a0a567cd,塑化建材、2-乙基己醇及微生物共存環境與病態大樓症候群的關係,198,Digestive diseases,True,,,,,False,False,No annotation with this attribute found: reverting to default,,0.00,0.00,2026-09-09_09-59-56_pruned_taxonomy_topdown
93858,4e7da8ca-0c90-4755-b2ec-a66c21d44711,Acute effects of air pollution on respiratory health of 50-70 yr old adults,36,Coal,True,,,,,False,False,"The study investigates respiratory health effects of measured air pollutants, but does not identify coal combustion or coal as an exposure or study focus.",,0.00,0.00,2026-09-09_09-59-56_pruned_taxonomy_topdown
93858,4e7da8ca-0c90-4755-b2ec-a66c21d44711,Acute effects of air pollution on respiratory health of 50-70 yr old adults,35,(Unspecified) fossil fuels,True,,,,,False,False,"Although the study concerns air pollution, it does not refer to fossil fuel use or combustion in general as an exposure or source.",,0.00,0.00,2026-09-09_09-59-56_pruned_taxonomy_topdown
93858,4e7da8ca-0c90-4755-b2ec-a66c21d44711,Acute effects of air pollution on respiratory health of 50-70 yr old adults,38,Oil,True,,,,,False,False,"The study does not identify petroleum, petrol, diesel, jet fuel, or other liquid fossil fuels as an exposure or source of pollution.",,0.00,0.00,2026-09-09_09-59-56_pruned_taxonomy_topdown
93858,4e7da8ca-0c90-4755-b2ec-a66c21d44711,Acute effects of air pollution on respiratory health of 50-70 yr old adults,37,Natural gas,True,,,,,False,False,"The study does not mention natural gas, methane, gas combustion, or related leakage as an exposure or source of pollution.",,0.00,0.00,2026-09-09_09-59-56_pruned_taxonomy_topdown
93858,4e7da8ca-0c90-4755-b2ec-a66c21d44711,Acute effects of air pollution on respiratory health of 50-70 yr old adults,17,(Unspecified) greenhouse gases,True,,,,,False,False,"The study examines ambient air pollutants, but does not address greenhouse gases collectively or atmospheric heat-trapping gases as a study focus.",,0.00,0.00,2026-09-09_09-59-56_pruned_taxonomy_topdown
93858,4e7da8ca-0c90-4755-b2ec-a66c21d44711,Acute effects of air pollution on respiratory health of 50-70 yr old adults,18,Carbon dioxide (CO₂),True,,,,,False,False,"Carbon dioxide is not measured, discussed as an exposure, or otherwise a subject of the study.",,0.00,0.00,2026-09-09_09-59-56_pruned_taxonomy_topdown
93858,4e7da8ca-0c90-4755-b2ec-a66c21d44711,Acute effects of air pollution on respiratory health of 50-70 yr old adults,22,Ozone-depleting substances / chlorofluorocarbons / hydrochlorofluorocarbons / halons / carbon tetrachloride / methyl chloroform,True,,,,,False,False,The study does not address ozone-depleting substances regulated under the Montreal Protocol.,,0.00,0.00,2026-09-09_09-59-56_pruned_taxonomy_topdown
93858,4e7da8ca-0c90-4755-b2ec-a66c21d44711,Acute effects of air pollution on respiratory health of 50-70 yr old adults,19,Fluorinated gases / hydrofluorocarbons / perfluorocarbons / sulfur hexafluoride / nitrogen trifluoride,True,,,,,False,False,No synthetic industrial greenhouse gases such as hydrofluorocarbons or related compounds are studied.,,0.00,0.00,2026-09-09_09-59-56_pruned_taxonomy_topdown
93858,4e7da8ca-0c90-4755-b2ec-a66c21d44711,Acute effects of air pollution on respiratory health of 50-70 yr old adults,20,Methane (CH₄),True,,,,,False,False,Methane is not measured or discussed as an exposure or outcome.,,0.00,0.00,2026-09-09_09-59-56_pruned_taxonomy_topdown
93858,4e7da8ca-0c90-4755-b2ec-a66c21d44711,Acute effects of air pollution on respiratory health of 50-70 yr old adults,21,Nitrous oxide (N₂O),True,,,,,False,False,"Although nitrogen dioxide is measured, this concept specifically concerns nitrous oxide (N2O), which is not studied.",,0.00,0.00,2026-09-09_09-59-56_pruned_taxonomy_topdown
93858,4e7da8ca-0c90-4755-b2ec-a66c21d44711,Acute effects of air pollution on respiratory health of 50-70 yr old adults,23,Particulate matter (PM10) / fine particulate matter (PM2.5) / black/organic carbon / sulfate/nitrate aerosols,True,,,,,True,True,The study directly measures PM10 and related airborne particulate pollutants and assesses their associations with respiratory health.,"Daily measurements of particles with a 50% cut-off aerodynamic diameter of 10 microm (PM10), black smoke (BS), sulphate",0.00,100.00,2026-09-09_09-59-56_pruned_taxonomy_topdown
93858,4e7da8ca-0c90-4755-b2ec-a66c21d44711,Acute effects of air pollution on respiratory health of 50-70 yr old adults,24,Tropospheric ozone (O₃),True,,,,,False,False,The study measures nitrogen dioxide but does not examine ozone formed through photochemical reactions between nitrogen oxides and volatile organic compounds.,,0.00,0.00,2026-09-09_09-59-56_pruned_taxonomy_topdown
93858,4e7da8ca-0c90-4755-b2ec-a66c21d44711,Acute effects of air pollution on respiratory health of 50-70 yr old adults,26,Extreme cold,True,,,,,False,False,"The study examines respiratory health associations with measured air pollutants during winter, not abnormally low temperatures, cold snaps, or blizzards.",,0.00,0.00,2026-09-09_09-59-56_pruned_taxonomy_topdown
93858,4e7da8ca-0c90-4755-b2ec-a66c21d44711,Acute effects of air pollution on respiratory health of 50-70 yr old adults,27,Extreme heat,True,,,,,False,False,No heatwaves or periods of abnormally high temperature are studied.,,0.00,0.00,2026-09-09_09-59-56_pruned_taxonomy_topdown
93858,4e7da8ca-0c90-4755-b2ec-a66c21d44711,Acute effects of air pollution on respiratory health of 50-70 yr old adults,28,Extreme precipitation,True,,,,,False,False,"The study does not investigate unusually intense or prolonged rainfall, snowfall, or other precipitation.",,0.00,0.00,2026-09-09_09-59-56_pruned_taxonomy_topdown
93858,4e7da8ca-0c90-4755-b2ec-a66c21d44711,Acute effects of air pollution on respiratory health of 50-70 yr old adults,30,Floods,True,,,,,False,False,Flooding or temporary inundation is not a subject of the study.,,0.00,0.00,2026-09-09_09-59-56_pruned_taxonomy_topdown
93858,4e7da8ca-0c90-4755-b2ec-a66c21d44711,Acute effects of air pollution on respiratory health of 50-70 yr old adults,33,Wildfires,True,,,,,False,False,"The study concerns ambient air pollution, not uncontrolled vegetation fires or wildfire smoke.",,0.00,0.00,2026-09-09_09-59-56_pruned_taxonomy_topdown
93858,4e7da8ca-0c90-4755-b2ec-a66c21d44711,Acute effects of air pollution on respiratory health of 50-70 yr old adults,25,Droughts,True,,,,,False,False,Drought and prolonged water deficit are not examined.,,0.00,0.00,2026-09-09_09-59-56_pruned_taxonomy_topdown
93858,4e7da8ca-0c90-4755-b2ec-a66c21d44711,Acute effects of air pollution on respiratory health of 50-70 yr old adults,29,Extreme snow/ice events,True,,,,,False,False,"Although observations occurred during winter, the study does not investigate severe or unusual snow and ice conditions such as blizzards or ice storms.",,0.00,0.00,2026-09-09_09-59-56_pruned_taxonomy_topdown
93858,4e7da8ca-0c90-4755-b2ec-a66c21d44711,Acute effects of air pollution on respiratory health of 50-70 yr old adults,31,Sand and dust storms,True,,,,,False,False,No wind-driven sand or dust events are studied; the measured pollutants are routine urban and nonurban air pollutants.,,0.00,0.00,2026-09-09_09-59-56_pruned_taxonomy_topdown
93858,4e7da8ca-0c90-4755-b2ec-a66c21d44711,Acute effects of air pollution on respiratory health of 50-70 yr old adults,32,Storms and severe wind,True,,,,,False,False,"The study does not address tropical cyclones, hurricanes, severe thunderstorms, hailstorms, or other intense meteorological events.",,0.00,0.00,2026-09-09_09-59-56_pruned_taxonomy_topdown
93858,4e7da8ca-0c90-4755-b2ec-a66c21d44711,Acute effects of air pollution on respiratory health of 50-70 yr old adults,34,Z_(Unspecified) extreme weather events,True,,,,,False,False,The study does not investigate unspecified climate extremes; it focuses on daily air pollution and respiratory outcomes.,,0.00,0.00,2026-09-09_09-59-56_pruned_taxonomy_topdown
93858,4e7da8ca-0c90-4755-b2ec-a66c21d44711,Acute effects of air pollution on respiratory health of 50-70 yr old adults,493,Attribution,True,,,,,False,False,No annotation with this attribute found: reverting to default,,0.00,0.00,2026-09-09_09-59-56_pruned_taxonomy_topdown
93858,4e7da8ca-0c90-4755-b2ec-a66c21d44711,Acute effects of air pollution on respiratory health of 50-70 yr old adults,487,Adaptation,True,,,,,False,False,"The study examines associations between ambient air pollution and respiratory health; it does not concern adaptation, coping, forecasting, monitoring, or other responses to climate variability or climate-related events.",,0.00,0.00,2026-09-09_09-59-56_pruned_taxonomy_topdown
93858,4e7da8ca-0c90-4755-b2ec-a66c21d44711,Acute effects of air pollution on respiratory health of 50-70 yr old adults,490,Maladaptation,True,,,,,False,False,No annotation with this attribute found: reverting to default,,0.00,0.00,2026-09-09_09-59-56_pruned_taxonomy_topdown
93858,4e7da8ca-0c90-4755-b2ec-a66c21d44711,Acute effects of air pollution on respiratory health of 50-70 yr old adults,495,Loss and damage,True,,,,,False,False,No annotation with this attribute found: reverting to default,,0.00,0.00,2026-09-09_09-59-56_pruned_taxonomy_topdown
93858,4e7da8ca-0c90-4755-b2ec-a66c21d44711,Acute effects of air pollution on respiratory health of 50-70 yr old adults,492,Resilience,True,,,,,False,False,No annotation with this attribute found: reverting to default,,0.00,0.00,2026-09-09_09-59-56_pruned_taxonomy_topdown
93858,4e7da8ca-0c90-4755-b2ec-a66c21d44711,Acute effects of air pollution on respiratory health of 50-70 yr old adults,489,Mitigation,True,,,,,False,False,"Although the study measures air pollutants, it does not identify greenhouse-gas emissions or fossil-fuel combustion as the exposure source, nor does it evaluate emissions-reduction actions or strategies.",,0.00,0.00,2026-09-09_09-59-56_pruned_taxonomy_topdown
93858,4e7da8ca-0c90-4755-b2ec-a66c21d44711,Acute effects of air pollution on respiratory health of 50-70 yr old adults,491,Preparedness,True,,,,,False,False,No annotation with this attribute found: reverting to default,,0.00,0.00,2026-09-09_09-59-56_pruned_taxonomy_topdown
93858,4e7da8ca-0c90-4755-b2ec-a66c21d44711,Acute effects of air pollution on respiratory health of 50-70 yr old adults,494,Future impact,True,,,,,False,False,No annotation with this attribute found: reverting to default,,0.00,0.00,2026-09-09_09-59-56_pruned_taxonomy_topdown
93858,4e7da8ca-0c90-4755-b2ec-a66c21d44711,Acute effects of air pollution on respiratory health of 50-70 yr old adults,496,Co-Benefits,True,,,,,False,False,No annotation with this attribute found: reverting to default,,0.00,0.00,2026-09-09_09-59-56_pruned_taxonomy_topdown
93858,4e7da8ca-0c90-4755-b2ec-a66c21d44711,Acute effects of air pollution on respiratory health of 50-70 yr old adults,488,Impact,True,,,,,True,False,"The respiratory outcomes are associated with air pollution, but no climate variable or climate-related extreme event is identified as a driver or modifier of exposure. The study is therefore about non-climate air-pollution effects alone.",,0.00,0.00,2026-09-09_09-59-56_pruned_taxonomy_topdown
93858,4e7da8ca-0c90-4755-b2ec-a66c21d44711,Acute effects of air pollution on respiratory health of 50-70 yr old adults,6,(Unspecified) changes in weather,True,,,,,False,False,"The study examines daily respiratory health and air pollution during winter periods, not broad changes in weather patterns.",,0.00,0.00,2026-09-09_09-59-56_pruned_taxonomy_topdown
93858,4e7da8ca-0c90-4755-b2ec-a66c21d44711,Acute effects of air pollution on respiratory health of 50-70 yr old adults,15,Changes in wind speed,True,,,,,False,False,Wind patterns or wind velocity are not investigated as exposures or explanatory factors.,,0.00,0.00,2026-09-09_09-59-56_pruned_taxonomy_topdown
93858,4e7da8ca-0c90-4755-b2ec-a66c21d44711,Acute effects of air pollution on respiratory health of 50-70 yr old adults,13,Changes in season length,True,,,,,False,False,"Although the study spans consecutive winters, it does not examine changes in season duration or seasonal onset.",,0.00,0.00,2026-09-09_09-59-56_pruned_taxonomy_topdown
93858,4e7da8ca-0c90-4755-b2ec-a66c21d44711,Acute effects of air pollution on respiratory health of 50-70 yr old adults,7,(Unspecified) climate change,True,,,,,False,False,Climate change is not a subject of the study; the focus is on air pollution and respiratory outcomes.,,0.00,0.00,2026-09-09_09-59-56_pruned_taxonomy_topdown
93858,4e7da8ca-0c90-4755-b2ec-a66c21d44711,Acute effects of air pollution on respiratory health of 50-70 yr old adults,16,Climate variability,True,,,,,False,False,The study does not assess climate variability or fluctuations in climate conditions over time.,,0.00,0.00,2026-09-09_09-59-56_pruned_taxonomy_topdown
93858,4e7da8ca-0c90-4755-b2ec-a66c21d44711,Acute effects of air pollution on respiratory health of 50-70 yr old adults,9,Changes in humidity,True,,,,,False,False,Atmospheric moisture or humidity is not measured or analyzed.,,0.00,0.00,2026-09-09_09-59-56_pruned_taxonomy_topdown
93858,4e7da8ca-0c90-4755-b2ec-a66c21d44711,Acute effects of air pollution on respiratory health of 50-70 yr old adults,12,Changes in sea level,True,,,,,False,False,Sea-level rise is unrelated to the study's urban and nonurban respiratory-health analysis.,,0.00,0.00,2026-09-09_09-59-56_pruned_taxonomy_topdown
93858,4e7da8ca-0c90-4755-b2ec-a66c21d44711,Acute effects of air pollution on respiratory health of 50-70 yr old adults,11,Changes in precipitation,True,,,,,False,False,Rainfall or snowfall changes are not examined.,,0.00,0.00,2026-09-09_09-59-56_pruned_taxonomy_topdown
93858,4e7da8ca-0c90-4755-b2ec-a66c21d44711,Acute effects of air pollution on respiratory health of 50-70 yr old adults,10,Changes in inland water bodies,True,,,,,False,False,The study does not investigate climate-driven changes in freshwater systems or hydrological patterns.,,0.00,0.00,2026-09-09_09-59-56_pruned_taxonomy_topdown
93858,4e7da8ca-0c90-4755-b2ec-a66c21d44711,Acute effects of air pollution on respiratory health of 50-70 yr old adults,14,Changes in temperature,True,,,,,False,False,Temperature trends or temperature extremes are not analyzed; the reference to winters only describes the study period.,,0.00,0.00,2026-09-09_09-59-56_pruned_taxonomy_topdown
93858,4e7da8ca-0c90-4755-b2ec-a66c21d44711,Acute effects of air pollution on respiratory health of 50-70 yr old adults,8,Changes in glacier / snow melt,True,,,,,False,False,Glacier or snowpack melting is not addressed.,,0.00,0.00,2026-09-09_09-59-56_pruned_taxonomy_topdown
93858,4e7da8ca-0c90-4755-b2ec-a66c21d44711,Acute effects of air pollution on respiratory health of 50-70 yr old adults,476,Education (Sector),True,,,,,False,False,"The study examines respiratory health and air pollution exposure in adults, not formal or informal education systems.",,0.00,0.00,2026-09-09_09-59-56_pruned_taxonomy_topdown
93858,4e7da8ca-0c90-4755-b2ec-a66c21d44711,Acute effects of air pollution on respiratory health of 50-70 yr old adults,485,Transportation (Sector),True,,,,,False,False,"Transport systems, infrastructure, vehicles, and logistics are not subjects of the study.",,0.00,0.00,2026-09-09_09-59-56_pruned_taxonomy_topdown
93858,4e7da8ca-0c90-4755-b2ec-a66c21d44711,Acute effects of air pollution on respiratory health of 50-70 yr old adults,483,Public administration (Sector),True,,,,,False,False,"Government agencies, public administration operations, and civil services are not examined.",,0.00,0.00,2026-09-09_09-59-56_pruned_taxonomy_topdown
93858,4e7da8ca-0c90-4755-b2ec-a66c21d44711,Acute effects of air pollution on respiratory health of 50-70 yr old adults,479,Healthcare (Sector),True,,,,,False,False,"Although the study concerns health outcomes, it does not investigate medical care, public health services, health infrastructure, or healthcare-sector operations.",,0.00,0.00,2026-09-09_09-59-56_pruned_taxonomy_topdown
93858,4e7da8ca-0c90-4755-b2ec-a66c21d44711,Acute effects of air pollution on respiratory health of 50-70 yr old adults,486,"Water, sanitation, and waste management (Sector)",True,,,,,False,False,"Water supply, sewage treatment, and solid waste management are not addressed.",,0.00,0.00,2026-09-09_09-59-56_pruned_taxonomy_topdown
93858,4e7da8ca-0c90-4755-b2ec-a66c21d44711,Acute effects of air pollution on respiratory health of 50-70 yr old adults,475,Buildings / housing (Sector),True,,,,,False,False,"Residential or commercial buildings, housing, and construction are not study subjects.",,0.00,0.00,2026-09-09_09-59-56_pruned_taxonomy_topdown
93858,4e7da8ca-0c90-4755-b2ec-a66c21d44711,Acute effects of air pollution on respiratory health of 50-70 yr old adults,478,Finance (Sector),True,,,,,False,False,"Banking, insurance, investment, and financial services are not addressed.",,0.00,0.00,2026-09-09_09-59-56_pruned_taxonomy_topdown
93858,4e7da8ca-0c90-4755-b2ec-a66c21d44711,Acute effects of air pollution on respiratory health of 50-70 yr old adults,484,Social protection (Sector),True,,,,,False,False,"The study does not examine social safety nets, welfare services, or support systems for vulnerable populations.",,0.00,0.00,2026-09-09_09-59-56_pruned_taxonomy_topdown
93858,4e7da8ca-0c90-4755-b2ec-a66c21d44711,Acute effects of air pollution on respiratory health of 50-70 yr old adults,481,Information and communications technologies (Sector),True,,,,,False,False,"Telecommunications, digital infrastructure, and information technology are not involved as a study sector.",,0.00,0.00,2026-09-09_09-59-56_pruned_taxonomy_topdown
93858,4e7da8ca-0c90-4755-b2ec-a66c21d44711,Acute effects of air pollution on respiratory health of 50-70 yr old adults,480,"Industry, trade, and services (Sector)",True,,,,,False,False,"Manufacturing, retail, wholesale trade, and commercial services are not examined.",,0.00,0.00,2026-09-09_09-59-56_pruned_taxonomy_topdown
93858,4e7da8ca-0c90-4755-b2ec-a66c21d44711,Acute effects of air pollution on respiratory health of 50-70 yr old adults,477,Energy and extractives (Sector),True,,,,,False,False,"The study measures ambient air pollutants but does not investigate electricity generation, fuel production, resource extraction, or energy systems.",,0.00,0.00,2026-09-09_09-59-56_pruned_taxonomy_topdown
93858,4e7da8ca-0c90-4755-b2ec-a66c21d44711,Acute effects of air pollution on respiratory health of 50-70 yr old adults,482,Military (Sector),True,,,,,False,False,"Military and defense personnel, operations, equipment, or infrastructure are not addressed.",,0.00,0.00,2026-09-09_09-59-56_pruned_taxonomy_topdown
93858,4e7da8ca-0c90-4755-b2ec-a66c21d44711,Acute effects of air pollution on respiratory health of 50-70 yr old adults,474,"Agriculture, fishing, and forestry (Sector)",True,,,,,False,False,"Crop cultivation, livestock, aquaculture, fishing, and forest management are not addressed.",,0.00,0.00,2026-09-09_09-59-56_pruned_taxonomy_topdown
93858,4e7da8ca-0c90-4755-b2ec-a66c21d44711,Acute effects of air pollution on respiratory health of 50-70 yr old adults,431,Z_Other evidence synthesis type,True,,,,,False,False,No annotation with this attribute found: reverting to default,,0.00,0.00,2026-09-09_09-59-56_pruned_taxonomy_topdown
93858,4e7da8ca-0c90-4755-b2ec-a66c21d44711,Acute effects of air pollution on respiratory health of 50-70 yr old adults,427,Health technology assessment (HTA),True,,,,,False,False,No annotation with this attribute found: reverting to default,,0.00,0.00,2026-09-09_09-59-56_pruned_taxonomy_topdown
93858,4e7da8ca-0c90-4755-b2ec-a66c21d44711,Acute effects of air pollution on respiratory health of 50-70 yr old adults,428,Meta-analysis (unsystematic),True,,,,,False,False,No annotation with this attribute found: reverting to default,,0.00,0.00,2026-09-09_09-59-56_pruned_taxonomy_topdown
93858,4e7da8ca-0c90-4755-b2ec-a66c21d44711,Acute effects of air pollution on respiratory health of 50-70 yr old adults,390,(Quasi-)Experimental / single-group designs,True,,,,,False,False,The study applies no intervention to participants; it observes naturally occurring air pollution exposures and respiratory outcomes.,,0.00,0.00,2026-09-09_09-59-56_pruned_taxonomy_topdown
93858,4e7da8ca-0c90-4755-b2ec-a66c21d44711,Acute effects of air pollution on respiratory health of 50-70 yr old adults,397,Z_Other study design,True,,,,,False,False,"This is a conventional observational epidemiological study, not a primary design outside the listed categories.",,0.00,0.00,2026-09-09_09-59-56_pruned_taxonomy_topdown
93858,4e7da8ca-0c90-4755-b2ec-a66c21d44711,Acute effects of air pollution on respiratory health of 50-70 yr old adults,394,Observational / group comparison designs,True,,,,,True,True,"The study compares respiratory outcomes across groups defined by exposure-related characteristics, including urban versus nonurban residence and differing air pollution concentrations, without random allocation.",Subjects were selected from the general population... living in urban and nonurban areas in the Netherlands.,0.00,69.44,2026-09-09_09-59-56_pruned_taxonomy_topdown
93858,4e7da8ca-0c90-4755-b2ec-a66c21d44711,Acute effects of air pollution on respiratory health of 50-70 yr old adults,393,Modelling / simulation,True,,,,,False,False,"No mathematical, statistical, or computational simulation model is used; the study analyzes observed daily measurements and health outcomes.",,0.00,0.00,2026-09-09_09-59-56_pruned_taxonomy_topdown
93858,4e7da8ca-0c90-4755-b2ec-a66c21d44711,Acute effects of air pollution on respiratory health of 50-70 yr old adults,387,1. Primary research,True,,,,,True,True,This is an original primary observational study that directly collected and analysed health and air-pollution data from 489 adults.,"During three consecutive winters starting in 1992/1993, peak expiratory flow (PEF) and respiratory symptoms were registered in a daily diary. Daily measurements of particles with a 50% cut-off aerodynamic diameter of 10 microm (PM10), black smoke (BS), sulphate, sulphur dioxide (SO2) and nitrogen dioxide (NO2) were conducted.",0.00,100.00,2026-09-09_09-59-56_pruned_taxonomy_topdown
93858,4e7da8ca-0c90-4755-b2ec-a66c21d44711,Acute effects of air pollution on respiratory health of 50-70 yr old adults,395,Observational / single-group designs,True,,,,,False,False,"Although outcomes are repeatedly tracked over time, the study includes concurrent urban/nonurban and symptomatic/nonsymptomatic comparison groups, so it is not a single-group temporal design without comparison.","During three consecutive winters starting in 1992/1993, peak expiratory flow (PEF) and respiratory symptoms were registered in a daily diary.",0.00,100.00,2026-09-09_09-59-56_pruned_taxonomy_topdown
93858,4e7da8ca-0c90-4755-b2ec-a66c21d44711,Acute effects of air pollution on respiratory health of 50-70 yr old adults,430,Systematic reviews,True,,,,,False,False,No annotation with this attribute found: reverting to default,,0.00,0.00,2026-09-09_09-59-56_pruned_taxonomy_topdown
93858,4e7da8ca-0c90-4755-b2ec-a66c21d44711,Acute effects of air pollution on respiratory health of 50-70 yr old adults,392,Mixed-methods,True,,,,,False,False,The abstract describes quantitative exposure and health measurements only and does not report qualitative data collection or analysis.,,0.00,0.00,2026-09-09_09-59-56_pruned_taxonomy_topdown
93858,4e7da8ca-0c90-4755-b2ec-a66c21d44711,Acute effects of air pollution on respiratory health of 50-70 yr old adults,396,Qualitative designs,True,,,,,False,False,"No qualitative methods are used to explore meanings, experiences, or contextual factors.",,0.00,0.00,2026-09-09_09-59-56_pruned_taxonomy_topdown
93858,4e7da8ca-0c90-4755-b2ec-a66c21d44711,Acute effects of air pollution on respiratory health of 50-70 yr old adults,426,Guideline (clinical or public health),True,,,,,False,False,No annotation with this attribute found: reverting to default,,0.00,0.00,2026-09-09_09-59-56_pruned_taxonomy_topdown
93858,4e7da8ca-0c90-4755-b2ec-a66c21d44711,Acute effects of air pollution on respiratory health of 50-70 yr old adults,389,(Quasi-)Experimental / group comparison designs,True,,,,,False,False,There is no intervention group or control group assigned by the researchers; the urban and nonurban groups arise from observational exposure differences.,,0.00,0.00,2026-09-09_09-59-56_pruned_taxonomy_topdown
93858,4e7da8ca-0c90-4755-b2ec-a66c21d44711,Acute effects of air pollution on respiratory health of 50-70 yr old adults,391,Descriptive / single-group designs,True,,,,,False,False,The study does not merely describe outcome frequency in a single group; it examines associations between air pollution exposure and respiratory outcomes over repeated observations and across participant groups.,,0.00,0.00,2026-09-09_09-59-56_pruned_taxonomy_topdown
93858,4e7da8ca-0c90-4755-b2ec-a66c21d44711,Acute effects of air pollution on respiratory health of 50-70 yr old adults,388,2. Evidence synthesis,True,,,,,False,False,The study does not review or synthesise existing literature; it reports newly collected longitudinal measurements and analyses associations between air pollution and respiratory outcomes.,,0.00,0.00,2026-09-09_09-59-56_pruned_taxonomy_topdown
93858,4e7da8ca-0c90-4755-b2ec-a66c21d44711,Acute effects of air pollution on respiratory health of 50-70 yr old adults,429,Narrative review,True,,,,,False,False,No annotation with this attribute found: reverting to default,,0.00,0.00,2026-09-09_09-59-56_pruned_taxonomy_topdown
93858,4e7da8ca-0c90-4755-b2ec-a66c21d44711,Acute effects of air pollution on respiratory health of 50-70 yr old adults,202,Neurological disorders,True,,,,,False,False,"The study does not address diseases of the brain, spinal cord, or peripheral nervous system.",,0.00,0.00,2026-09-09_09-59-56_pruned_taxonomy_topdown
93858,4e7da8ca-0c90-4755-b2ec-a66c21d44711,Acute effects of air pollution on respiratory health of 50-70 yr old adults,116,1.1. Total / all-cause mortality (Outcome),True,,,,,False,False,No annotation with this attribute found: reverting to default,,0.00,0.00,2026-09-09_09-59-56_pruned_taxonomy_topdown
93858,4e7da8ca-0c90-4755-b2ec-a66c21d44711,Acute effects of air pollution on respiratory health of 50-70 yr old adults,196,Chronic respiratory diseases,True,,,,,True,True,"The study fundamentally concerns respiratory health, chronic respiratory symptoms, lung function measured by peak expiratory flow, and respiratory responses to air pollution.","489 adults, aged 50-70 yrs, with and without chronic respiratory symptoms",0.00,100.00,2026-09-09_09-59-56_pruned_taxonomy_topdown
93858,4e7da8ca-0c90-4755-b2ec-a66c21d44711,Acute effects of air pollution on respiratory health of 50-70 yr old adults,206,Z_Other non-communicable diseases,True,,,,,False,False,"No congenital, genitourinary, haematological, or other miscellaneous non-communicable diseases are studied.",,0.00,0.00,2026-09-09_09-59-56_pruned_taxonomy_topdown
93858,4e7da8ca-0c90-4755-b2ec-a66c21d44711,Acute effects of air pollution on respiratory health of 50-70 yr old adults,117,"1.2. Communicable, maternal, neonatal, and nutritional mortality",True,,,,,False,False,No annotation with this attribute found: reverting to default,,0.00,0.00,2026-09-09_09-59-56_pruned_taxonomy_topdown
93858,4e7da8ca-0c90-4755-b2ec-a66c21d44711,Acute effects of air pollution on respiratory health of 50-70 yr old adults,199,Mental disorders,True,,,,,False,False,"The study does not examine clinically significant disturbances in cognition, emotion, or behaviour.",,0.00,0.00,2026-09-09_09-59-56_pruned_taxonomy_topdown
93858,4e7da8ca-0c90-4755-b2ec-a66c21d44711,Acute effects of air pollution on respiratory health of 50-70 yr old adults,204,Skin and subcutaneous diseases,True,,,,,False,False,No diseases of the skin or subcutaneous tissue are addressed.,,0.00,0.00,2026-09-09_09-59-56_pruned_taxonomy_topdown
93858,4e7da8ca-0c90-4755-b2ec-a66c21d44711,Acute effects of air pollution on respiratory health of 50-70 yr old adults,134,HIV/AIDS and sexually transmitted infections,True,,,,,False,False,No annotation with this attribute found: reverting to default,,0.00,0.00,2026-09-09_09-59-56_pruned_taxonomy_topdown
93858,4e7da8ca-0c90-4755-b2ec-a66c21d44711,Acute effects of air pollution on respiratory health of 50-70 yr old adults,137,Nutritional deficiencies,True,,,,,False,False,No annotation with this attribute found: reverting to default,,0.00,0.00,2026-09-09_09-59-56_pruned_taxonomy_topdown
93858,4e7da8ca-0c90-4755-b2ec-a66c21d44711,Acute effects of air pollution on respiratory health of 50-70 yr old adults,200,Musculoskeletal disorders,True,,,,,False,False,"The study does not concern diseases of bones, joints, muscles, or connective tissue.",,0.00,0.00,2026-09-09_09-59-56_pruned_taxonomy_topdown
93858,4e7da8ca-0c90-4755-b2ec-a66c21d44711,Acute effects of air pollution on respiratory health of 50-70 yr old adults,139,Z_Other infectious diseases,True,,,,,False,False,No annotation with this attribute found: reverting to default,,0.00,0.00,2026-09-09_09-59-56_pruned_taxonomy_topdown
93858,4e7da8ca-0c90-4755-b2ec-a66c21d44711,Acute effects of air pollution on respiratory health of 50-70 yr old adults,289,Transport injuries,True,,,,,False,False,No annotation with this attribute found: reverting to default,,0.00,0.00,2026-09-09_09-59-56_pruned_taxonomy_topdown
93858,4e7da8ca-0c90-4755-b2ec-a66c21d44711,Acute effects of air pollution on respiratory health of 50-70 yr old adults,135,Maternal and neonatal disorders,True,,,,,False,False,No annotation with this attribute found: reverting to default,,0.00,0.00,2026-09-09_09-59-56_pruned_taxonomy_topdown
93858,4e7da8ca-0c90-4755-b2ec-a66c21d44711,Acute effects of air pollution on respiratory health of 50-70 yr old adults,136,Neglected tropical diseases and malaria,True,,,,,False,False,No annotation with this attribute found: reverting to default,,0.00,0.00,2026-09-09_09-59-56_pruned_taxonomy_topdown
93858,4e7da8ca-0c90-4755-b2ec-a66c21d44711,Acute effects of air pollution on respiratory health of 50-70 yr old adults,195,Cardiovascular diseases,True,,,,,False,False,No heart or circulatory diseases are investigated.,,0.00,0.00,2026-09-09_09-59-56_pruned_taxonomy_topdown
93858,4e7da8ca-0c90-4755-b2ec-a66c21d44711,Acute effects of air pollution on respiratory health of 50-70 yr old adults,288,Self-harm and interpersonal violence,True,,,,,False,False,No annotation with this attribute found: reverting to default,,0.00,0.00,2026-09-09_09-59-56_pruned_taxonomy_topdown
93858,4e7da8ca-0c90-4755-b2ec-a66c21d44711,Acute effects of air pollution on respiratory health of 50-70 yr old adults,114,3. Non-communicable diseases,True,,,,,True,True,"The study focuses on respiratory health and chronic respiratory symptoms, which fall within chronic, non-infectious respiratory conditions.","""489 adults, aged 50-70 yrs, with and without chronic respiratory symptoms""",0.00,97.33,2026-09-09_09-59-56_pruned_taxonomy_topdown
93858,4e7da8ca-0c90-4755-b2ec-a66c21d44711,Acute effects of air pollution on respiratory health of 50-70 yr old adults,112,1. Mortality (Outcome),True,,,,,False,False,The study measures respiratory symptoms and peak expiratory flow; death or mortality is not assessed as an outcome.,,0.00,0.00,2026-09-09_09-59-56_pruned_taxonomy_topdown
93858,4e7da8ca-0c90-4755-b2ec-a66c21d44711,Acute effects of air pollution on respiratory health of 50-70 yr old adults,138,Respiratory infections and tuberculosis,True,,,,,False,False,No annotation with this attribute found: reverting to default,,0.00,0.00,2026-09-09_09-59-56_pruned_taxonomy_topdown
93858,4e7da8ca-0c90-4755-b2ec-a66c21d44711,Acute effects of air pollution on respiratory health of 50-70 yr old adults,290,Unintentional injuries,True,,,,,False,False,No annotation with this attribute found: reverting to default,,0.00,0.00,2026-09-09_09-59-56_pruned_taxonomy_topdown
93858,4e7da8ca-0c90-4755-b2ec-a66c21d44711,Acute effects of air pollution on respiratory health of 50-70 yr old adults,113,"2. Communicable, maternal, neonatal, and nutritional diseases",True,,,,,False,False,"The study concerns air pollution and respiratory health, not infectious, maternal, neonatal, or nutritional conditions.",,0.00,0.00,2026-09-09_09-59-56_pruned_taxonomy_topdown
93858,4e7da8ca-0c90-4755-b2ec-a66c21d44711,Acute effects of air pollution on respiratory health of 50-70 yr old adults,133,Enteric infections,True,,,,,False,False,No annotation with this attribute found: reverting to default,,0.00,0.00,2026-09-09_09-59-56_pruned_taxonomy_topdown
93858,4e7da8ca-0c90-4755-b2ec-a66c21d44711,Acute effects of air pollution on respiratory health of 50-70 yr old adults,201,Neoplasms,True,,,,,False,False,The study does not address cancer or tumours.,,0.00,0.00,2026-09-09_09-59-56_pruned_taxonomy_topdown
93858,4e7da8ca-0c90-4755-b2ec-a66c21d44711,Acute effects of air pollution on respiratory health of 50-70 yr old adults,118,1.3. Non-communicable mortality,True,,,,,False,False,No annotation with this attribute found: reverting to default,,0.00,0.00,2026-09-09_09-59-56_pruned_taxonomy_topdown
93858,4e7da8ca-0c90-4755-b2ec-a66c21d44711,Acute effects of air pollution on respiratory health of 50-70 yr old adults,205,Substance use disorders,True,,,,,False,False,No psychoactive substance-use disorders are studied.,,0.00,0.00,2026-09-09_09-59-56_pruned_taxonomy_topdown
93858,4e7da8ca-0c90-4755-b2ec-a66c21d44711,Acute effects of air pollution on respiratory health of 50-70 yr old adults,197,Diabetes and kidney diseases,True,,,,,False,False,The study does not examine diabetes mellitus or kidney disease.,,0.00,0.00,2026-09-09_09-59-56_pruned_taxonomy_topdown
93858,4e7da8ca-0c90-4755-b2ec-a66c21d44711,Acute effects of air pollution on respiratory health of 50-70 yr old adults,203,Sense organ diseases,True,,,,,False,False,No diseases of vision or hearing are investigated.,,0.00,0.00,2026-09-09_09-59-56_pruned_taxonomy_topdown
93858,4e7da8ca-0c90-4755-b2ec-a66c21d44711,Acute effects of air pollution on respiratory health of 50-70 yr old adults,115,4. Injuries,True,,,,,False,False,"No physical injuries, self-harm, violence, conflict, or other external-cause harms are studied.",,0.00,0.00,2026-09-09_09-59-56_pruned_taxonomy_topdown
93858,4e7da8ca-0c90-4755-b2ec-a66c21d44711,Acute effects of air pollution on respiratory health of 50-70 yr old adults,198,Digestive diseases,True,,,,,False,False,"The study does not concern non-infectious diseases of the gastrointestinal tract, liver, gallbladder, or pancreas.",,0.00,0.00,2026-09-09_09-59-56_pruned_taxonomy_topdown
3169228412,51e1a4ac-6b13-465b-963c-ec3c9228c2c4,A Hybrid Convolutional Neural Network-Temporal Attention Mechanism Approach for Real-Time Prediction of Soil Moisture and Temperature in Precision Agriculture,36,Coal,True,,,,,False,False,"The study focuses on AI, IoT, soil temperature and moisture prediction, and precision agriculture; it does not address coal or its combustion.",,0.00,0.00,2026-09-09_09-59-56_pruned_taxonomy_topdown
3169228412,51e1a4ac-6b13-465b-963c-ec3c9228c2c4,A Hybrid Convolutional Neural Network-Temporal Attention Mechanism Approach for Real-Time Prediction of Soil Moisture and Temperature in Precision Agriculture,35,(Unspecified) fossil fuels,True,,,,,False,False,The study does not discuss fossil fuel use or combustion in general.,,0.00,0.00,2026-09-09_09-59-56_pruned_taxonomy_topdown
3169228412,51e1a4ac-6b13-465b-963c-ec3c9228c2c4,A Hybrid Convolutional Neural Network-Temporal Attention Mechanism Approach for Real-Time Prediction of Soil Moisture and Temperature in Precision Agriculture,38,Oil,True,,,,,False,False,"The study does not address petroleum, petrol, diesel, jet fuel, or other liquid fossil fuels.",,0.00,0.00,2026-09-09_09-59-56_pruned_taxonomy_topdown
3169228412,51e1a4ac-6b13-465b-963c-ec3c9228c2c4,A Hybrid Convolutional Neural Network-Temporal Attention Mechanism Approach for Real-Time Prediction of Soil Moisture and Temperature in Precision Agriculture,37,Natural gas,True,,,,,False,False,"The study does not address natural gas, methane, or gas combustion.",,0.00,0.00,2026-09-09_09-59-56_pruned_taxonomy_topdown
3169228412,51e1a4ac-6b13-465b-963c-ec3c9228c2c4,A Hybrid Convolutional Neural Network-Temporal Attention Mechanism Approach for Real-Time Prediction of Soil Moisture and Temperature in Precision Agriculture,17,(Unspecified) greenhouse gases,True,,,,,False,False,"The study concerns AI-driven precision agriculture, soil temperature, soil moisture, and irrigation optimization; it does not study greenhouse gases collectively.",,0.00,0.00,2026-09-09_09-59-56_pruned_taxonomy_topdown
3169228412,51e1a4ac-6b13-465b-963c-ec3c9228c2c4,A Hybrid Convolutional Neural Network-Temporal Attention Mechanism Approach for Real-Time Prediction of Soil Moisture and Temperature in Precision Agriculture,18,Carbon dioxide (CO₂),True,,,,,False,False,"Carbon dioxide is not identified or investigated as an exposure, emission, or outcome.",,0.00,0.00,2026-09-09_09-59-56_pruned_taxonomy_topdown
3169228412,51e1a4ac-6b13-465b-963c-ec3c9228c2c4,A Hybrid Convolutional Neural Network-Temporal Attention Mechanism Approach for Real-Time Prediction of Soil Moisture and Temperature in Precision Agriculture,22,Ozone-depleting substances / chlorofluorocarbons / hydrochlorofluorocarbons / halons / carbon tetrachloride / methyl chloroform,True,,,,,False,False,The study does not address ozone-depleting compounds or Montreal Protocol-regulated substances.,,0.00,0.00,2026-09-09_09-59-56_pruned_taxonomy_topdown
3169228412,51e1a4ac-6b13-465b-963c-ec3c9228c2c4,A Hybrid Convolutional Neural Network-Temporal Attention Mechanism Approach for Real-Time Prediction of Soil Moisture and Temperature in Precision Agriculture,19,Fluorinated gases / hydrofluorocarbons / perfluorocarbons / sulfur hexafluoride / nitrogen trifluoride,True,,,,,False,False,"Synthetic industrial greenhouse gases are not part of the study's exposures, methods, or outcomes.",,0.00,0.00,2026-09-09_09-59-56_pruned_taxonomy_topdown
3169228412,51e1a4ac-6b13-465b-963c-ec3c9228c2c4,A Hybrid Convolutional Neural Network-Temporal Attention Mechanism Approach for Real-Time Prediction of Soil Moisture and Temperature in Precision Agriculture,20,Methane (CH₄),True,,,,,False,False,"Methane emissions from livestock, rice cultivation, landfills, or fossil fuel extraction are not studied.",,0.00,0.00,2026-09-09_09-59-56_pruned_taxonomy_topdown
3169228412,51e1a4ac-6b13-465b-963c-ec3c9228c2c4,A Hybrid Convolutional Neural Network-Temporal Attention Mechanism Approach for Real-Time Prediction of Soil Moisture and Temperature in Precision Agriculture,21,Nitrous oxide (N₂O),True,,,,,False,False,"Nitrous oxide emissions from agricultural soils, livestock, or fertilisers are not investigated.",,0.00,0.00,2026-09-09_09-59-56_pruned_taxonomy_topdown
3169228412,51e1a4ac-6b13-465b-963c-ec3c9228c2c4,A Hybrid Convolutional Neural Network-Temporal Attention Mechanism Approach for Real-Time Prediction of Soil Moisture and Temperature in Precision Agriculture,23,Particulate matter (PM10) / fine particulate matter (PM2.5) / black/organic carbon / sulfate/nitrate aerosols,True,,,,,False,False,"The study does not examine particulate matter, aerosols, or associated respiratory and cardiovascular effects.",,0.00,0.00,2026-09-09_09-59-56_pruned_taxonomy_topdown
3169228412,51e1a4ac-6b13-465b-963c-ec3c9228c2c4,A Hybrid Convolutional Neural Network-Temporal Attention Mechanism Approach for Real-Time Prediction of Soil Moisture and Temperature in Precision Agriculture,24,Tropospheric ozone (O₃),True,,,,,False,False,Ground-level ozone and its photochemical precursors are not addressed.,,0.00,0.00,2026-09-09_09-59-56_pruned_taxonomy_topdown
3169228412,51e1a4ac-6b13-465b-963c-ec3c9228c2c4,A Hybrid Convolutional Neural Network-Temporal Attention Mechanism Approach for Real-Time Prediction of Soil Moisture and Temperature in Precision Agriculture,26,Extreme cold,True,,,,,False,False,"The study does not address unusually low temperatures, cold snaps, blizzards, or cold-related health outcomes.",,0.00,0.00,2026-09-09_09-59-56_pruned_taxonomy_topdown
3169228412,51e1a4ac-6b13-465b-963c-ec3c9228c2c4,A Hybrid Convolutional Neural Network-Temporal Attention Mechanism Approach for Real-Time Prediction of Soil Moisture and Temperature in Precision Agriculture,27,Extreme heat,True,,,,,False,False,The study does not specifically examine high temperatures or heatwaves and their direct health risks.,,0.00,0.00,2026-09-09_09-59-56_pruned_taxonomy_topdown
3169228412,51e1a4ac-6b13-465b-963c-ec3c9228c2c4,A Hybrid Convolutional Neural Network-Temporal Attention Mechanism Approach for Real-Time Prediction of Soil Moisture and Temperature in Precision Agriculture,28,Extreme precipitation,True,,,,,False,False,"Rainfall, snowfall, or unusually intense precipitation are not studied as exposures or hazards.",,0.00,0.00,2026-09-09_09-59-56_pruned_taxonomy_topdown
3169228412,51e1a4ac-6b13-465b-963c-ec3c9228c2c4,A Hybrid Convolutional Neural Network-Temporal Attention Mechanism Approach for Real-Time Prediction of Soil Moisture and Temperature in Precision Agriculture,30,Floods,True,,,,,False,False,Flooding or temporary inundation is not a subject of the study.,,0.00,0.00,2026-09-09_09-59-56_pruned_taxonomy_topdown
3169228412,51e1a4ac-6b13-465b-963c-ec3c9228c2c4,A Hybrid Convolutional Neural Network-Temporal Attention Mechanism Approach for Real-Time Prediction of Soil Moisture and Temperature in Precision Agriculture,33,Wildfires,True,,,,,False,False,Wildfires and wildfire smoke or related air-pollution health impacts are not examined.,,0.00,0.00,2026-09-09_09-59-56_pruned_taxonomy_topdown
3169228412,51e1a4ac-6b13-465b-963c-ec3c9228c2c4,A Hybrid Convolutional Neural Network-Temporal Attention Mechanism Approach for Real-Time Prediction of Soil Moisture and Temperature in Precision Agriculture,25,Droughts,True,,,,,False,False,"Although soil moisture and irrigation are central to the agricultural model, the study does not investigate prolonged hydrological drought or its effects on water availability, health, nutrition, or livelihoods as a climate hazard.",,0.00,0.00,2026-09-09_09-59-56_pruned_taxonomy_topdown
3169228412,51e1a4ac-6b13-465b-963c-ec3c9228c2c4,A Hybrid Convolutional Neural Network-Temporal Attention Mechanism Approach for Real-Time Prediction of Soil Moisture and Temperature in Precision Agriculture,29,Extreme snow/ice events,True,,,,,False,False,"The study does not address severe snow, ice, blizzards, freezing rain, or ice storms.",,0.00,0.00,2026-09-09_09-59-56_pruned_taxonomy_topdown
3169228412,51e1a4ac-6b13-465b-963c-ec3c9228c2c4,A Hybrid Convolutional Neural Network-Temporal Attention Mechanism Approach for Real-Time Prediction of Soil Moisture and Temperature in Precision Agriculture,31,Sand and dust storms,True,,,,,False,False,Sand or dust storms and wind-driven airborne particles are not discussed.,,0.00,0.00,2026-09-09_09-59-56_pruned_taxonomy_topdown
3169228412,51e1a4ac-6b13-465b-963c-ec3c9228c2c4,A Hybrid Convolutional Neural Network-Temporal Attention Mechanism Approach for Real-Time Prediction of Soil Moisture and Temperature in Precision Agriculture,32,Storms and severe wind,True,,,,,False,False,"Tropical cyclones, hurricanes, typhoons, severe thunderstorms, hailstorms, or other specified intense meteorological events are not studied.",,0.00,0.00,2026-09-09_09-59-56_pruned_taxonomy_topdown
3169228412,51e1a4ac-6b13-465b-963c-ec3c9228c2c4,A Hybrid Convolutional Neural Network-Temporal Attention Mechanism Approach for Real-Time Prediction of Soil Moisture and Temperature in Precision Agriculture,34,Z_(Unspecified) extreme weather events,True,,,,,True,True,"The abstract explicitly refers to resilience against extreme weather conditions without identifying a specific event type, which fits the generic extreme-weather concept.","allowing farmers to optimize irrigation schedules, reduce resource waste, and improve crop resilience against extreme weather conditions.",0.00,100.00,2026-09-09_09-59-56_pruned_taxonomy_topdown
3169228412,51e1a4ac-6b13-465b-963c-ec3c9228c2c4,A Hybrid Convolutional Neural Network-Temporal Attention Mechanism Approach for Real-Time Prediction of Soil Moisture and Temperature in Precision Agriculture,493,Attribution,True,,,,,False,False,"The study does not establish whether climate change caused observed changes in weather, agricultural conditions, or health outcomes.",,0.00,0.00,2026-09-09_09-59-56_pruned_taxonomy_topdown
3169228412,51e1a4ac-6b13-465b-963c-ec3c9228c2c4,A Hybrid Convolutional Neural Network-Temporal Attention Mechanism Approach for Real-Time Prediction of Soil Moisture and Temperature in Precision Agriculture,487,Adaptation,True,,,,,True,True,"The study develops a real-time prediction and decision-support system for soil temperature and moisture to optimize irrigation and improve agricultural resilience to extreme weather, which are adaptation and climate-risk management measures.","""allowing farmers to optimize irrigation schedules, reduce resource waste, and improve crop resilience against extreme weather conditions""",0.00,98.55,2026-09-09_09-59-56_pruned_taxonomy_topdown
3169228412,51e1a4ac-6b13-465b-963c-ec3c9228c2c4,A Hybrid Convolutional Neural Network-Temporal Attention Mechanism Approach for Real-Time Prediction of Soil Moisture and Temperature in Precision Agriculture,490,Maladaptation,True,,,,,False,False,"The study does not examine adaptation actions that create unintended risks, increase vulnerability, or reduce adaptive capacity. Its focus is on improving irrigation and farming efficiency.",,0.00,0.00,2026-09-09_09-59-56_pruned_taxonomy_topdown
3169228412,51e1a4ac-6b13-465b-963c-ec3c9228c2c4,A Hybrid Convolutional Neural Network-Temporal Attention Mechanism Approach for Real-Time Prediction of Soil Moisture and Temperature in Precision Agriculture,495,Loss and damage,True,,,,,False,False,The study does not address unavoidable or irreversible losses and damages from climate change.,,0.00,0.00,2026-09-09_09-59-56_pruned_taxonomy_topdown
3169228412,51e1a4ac-6b13-465b-963c-ec3c9228c2c4,A Hybrid Convolutional Neural Network-Temporal Attention Mechanism Approach for Real-Time Prediction of Soil Moisture and Temperature in Precision Agriculture,492,Resilience,True,,,,,True,True,"The study explicitly aims to improve crop resilience against extreme weather, which reflects adaptive capacity as an outcome or objective.","allowing farmers to optimize irrigation schedules, reduce resource waste, and improve crop resilience against extreme weather conditions.",0.00,100.00,2026-09-09_09-59-56_pruned_taxonomy_topdown
3169228412,51e1a4ac-6b13-465b-963c-ec3c9228c2c4,A Hybrid Convolutional Neural Network-Temporal Attention Mechanism Approach for Real-Time Prediction of Soil Moisture and Temperature in Precision Agriculture,489,Mitigation,True,,,,,False,False,"Although the study mentions reducing resource waste and conserving fertilizers, it does not address greenhouse-gas emissions, fossil fuels, or actions specifically intended to reduce emissions.",,0.00,0.00,2026-09-09_09-59-56_pruned_taxonomy_topdown
3169228412,51e1a4ac-6b13-465b-963c-ec3c9228c2c4,A Hybrid Convolutional Neural Network-Temporal Attention Mechanism Approach for Real-Time Prediction of Soil Moisture and Temperature in Precision Agriculture,491,Preparedness,True,,,,,False,False,"Although the system supports real-time irrigation decisions, the study does not fundamentally concern advance climate adaptation planning or preparedness for climate-related events; it focuses on precision agriculture and operational efficiency.",,0.00,0.00,2026-09-09_09-59-56_pruned_taxonomy_topdown
3169228412,51e1a4ac-6b13-465b-963c-ec3c9228c2c4,A Hybrid Convolutional Neural Network-Temporal Attention Mechanism Approach for Real-Time Prediction of Soil Moisture and Temperature in Precision Agriculture,494,Future impact,True,,,,,False,False,"The study presents real-time predictions of soil temperature and moisture, not projected future climate-change impacts based on climate modelling or scenario analysis.",,0.00,0.00,2026-09-09_09-59-56_pruned_taxonomy_topdown
3169228412,51e1a4ac-6b13-465b-963c-ec3c9228c2c4,A Hybrid Convolutional Neural Network-Temporal Attention Mechanism Approach for Real-Time Prediction of Soil Moisture and Temperature in Precision Agriculture,496,Co-Benefits,True,,,,,False,False,No annotation with this attribute found: reverting to default,,0.00,0.00,2026-09-09_09-59-56_pruned_taxonomy_topdown
3169228412,51e1a4ac-6b13-465b-963c-ec3c9228c2c4,A Hybrid Convolutional Neural Network-Temporal Attention Mechanism Approach for Real-Time Prediction of Soil Moisture and Temperature in Precision Agriculture,488,Impact,True,,,,,False,True,The study models temperature and moisture variables relevant to agricultural exposure and explicitly considers resilience against extreme weather conditions. These are climate-related variables and hazards affecting agricultural systems.,"""real time crop soil temperature and Soil Moisture prognosis""",0.00,96.72,2026-09-09_09-59-56_pruned_taxonomy_topdown
3169228412,51e1a4ac-6b13-465b-963c-ec3c9228c2c4,A Hybrid Convolutional Neural Network-Temporal Attention Mechanism Approach for Real-Time Prediction of Soil Moisture and Temperature in Precision Agriculture,6,(Unspecified) changes in weather,True,,,,,False,False,"The study concerns real-time prediction of crop soil temperature and soil moisture, not general changes or variability in weather patterns.",,0.00,0.00,2026-09-09_09-59-56_pruned_taxonomy_topdown
3169228412,51e1a4ac-6b13-465b-963c-ec3c9228c2c4,A Hybrid Convolutional Neural Network-Temporal Attention Mechanism Approach for Real-Time Prediction of Soil Moisture and Temperature in Precision Agriculture,15,Changes in wind speed,True,,,,,False,False,Wind patterns or wind velocity are not studied.,,0.00,0.00,2026-09-09_09-59-56_pruned_taxonomy_topdown
3169228412,51e1a4ac-6b13-465b-963c-ec3c9228c2c4,A Hybrid Convolutional Neural Network-Temporal Attention Mechanism Approach for Real-Time Prediction of Soil Moisture and Temperature in Precision Agriculture,13,Changes in season length,True,,,,,False,False,Seasonal duration or shifts in season onset are not addressed.,,0.00,0.00,2026-09-09_09-59-56_pruned_taxonomy_topdown
3169228412,51e1a4ac-6b13-465b-963c-ec3c9228c2c4,A Hybrid Convolutional Neural Network-Temporal Attention Mechanism Approach for Real-Time Prediction of Soil Moisture and Temperature in Precision Agriculture,7,(Unspecified) climate change,True,,,,,False,False,The study does not examine climate change as a general driver or phenomenon; it focuses on AI-based farm monitoring and prediction.,,0.00,0.00,2026-09-09_09-59-56_pruned_taxonomy_topdown
3169228412,51e1a4ac-6b13-465b-963c-ec3c9228c2c4,A Hybrid Convolutional Neural Network-Temporal Attention Mechanism Approach for Real-Time Prediction of Soil Moisture and Temperature in Precision Agriculture,16,Climate variability,True,,,,,False,False,"Although the abstract mentions extreme weather, it does not analyze climate variability or fluctuations in climate statistics over time.",,0.00,0.00,2026-09-09_09-59-56_pruned_taxonomy_topdown
3169228412,51e1a4ac-6b13-465b-963c-ec3c9228c2c4,A Hybrid Convolutional Neural Network-Temporal Attention Mechanism Approach for Real-Time Prediction of Soil Moisture and Temperature in Precision Agriculture,9,Changes in humidity,True,,,,,False,False,"The study predicts soil moisture, not atmospheric moisture or humidity and its health-related effects.",,0.00,0.00,2026-09-09_09-59-56_pruned_taxonomy_topdown
3169228412,51e1a4ac-6b13-465b-963c-ec3c9228c2c4,A Hybrid Convolutional Neural Network-Temporal Attention Mechanism Approach for Real-Time Prediction of Soil Moisture and Temperature in Precision Agriculture,12,Changes in sea level,True,,,,,False,False,Sea-level rise is not part of the study.,,0.00,0.00,2026-09-09_09-59-56_pruned_taxonomy_topdown
3169228412,51e1a4ac-6b13-465b-963c-ec3c9228c2c4,A Hybrid Convolutional Neural Network-Temporal Attention Mechanism Approach for Real-Time Prediction of Soil Moisture and Temperature in Precision Agriculture,11,Changes in precipitation,True,,,,,False,False,Rainfall or snowfall changes are not investigated; the system focuses on soil temperature and soil moisture measurements.,,0.00,0.00,2026-09-09_09-59-56_pruned_taxonomy_topdown
3169228412,51e1a4ac-6b13-465b-963c-ec3c9228c2c4,A Hybrid Convolutional Neural Network-Temporal Attention Mechanism Approach for Real-Time Prediction of Soil Moisture and Temperature in Precision Agriculture,10,Changes in inland water bodies,True,,,,,False,False,"The study addresses irrigation optimization and water conservation in farming, but does not examine climate-driven changes in freshwater systems, river flows, lake levels, or broader hydrological patterns.",,0.00,0.00,2026-09-09_09-59-56_pruned_taxonomy_topdown
3169228412,51e1a4ac-6b13-465b-963c-ec3c9228c2c4,A Hybrid Convolutional Neural Network-Temporal Attention Mechanism Approach for Real-Time Prediction of Soil Moisture and Temperature in Precision Agriculture,14,Changes in temperature,True,,,,,True,False,"The model predicts crop soil temperature, but the study does not examine long-term shifts in mean or extreme environmental temperature conditions.",,0.00,0.00,2026-09-09_09-59-56_pruned_taxonomy_topdown
3169228412,51e1a4ac-6b13-465b-963c-ec3c9228c2c4,A Hybrid Convolutional Neural Network-Temporal Attention Mechanism Approach for Real-Time Prediction of Soil Moisture and Temperature in Precision Agriculture,8,Changes in glacier / snow melt,True,,,,,False,False,Glacier or snowpack melting is not addressed.,,0.00,0.00,2026-09-09_09-59-56_pruned_taxonomy_topdown
3169228412,51e1a4ac-6b13-465b-963c-ec3c9228c2c4,A Hybrid Convolutional Neural Network-Temporal Attention Mechanism Approach for Real-Time Prediction of Soil Moisture and Temperature in Precision Agriculture,476,Education (Sector),True,,,,,False,False,"The study concerns agricultural technology and farm management, not formal or informal education systems.",,0.00,0.00,2026-09-09_09-59-56_pruned_taxonomy_topdown
3169228412,51e1a4ac-6b13-465b-963c-ec3c9228c2c4,A Hybrid Convolutional Neural Network-Temporal Attention Mechanism Approach for Real-Time Prediction of Soil Moisture and Temperature in Precision Agriculture,485,Transportation (Sector),True,,,,,False,False,"Transport systems, infrastructure, and logistics are not subjects of the study.",,0.00,0.00,2026-09-09_09-59-56_pruned_taxonomy_topdown
3169228412,51e1a4ac-6b13-465b-963c-ec3c9228c2c4,A Hybrid Convolutional Neural Network-Temporal Attention Mechanism Approach for Real-Time Prediction of Soil Moisture and Temperature in Precision Agriculture,483,Public administration (Sector),True,,,,,False,False,"Government agencies, public administration, and civil-service operations are not examined.",,0.00,0.00,2026-09-09_09-59-56_pruned_taxonomy_topdown
3169228412,51e1a4ac-6b13-465b-963c-ec3c9228c2c4,A Hybrid Convolutional Neural Network-Temporal Attention Mechanism Approach for Real-Time Prediction of Soil Moisture and Temperature in Precision Agriculture,479,Healthcare (Sector),True,,,,,False,False,"The study does not concern medical care, public health services, or health infrastructure.",,0.00,0.00,2026-09-09_09-59-56_pruned_taxonomy_topdown
3169228412,51e1a4ac-6b13-465b-963c-ec3c9228c2c4,A Hybrid Convolutional Neural Network-Temporal Attention Mechanism Approach for Real-Time Prediction of Soil Moisture and Temperature in Precision Agriculture,486,"Water, sanitation, and waste management (Sector)",True,,,,,False,False,"Although irrigation and water conservation are discussed, the study does not examine water supply, sewage treatment, or waste-management systems as a sector.",,0.00,0.00,2026-09-09_09-59-56_pruned_taxonomy_topdown
3169228412,51e1a4ac-6b13-465b-963c-ec3c9228c2c4,A Hybrid Convolutional Neural Network-Temporal Attention Mechanism Approach for Real-Time Prediction of Soil Moisture and Temperature in Precision Agriculture,475,Buildings / housing (Sector),True,,,,,False,False,"Buildings, housing, and construction are not part of the study's subject.",,0.00,0.00,2026-09-09_09-59-56_pruned_taxonomy_topdown
3169228412,51e1a4ac-6b13-465b-963c-ec3c9228c2c4,A Hybrid Convolutional Neural Network-Temporal Attention Mechanism Approach for Real-Time Prediction of Soil Moisture and Temperature in Precision Agriculture,478,Finance (Sector),True,,,,,False,False,"Banking, insurance, investment, and financial services are not examined.",,0.00,0.00,2026-09-09_09-59-56_pruned_taxonomy_topdown
3169228412,51e1a4ac-6b13-465b-963c-ec3c9228c2c4,A Hybrid Convolutional Neural Network-Temporal Attention Mechanism Approach for Real-Time Prediction of Soil Moisture and Temperature in Precision Agriculture,484,Social protection (Sector),True,,,,,False,False,Social safety nets and welfare services are not subjects of the study.,,0.00,0.00,2026-09-09_09-59-56_pruned_taxonomy_topdown
3169228412,51e1a4ac-6b13-465b-963c-ec3c9228c2c4,A Hybrid Convolutional Neural Network-Temporal Attention Mechanism Approach for Real-Time Prediction of Soil Moisture and Temperature in Precision Agriculture,481,Information and communications technologies (Sector),True,,,,,False,True,"The study develops and deploys an AI and IoT system using Edge AI devices, sensors, and real-time digital processing, making information technology and digital infrastructure a genuine focus.","""Precision Agriculture is a combination of Artificial Intelligence (AI) and the Internet of Things (IoT)""",0.00,99.04,2026-09-09_09-59-56_pruned_taxonomy_topdown
3169228412,51e1a4ac-6b13-465b-963c-ec3c9228c2c4,A Hybrid Convolutional Neural Network-Temporal Attention Mechanism Approach for Real-Time Prediction of Soil Moisture and Temperature in Precision Agriculture,480,"Industry, trade, and services (Sector)",True,,,,,False,False,"Manufacturing, retail, wholesale trade, and commercial services are not examined.",,0.00,0.00,2026-09-09_09-59-56_pruned_taxonomy_topdown
3169228412,51e1a4ac-6b13-465b-963c-ec3c9228c2c4,A Hybrid Convolutional Neural Network-Temporal Attention Mechanism Approach for Real-Time Prediction of Soil Moisture and Temperature in Precision Agriculture,477,Energy and extractives (Sector),True,,,,,False,False,"Electricity generation, fuel production, and resource extraction are not subjects of the study.",,0.00,0.00,2026-09-09_09-59-56_pruned_taxonomy_topdown
3169228412,51e1a4ac-6b13-465b-963c-ec3c9228c2c4,A Hybrid Convolutional Neural Network-Temporal Attention Mechanism Approach for Real-Time Prediction of Soil Moisture and Temperature in Precision Agriculture,482,Military (Sector),True,,,,,False,False,"Military forces, defense capabilities, and military infrastructure are not involved.",,0.00,0.00,2026-09-09_09-59-56_pruned_taxonomy_topdown
3169228412,51e1a4ac-6b13-465b-963c-ec3c9228c2c4,A Hybrid Convolutional Neural Network-Temporal Attention Mechanism Approach for Real-Time Prediction of Soil Moisture and Temperature in Precision Agriculture,474,"Agriculture, fishing, and forestry (Sector)",True,,,,,True,True,"The study is fundamentally about agriculture, specifically crop soil-temperature and soil-moisture prediction, irrigation optimization, and decision support for farms.","""enabling large-scale, real-time precision farming""",0.00,96.08,2026-09-09_09-59-56_pruned_taxonomy_topdown
3169228412,51e1a4ac-6b13-465b-963c-ec3c9228c2c4,A Hybrid Convolutional Neural Network-Temporal Attention Mechanism Approach for Real-Time Prediction of Soil Moisture and Temperature in Precision Agriculture,431,Z_Other evidence synthesis type,True,,,,,False,False,No annotation with this attribute found: reverting to default,,0.00,0.00,2026-09-09_09-59-56_pruned_taxonomy_topdown
3169228412,51e1a4ac-6b13-465b-963c-ec3c9228c2c4,A Hybrid Convolutional Neural Network-Temporal Attention Mechanism Approach for Real-Time Prediction of Soil Moisture and Temperature in Precision Agriculture,427,Health technology assessment (HTA),True,,,,,False,False,No annotation with this attribute found: reverting to default,,0.00,0.00,2026-09-09_09-59-56_pruned_taxonomy_topdown
3169228412,51e1a4ac-6b13-465b-963c-ec3c9228c2c4,A Hybrid Convolutional Neural Network-Temporal Attention Mechanism Approach for Real-Time Prediction of Soil Moisture and Temperature in Precision Agriculture,428,Meta-analysis (unsystematic),True,,,,,False,False,No annotation with this attribute found: reverting to default,,0.00,0.00,2026-09-09_09-59-56_pruned_taxonomy_topdown
3169228412,51e1a4ac-6b13-465b-963c-ec3c9228c2c4,A Hybrid Convolutional Neural Network-Temporal Attention Mechanism Approach for Real-Time Prediction of Soil Moisture and Temperature in Precision Agriculture,390,(Quasi-)Experimental / single-group designs,True,,,,,False,False,The study develops and evaluates an AI prediction model; it does not apply an intervention to a single human or other study group without a concurrent control group.,,0.00,0.00,2026-09-09_09-59-56_pruned_taxonomy_topdown
3169228412,51e1a4ac-6b13-465b-963c-ec3c9228c2c4,A Hybrid Convolutional Neural Network-Temporal Attention Mechanism Approach for Real-Time Prediction of Soil Moisture and Temperature in Precision Agriculture,397,Z_Other study design,True,,,,,False,False,"The study fits the modelling design category because it develops and evaluates a computational prediction model, so it is not best classified as an uncategorized primary research design.",,0.00,0.00,2026-09-09_09-59-56_pruned_taxonomy_topdown
3169228412,51e1a4ac-6b13-465b-963c-ec3c9228c2c4,A Hybrid Convolutional Neural Network-Temporal Attention Mechanism Approach for Real-Time Prediction of Soil Moisture and Temperature in Precision Agriculture,394,Observational / group comparison designs,True,,,,,False,False,No observational comparison of health or other outcomes between groups defined by exposure status is conducted.,,0.00,0.00,2026-09-09_09-59-56_pruned_taxonomy_topdown
3169228412,51e1a4ac-6b13-465b-963c-ec3c9228c2c4,A Hybrid Convolutional Neural Network-Temporal Attention Mechanism Approach for Real-Time Prediction of Soil Moisture and Temperature in Precision Agriculture,393,Modelling / simulation,True,,,,,True,True,The study uses computational and machine-learning models to predict real-world environmental variables under an agricultural decision-support application.,This work presents hybrid CNN-TAM (Convolutional Neural Network–Temporal Attention Mechanism) model running on Edge AI devices for real time crop soil temperature and Soil Moisture prognosis.,0.00,100.00,2026-09-09_09-59-56_pruned_taxonomy_topdown
3169228412,51e1a4ac-6b13-465b-963c-ec3c9228c2c4,A Hybrid Convolutional Neural Network-Temporal Attention Mechanism Approach for Real-Time Prediction of Soil Moisture and Temperature in Precision Agriculture,387,1. Primary research,True,,,,,True,True,"The study develops and evaluates a new AI prediction system using IoT sensor data and experimental performance comparisons, indicating primary research that collects and analyses data directly.",This work presents hybrid CNN-TAM (Convolutional Neural Network–Temporal Attention Mechanism) model running on Edge AI devices for real time crop soil temperature and Soil Moisture prognosis.,0.00,100.00,2026-09-09_09-59-56_pruned_taxonomy_topdown
3169228412,51e1a4ac-6b13-465b-963c-ec3c9228c2c4,A Hybrid Convolutional Neural Network-Temporal Attention Mechanism Approach for Real-Time Prediction of Soil Moisture and Temperature in Precision Agriculture,395,Observational / single-group designs,True,,,,,False,False,The study does not track outcomes over time in a single exposed group to infer associations; time-series data are used to train and evaluate a prediction model.,,0.00,0.00,2026-09-09_09-59-56_pruned_taxonomy_topdown
3169228412,51e1a4ac-6b13-465b-963c-ec3c9228c2c4,A Hybrid Convolutional Neural Network-Temporal Attention Mechanism Approach for Real-Time Prediction of Soil Moisture and Temperature in Precision Agriculture,430,Systematic reviews,True,,,,,False,False,No annotation with this attribute found: reverting to default,,0.00,0.00,2026-09-09_09-59-56_pruned_taxonomy_topdown
3169228412,51e1a4ac-6b13-465b-963c-ec3c9228c2c4,A Hybrid Convolutional Neural Network-Temporal Attention Mechanism Approach for Real-Time Prediction of Soil Moisture and Temperature in Precision Agriculture,392,Mixed-methods,True,,,,,False,False,The abstract describes computational quantitative modelling and does not report integrated qualitative data collection or analysis.,,0.00,0.00,2026-09-09_09-59-56_pruned_taxonomy_topdown
3169228412,51e1a4ac-6b13-465b-963c-ec3c9228c2c4,A Hybrid Convolutional Neural Network-Temporal Attention Mechanism Approach for Real-Time Prediction of Soil Moisture and Temperature in Precision Agriculture,396,Qualitative designs,True,,,,,False,False,"No qualitative methods are used to explore meanings, experiences, or contextual factors.",,0.00,0.00,2026-09-09_09-59-56_pruned_taxonomy_topdown
3169228412,51e1a4ac-6b13-465b-963c-ec3c9228c2c4,A Hybrid Convolutional Neural Network-Temporal Attention Mechanism Approach for Real-Time Prediction of Soil Moisture and Temperature in Precision Agriculture,426,Guideline (clinical or public health),True,,,,,False,False,No annotation with this attribute found: reverting to default,,0.00,0.00,2026-09-09_09-59-56_pruned_taxonomy_topdown
3169228412,51e1a4ac-6b13-465b-963c-ec3c9228c2c4,A Hybrid Convolutional Neural Network-Temporal Attention Mechanism Approach for Real-Time Prediction of Soil Moisture and Temperature in Precision Agriculture,389,(Quasi-)Experimental / group comparison designs,True,,,,,False,False,"The comparisons are between predictive algorithms and do not involve an intervention group versus human, agricultural, or other control groups in an experimental study design.",,0.00,0.00,2026-09-09_09-59-56_pruned_taxonomy_topdown
3169228412,51e1a4ac-6b13-465b-963c-ec3c9228c2c4,A Hybrid Convolutional Neural Network-Temporal Attention Mechanism Approach for Real-Time Prediction of Soil Moisture and Temperature in Precision Agriculture,391,Descriptive / single-group designs,True,,,,,False,False,The study does not merely describe the frequency or distribution of outcomes in a single group; it develops and evaluates a predictive computational model.,,0.00,0.00,2026-09-09_09-59-56_pruned_taxonomy_topdown
3169228412,51e1a4ac-6b13-465b-963c-ec3c9228c2c4,A Hybrid Convolutional Neural Network-Temporal Attention Mechanism Approach for Real-Time Prediction of Soil Moisture and Temperature in Precision Agriculture,388,2. Evidence synthesis,True,,,,,False,False,"The study is an original model-development and experimental evaluation study, not a review or synthesis of existing studies or literature.",,0.00,0.00,2026-09-09_09-59-56_pruned_taxonomy_topdown
3169228412,51e1a4ac-6b13-465b-963c-ec3c9228c2c4,A Hybrid Convolutional Neural Network-Temporal Attention Mechanism Approach for Real-Time Prediction of Soil Moisture and Temperature in Precision Agriculture,429,Narrative review,True,,,,,False,False,No annotation with this attribute found: reverting to default,,0.00,0.00,2026-09-09_09-59-56_pruned_taxonomy_topdown
3169228412,51e1a4ac-6b13-465b-963c-ec3c9228c2c4,A Hybrid Convolutional Neural Network-Temporal Attention Mechanism Approach for Real-Time Prediction of Soil Moisture and Temperature in Precision Agriculture,202,Neurological disorders,True,,,,,False,False,No annotation with this attribute found: reverting to default,,0.00,0.00,2026-09-09_09-59-56_pruned_taxonomy_topdown
3169228412,51e1a4ac-6b13-465b-963c-ec3c9228c2c4,A Hybrid Convolutional Neural Network-Temporal Attention Mechanism Approach for Real-Time Prediction of Soil Moisture and Temperature in Precision Agriculture,116,1.1. Total / all-cause mortality (Outcome),True,,,,,False,False,No annotation with this attribute found: reverting to default,,0.00,0.00,2026-09-09_09-59-56_pruned_taxonomy_topdown
3169228412,51e1a4ac-6b13-465b-963c-ec3c9228c2c4,A Hybrid Convolutional Neural Network-Temporal Attention Mechanism Approach for Real-Time Prediction of Soil Moisture and Temperature in Precision Agriculture,196,Chronic respiratory diseases,True,,,,,False,False,No annotation with this attribute found: reverting to default,,0.00,0.00,2026-09-09_09-59-56_pruned_taxonomy_topdown
3169228412,51e1a4ac-6b13-465b-963c-ec3c9228c2c4,A Hybrid Convolutional Neural Network-Temporal Attention Mechanism Approach for Real-Time Prediction of Soil Moisture and Temperature in Precision Agriculture,206,Z_Other non-communicable diseases,True,,,,,False,False,No annotation with this attribute found: reverting to default,,0.00,0.00,2026-09-09_09-59-56_pruned_taxonomy_topdown
3169228412,51e1a4ac-6b13-465b-963c-ec3c9228c2c4,A Hybrid Convolutional Neural Network-Temporal Attention Mechanism Approach for Real-Time Prediction of Soil Moisture and Temperature in Precision Agriculture,117,"1.2. Communicable, maternal, neonatal, and nutritional mortality",True,,,,,False,False,No annotation with this attribute found: reverting to default,,0.00,0.00,2026-09-09_09-59-56_pruned_taxonomy_topdown
3169228412,51e1a4ac-6b13-465b-963c-ec3c9228c2c4,A Hybrid Convolutional Neural Network-Temporal Attention Mechanism Approach for Real-Time Prediction of Soil Moisture and Temperature in Precision Agriculture,199,Mental disorders,True,,,,,False,False,No annotation with this attribute found: reverting to default,,0.00,0.00,2026-09-09_09-59-56_pruned_taxonomy_topdown
3169228412,51e1a4ac-6b13-465b-963c-ec3c9228c2c4,A Hybrid Convolutional Neural Network-Temporal Attention Mechanism Approach for Real-Time Prediction of Soil Moisture and Temperature in Precision Agriculture,204,Skin and subcutaneous diseases,True,,,,,False,False,No annotation with this attribute found: reverting to default,,0.00,0.00,2026-09-09_09-59-56_pruned_taxonomy_topdown
3169228412,51e1a4ac-6b13-465b-963c-ec3c9228c2c4,A Hybrid Convolutional Neural Network-Temporal Attention Mechanism Approach for Real-Time Prediction of Soil Moisture and Temperature in Precision Agriculture,134,HIV/AIDS and sexually transmitted infections,True,,,,,False,False,No annotation with this attribute found: reverting to default,,0.00,0.00,2026-09-09_09-59-56_pruned_taxonomy_topdown
3169228412,51e1a4ac-6b13-465b-963c-ec3c9228c2c4,A Hybrid Convolutional Neural Network-Temporal Attention Mechanism Approach for Real-Time Prediction of Soil Moisture and Temperature in Precision Agriculture,137,Nutritional deficiencies,True,,,,,False,False,No annotation with this attribute found: reverting to default,,0.00,0.00,2026-09-09_09-59-56_pruned_taxonomy_topdown
3169228412,51e1a4ac-6b13-465b-963c-ec3c9228c2c4,A Hybrid Convolutional Neural Network-Temporal Attention Mechanism Approach for Real-Time Prediction of Soil Moisture and Temperature in Precision Agriculture,200,Musculoskeletal disorders,True,,,,,False,False,No annotation with this attribute found: reverting to default,,0.00,0.00,2026-09-09_09-59-56_pruned_taxonomy_topdown
3169228412,51e1a4ac-6b13-465b-963c-ec3c9228c2c4,A Hybrid Convolutional Neural Network-Temporal Attention Mechanism Approach for Real-Time Prediction of Soil Moisture and Temperature in Precision Agriculture,139,Z_Other infectious diseases,True,,,,,False,False,No annotation with this attribute found: reverting to default,,0.00,0.00,2026-09-09_09-59-56_pruned_taxonomy_topdown
3169228412,51e1a4ac-6b13-465b-963c-ec3c9228c2c4,A Hybrid Convolutional Neural Network-Temporal Attention Mechanism Approach for Real-Time Prediction of Soil Moisture and Temperature in Precision Agriculture,289,Transport injuries,True,,,,,False,False,No annotation with this attribute found: reverting to default,,0.00,0.00,2026-09-09_09-59-56_pruned_taxonomy_topdown
3169228412,51e1a4ac-6b13-465b-963c-ec3c9228c2c4,A Hybrid Convolutional Neural Network-Temporal Attention Mechanism Approach for Real-Time Prediction of Soil Moisture and Temperature in Precision Agriculture,135,Maternal and neonatal disorders,True,,,,,False,False,No annotation with this attribute found: reverting to default,,0.00,0.00,2026-09-09_09-59-56_pruned_taxonomy_topdown
3169228412,51e1a4ac-6b13-465b-963c-ec3c9228c2c4,A Hybrid Convolutional Neural Network-Temporal Attention Mechanism Approach for Real-Time Prediction of Soil Moisture and Temperature in Precision Agriculture,136,Neglected tropical diseases and malaria,True,,,,,False,False,No annotation with this attribute found: reverting to default,,0.00,0.00,2026-09-09_09-59-56_pruned_taxonomy_topdown
3169228412,51e1a4ac-6b13-465b-963c-ec3c9228c2c4,A Hybrid Convolutional Neural Network-Temporal Attention Mechanism Approach for Real-Time Prediction of Soil Moisture and Temperature in Precision Agriculture,195,Cardiovascular diseases,True,,,,,False,False,No annotation with this attribute found: reverting to default,,0.00,0.00,2026-09-09_09-59-56_pruned_taxonomy_topdown
3169228412,51e1a4ac-6b13-465b-963c-ec3c9228c2c4,A Hybrid Convolutional Neural Network-Temporal Attention Mechanism Approach for Real-Time Prediction of Soil Moisture and Temperature in Precision Agriculture,288,Self-harm and interpersonal violence,True,,,,,False,False,No annotation with this attribute found: reverting to default,,0.00,0.00,2026-09-09_09-59-56_pruned_taxonomy_topdown
3169228412,51e1a4ac-6b13-465b-963c-ec3c9228c2c4,A Hybrid Convolutional Neural Network-Temporal Attention Mechanism Approach for Real-Time Prediction of Soil Moisture and Temperature in Precision Agriculture,114,3. Non-communicable diseases,True,,,,,False,False,"The study concerns AI-enabled precision agriculture, crop soil temperature, soil moisture prediction, and irrigation optimization; it does not address chronic non-infectious diseases.",,0.00,0.00,2026-09-09_09-59-56_pruned_taxonomy_topdown
3169228412,51e1a4ac-6b13-465b-963c-ec3c9228c2c4,A Hybrid Convolutional Neural Network-Temporal Attention Mechanism Approach for Real-Time Prediction of Soil Moisture and Temperature in Precision Agriculture,112,1. Mortality (Outcome),True,,,,,False,False,"The study does not examine death, mortality, causes of death, or fatal disease burden.",,0.00,0.00,2026-09-09_09-59-56_pruned_taxonomy_topdown
3169228412,51e1a4ac-6b13-465b-963c-ec3c9228c2c4,A Hybrid Convolutional Neural Network-Temporal Attention Mechanism Approach for Real-Time Prediction of Soil Moisture and Temperature in Precision Agriculture,138,Respiratory infections and tuberculosis,True,,,,,False,False,No annotation with this attribute found: reverting to default,,0.00,0.00,2026-09-09_09-59-56_pruned_taxonomy_topdown
3169228412,51e1a4ac-6b13-465b-963c-ec3c9228c2c4,A Hybrid Convolutional Neural Network-Temporal Attention Mechanism Approach for Real-Time Prediction of Soil Moisture and Temperature in Precision Agriculture,290,Unintentional injuries,True,,,,,False,False,No annotation with this attribute found: reverting to default,,0.00,0.00,2026-09-09_09-59-56_pruned_taxonomy_topdown
3169228412,51e1a4ac-6b13-465b-963c-ec3c9228c2c4,A Hybrid Convolutional Neural Network-Temporal Attention Mechanism Approach for Real-Time Prediction of Soil Moisture and Temperature in Precision Agriculture,113,"2. Communicable, maternal, neonatal, and nutritional diseases",True,,,,,False,False,"The study focuses on agricultural sensing and prediction rather than infectious, maternal, neonatal, or nutritional diseases.",,0.00,0.00,2026-09-09_09-59-56_pruned_taxonomy_topdown
3169228412,51e1a4ac-6b13-465b-963c-ec3c9228c2c4,A Hybrid Convolutional Neural Network-Temporal Attention Mechanism Approach for Real-Time Prediction of Soil Moisture and Temperature in Precision Agriculture,133,Enteric infections,True,,,,,False,False,No annotation with this attribute found: reverting to default,,0.00,0.00,2026-09-09_09-59-56_pruned_taxonomy_topdown
3169228412,51e1a4ac-6b13-465b-963c-ec3c9228c2c4,A Hybrid Convolutional Neural Network-Temporal Attention Mechanism Approach for Real-Time Prediction of Soil Moisture and Temperature in Precision Agriculture,201,Neoplasms,True,,,,,False,False,No annotation with this attribute found: reverting to default,,0.00,0.00,2026-09-09_09-59-56_pruned_taxonomy_topdown
3169228412,51e1a4ac-6b13-465b-963c-ec3c9228c2c4,A Hybrid Convolutional Neural Network-Temporal Attention Mechanism Approach for Real-Time Prediction of Soil Moisture and Temperature in Precision Agriculture,118,1.3. Non-communicable mortality,True,,,,,False,False,No annotation with this attribute found: reverting to default,,0.00,0.00,2026-09-09_09-59-56_pruned_taxonomy_topdown
3169228412,51e1a4ac-6b13-465b-963c-ec3c9228c2c4,A Hybrid Convolutional Neural Network-Temporal Attention Mechanism Approach for Real-Time Prediction of Soil Moisture and Temperature in Precision Agriculture,205,Substance use disorders,True,,,,,False,False,No annotation with this attribute found: reverting to default,,0.00,0.00,2026-09-09_09-59-56_pruned_taxonomy_topdown
3169228412,51e1a4ac-6b13-465b-963c-ec3c9228c2c4,A Hybrid Convolutional Neural Network-Temporal Attention Mechanism Approach for Real-Time Prediction of Soil Moisture and Temperature in Precision Agriculture,197,Diabetes and kidney diseases,True,,,,,False,False,No annotation with this attribute found: reverting to default,,0.00,0.00,2026-09-09_09-59-56_pruned_taxonomy_topdown
3169228412,51e1a4ac-6b13-465b-963c-ec3c9228c2c4,A Hybrid Convolutional Neural Network-Temporal Attention Mechanism Approach for Real-Time Prediction of Soil Moisture and Temperature in Precision Agriculture,203,Sense organ diseases,True,,,,,False,False,No annotation with this attribute found: reverting to default,,0.00,0.00,2026-09-09_09-59-56_pruned_taxonomy_topdown
3169228412,51e1a4ac-6b13-465b-963c-ec3c9228c2c4,A Hybrid Convolutional Neural Network-Temporal Attention Mechanism Approach for Real-Time Prediction of Soil Moisture and Temperature in Precision Agriculture,115,4. Injuries,True,,,,,False,False,"The study does not investigate physical injuries, self-harm, violence, conflict, or other external causes of bodily harm.",,0.00,0.00,2026-09-09_09-59-56_pruned_taxonomy_topdown
3169228412,51e1a4ac-6b13-465b-963c-ec3c9228c2c4,A Hybrid Convolutional Neural Network-Temporal Attention Mechanism Approach for Real-Time Prediction of Soil Moisture and Temperature in Precision Agriculture,198,Digestive diseases,True,,,,,False,False,No annotation with this attribute found: reverting to default,,0.00,0.00,2026-09-09_09-59-56_pruned_taxonomy_topdown
6572,666d0a09-e21a-4000-9239-4aa1c714f9b4,Disaster and Emergency Crisis Management Communication,36,Coal,True,,,,,False,False,"The context focuses on disaster and emergency crisis management communication, including hurricane preparedness, evacuation, and mitigation. It does not discuss coal or any other solid fossil fuel.",,0.00,0.00,2026-09-09_09-59-56_pruned_taxonomy_topdown
6572,666d0a09-e21a-4000-9239-4aa1c714f9b4,Disaster and Emergency Crisis Management Communication,35,(Unspecified) fossil fuels,True,,,,,False,False,The study context does not address fossil fuel use or combustion in general; it concerns emergency communication and disaster preparedness.,,0.00,0.00,2026-09-09_09-59-56_pruned_taxonomy_topdown
6572,666d0a09-e21a-4000-9239-4aa1c714f9b4,Disaster and Emergency Crisis Management Communication,38,Oil,True,,,,,False,False,"The context does not discuss liquid fossil fuels, petroleum products, transport, or industry-related fuel combustion.",,0.00,0.00,2026-09-09_09-59-56_pruned_taxonomy_topdown
6572,666d0a09-e21a-4000-9239-4aa1c714f9b4,Disaster and Emergency Crisis Management Communication,37,Natural gas,True,,,,,False,False,"The context does not mention natural gas, methane, heating, electricity generation, industrial processes, or methane leakage.",,0.00,0.00,2026-09-09_09-59-56_pruned_taxonomy_topdown
6572,666d0a09-e21a-4000-9239-4aa1c714f9b4,Disaster and Emergency Crisis Management Communication,17,(Unspecified) greenhouse gases,True,,,,,False,False,"The context concerns disaster and emergency crisis communication for hazards such as hurricanes, but does not address greenhouse gases collectively.",,0.00,0.00,2026-09-09_09-59-56_pruned_taxonomy_topdown
6572,666d0a09-e21a-4000-9239-4aa1c714f9b4,Disaster and Emergency Crisis Management Communication,18,Carbon dioxide (CO₂),True,,,,,False,False,Carbon dioxide and fossil fuel combustion are not discussed in the context.,,0.00,0.00,2026-09-09_09-59-56_pruned_taxonomy_topdown
6572,666d0a09-e21a-4000-9239-4aa1c714f9b4,Disaster and Emergency Crisis Management Communication,22,Ozone-depleting substances / chlorofluorocarbons / hydrochlorofluorocarbons / halons / carbon tetrachloride / methyl chloroform,True,,,,,False,False,The context does not mention ozone-depleting compounds or the Montreal Protocol.,,0.00,0.00,2026-09-09_09-59-56_pruned_taxonomy_topdown
6572,666d0a09-e21a-4000-9239-4aa1c714f9b4,Disaster and Emergency Crisis Management Communication,19,Fluorinated gases / hydrofluorocarbons / perfluorocarbons / sulfur hexafluoride / nitrogen trifluoride,True,,,,,False,False,"Synthetic industrial greenhouse gases used in refrigeration, electronics, or other applications are not addressed.",,0.00,0.00,2026-09-09_09-59-56_pruned_taxonomy_topdown
6572,666d0a09-e21a-4000-9239-4aa1c714f9b4,Disaster and Emergency Crisis Management Communication,20,Methane (CH₄),True,,,,,False,False,Methane emissions or their climate and health effects are not discussed.,,0.00,0.00,2026-09-09_09-59-56_pruned_taxonomy_topdown
6572,666d0a09-e21a-4000-9239-4aa1c714f9b4,Disaster and Emergency Crisis Management Communication,21,Nitrous oxide (N₂O),True,,,,,False,False,"Nitrous oxide, agricultural emissions, and nitrogen fertilisers are not mentioned.",,0.00,0.00,2026-09-09_09-59-56_pruned_taxonomy_topdown
6572,666d0a09-e21a-4000-9239-4aa1c714f9b4,Disaster and Emergency Crisis Management Communication,23,Particulate matter (PM10) / fine particulate matter (PM2.5) / black/organic carbon / sulfate/nitrate aerosols,True,,,,,False,False,"Particulate matter, aerosols, or respiratory and cardiovascular effects of airborne particles are not addressed.",,0.00,0.00,2026-09-09_09-59-56_pruned_taxonomy_topdown
6572,666d0a09-e21a-4000-9239-4aa1c714f9b4,Disaster and Emergency Crisis Management Communication,24,Tropospheric ozone (O₃),True,,,,,False,False,Ground-level ozone or its formation from nitrogen oxides and volatile organic compounds is not discussed.,,0.00,0.00,2026-09-09_09-59-56_pruned_taxonomy_topdown
6572,666d0a09-e21a-4000-9239-4aa1c714f9b4,Disaster and Emergency Crisis Management Communication,26,Extreme cold,True,,,,,False,False,"The context does not address cold temperatures, cold snaps, blizzards, or cold-related health outcomes.",,0.00,0.00,2026-09-09_09-59-56_pruned_taxonomy_topdown
6572,666d0a09-e21a-4000-9239-4aa1c714f9b4,Disaster and Emergency Crisis Management Communication,27,Extreme heat,True,,,,,False,False,"The context does not discuss heatwaves, high temperatures, or heat-related health risks.",,0.00,0.00,2026-09-09_09-59-56_pruned_taxonomy_topdown
6572,666d0a09-e21a-4000-9239-4aa1c714f9b4,Disaster and Emergency Crisis Management Communication,28,Extreme precipitation,True,,,,,False,False,"Rainfall, snowfall, or other unusually intense precipitation is not a focus of the crisis communication discussion.",,0.00,0.00,2026-09-09_09-59-56_pruned_taxonomy_topdown
6572,666d0a09-e21a-4000-9239-4aa1c714f9b4,Disaster and Emergency Crisis Management Communication,30,Floods,True,,,,,False,False,Flooding or temporary inundation is not discussed as a disaster type or health consequence.,,0.00,0.00,2026-09-09_09-59-56_pruned_taxonomy_topdown
6572,666d0a09-e21a-4000-9239-4aa1c714f9b4,Disaster and Emergency Crisis Management Communication,33,Wildfires,True,,,,,False,False,"The context does not address wildfires, vegetation fires, smoke, or fire-related air pollution.",,0.00,0.00,2026-09-09_09-59-56_pruned_taxonomy_topdown
6572,666d0a09-e21a-4000-9239-4aa1c714f9b4,Disaster and Emergency Crisis Management Communication,25,Droughts,True,,,,,False,False,"Although emergency supplies may include water, drought or prolonged water deficit is not part of the subject.",,0.00,0.00,2026-09-09_09-59-56_pruned_taxonomy_topdown
6572,666d0a09-e21a-4000-9239-4aa1c714f9b4,Disaster and Emergency Crisis Management Communication,29,Extreme snow/ice events,True,,,,,False,False,Severe snow or ice conditions are not discussed.,,0.00,0.00,2026-09-09_09-59-56_pruned_taxonomy_topdown
6572,666d0a09-e21a-4000-9239-4aa1c714f9b4,Disaster and Emergency Crisis Management Communication,31,Sand and dust storms,True,,,,,False,False,"Sandstorms, dust storms, and wind-driven airborne particles are not addressed.",,0.00,0.00,2026-09-09_09-59-56_pruned_taxonomy_topdown
6572,666d0a09-e21a-4000-9239-4aa1c714f9b4,Disaster and Emergency Crisis Management Communication,32,Storms and severe wind,True,,,,,True,True,"The context explicitly uses a pending hurricane as an example of a meteorological disaster requiring monitoring, warning, prevention, evacuation, and emergency response communication.","Thus, through monitoring, a vulnerable community can be alerted to a pending hurricane.",0.00,100.00,2026-09-09_09-59-56_pruned_taxonomy_topdown
6572,666d0a09-e21a-4000-9239-4aa1c714f9b4,Disaster and Emergency Crisis Management Communication,34,Z_(Unspecified) extreme weather events,True,,,,,True,False,"The context discusses disaster and emergency crisis management in general, but it does not frame the subject as an unspecified extreme-weather event; the weather example provided is specifically a hurricane.",,0.00,0.00,2026-09-09_09-59-56_pruned_taxonomy_topdown
6572,666d0a09-e21a-4000-9239-4aa1c714f9b4,Disaster and Emergency Crisis Management Communication,493,Attribution,True,,,,,False,False,The context does not establish or investigate the causal contribution of climate change to observed events or health outcomes.,,0.00,0.00,2026-09-09_09-59-56_pruned_taxonomy_topdown
6572,666d0a09-e21a-4000-9239-4aa1c714f9b4,Disaster and Emergency Crisis Management Communication,487,Adaptation,True,,,,,True,True,"The study concerns disaster preparedness, monitoring, forecasting, emergency response, evacuation, and risk management for a hurricane, all of which are adaptation-related actions addressing a climate-related extreme event.","Thus, through monitoring, a vulnerable community can be alerted to a pending hurricane. Weather forecasters track the storm, and emergency managers put into place the prevention and response protocols.",0.00,100.00,2026-09-09_09-59-56_pruned_taxonomy_topdown
6572,666d0a09-e21a-4000-9239-4aa1c714f9b4,Disaster and Emergency Crisis Management Communication,490,Maladaptation,True,,,,,False,False,"The context does not describe an adaptation action that creates unintended additional risks, increases vulnerability, or reduces adaptive capacity.",,0.00,0.00,2026-09-09_09-59-56_pruned_taxonomy_topdown
6572,666d0a09-e21a-4000-9239-4aa1c714f9b4,Disaster and Emergency Crisis Management Communication,495,Loss and damage,True,,,,,False,False,"Although potential loss of life and property damage are mentioned, the context does not address unavoidable or irreversible climate-change-related losses and damages.",,0.00,0.00,2026-09-09_09-59-56_pruned_taxonomy_topdown
6572,666d0a09-e21a-4000-9239-4aa1c714f9b4,Disaster and Emergency Crisis Management Communication,492,Resilience,True,,,,,True,True,"The discussion concerns enabling vulnerable communities to anticipate and withstand disaster threats through monitoring, preparedness, emergency supplies, sheltering, and evacuation protocols, which are components of climate-related resilience.","through monitoring, a vulnerable community can be alerted to a pending hurricane",0.00,100.00,2026-09-09_09-59-56_pruned_taxonomy_topdown
6572,666d0a09-e21a-4000-9239-4aa1c714f9b4,Disaster and Emergency Crisis Management Communication,489,Mitigation,True,,,,,False,False,"Although the context uses the term 'mitigation,' it refers to reducing disaster damage rather than reducing greenhouse-gas emissions or addressing fossil-fuel sources of harm. No greenhouse gases or fossil fuels are discussed.",,0.00,0.00,2026-09-09_09-59-56_pruned_taxonomy_topdown
6572,666d0a09-e21a-4000-9239-4aa1c714f9b4,Disaster and Emergency Crisis Management Communication,491,Preparedness,True,,,,,True,True,"The context focuses on advance planning, preparedness, communication protocols, monitoring, and implementation of prevention and response measures before and during hurricanes to reduce impacts.",Management plans need to be developed and implemented to minimize damage.,0.00,100.00,2026-09-09_09-59-56_pruned_taxonomy_topdown
6572,666d0a09-e21a-4000-9239-4aa1c714f9b4,Disaster and Emergency Crisis Management Communication,494,Future impact,True,,,,,False,False,The context does not discuss projected future effects based on climate modelling or scenario analysis.,,0.00,0.00,2026-09-09_09-59-56_pruned_taxonomy_topdown
6572,666d0a09-e21a-4000-9239-4aa1c714f9b4,Disaster and Emergency Crisis Management Communication,496,Co-Benefits,True,,,,,False,False,No annotation with this attribute found: reverting to default,,0.00,0.00,2026-09-09_09-59-56_pruned_taxonomy_topdown
6572,666d0a09-e21a-4000-9239-4aa1c714f9b4,Disaster and Emergency Crisis Management Communication,488,Impact,True,,,,,False,True,"The study addresses harms and risks to people and property from a climate-related extreme event, specifically a pending hurricane, including potential loss of life, property damage, and evacuation needs.","Communication protocols should balance information and persuasion to help risk bearers, those individuals likely to be adversely affected by disaster, understand the disaster potential",0.00,100.00,2026-09-09_09-59-56_pruned_taxonomy_topdown
6572,666d0a09-e21a-4000-9239-4aa1c714f9b4,Disaster and Emergency Crisis Management Communication,6,(Unspecified) changes in weather,True,,,,,False,False,"The context discusses disaster and emergency communication for a pending hurricane, but does not address broad changes in weather patterns.",,0.00,0.00,2026-09-09_09-59-56_pruned_taxonomy_topdown
6572,666d0a09-e21a-4000-9239-4aa1c714f9b4,Disaster and Emergency Crisis Management Communication,15,Changes in wind speed,True,,,,,False,False,Wind is mentioned only as a hazard from a hurricane and as a reason for securing objects; the study does not concern altered wind patterns or velocities.,,0.00,0.00,2026-09-09_09-59-56_pruned_taxonomy_topdown
6572,666d0a09-e21a-4000-9239-4aa1c714f9b4,Disaster and Emergency Crisis Management Communication,13,Changes in season length,True,,,,,False,False,There is no discussion of changes in season duration or timing.,,0.00,0.00,2026-09-09_09-59-56_pruned_taxonomy_topdown
6572,666d0a09-e21a-4000-9239-4aa1c714f9b4,Disaster and Emergency Crisis Management Communication,7,(Unspecified) climate change,True,,,,,False,False,The context does not address climate change in general or any climate-change drivers.,,0.00,0.00,2026-09-09_09-59-56_pruned_taxonomy_topdown
6572,666d0a09-e21a-4000-9239-4aa1c714f9b4,Disaster and Emergency Crisis Management Communication,16,Climate variability,True,,,,,False,False,The context focuses on emergency management for an individual pending hurricane rather than longer-term fluctuations in climate conditions.,,0.00,0.00,2026-09-09_09-59-56_pruned_taxonomy_topdown
6572,666d0a09-e21a-4000-9239-4aa1c714f9b4,Disaster and Emergency Crisis Management Communication,9,Changes in humidity,True,,,,,False,False,Atmospheric moisture or humidity shifts are not discussed.,,0.00,0.00,2026-09-09_09-59-56_pruned_taxonomy_topdown
6572,666d0a09-e21a-4000-9239-4aa1c714f9b4,Disaster and Emergency Crisis Management Communication,12,Changes in sea level,True,,,,,False,False,Sea-level rise is not addressed.,,0.00,0.00,2026-09-09_09-59-56_pruned_taxonomy_topdown
6572,666d0a09-e21a-4000-9239-4aa1c714f9b4,Disaster and Emergency Crisis Management Communication,11,Changes in precipitation,True,,,,,False,False,Rainfall or snowfall changes are not discussed; references to water concern emergency supplies during evacuation.,,0.00,0.00,2026-09-09_09-59-56_pruned_taxonomy_topdown
6572,666d0a09-e21a-4000-9239-4aa1c714f9b4,Disaster and Emergency Crisis Management Communication,10,Changes in inland water bodies,True,,,,,False,False,The context does not concern climate-driven changes in freshwater systems or hydrological patterns.,,0.00,0.00,2026-09-09_09-59-56_pruned_taxonomy_topdown
6572,666d0a09-e21a-4000-9239-4aa1c714f9b4,Disaster and Emergency Crisis Management Communication,14,Changes in temperature,True,,,,,False,False,Temperature trends or shifts in average or extreme temperatures are not discussed.,,0.00,0.00,2026-09-09_09-59-56_pruned_taxonomy_topdown
6572,666d0a09-e21a-4000-9239-4aa1c714f9b4,Disaster and Emergency Crisis Management Communication,8,Changes in glacier / snow melt,True,,,,,False,False,Glacier or snowpack melting is not addressed.,,0.00,0.00,2026-09-09_09-59-56_pruned_taxonomy_topdown
6572,666d0a09-e21a-4000-9239-4aa1c714f9b4,Disaster and Emergency Crisis Management Communication,476,Education (Sector),True,,,,,False,False,The context does not concern formal or informal education systems or educational institutions.,,0.00,0.00,2026-09-09_09-59-56_pruned_taxonomy_topdown
6572,666d0a09-e21a-4000-9239-4aa1c714f9b4,Disaster and Emergency Crisis Management Communication,485,Transportation (Sector),True,,,,,False,False,Roads are mentioned only incidentally as part of evacuation logistics; transport systems are not the subject of the study.,"If evacuation is ordered, it needs to follow a management plan so that streets and roads are not blocked",0.00,100.00,2026-09-09_09-59-56_pruned_taxonomy_topdown
6572,666d0a09-e21a-4000-9239-4aa1c714f9b4,Disaster and Emergency Crisis Management Communication,483,Public administration (Sector),True,,,,,True,True,"The study fundamentally concerns disaster and emergency crisis management communication, including emergency-management planning and response functions.",emergency managers put into place the prevention and response protocols,0.00,100.00,2026-09-09_09-59-56_pruned_taxonomy_topdown
6572,666d0a09-e21a-4000-9239-4aa1c714f9b4,Disaster and Emergency Crisis Management Communication,479,Healthcare (Sector),True,,,,,False,False,"Although loss of life and vulnerable people are mentioned, medical care, public health services, and health infrastructure are not examined.",,0.00,0.00,2026-09-09_09-59-56_pruned_taxonomy_topdown
6572,666d0a09-e21a-4000-9239-4aa1c714f9b4,Disaster and Emergency Crisis Management Communication,486,"Water, sanitation, and waste management (Sector)",True,,,,,False,False,"Water is mentioned only as an emergency-supply item; water supply, sewage treatment, and waste management are not study subjects.","having emergency food, water, and batteries",0.00,100.00,2026-09-09_09-59-56_pruned_taxonomy_topdown
6572,666d0a09-e21a-4000-9239-4aa1c714f9b4,Disaster and Emergency Crisis Management Communication,475,Buildings / housing (Sector),True,,,,,False,False,"Buildings and windows appear only as examples of household disaster-preparation actions, not as a sector being examined.",Such protocols might include boarding up windows,0.00,100.00,2026-09-09_09-59-56_pruned_taxonomy_topdown
6572,666d0a09-e21a-4000-9239-4aa1c714f9b4,Disaster and Emergency Crisis Management Communication,478,Finance (Sector),True,,,,,False,False,"The context does not address banking, insurance, investment, or financial services.",,0.00,0.00,2026-09-09_09-59-56_pruned_taxonomy_topdown
6572,666d0a09-e21a-4000-9239-4aa1c714f9b4,Disaster and Emergency Crisis Management Communication,484,Social protection (Sector),True,,,,,False,False,"Vulnerable populations are referenced, but social safety nets or welfare services are not the focus.","risk bearers, those individuals likely to be adversely affected by disaster",0.00,100.00,2026-09-09_09-59-56_pruned_taxonomy_topdown
6572,666d0a09-e21a-4000-9239-4aa1c714f9b4,Disaster and Emergency Crisis Management Communication,481,Information and communications technologies (Sector),True,,,,,False,False,"The context discusses communication protocols but not telecommunications, digital infrastructure, or information technology as a sector.",,0.00,0.00,2026-09-09_09-59-56_pruned_taxonomy_topdown
6572,666d0a09-e21a-4000-9239-4aa1c714f9b4,Disaster and Emergency Crisis Management Communication,480,"Industry, trade, and services (Sector)",True,,,,,False,False,"Manufacturing, trade, retail, and commercial services are not addressed.",,0.00,0.00,2026-09-09_09-59-56_pruned_taxonomy_topdown
6572,666d0a09-e21a-4000-9239-4aa1c714f9b4,Disaster and Emergency Crisis Management Communication,477,Energy and extractives (Sector),True,,,,,False,False,"The study does not concern electricity generation, fuel production, resource extraction, or energy systems.",,0.00,0.00,2026-09-09_09-59-56_pruned_taxonomy_topdown
6572,666d0a09-e21a-4000-9239-4aa1c714f9b4,Disaster and Emergency Crisis Management Communication,482,Military (Sector),True,,,,,False,False,"Emergency management is discussed, but there is no focus on armed forces, defense capabilities, military personnel, or military infrastructure.",,0.00,0.00,2026-09-09_09-59-56_pruned_taxonomy_topdown
6572,666d0a09-e21a-4000-9239-4aa1c714f9b4,Disaster and Emergency Crisis Management Communication,474,"Agriculture, fishing, and forestry (Sector)",True,,,,,False,False,"Agriculture, livestock, aquaculture, fishing, and forest management are not addressed.",,0.00,0.00,2026-09-09_09-59-56_pruned_taxonomy_topdown
6572,666d0a09-e21a-4000-9239-4aa1c714f9b4,Disaster and Emergency Crisis Management Communication,431,Z_Other evidence synthesis type,True,,,,,True,False,No annotation with this attribute found: reverting to default,,0.00,0.00,2026-09-09_09-59-56_pruned_taxonomy_topdown
6572,666d0a09-e21a-4000-9239-4aa1c714f9b4,Disaster and Emergency Crisis Management Communication,427,Health technology assessment (HTA),True,,,,,False,False,No annotation with this attribute found: reverting to default,,0.00,0.00,2026-09-09_09-59-56_pruned_taxonomy_topdown
6572,666d0a09-e21a-4000-9239-4aa1c714f9b4,Disaster and Emergency Crisis Management Communication,428,Meta-analysis (unsystematic),True,,,,,False,False,No annotation with this attribute found: reverting to default,,0.00,0.00,2026-09-09_09-59-56_pruned_taxonomy_topdown
6572,666d0a09-e21a-4000-9239-4aa1c714f9b4,Disaster and Emergency Crisis Management Communication,390,(Quasi-)Experimental / single-group designs,True,,,,,False,False,No annotation with this attribute found: reverting to default,,0.00,0.00,2026-09-09_09-59-56_pruned_taxonomy_topdown
6572,666d0a09-e21a-4000-9239-4aa1c714f9b4,Disaster and Emergency Crisis Management Communication,397,Z_Other study design,True,,,,,False,False,No annotation with this attribute found: reverting to default,,0.00,0.00,2026-09-09_09-59-56_pruned_taxonomy_topdown
6572,666d0a09-e21a-4000-9239-4aa1c714f9b4,Disaster and Emergency Crisis Management Communication,394,Observational / group comparison designs,True,,,,,False,False,No annotation with this attribute found: reverting to default,,0.00,0.00,2026-09-09_09-59-56_pruned_taxonomy_topdown
6572,666d0a09-e21a-4000-9239-4aa1c714f9b4,Disaster and Emergency Crisis Management Communication,393,Modelling / simulation,True,,,,,False,False,No annotation with this attribute found: reverting to default,,0.00,0.00,2026-09-09_09-59-56_pruned_taxonomy_topdown
6572,666d0a09-e21a-4000-9239-4aa1c714f9b4,Disaster and Emergency Crisis Management Communication,387,1. Primary research,True,,,,,False,False,"The context provides a general conceptual discussion of disaster and emergency crisis communication and management protocols, but does not describe collecting or analysing new empirical data.",,0.00,0.00,2026-09-09_09-59-56_pruned_taxonomy_topdown
6572,666d0a09-e21a-4000-9239-4aa1c714f9b4,Disaster and Emergency Crisis Management Communication,395,Observational / single-group designs,True,,,,,False,False,No annotation with this attribute found: reverting to default,,0.00,0.00,2026-09-09_09-59-56_pruned_taxonomy_topdown
6572,666d0a09-e21a-4000-9239-4aa1c714f9b4,Disaster and Emergency Crisis Management Communication,430,Systematic reviews,True,,,,,False,False,No annotation with this attribute found: reverting to default,,0.00,0.00,2026-09-09_09-59-56_pruned_taxonomy_topdown
6572,666d0a09-e21a-4000-9239-4aa1c714f9b4,Disaster and Emergency Crisis Management Communication,392,Mixed-methods,True,,,,,False,False,No annotation with this attribute found: reverting to default,,0.00,0.00,2026-09-09_09-59-56_pruned_taxonomy_topdown
6572,666d0a09-e21a-4000-9239-4aa1c714f9b4,Disaster and Emergency Crisis Management Communication,396,Qualitative designs,True,,,,,False,False,No annotation with this attribute found: reverting to default,,0.00,0.00,2026-09-09_09-59-56_pruned_taxonomy_topdown
6572,666d0a09-e21a-4000-9239-4aa1c714f9b4,Disaster and Emergency Crisis Management Communication,426,Guideline (clinical or public health),True,,,,,False,False,No annotation with this attribute found: reverting to default,,0.00,0.00,2026-09-09_09-59-56_pruned_taxonomy_topdown
6572,666d0a09-e21a-4000-9239-4aa1c714f9b4,Disaster and Emergency Crisis Management Communication,389,(Quasi-)Experimental / group comparison designs,True,,,,,False,False,No annotation with this attribute found: reverting to default,,0.00,0.00,2026-09-09_09-59-56_pruned_taxonomy_topdown
6572,666d0a09-e21a-4000-9239-4aa1c714f9b4,Disaster and Emergency Crisis Management Communication,391,Descriptive / single-group designs,True,,,,,False,False,No annotation with this attribute found: reverting to default,,0.00,0.00,2026-09-09_09-59-56_pruned_taxonomy_topdown
6572,666d0a09-e21a-4000-9239-4aa1c714f9b4,Disaster and Emergency Crisis Management Communication,388,2. Evidence synthesis,True,,,,,True,False,"The context is not presented as a review, synthesis, mapping, or analysis of existing studies or literature; it is a general explanatory account of disaster communication and emergency management.",,0.00,0.00,2026-09-09_09-59-56_pruned_taxonomy_topdown
6572,666d0a09-e21a-4000-9239-4aa1c714f9b4,Disaster and Emergency Crisis Management Communication,429,Narrative review,True,,,,,False,False,No annotation with this attribute found: reverting to default,,0.00,0.00,2026-09-09_09-59-56_pruned_taxonomy_topdown
6572,666d0a09-e21a-4000-9239-4aa1c714f9b4,Disaster and Emergency Crisis Management Communication,202,Neurological disorders,True,,,,,False,False,No annotation with this attribute found: reverting to default,,0.00,0.00,2026-09-09_09-59-56_pruned_taxonomy_topdown
6572,666d0a09-e21a-4000-9239-4aa1c714f9b4,Disaster and Emergency Crisis Management Communication,116,1.1. Total / all-cause mortality (Outcome),True,,,,,False,False,No annotation with this attribute found: reverting to default,,0.00,0.00,2026-09-09_09-59-56_pruned_taxonomy_topdown
6572,666d0a09-e21a-4000-9239-4aa1c714f9b4,Disaster and Emergency Crisis Management Communication,196,Chronic respiratory diseases,True,,,,,False,False,No annotation with this attribute found: reverting to default,,0.00,0.00,2026-09-09_09-59-56_pruned_taxonomy_topdown
6572,666d0a09-e21a-4000-9239-4aa1c714f9b4,Disaster and Emergency Crisis Management Communication,206,Z_Other non-communicable diseases,True,,,,,False,False,No annotation with this attribute found: reverting to default,,0.00,0.00,2026-09-09_09-59-56_pruned_taxonomy_topdown
6572,666d0a09-e21a-4000-9239-4aa1c714f9b4,Disaster and Emergency Crisis Management Communication,117,"1.2. Communicable, maternal, neonatal, and nutritional mortality",True,,,,,False,False,No annotation with this attribute found: reverting to default,,0.00,0.00,2026-09-09_09-59-56_pruned_taxonomy_topdown
6572,666d0a09-e21a-4000-9239-4aa1c714f9b4,Disaster and Emergency Crisis Management Communication,199,Mental disorders,True,,,,,False,False,No annotation with this attribute found: reverting to default,,0.00,0.00,2026-09-09_09-59-56_pruned_taxonomy_topdown
6572,666d0a09-e21a-4000-9239-4aa1c714f9b4,Disaster and Emergency Crisis Management Communication,204,Skin and subcutaneous diseases,True,,,,,False,False,No annotation with this attribute found: reverting to default,,0.00,0.00,2026-09-09_09-59-56_pruned_taxonomy_topdown
6572,666d0a09-e21a-4000-9239-4aa1c714f9b4,Disaster and Emergency Crisis Management Communication,134,HIV/AIDS and sexually transmitted infections,True,,,,,False,False,No annotation with this attribute found: reverting to default,,0.00,0.00,2026-09-09_09-59-56_pruned_taxonomy_topdown
6572,666d0a09-e21a-4000-9239-4aa1c714f9b4,Disaster and Emergency Crisis Management Communication,137,Nutritional deficiencies,True,,,,,False,False,No annotation with this attribute found: reverting to default,,0.00,0.00,2026-09-09_09-59-56_pruned_taxonomy_topdown
6572,666d0a09-e21a-4000-9239-4aa1c714f9b4,Disaster and Emergency Crisis Management Communication,200,Musculoskeletal disorders,True,,,,,False,False,No annotation with this attribute found: reverting to default,,0.00,0.00,2026-09-09_09-59-56_pruned_taxonomy_topdown
6572,666d0a09-e21a-4000-9239-4aa1c714f9b4,Disaster and Emergency Crisis Management Communication,139,Z_Other infectious diseases,True,,,,,False,False,No annotation with this attribute found: reverting to default,,0.00,0.00,2026-09-09_09-59-56_pruned_taxonomy_topdown
6572,666d0a09-e21a-4000-9239-4aa1c714f9b4,Disaster and Emergency Crisis Management Communication,289,Transport injuries,True,,,,,False,False,No annotation with this attribute found: reverting to default,,0.00,0.00,2026-09-09_09-59-56_pruned_taxonomy_topdown
6572,666d0a09-e21a-4000-9239-4aa1c714f9b4,Disaster and Emergency Crisis Management Communication,135,Maternal and neonatal disorders,True,,,,,False,False,No annotation with this attribute found: reverting to default,,0.00,0.00,2026-09-09_09-59-56_pruned_taxonomy_topdown
6572,666d0a09-e21a-4000-9239-4aa1c714f9b4,Disaster and Emergency Crisis Management Communication,136,Neglected tropical diseases and malaria,True,,,,,False,False,No annotation with this attribute found: reverting to default,,0.00,0.00,2026-09-09_09-59-56_pruned_taxonomy_topdown
6572,666d0a09-e21a-4000-9239-4aa1c714f9b4,Disaster and Emergency Crisis Management Communication,195,Cardiovascular diseases,True,,,,,False,False,No annotation with this attribute found: reverting to default,,0.00,0.00,2026-09-09_09-59-56_pruned_taxonomy_topdown
6572,666d0a09-e21a-4000-9239-4aa1c714f9b4,Disaster and Emergency Crisis Management Communication,288,Self-harm and interpersonal violence,True,,,,,False,False,No annotation with this attribute found: reverting to default,,0.00,0.00,2026-09-09_09-59-56_pruned_taxonomy_topdown
6572,666d0a09-e21a-4000-9239-4aa1c714f9b4,Disaster and Emergency Crisis Management Communication,114,3. Non-communicable diseases,True,,,,,False,False,"The context focuses on disaster and emergency crisis communication, prevention, mitigation, and evacuation planning. It does not address chronic non-infectious diseases.",,0.00,0.00,2026-09-09_09-59-56_pruned_taxonomy_topdown
6572,666d0a09-e21a-4000-9239-4aa1c714f9b4,Disaster and Emergency Crisis Management Communication,112,1. Mortality (Outcome),True,,,,,False,False,"Although loss of life is mentioned as a possible consequence of disasters, death is not assessed as a health outcome or characterized by cause, age group, or population.",,0.00,0.00,2026-09-09_09-59-56_pruned_taxonomy_topdown
6572,666d0a09-e21a-4000-9239-4aa1c714f9b4,Disaster and Emergency Crisis Management Communication,138,Respiratory infections and tuberculosis,True,,,,,False,False,No annotation with this attribute found: reverting to default,,0.00,0.00,2026-09-09_09-59-56_pruned_taxonomy_topdown
6572,666d0a09-e21a-4000-9239-4aa1c714f9b4,Disaster and Emergency Crisis Management Communication,290,Unintentional injuries,True,,,,,False,False,No annotation with this attribute found: reverting to default,,0.00,0.00,2026-09-09_09-59-56_pruned_taxonomy_topdown
6572,666d0a09-e21a-4000-9239-4aa1c714f9b4,Disaster and Emergency Crisis Management Communication,113,"2. Communicable, maternal, neonatal, and nutritional diseases",True,,,,,False,False,"The context does not concern infectious, maternal, neonatal, or nutritional conditions; it concerns emergency communication and disaster preparedness.",,0.00,0.00,2026-09-09_09-59-56_pruned_taxonomy_topdown
6572,666d0a09-e21a-4000-9239-4aa1c714f9b4,Disaster and Emergency Crisis Management Communication,133,Enteric infections,True,,,,,False,False,No annotation with this attribute found: reverting to default,,0.00,0.00,2026-09-09_09-59-56_pruned_taxonomy_topdown
6572,666d0a09-e21a-4000-9239-4aa1c714f9b4,Disaster and Emergency Crisis Management Communication,201,Neoplasms,True,,,,,False,False,No annotation with this attribute found: reverting to default,,0.00,0.00,2026-09-09_09-59-56_pruned_taxonomy_topdown
6572,666d0a09-e21a-4000-9239-4aa1c714f9b4,Disaster and Emergency Crisis Management Communication,118,1.3. Non-communicable mortality,True,,,,,False,False,No annotation with this attribute found: reverting to default,,0.00,0.00,2026-09-09_09-59-56_pruned_taxonomy_topdown
6572,666d0a09-e21a-4000-9239-4aa1c714f9b4,Disaster and Emergency Crisis Management Communication,205,Substance use disorders,True,,,,,False,False,No annotation with this attribute found: reverting to default,,0.00,0.00,2026-09-09_09-59-56_pruned_taxonomy_topdown
6572,666d0a09-e21a-4000-9239-4aa1c714f9b4,Disaster and Emergency Crisis Management Communication,197,Diabetes and kidney diseases,True,,,,,False,False,No annotation with this attribute found: reverting to default,,0.00,0.00,2026-09-09_09-59-56_pruned_taxonomy_topdown
6572,666d0a09-e21a-4000-9239-4aa1c714f9b4,Disaster and Emergency Crisis Management Communication,203,Sense organ diseases,True,,,,,False,False,No annotation with this attribute found: reverting to default,,0.00,0.00,2026-09-09_09-59-56_pruned_taxonomy_topdown
6572,666d0a09-e21a-4000-9239-4aa1c714f9b4,Disaster and Emergency Crisis Management Communication,115,4. Injuries,True,,,,,False,False,"The text discusses potential property damage and disaster risks but does not study physical injuries, violence, self-harm, conflict, or other external-cause bodily harm as an outcome.",,0.00,0.00,2026-09-09_09-59-56_pruned_taxonomy_topdown
6572,666d0a09-e21a-4000-9239-4aa1c714f9b4,Disaster and Emergency Crisis Management Communication,198,Digestive diseases,True,,,,,False,False,No annotation with this attribute found: reverting to default,,0.00,0.00,2026-09-09_09-59-56_pruned_taxonomy_topdown
2313805,6d159ba4-821c-4f13-aba6-f55dc14caeb0,"Risk assessment of the Sedongpu high-altitude and ultra-long-runout landslide in the lower Yarlung Zangbo River, China",36,Coal,True,,,,,False,False,The study concerns high-altitude landslides and geological risk assessment; it does not address coal or other solid fossil fuels.,,0.00,0.00,2026-09-09_09-59-56_pruned_taxonomy_topdown
2313805,6d159ba4-821c-4f13-aba6-f55dc14caeb0,"Risk assessment of the Sedongpu high-altitude and ultra-long-runout landslide in the lower Yarlung Zangbo River, China",35,(Unspecified) fossil fuels,True,,,,,False,False,The study does not discuss fossil fuel use or combustion in general.,,0.00,0.00,2026-09-09_09-59-56_pruned_taxonomy_topdown
2313805,6d159ba4-821c-4f13-aba6-f55dc14caeb0,"Risk assessment of the Sedongpu high-altitude and ultra-long-runout landslide in the lower Yarlung Zangbo River, China",38,Oil,True,,,,,False,False,"The study does not address liquid fossil fuels such as petroleum, petrol, diesel, or jet fuel.",,0.00,0.00,2026-09-09_09-59-56_pruned_taxonomy_topdown
2313805,6d159ba4-821c-4f13-aba6-f55dc14caeb0,"Risk assessment of the Sedongpu high-altitude and ultra-long-runout landslide in the lower Yarlung Zangbo River, China",37,Natural gas,True,,,,,False,False,"The study does not address natural gas, methane, or gas combustion.",,0.00,0.00,2026-09-09_09-59-56_pruned_taxonomy_topdown
2313805,6d159ba4-821c-4f13-aba6-f55dc14caeb0,"Risk assessment of the Sedongpu high-altitude and ultra-long-runout landslide in the lower Yarlung Zangbo River, China",17,(Unspecified) greenhouse gases,True,,,,,False,False,"The study focuses on high-altitude landslides and geological risk assessment, with no discussion of atmospheric greenhouse gases.",,0.00,0.00,2026-09-09_09-59-56_pruned_taxonomy_topdown
2313805,6d159ba4-821c-4f13-aba6-f55dc14caeb0,"Risk assessment of the Sedongpu high-altitude and ultra-long-runout landslide in the lower Yarlung Zangbo River, China",18,Carbon dioxide (CO₂),True,,,,,False,False,"Carbon dioxide is not addressed; the study concerns landslide dynamics, prediction, and mitigation.",,0.00,0.00,2026-09-09_09-59-56_pruned_taxonomy_topdown
2313805,6d159ba4-821c-4f13-aba6-f55dc14caeb0,"Risk assessment of the Sedongpu high-altitude and ultra-long-runout landslide in the lower Yarlung Zangbo River, China",22,Ozone-depleting substances / chlorofluorocarbons / hydrochlorofluorocarbons / halons / carbon tetrachloride / methyl chloroform,True,,,,,False,False,The study does not discuss ozone-depleting compounds or substances regulated under the Montreal Protocol.,,0.00,0.00,2026-09-09_09-59-56_pruned_taxonomy_topdown
2313805,6d159ba4-821c-4f13-aba6-f55dc14caeb0,"Risk assessment of the Sedongpu high-altitude and ultra-long-runout landslide in the lower Yarlung Zangbo River, China",19,Fluorinated gases / hydrofluorocarbons / perfluorocarbons / sulfur hexafluoride / nitrogen trifluoride,True,,,,,False,False,No synthetic industrial greenhouse gases or their applications are considered in the study.,,0.00,0.00,2026-09-09_09-59-56_pruned_taxonomy_topdown
2313805,6d159ba4-821c-4f13-aba6-f55dc14caeb0,"Risk assessment of the Sedongpu high-altitude and ultra-long-runout landslide in the lower Yarlung Zangbo River, China",20,Methane (CH₄),True,,,,,False,False,Methane emissions and their climate effects are not part of the study.,,0.00,0.00,2026-09-09_09-59-56_pruned_taxonomy_topdown
2313805,6d159ba4-821c-4f13-aba6-f55dc14caeb0,"Risk assessment of the Sedongpu high-altitude and ultra-long-runout landslide in the lower Yarlung Zangbo River, China",21,Nitrous oxide (N₂O),True,,,,,False,False,"Nitrous oxide, agricultural emissions, and nitrogen fertilisers are not discussed.",,0.00,0.00,2026-09-09_09-59-56_pruned_taxonomy_topdown
2313805,6d159ba4-821c-4f13-aba6-f55dc14caeb0,"Risk assessment of the Sedongpu high-altitude and ultra-long-runout landslide in the lower Yarlung Zangbo River, China",23,Particulate matter (PM10) / fine particulate matter (PM2.5) / black/organic carbon / sulfate/nitrate aerosols,True,,,,,False,False,"The study does not address particulate matter, aerosols, or associated respiratory and cardiovascular health effects.",,0.00,0.00,2026-09-09_09-59-56_pruned_taxonomy_topdown
2313805,6d159ba4-821c-4f13-aba6-f55dc14caeb0,"Risk assessment of the Sedongpu high-altitude and ultra-long-runout landslide in the lower Yarlung Zangbo River, China",24,Tropospheric ozone (O₃),True,,,,,False,False,Ground-level ozone and its formation from nitrogen oxides and volatile organic compounds are not addressed.,,0.00,0.00,2026-09-09_09-59-56_pruned_taxonomy_topdown
2313805,6d159ba4-821c-4f13-aba6-f55dc14caeb0,"Risk assessment of the Sedongpu high-altitude and ultra-long-runout landslide in the lower Yarlung Zangbo River, China",26,Extreme cold,True,,,,,False,False,"The study concerns high-altitude, ultra-long-runout landslides and does not address unusually low temperatures, cold snaps, blizzards, or cold-related health outcomes.",,0.00,0.00,2026-09-09_09-59-56_pruned_taxonomy_topdown
2313805,6d159ba4-821c-4f13-aba6-f55dc14caeb0,"Risk assessment of the Sedongpu high-altitude and ultra-long-runout landslide in the lower Yarlung Zangbo River, China",27,Extreme heat,True,,,,,False,False,"The study does not investigate heatwaves, unusually high temperatures, or heat-related health risks.",,0.00,0.00,2026-09-09_09-59-56_pruned_taxonomy_topdown
2313805,6d159ba4-821c-4f13-aba6-f55dc14caeb0,"Risk assessment of the Sedongpu high-altitude and ultra-long-runout landslide in the lower Yarlung Zangbo River, China",28,Extreme precipitation,True,,,,,False,False,"Although the study mentions landslide dams and geological hazards, it does not focus on unusually intense or prolonged rainfall, snowfall, or other precipitation events.",,0.00,0.00,2026-09-09_09-59-56_pruned_taxonomy_topdown
2313805,6d159ba4-821c-4f13-aba6-f55dc14caeb0,"Risk assessment of the Sedongpu high-altitude and ultra-long-runout landslide in the lower Yarlung Zangbo River, China",30,Floods,True,,,,,False,False,"The study is about landslides and landslide dams, not temporary inundation or flooding caused by hydrological processes.",,0.00,0.00,2026-09-09_09-59-56_pruned_taxonomy_topdown
2313805,6d159ba4-821c-4f13-aba6-f55dc14caeb0,"Risk assessment of the Sedongpu high-altitude and ultra-long-runout landslide in the lower Yarlung Zangbo River, China",33,Wildfires,True,,,,,False,False,"No uncontrolled vegetation fires, wildfire smoke, or related respiratory or cardiovascular impacts are studied.",,0.00,0.00,2026-09-09_09-59-56_pruned_taxonomy_topdown
2313805,6d159ba4-821c-4f13-aba6-f55dc14caeb0,"Risk assessment of the Sedongpu high-altitude and ultra-long-runout landslide in the lower Yarlung Zangbo River, China",25,Droughts,True,,,,,False,False,"The study does not examine prolonged water deficits, drought, reduced water availability, or associated health, nutrition, or livelihood impacts.",,0.00,0.00,2026-09-09_09-59-56_pruned_taxonomy_topdown
2313805,6d159ba4-821c-4f13-aba6-f55dc14caeb0,"Risk assessment of the Sedongpu high-altitude and ultra-long-runout landslide in the lower Yarlung Zangbo River, China",29,Extreme snow/ice events,True,,,,,False,False,"The study does not address severe snow and ice conditions such as heavy snowfall, blizzards, freezing rain, or ice storms.",,0.00,0.00,2026-09-09_09-59-56_pruned_taxonomy_topdown
2313805,6d159ba4-821c-4f13-aba6-f55dc14caeb0,"Risk assessment of the Sedongpu high-altitude and ultra-long-runout landslide in the lower Yarlung Zangbo River, China",31,Sand and dust storms,True,,,,,False,False,"No wind-driven sand or dust transport, reduced air quality, or dust-related health risks are considered.",,0.00,0.00,2026-09-09_09-59-56_pruned_taxonomy_topdown
2313805,6d159ba4-821c-4f13-aba6-f55dc14caeb0,"Risk assessment of the Sedongpu high-altitude and ultra-long-runout landslide in the lower Yarlung Zangbo River, China",32,Storms and severe wind,True,,,,,False,False,"The study does not concern tropical cyclones, hurricanes, typhoons, severe thunderstorms, hailstorms, or similar intense meteorological events.",,0.00,0.00,2026-09-09_09-59-56_pruned_taxonomy_topdown
2313805,6d159ba4-821c-4f13-aba6-f55dc14caeb0,"Risk assessment of the Sedongpu high-altitude and ultra-long-runout landslide in the lower Yarlung Zangbo River, China",34,Z_(Unspecified) extreme weather events,True,,,,,False,False,The study specifies landslides as the hazard and does not refer to an unidentified extreme weather event; the mention of an 'extreme condition' refers to landslide-dam modeling rather than weather.,,0.00,0.00,2026-09-09_09-59-56_pruned_taxonomy_topdown
2313805,6d159ba4-821c-4f13-aba6-f55dc14caeb0,"Risk assessment of the Sedongpu high-altitude and ultra-long-runout landslide in the lower Yarlung Zangbo River, China",493,Attribution,True,,,,,False,False,No annotation with this attribute found: reverting to default,,0.00,0.00,2026-09-09_09-59-56_pruned_taxonomy_topdown
2313805,6d159ba4-821c-4f13-aba6-f55dc14caeb0,"Risk assessment of the Sedongpu high-altitude and ultra-long-runout landslide in the lower Yarlung Zangbo River, China",487,Adaptation,True,,,,,True,False,"The study develops methods for assessing and predicting high-altitude landslide risk, but it does not link the landslides or risk-management measures to climate variability, climate change, or climate-related extreme events.",,0.00,0.00,2026-09-09_09-59-56_pruned_taxonomy_topdown
2313805,6d159ba4-821c-4f13-aba6-f55dc14caeb0,"Risk assessment of the Sedongpu high-altitude and ultra-long-runout landslide in the lower Yarlung Zangbo River, China",490,Maladaptation,True,,,,,False,False,No annotation with this attribute found: reverting to default,,0.00,0.00,2026-09-09_09-59-56_pruned_taxonomy_topdown
2313805,6d159ba4-821c-4f13-aba6-f55dc14caeb0,"Risk assessment of the Sedongpu high-altitude and ultra-long-runout landslide in the lower Yarlung Zangbo River, China",495,Loss and damage,True,,,,,False,False,No annotation with this attribute found: reverting to default,,0.00,0.00,2026-09-09_09-59-56_pruned_taxonomy_topdown
2313805,6d159ba4-821c-4f13-aba6-f55dc14caeb0,"Risk assessment of the Sedongpu high-altitude and ultra-long-runout landslide in the lower Yarlung Zangbo River, China",492,Resilience,True,,,,,False,False,No annotation with this attribute found: reverting to default,,0.00,0.00,2026-09-09_09-59-56_pruned_taxonomy_topdown
2313805,6d159ba4-821c-4f13-aba6-f55dc14caeb0,"Risk assessment of the Sedongpu high-altitude and ultra-long-runout landslide in the lower Yarlung Zangbo River, China",489,Mitigation,True,,,,,False,False,"The study does not address greenhouse-gas emissions, fossil fuels, or actions intended to reduce emissions.",,0.00,0.00,2026-09-09_09-59-56_pruned_taxonomy_topdown
2313805,6d159ba4-821c-4f13-aba6-f55dc14caeb0,"Risk assessment of the Sedongpu high-altitude and ultra-long-runout landslide in the lower Yarlung Zangbo River, China",491,Preparedness,True,,,,,False,False,No annotation with this attribute found: reverting to default,,0.00,0.00,2026-09-09_09-59-56_pruned_taxonomy_topdown
2313805,6d159ba4-821c-4f13-aba6-f55dc14caeb0,"Risk assessment of the Sedongpu high-altitude and ultra-long-runout landslide in the lower Yarlung Zangbo River, China",494,Future impact,True,,,,,False,False,No annotation with this attribute found: reverting to default,,0.00,0.00,2026-09-09_09-59-56_pruned_taxonomy_topdown
2313805,6d159ba4-821c-4f13-aba6-f55dc14caeb0,"Risk assessment of the Sedongpu high-altitude and ultra-long-runout landslide in the lower Yarlung Zangbo River, China",496,Co-Benefits,True,,,,,False,False,No annotation with this attribute found: reverting to default,,0.00,0.00,2026-09-09_09-59-56_pruned_taxonomy_topdown
2313805,6d159ba4-821c-4f13-aba6-f55dc14caeb0,"Risk assessment of the Sedongpu high-altitude and ultra-long-runout landslide in the lower Yarlung Zangbo River, China",488,Impact,True,,,,,True,False,"The study examines geological landslide hazards and their risk, but does not identify a climate variable or climate-related extreme event as the driver of the landslides or their consequences.",,0.00,0.00,2026-09-09_09-59-56_pruned_taxonomy_topdown
2313805,6d159ba4-821c-4f13-aba6-f55dc14caeb0,"Risk assessment of the Sedongpu high-altitude and ultra-long-runout landslide in the lower Yarlung Zangbo River, China",6,(Unspecified) changes in weather,True,,,,,False,False,"The study concerns high-altitude landslide hazards and risk assessment, not broad changes in weather patterns.",,0.00,0.00,2026-09-09_09-59-56_pruned_taxonomy_topdown
2313805,6d159ba4-821c-4f13-aba6-f55dc14caeb0,"Risk assessment of the Sedongpu high-altitude and ultra-long-runout landslide in the lower Yarlung Zangbo River, China",15,Changes in wind speed,True,,,,,False,False,"Wind pattern or velocity alterations are not examined as an exposure, driver, or outcome.",,0.00,0.00,2026-09-09_09-59-56_pruned_taxonomy_topdown
2313805,6d159ba4-821c-4f13-aba6-f55dc14caeb0,"Risk assessment of the Sedongpu high-altitude and ultra-long-runout landslide in the lower Yarlung Zangbo River, China",13,Changes in season length,True,,,,,False,False,The study does not address changes in season duration or seasonal onset.,,0.00,0.00,2026-09-09_09-59-56_pruned_taxonomy_topdown
2313805,6d159ba4-821c-4f13-aba6-f55dc14caeb0,"Risk assessment of the Sedongpu high-altitude and ultra-long-runout landslide in the lower Yarlung Zangbo River, China",7,(Unspecified) climate change,True,,,,,False,False,Climate change in general is not a subject of the study; it focuses on landslide dynamics and prediction.,,0.00,0.00,2026-09-09_09-59-56_pruned_taxonomy_topdown
2313805,6d159ba4-821c-4f13-aba6-f55dc14caeb0,"Risk assessment of the Sedongpu high-altitude and ultra-long-runout landslide in the lower Yarlung Zangbo River, China",16,Climate variability,True,,,,,False,False,No climate variability or fluctuations in climate conditions are analyzed.,,0.00,0.00,2026-09-09_09-59-56_pruned_taxonomy_topdown
2313805,6d159ba4-821c-4f13-aba6-f55dc14caeb0,"Risk assessment of the Sedongpu high-altitude and ultra-long-runout landslide in the lower Yarlung Zangbo River, China",9,Changes in humidity,True,,,,,False,False,Atmospheric moisture and humidity-related effects are not considered.,,0.00,0.00,2026-09-09_09-59-56_pruned_taxonomy_topdown
2313805,6d159ba4-821c-4f13-aba6-f55dc14caeb0,"Risk assessment of the Sedongpu high-altitude and ultra-long-runout landslide in the lower Yarlung Zangbo River, China",12,Changes in sea level,True,,,,,False,False,The study does not concern sea-level rise or its impacts.,,0.00,0.00,2026-09-09_09-59-56_pruned_taxonomy_topdown
2313805,6d159ba4-821c-4f13-aba6-f55dc14caeb0,"Risk assessment of the Sedongpu high-altitude and ultra-long-runout landslide in the lower Yarlung Zangbo River, China",11,Changes in precipitation,True,,,,,False,False,Rainfall or snowfall changes are not analyzed as causes or impacts of the landslide.,,0.00,0.00,2026-09-09_09-59-56_pruned_taxonomy_topdown
2313805,6d159ba4-821c-4f13-aba6-f55dc14caeb0,"Risk assessment of the Sedongpu high-altitude and ultra-long-runout landslide in the lower Yarlung Zangbo River, China",10,Changes in inland water bodies,True,,,,,False,False,"Although the study mentions a landslide dam, it does not investigate climate-driven changes in freshwater systems or hydrological patterns.",,0.00,0.00,2026-09-09_09-59-56_pruned_taxonomy_topdown
2313805,6d159ba4-821c-4f13-aba6-f55dc14caeb0,"Risk assessment of the Sedongpu high-altitude and ultra-long-runout landslide in the lower Yarlung Zangbo River, China",14,Changes in temperature,True,,,,,False,False,Temperature trends or changes in extreme temperature conditions are not examined.,,0.00,0.00,2026-09-09_09-59-56_pruned_taxonomy_topdown
2313805,6d159ba4-821c-4f13-aba6-f55dc14caeb0,"Risk assessment of the Sedongpu high-altitude and ultra-long-runout landslide in the lower Yarlung Zangbo River, China",8,Changes in glacier / snow melt,True,,,,,False,False,Glacier or snowpack melting is not addressed.,,0.00,0.00,2026-09-09_09-59-56_pruned_taxonomy_topdown
2313805,6d159ba4-821c-4f13-aba6-f55dc14caeb0,"Risk assessment of the Sedongpu high-altitude and ultra-long-runout landslide in the lower Yarlung Zangbo River, China",476,Education (Sector),True,,,,,False,False,"The study focuses on landslide interpretation, numerical simulation, and geological risk assessment, not education systems or institutions.",,0.00,0.00,2026-09-09_09-59-56_pruned_taxonomy_topdown
2313805,6d159ba4-821c-4f13-aba6-f55dc14caeb0,"Risk assessment of the Sedongpu high-altitude and ultra-long-runout landslide in the lower Yarlung Zangbo River, China",485,Transportation (Sector),True,,,,,False,False,"Transport systems, infrastructure, vehicles, and logistics are not examined.",,0.00,0.00,2026-09-09_09-59-56_pruned_taxonomy_topdown
2313805,6d159ba4-821c-4f13-aba6-f55dc14caeb0,"Risk assessment of the Sedongpu high-altitude and ultra-long-runout landslide in the lower Yarlung Zangbo River, China",483,Public administration (Sector),True,,,,,False,False,"Although risk mitigation is discussed, public-administration operations, services, or workforce are not the subject of the study.",,0.00,0.00,2026-09-09_09-59-56_pruned_taxonomy_topdown
2313805,6d159ba4-821c-4f13-aba6-f55dc14caeb0,"Risk assessment of the Sedongpu high-altitude and ultra-long-runout landslide in the lower Yarlung Zangbo River, China",479,Healthcare (Sector),True,,,,,False,False,"Medical care, public health services, and health infrastructure are not addressed.",,0.00,0.00,2026-09-09_09-59-56_pruned_taxonomy_topdown
2313805,6d159ba4-821c-4f13-aba6-f55dc14caeb0,"Risk assessment of the Sedongpu high-altitude and ultra-long-runout landslide in the lower Yarlung Zangbo River, China",486,"Water, sanitation, and waste management (Sector)",True,,,,,False,False,"Water supply, sewage treatment, and solid waste management are not studied.",,0.00,0.00,2026-09-09_09-59-56_pruned_taxonomy_topdown
2313805,6d159ba4-821c-4f13-aba6-f55dc14caeb0,"Risk assessment of the Sedongpu high-altitude and ultra-long-runout landslide in the lower Yarlung Zangbo River, China",475,Buildings / housing (Sector),True,,,,,False,False,"Buildings, housing, construction, and the residential or commercial building sector are not examined.",,0.00,0.00,2026-09-09_09-59-56_pruned_taxonomy_topdown
2313805,6d159ba4-821c-4f13-aba6-f55dc14caeb0,"Risk assessment of the Sedongpu high-altitude and ultra-long-runout landslide in the lower Yarlung Zangbo River, China",478,Finance (Sector),True,,,,,False,False,"Banking, insurance, investment, and financial services are not addressed.",,0.00,0.00,2026-09-09_09-59-56_pruned_taxonomy_topdown
2313805,6d159ba4-821c-4f13-aba6-f55dc14caeb0,"Risk assessment of the Sedongpu high-altitude and ultra-long-runout landslide in the lower Yarlung Zangbo River, China",484,Social protection (Sector),True,,,,,False,False,"Social safety nets, welfare services, and support systems are not part of the study.",,0.00,0.00,2026-09-09_09-59-56_pruned_taxonomy_topdown
2313805,6d159ba4-821c-4f13-aba6-f55dc14caeb0,"Risk assessment of the Sedongpu high-altitude and ultra-long-runout landslide in the lower Yarlung Zangbo River, China",481,Information and communications technologies (Sector),True,,,,,False,False,"Telecommunications, digital infrastructure, and information technology are not the study's sectoral focus; remote sensing is used only as a research method.",,0.00,0.00,2026-09-09_09-59-56_pruned_taxonomy_topdown
2313805,6d159ba4-821c-4f13-aba6-f55dc14caeb0,"Risk assessment of the Sedongpu high-altitude and ultra-long-runout landslide in the lower Yarlung Zangbo River, China",480,"Industry, trade, and services (Sector)",True,,,,,False,False,"Manufacturing, trade, retail, wholesale, and commercial services are not examined.",,0.00,0.00,2026-09-09_09-59-56_pruned_taxonomy_topdown
2313805,6d159ba4-821c-4f13-aba6-f55dc14caeb0,"Risk assessment of the Sedongpu high-altitude and ultra-long-runout landslide in the lower Yarlung Zangbo River, China",477,Energy and extractives (Sector),True,,,,,False,False,"Electricity generation, fuel production, renewable energy, and resource extraction are not addressed.",,0.00,0.00,2026-09-09_09-59-56_pruned_taxonomy_topdown
2313805,6d159ba4-821c-4f13-aba6-f55dc14caeb0,"Risk assessment of the Sedongpu high-altitude and ultra-long-runout landslide in the lower Yarlung Zangbo River, China",482,Military (Sector),True,,,,,False,False,"Military personnel, operations, equipment, and defense infrastructure are not involved.",,0.00,0.00,2026-09-09_09-59-56_pruned_taxonomy_topdown
2313805,6d159ba4-821c-4f13-aba6-f55dc14caeb0,"Risk assessment of the Sedongpu high-altitude and ultra-long-runout landslide in the lower Yarlung Zangbo River, China",474,"Agriculture, fishing, and forestry (Sector)",True,,,,,False,False,"Crop cultivation, livestock, aquaculture, fishing, and forest management are not examined.",,0.00,0.00,2026-09-09_09-59-56_pruned_taxonomy_topdown
2313805,6d159ba4-821c-4f13-aba6-f55dc14caeb0,"Risk assessment of the Sedongpu high-altitude and ultra-long-runout landslide in the lower Yarlung Zangbo River, China",431,Z_Other evidence synthesis type,True,,,,,False,False,No annotation with this attribute found: reverting to default,,0.00,0.00,2026-09-09_09-59-56_pruned_taxonomy_topdown
2313805,6d159ba4-821c-4f13-aba6-f55dc14caeb0,"Risk assessment of the Sedongpu high-altitude and ultra-long-runout landslide in the lower Yarlung Zangbo River, China",427,Health technology assessment (HTA),True,,,,,False,False,No annotation with this attribute found: reverting to default,,0.00,0.00,2026-09-09_09-59-56_pruned_taxonomy_topdown
2313805,6d159ba4-821c-4f13-aba6-f55dc14caeb0,"Risk assessment of the Sedongpu high-altitude and ultra-long-runout landslide in the lower Yarlung Zangbo River, China",428,Meta-analysis (unsystematic),True,,,,,False,False,No annotation with this attribute found: reverting to default,,0.00,0.00,2026-09-09_09-59-56_pruned_taxonomy_topdown
2313805,6d159ba4-821c-4f13-aba6-f55dc14caeb0,"Risk assessment of the Sedongpu high-altitude and ultra-long-runout landslide in the lower Yarlung Zangbo River, China",390,(Quasi-)Experimental / single-group designs,True,,,,,False,False,The study does not apply an intervention to a single group; it analyzes landslide history and uses numerical simulations.,,0.00,0.00,2026-09-09_09-59-56_pruned_taxonomy_topdown
2313805,6d159ba4-821c-4f13-aba6-f55dc14caeb0,"Risk assessment of the Sedongpu high-altitude and ultra-long-runout landslide in the lower Yarlung Zangbo River, China",397,Z_Other study design,True,,,,,False,False,The study fits the specified modelling design category rather than an uncategorized primary research design.,,0.00,0.00,2026-09-09_09-59-56_pruned_taxonomy_topdown
2313805,6d159ba4-821c-4f13-aba6-f55dc14caeb0,"Risk assessment of the Sedongpu high-altitude and ultra-long-runout landslide in the lower Yarlung Zangbo River, China",394,Observational / group comparison designs,True,,,,,False,False,It does not compare health or other outcomes between groups defined by exposure status.,,0.00,0.00,2026-09-09_09-59-56_pruned_taxonomy_topdown
2313805,6d159ba4-821c-4f13-aba6-f55dc14caeb0,"Risk assessment of the Sedongpu high-altitude and ultra-long-runout landslide in the lower Yarlung Zangbo River, China",393,Modelling / simulation,True,,,,,True,True,The study uses numerical simulations and scenario-based prediction to estimate landslide impacts and support risk assessment.,"Through back- and prediction-analysis in numerical simulations, it was determined that the height of the Sedongpu landslide dam will reach 120 m and 165 m under general condition and extreme condition.",0.00,100.00,2026-09-09_09-59-56_pruned_taxonomy_topdown
2313805,6d159ba4-821c-4f13-aba6-f55dc14caeb0,"Risk assessment of the Sedongpu high-altitude and ultra-long-runout landslide in the lower Yarlung Zangbo River, China",387,1. Primary research,True,,,,,True,True,"This is an original research study that conducts new analyses using remote sensing, historical interpretation, and numerical simulations to assess and predict landslide risk.","This study tries to establish analytical method through historical interpretation, potential source interpretation, numerical back-analysis, dynamic parameters acquisition, and numerical prediction analysis.",0.00,99.52,2026-09-09_09-59-56_pruned_taxonomy_topdown
2313805,6d159ba4-821c-4f13-aba6-f55dc14caeb0,"Risk assessment of the Sedongpu high-altitude and ultra-long-runout landslide in the lower Yarlung Zangbo River, China",395,Observational / single-group designs,True,,,,,False,False,"Although historical landslide events are interpreted, the study does not track outcomes over time in a single group to infer associations.",,0.00,0.00,2026-09-09_09-59-56_pruned_taxonomy_topdown
2313805,6d159ba4-821c-4f13-aba6-f55dc14caeb0,"Risk assessment of the Sedongpu high-altitude and ultra-long-runout landslide in the lower Yarlung Zangbo River, China",430,Systematic reviews,True,,,,,False,False,No annotation with this attribute found: reverting to default,,0.00,0.00,2026-09-09_09-59-56_pruned_taxonomy_topdown
2313805,6d159ba4-821c-4f13-aba6-f55dc14caeb0,"Risk assessment of the Sedongpu high-altitude and ultra-long-runout landslide in the lower Yarlung Zangbo River, China",392,Mixed-methods,True,,,,,False,False,"The abstract describes numerical, remote-sensing, and historical analytical methods but does not report an integrated quantitative and qualitative research design.",,0.00,0.00,2026-09-09_09-59-56_pruned_taxonomy_topdown
2313805,6d159ba4-821c-4f13-aba6-f55dc14caeb0,"Risk assessment of the Sedongpu high-altitude and ultra-long-runout landslide in the lower Yarlung Zangbo River, China",396,Qualitative designs,True,,,,,False,False,"No qualitative data collection or analysis of meanings, experiences, or contextual factors is reported.",,0.00,0.00,2026-09-09_09-59-56_pruned_taxonomy_topdown
2313805,6d159ba4-821c-4f13-aba6-f55dc14caeb0,"Risk assessment of the Sedongpu high-altitude and ultra-long-runout landslide in the lower Yarlung Zangbo River, China",426,Guideline (clinical or public health),True,,,,,False,False,No annotation with this attribute found: reverting to default,,0.00,0.00,2026-09-09_09-59-56_pruned_taxonomy_topdown
2313805,6d159ba4-821c-4f13-aba6-f55dc14caeb0,"Risk assessment of the Sedongpu high-altitude and ultra-long-runout landslide in the lower Yarlung Zangbo River, China",389,(Quasi-)Experimental / group comparison designs,True,,,,,False,False,"There is no intervention group, control group, or comparative experimental allocation.",,0.00,0.00,2026-09-09_09-59-56_pruned_taxonomy_topdown
2313805,6d159ba4-821c-4f13-aba6-f55dc14caeb0,"Risk assessment of the Sedongpu high-altitude and ultra-long-runout landslide in the lower Yarlung Zangbo River, China",391,Descriptive / single-group designs,True,,,,,False,False,"The study includes descriptive interpretation of historical landslides, but its fundamental design is numerical modelling and risk prediction rather than a descriptive single-group study.",,0.00,0.00,2026-09-09_09-59-56_pruned_taxonomy_topdown
2313805,6d159ba4-821c-4f13-aba6-f55dc14caeb0,"Risk assessment of the Sedongpu high-altitude and ultra-long-runout landslide in the lower Yarlung Zangbo River, China",388,2. Evidence synthesis,True,,,,,False,False,"The study is a primary investigation of the Sedongpu landslide and does not review, aggregate, or synthesise findings from existing studies or literature.",,0.00,0.00,2026-09-09_09-59-56_pruned_taxonomy_topdown
2313805,6d159ba4-821c-4f13-aba6-f55dc14caeb0,"Risk assessment of the Sedongpu high-altitude and ultra-long-runout landslide in the lower Yarlung Zangbo River, China",429,Narrative review,True,,,,,False,False,No annotation with this attribute found: reverting to default,,0.00,0.00,2026-09-09_09-59-56_pruned_taxonomy_topdown
2313805,6d159ba4-821c-4f13-aba6-f55dc14caeb0,"Risk assessment of the Sedongpu high-altitude and ultra-long-runout landslide in the lower Yarlung Zangbo River, China",202,Neurological disorders,True,,,,,False,False,No annotation with this attribute found: reverting to default,,0.00,0.00,2026-09-09_09-59-56_pruned_taxonomy_topdown
2313805,6d159ba4-821c-4f13-aba6-f55dc14caeb0,"Risk assessment of the Sedongpu high-altitude and ultra-long-runout landslide in the lower Yarlung Zangbo River, China",116,1.1. Total / all-cause mortality (Outcome),True,,,,,False,False,No annotation with this attribute found: reverting to default,,0.00,0.00,2026-09-09_09-59-56_pruned_taxonomy_topdown
2313805,6d159ba4-821c-4f13-aba6-f55dc14caeb0,"Risk assessment of the Sedongpu high-altitude and ultra-long-runout landslide in the lower Yarlung Zangbo River, China",196,Chronic respiratory diseases,True,,,,,False,False,No annotation with this attribute found: reverting to default,,0.00,0.00,2026-09-09_09-59-56_pruned_taxonomy_topdown
2313805,6d159ba4-821c-4f13-aba6-f55dc14caeb0,"Risk assessment of the Sedongpu high-altitude and ultra-long-runout landslide in the lower Yarlung Zangbo River, China",206,Z_Other non-communicable diseases,True,,,,,False,False,No annotation with this attribute found: reverting to default,,0.00,0.00,2026-09-09_09-59-56_pruned_taxonomy_topdown
2313805,6d159ba4-821c-4f13-aba6-f55dc14caeb0,"Risk assessment of the Sedongpu high-altitude and ultra-long-runout landslide in the lower Yarlung Zangbo River, China",117,"1.2. Communicable, maternal, neonatal, and nutritional mortality",True,,,,,False,False,No annotation with this attribute found: reverting to default,,0.00,0.00,2026-09-09_09-59-56_pruned_taxonomy_topdown
2313805,6d159ba4-821c-4f13-aba6-f55dc14caeb0,"Risk assessment of the Sedongpu high-altitude and ultra-long-runout landslide in the lower Yarlung Zangbo River, China",199,Mental disorders,True,,,,,False,False,No annotation with this attribute found: reverting to default,,0.00,0.00,2026-09-09_09-59-56_pruned_taxonomy_topdown
2313805,6d159ba4-821c-4f13-aba6-f55dc14caeb0,"Risk assessment of the Sedongpu high-altitude and ultra-long-runout landslide in the lower Yarlung Zangbo River, China",204,Skin and subcutaneous diseases,True,,,,,False,False,No annotation with this attribute found: reverting to default,,0.00,0.00,2026-09-09_09-59-56_pruned_taxonomy_topdown
2313805,6d159ba4-821c-4f13-aba6-f55dc14caeb0,"Risk assessment of the Sedongpu high-altitude and ultra-long-runout landslide in the lower Yarlung Zangbo River, China",134,HIV/AIDS and sexually transmitted infections,True,,,,,False,False,No annotation with this attribute found: reverting to default,,0.00,0.00,2026-09-09_09-59-56_pruned_taxonomy_topdown
2313805,6d159ba4-821c-4f13-aba6-f55dc14caeb0,"Risk assessment of the Sedongpu high-altitude and ultra-long-runout landslide in the lower Yarlung Zangbo River, China",137,Nutritional deficiencies,True,,,,,False,False,No annotation with this attribute found: reverting to default,,0.00,0.00,2026-09-09_09-59-56_pruned_taxonomy_topdown
2313805,6d159ba4-821c-4f13-aba6-f55dc14caeb0,"Risk assessment of the Sedongpu high-altitude and ultra-long-runout landslide in the lower Yarlung Zangbo River, China",200,Musculoskeletal disorders,True,,,,,False,False,No annotation with this attribute found: reverting to default,,0.00,0.00,2026-09-09_09-59-56_pruned_taxonomy_topdown
2313805,6d159ba4-821c-4f13-aba6-f55dc14caeb0,"Risk assessment of the Sedongpu high-altitude and ultra-long-runout landslide in the lower Yarlung Zangbo River, China",139,Z_Other infectious diseases,True,,,,,False,False,No annotation with this attribute found: reverting to default,,0.00,0.00,2026-09-09_09-59-56_pruned_taxonomy_topdown
2313805,6d159ba4-821c-4f13-aba6-f55dc14caeb0,"Risk assessment of the Sedongpu high-altitude and ultra-long-runout landslide in the lower Yarlung Zangbo River, China",289,Transport injuries,True,,,,,False,False,No annotation with this attribute found: reverting to default,,0.00,0.00,2026-09-09_09-59-56_pruned_taxonomy_topdown
2313805,6d159ba4-821c-4f13-aba6-f55dc14caeb0,"Risk assessment of the Sedongpu high-altitude and ultra-long-runout landslide in the lower Yarlung Zangbo River, China",135,Maternal and neonatal disorders,True,,,,,False,False,No annotation with this attribute found: reverting to default,,0.00,0.00,2026-09-09_09-59-56_pruned_taxonomy_topdown
2313805,6d159ba4-821c-4f13-aba6-f55dc14caeb0,"Risk assessment of the Sedongpu high-altitude and ultra-long-runout landslide in the lower Yarlung Zangbo River, China",136,Neglected tropical diseases and malaria,True,,,,,False,False,No annotation with this attribute found: reverting to default,,0.00,0.00,2026-09-09_09-59-56_pruned_taxonomy_topdown
2313805,6d159ba4-821c-4f13-aba6-f55dc14caeb0,"Risk assessment of the Sedongpu high-altitude and ultra-long-runout landslide in the lower Yarlung Zangbo River, China",195,Cardiovascular diseases,True,,,,,False,False,No annotation with this attribute found: reverting to default,,0.00,0.00,2026-09-09_09-59-56_pruned_taxonomy_topdown
2313805,6d159ba4-821c-4f13-aba6-f55dc14caeb0,"Risk assessment of the Sedongpu high-altitude and ultra-long-runout landslide in the lower Yarlung Zangbo River, China",288,Self-harm and interpersonal violence,True,,,,,False,False,No annotation with this attribute found: reverting to default,,0.00,0.00,2026-09-09_09-59-56_pruned_taxonomy_topdown
2313805,6d159ba4-821c-4f13-aba6-f55dc14caeb0,"Risk assessment of the Sedongpu high-altitude and ultra-long-runout landslide in the lower Yarlung Zangbo River, China",114,3. Non-communicable diseases,True,,,,,False,False,"The study focuses on landslide dynamics and geological risk assessment, not chronic non-infectious diseases.",,0.00,0.00,2026-09-09_09-59-56_pruned_taxonomy_topdown
2313805,6d159ba4-821c-4f13-aba6-f55dc14caeb0,"Risk assessment of the Sedongpu high-altitude and ultra-long-runout landslide in the lower Yarlung Zangbo River, China",112,1. Mortality (Outcome),True,,,,,False,False,"Although the study concerns a potentially hazardous landslide, it does not assess deaths or fatal health outcomes.",,0.00,0.00,2026-09-09_09-59-56_pruned_taxonomy_topdown
2313805,6d159ba4-821c-4f13-aba6-f55dc14caeb0,"Risk assessment of the Sedongpu high-altitude and ultra-long-runout landslide in the lower Yarlung Zangbo River, China",138,Respiratory infections and tuberculosis,True,,,,,False,False,No annotation with this attribute found: reverting to default,,0.00,0.00,2026-09-09_09-59-56_pruned_taxonomy_topdown
2313805,6d159ba4-821c-4f13-aba6-f55dc14caeb0,"Risk assessment of the Sedongpu high-altitude and ultra-long-runout landslide in the lower Yarlung Zangbo River, China",290,Unintentional injuries,True,,,,,False,False,No annotation with this attribute found: reverting to default,,0.00,0.00,2026-09-09_09-59-56_pruned_taxonomy_topdown
2313805,6d159ba4-821c-4f13-aba6-f55dc14caeb0,"Risk assessment of the Sedongpu high-altitude and ultra-long-runout landslide in the lower Yarlung Zangbo River, China",113,"2. Communicable, maternal, neonatal, and nutritional diseases",True,,,,,False,False,"The study does not address infectious, maternal, neonatal, or nutritional conditions.",,0.00,0.00,2026-09-09_09-59-56_pruned_taxonomy_topdown
2313805,6d159ba4-821c-4f13-aba6-f55dc14caeb0,"Risk assessment of the Sedongpu high-altitude and ultra-long-runout landslide in the lower Yarlung Zangbo River, China",133,Enteric infections,True,,,,,False,False,No annotation with this attribute found: reverting to default,,0.00,0.00,2026-09-09_09-59-56_pruned_taxonomy_topdown
2313805,6d159ba4-821c-4f13-aba6-f55dc14caeb0,"Risk assessment of the Sedongpu high-altitude and ultra-long-runout landslide in the lower Yarlung Zangbo River, China",201,Neoplasms,True,,,,,False,False,No annotation with this attribute found: reverting to default,,0.00,0.00,2026-09-09_09-59-56_pruned_taxonomy_topdown
2313805,6d159ba4-821c-4f13-aba6-f55dc14caeb0,"Risk assessment of the Sedongpu high-altitude and ultra-long-runout landslide in the lower Yarlung Zangbo River, China",118,1.3. Non-communicable mortality,True,,,,,False,False,No annotation with this attribute found: reverting to default,,0.00,0.00,2026-09-09_09-59-56_pruned_taxonomy_topdown
2313805,6d159ba4-821c-4f13-aba6-f55dc14caeb0,"Risk assessment of the Sedongpu high-altitude and ultra-long-runout landslide in the lower Yarlung Zangbo River, China",205,Substance use disorders,True,,,,,False,False,No annotation with this attribute found: reverting to default,,0.00,0.00,2026-09-09_09-59-56_pruned_taxonomy_topdown
2313805,6d159ba4-821c-4f13-aba6-f55dc14caeb0,"Risk assessment of the Sedongpu high-altitude and ultra-long-runout landslide in the lower Yarlung Zangbo River, China",197,Diabetes and kidney diseases,True,,,,,False,False,No annotation with this attribute found: reverting to default,,0.00,0.00,2026-09-09_09-59-56_pruned_taxonomy_topdown
2313805,6d159ba4-821c-4f13-aba6-f55dc14caeb0,"Risk assessment of the Sedongpu high-altitude and ultra-long-runout landslide in the lower Yarlung Zangbo River, China",203,Sense organ diseases,True,,,,,False,False,No annotation with this attribute found: reverting to default,,0.00,0.00,2026-09-09_09-59-56_pruned_taxonomy_topdown
2313805,6d159ba4-821c-4f13-aba6-f55dc14caeb0,"Risk assessment of the Sedongpu high-altitude and ultra-long-runout landslide in the lower Yarlung Zangbo River, China",115,4. Injuries,True,,,,,False,False,The study evaluates landslide hazards and mitigation methods but does not examine physical injuries or other health outcomes caused by external events.,,0.00,0.00,2026-09-09_09-59-56_pruned_taxonomy_topdown
2313805,6d159ba4-821c-4f13-aba6-f55dc14caeb0,"Risk assessment of the Sedongpu high-altitude and ultra-long-runout landslide in the lower Yarlung Zangbo River, China",198,Digestive diseases,True,,,,,False,False,No annotation with this attribute found: reverting to default,,0.00,0.00,2026-09-09_09-59-56_pruned_taxonomy_topdown
58762,8949736c-3dbd-485e-8d8e-f22548c9f996,An IoT-based ensemble framework for climate change monitoring and forecasting of disasters,36,Coal,True,,,,,False,False,The study concerns IoT-based monitoring and prediction of climate-related disasters using environmental sensors and machine-learning models; it does not address coal or other solid fossil fuels.,,0.00,0.00,2026-09-09_09-59-56_pruned_taxonomy_topdown
58762,8949736c-3dbd-485e-8d8e-f22548c9f996,An IoT-based ensemble framework for climate change monitoring and forecasting of disasters,35,(Unspecified) fossil fuels,True,,,,,False,False,"The study does not discuss fossil fuel use or combustion in general. Its focus is environmental monitoring, disaster prediction, and preparedness.",,0.00,0.00,2026-09-09_09-59-56_pruned_taxonomy_topdown
58762,8949736c-3dbd-485e-8d8e-f22548c9f996,An IoT-based ensemble framework for climate change monitoring and forecasting of disasters,38,Oil,True,,,,,False,False,"The study does not address petroleum, liquid fossil fuels, transport, or industrial fuel use.",,0.00,0.00,2026-09-09_09-59-56_pruned_taxonomy_topdown
58762,8949736c-3dbd-485e-8d8e-f22548c9f996,An IoT-based ensemble framework for climate change monitoring and forecasting of disasters,37,Natural gas,True,,,,,False,False,"The study does not address natural gas, methane, heating, electricity generation, or industrial processes involving gas.",,0.00,0.00,2026-09-09_09-59-56_pruned_taxonomy_topdown
58762,8949736c-3dbd-485e-8d8e-f22548c9f996,An IoT-based ensemble framework for climate change monitoring and forecasting of disasters,17,(Unspecified) greenhouse gases,True,,,,,False,False,The study monitors general environmental and climate conditions but does not address atmospheric greenhouse gases collectively as an exposure or subject.,,0.00,0.00,2026-09-09_09-59-56_pruned_taxonomy_topdown
58762,8949736c-3dbd-485e-8d8e-f22548c9f996,An IoT-based ensemble framework for climate change monitoring and forecasting of disasters,18,Carbon dioxide (CO₂),True,,,,,False,False,Carbon dioxide is not mentioned or investigated; the study focuses on disaster prediction from sensor-measured environmental conditions.,,0.00,0.00,2026-09-09_09-59-56_pruned_taxonomy_topdown
58762,8949736c-3dbd-485e-8d8e-f22548c9f996,An IoT-based ensemble framework for climate change monitoring and forecasting of disasters,22,Ozone-depleting substances / chlorofluorocarbons / hydrochlorofluorocarbons / halons / carbon tetrachloride / methyl chloroform,True,,,,,False,False,The study does not address ozone-depleting compounds regulated under the Montreal Protocol.,,0.00,0.00,2026-09-09_09-59-56_pruned_taxonomy_topdown
58762,8949736c-3dbd-485e-8d8e-f22548c9f996,An IoT-based ensemble framework for climate change monitoring and forecasting of disasters,19,Fluorinated gases / hydrofluorocarbons / perfluorocarbons / sulfur hexafluoride / nitrogen trifluoride,True,,,,,False,False,Synthetic industrial greenhouse gases are not mentioned or examined.,,0.00,0.00,2026-09-09_09-59-56_pruned_taxonomy_topdown
58762,8949736c-3dbd-485e-8d8e-f22548c9f996,An IoT-based ensemble framework for climate change monitoring and forecasting of disasters,20,Methane (CH₄),True,,,,,False,False,Methane emissions or exposure are not part of the study.,,0.00,0.00,2026-09-09_09-59-56_pruned_taxonomy_topdown
58762,8949736c-3dbd-485e-8d8e-f22548c9f996,An IoT-based ensemble framework for climate change monitoring and forecasting of disasters,21,Nitrous oxide (N₂O),True,,,,,False,False,Nitrous oxide and its agricultural or industrial sources are not addressed.,,0.00,0.00,2026-09-09_09-59-56_pruned_taxonomy_topdown
58762,8949736c-3dbd-485e-8d8e-f22548c9f996,An IoT-based ensemble framework for climate change monitoring and forecasting of disasters,23,Particulate matter (PM10) / fine particulate matter (PM2.5) / black/organic carbon / sulfate/nitrate aerosols,True,,,,,False,False,"Particulate matter, aerosols, or respiratory and cardiovascular health effects are not studied; the environmental variables are pressure, humidity, temperature, wind speed, and sea levels.",,0.00,0.00,2026-09-09_09-59-56_pruned_taxonomy_topdown
58762,8949736c-3dbd-485e-8d8e-f22548c9f996,An IoT-based ensemble framework for climate change monitoring and forecasting of disasters,24,Tropospheric ozone (O₃),True,,,,,False,False,Ground-level ozone and its photochemical precursors are not mentioned or investigated.,,0.00,0.00,2026-09-09_09-59-56_pruned_taxonomy_topdown
58762,8949736c-3dbd-485e-8d8e-f22548c9f996,An IoT-based ensemble framework for climate change monitoring and forecasting of disasters,26,Extreme cold,True,,,,,False,False,"The study monitors temperature and other environmental variables, but it does not specifically investigate unusually low temperatures, cold snaps, blizzards, or cold-related health impacts.",,0.00,0.00,2026-09-09_09-59-56_pruned_taxonomy_topdown
58762,8949736c-3dbd-485e-8d8e-f22548c9f996,An IoT-based ensemble framework for climate change monitoring and forecasting of disasters,27,Extreme heat,True,,,,,False,False,"Temperature is monitored as an input, but the study does not specifically address heatwaves, unusually high temperatures, or heat-related health outcomes.",,0.00,0.00,2026-09-09_09-59-56_pruned_taxonomy_topdown
58762,8949736c-3dbd-485e-8d8e-f22548c9f996,An IoT-based ensemble framework for climate change monitoring and forecasting of disasters,28,Extreme precipitation,True,,,,,False,False,"The framework monitors environmental conditions and predicts disasters generally, but no unusually intense or prolonged precipitation event is identified as a study focus.",,0.00,0.00,2026-09-09_09-59-56_pruned_taxonomy_topdown
58762,8949736c-3dbd-485e-8d8e-f22548c9f996,An IoT-based ensemble framework for climate change monitoring and forecasting of disasters,30,Floods,True,,,,,False,False,"Sea levels are monitored, but the abstract does not identify flooding or temporary inundation as the specific disaster type being studied.",,0.00,0.00,2026-09-09_09-59-56_pruned_taxonomy_topdown
58762,8949736c-3dbd-485e-8d8e-f22548c9f996,An IoT-based ensemble framework for climate change monitoring and forecasting of disasters,33,Wildfires,True,,,,,False,False,"The study does not mention wildfires, uncontrolled vegetation fires, smoke, or fire-related air pollution.",,0.00,0.00,2026-09-09_09-59-56_pruned_taxonomy_topdown
58762,8949736c-3dbd-485e-8d8e-f22548c9f996,An IoT-based ensemble framework for climate change monitoring and forecasting of disasters,25,Droughts,True,,,,,False,False,"The abstract does not address prolonged water deficits, drought, reduced water availability, or associated health and livelihood impacts.",,0.00,0.00,2026-09-09_09-59-56_pruned_taxonomy_topdown
58762,8949736c-3dbd-485e-8d8e-f22548c9f996,An IoT-based ensemble framework for climate change monitoring and forecasting of disasters,29,Extreme snow/ice events,True,,,,,False,False,"No severe snow, ice, blizzard, freezing rain, or ice storm conditions are discussed.",,0.00,0.00,2026-09-09_09-59-56_pruned_taxonomy_topdown
58762,8949736c-3dbd-485e-8d8e-f22548c9f996,An IoT-based ensemble framework for climate change monitoring and forecasting of disasters,31,Sand and dust storms,True,,,,,False,False,"Wind speed is monitored as an environmental variable, but the study does not concern wind-driven sand or dust events.",,0.00,0.00,2026-09-09_09-59-56_pruned_taxonomy_topdown
58762,8949736c-3dbd-485e-8d8e-f22548c9f996,An IoT-based ensemble framework for climate change monitoring and forecasting of disasters,32,Storms and severe wind,True,,,,,False,False,"The study refers to disasters in general and does not identify tropical cyclones, hurricanes, typhoons, severe thunderstorms, or hailstorms.",,0.00,0.00,2026-09-09_09-59-56_pruned_taxonomy_topdown
58762,8949736c-3dbd-485e-8d8e-f22548c9f996,An IoT-based ensemble framework for climate change monitoring and forecasting of disasters,34,Z_(Unspecified) extreme weather events,True,,,,,True,True,"The framework is designed to predict disasters generally without distinguishing a specific extreme-event type, including through early warnings and disaster preparedness.",detect the risk occurrence of disaster,0.00,100.00,2026-09-09_09-59-56_pruned_taxonomy_topdown
58762,8949736c-3dbd-485e-8d8e-f22548c9f996,An IoT-based ensemble framework for climate change monitoring and forecasting of disasters,493,Attribution,True,,,,,False,False,"The study monitors environmental variables and predicts disaster risk, but does not establish the causal contribution of climate change to observed changes or specific events.",,0.00,0.00,2026-09-09_09-59-56_pruned_taxonomy_topdown
58762,8949736c-3dbd-485e-8d8e-f22548c9f996,An IoT-based ensemble framework for climate change monitoring and forecasting of disasters,487,Adaptation,True,,,,,True,True,"The study develops an IoT-based monitoring, forecasting, early-warning, and disaster-preparedness framework for climate-related environmental hazards, which are adaptation and resilience measures.","""enables early disaster prediction for efficient monitoring of climate changes"" and ""giving out warnings or even starting disaster preparedness""",0.00,71.53,2026-09-09_09-59-56_pruned_taxonomy_topdown
58762,8949736c-3dbd-485e-8d8e-f22548c9f996,An IoT-based ensemble framework for climate change monitoring and forecasting of disasters,490,Maladaptation,True,,,,,False,False,"The study proposes early disaster prediction and preparedness measures, but does not examine unintended harmful consequences or new risks caused by adaptation actions.",,0.00,0.00,2026-09-09_09-59-56_pruned_taxonomy_topdown
58762,8949736c-3dbd-485e-8d8e-f22548c9f996,An IoT-based ensemble framework for climate change monitoring and forecasting of disasters,495,Loss and damage,True,,,,,False,False,"The study concerns disaster prediction and preparedness, not unavoidable or irreversible losses resulting from climate change.",,0.00,0.00,2026-09-09_09-59-56_pruned_taxonomy_topdown
58762,8949736c-3dbd-485e-8d8e-f22548c9f996,An IoT-based ensemble framework for climate change monitoring and forecasting of disasters,492,Resilience,True,,,,,False,True,"The framework supports the capacity to anticipate and respond to climate-related hazards through monitoring, prediction, warnings, and disaster preparedness, which are components of climate resilience.","""enables early disaster prediction for efficient monitoring of climate changes""",0.00,97.47,2026-09-09_09-59-56_pruned_taxonomy_topdown
58762,8949736c-3dbd-485e-8d8e-f22548c9f996,An IoT-based ensemble framework for climate change monitoring and forecasting of disasters,489,Mitigation,True,,,,,False,False,"The study does not address greenhouse-gas emissions, fossil fuels, or actions to reduce emissions; it focuses on monitoring climate conditions and predicting disasters.",,0.00,0.00,2026-09-09_09-59-56_pruned_taxonomy_topdown
58762,8949736c-3dbd-485e-8d8e-f22548c9f996,An IoT-based ensemble framework for climate change monitoring and forecasting of disasters,491,Preparedness,True,,,,,True,True,The study focuses on forecasting disasters in advance and triggering warnings and preparedness actions to reduce impacts.,"""giving out warnings or even starting disaster preparedness""",0.00,96.67,2026-09-09_09-59-56_pruned_taxonomy_topdown
58762,8949736c-3dbd-485e-8d8e-f22548c9f996,An IoT-based ensemble framework for climate change monitoring and forecasting of disasters,494,Future impact,True,,,,,False,False,"Although the framework forecasts disaster occurrence, it does not project future climate or health effects using climate models and scenario analysis.",,0.00,0.00,2026-09-09_09-59-56_pruned_taxonomy_topdown
58762,8949736c-3dbd-485e-8d8e-f22548c9f996,An IoT-based ensemble framework for climate change monitoring and forecasting of disasters,496,Co-Benefits,True,,,,,False,False,No annotation with this attribute found: reverting to default,,0.00,0.00,2026-09-09_09-59-56_pruned_taxonomy_topdown
58762,8949736c-3dbd-485e-8d8e-f22548c9f996,An IoT-based ensemble framework for climate change monitoring and forecasting of disasters,488,Impact,True,,,,,False,True,"The study concerns climate variables and their use in detecting and predicting disaster risks, thereby characterising potential effects and hazards arising from climate-related conditions.","""monitor the climate, maintaining records of environmental conditions such as atmospheric pressure, humidity, temperature, wind speed, and sea levels""",0.00,98.67,2026-09-09_09-59-56_pruned_taxonomy_topdown
58762,8949736c-3dbd-485e-8d8e-f22548c9f996,An IoT-based ensemble framework for climate change monitoring and forecasting of disasters,6,(Unspecified) changes in weather,True,,,,,False,True,The study addresses broad environmental and climate changes without focusing on one specific meteorological variable.,"""monitor the climate, maintaining records of environmental conditions such as atmospheric pressure, humidity, temperature, wind speed, and sea levels""",0.00,98.67,2026-09-09_09-59-56_pruned_taxonomy_topdown
58762,8949736c-3dbd-485e-8d8e-f22548c9f996,An IoT-based ensemble framework for climate change monitoring and forecasting of disasters,15,Changes in wind speed,True,,,,,True,False,"Wind speed is listed as one monitored condition, but the study does not examine alterations in wind patterns or their effects.",,0.00,0.00,2026-09-09_09-59-56_pruned_taxonomy_topdown
58762,8949736c-3dbd-485e-8d8e-f22548c9f996,An IoT-based ensemble framework for climate change monitoring and forecasting of disasters,13,Changes in season length,True,,,,,False,False,The study does not address changes in season duration or seasonal onset.,,0.00,0.00,2026-09-09_09-59-56_pruned_taxonomy_topdown
58762,8949736c-3dbd-485e-8d8e-f22548c9f996,An IoT-based ensemble framework for climate change monitoring and forecasting of disasters,7,(Unspecified) climate change,True,,,,,False,True,Climate change is referenced in general terms without identifying a specific driver or mechanism.,"""early disaster prediction for efficient monitoring of climate changes""",0.00,97.18,2026-09-09_09-59-56_pruned_taxonomy_topdown
58762,8949736c-3dbd-485e-8d8e-f22548c9f996,An IoT-based ensemble framework for climate change monitoring and forecasting of disasters,16,Climate variability,True,,,,,False,False,"Although environmental conditions are monitored in real time, the study does not focus on climate variability around longer-term averages or across temporal and spatial scales.",,0.00,0.00,2026-09-09_09-59-56_pruned_taxonomy_topdown
58762,8949736c-3dbd-485e-8d8e-f22548c9f996,An IoT-based ensemble framework for climate change monitoring and forecasting of disasters,9,Changes in humidity,True,,,,,True,False,"Humidity is measured, but the study does not investigate shifts in atmospheric moisture or related health outcomes.",,0.00,0.00,2026-09-09_09-59-56_pruned_taxonomy_topdown
58762,8949736c-3dbd-485e-8d8e-f22548c9f996,An IoT-based ensemble framework for climate change monitoring and forecasting of disasters,12,Changes in sea level,True,,,,,True,False,"Sea levels are monitored, but the study does not examine sea-level rise or its causes and consequences.",,0.00,0.00,2026-09-09_09-59-56_pruned_taxonomy_topdown
58762,8949736c-3dbd-485e-8d8e-f22548c9f996,An IoT-based ensemble framework for climate change monitoring and forecasting of disasters,11,Changes in precipitation,True,,,,,False,False,"The abstract does not mention rainfall, snowfall, precipitation changes, floods, or drought conditions.",,0.00,0.00,2026-09-09_09-59-56_pruned_taxonomy_topdown
58762,8949736c-3dbd-485e-8d8e-f22548c9f996,An IoT-based ensemble framework for climate change monitoring and forecasting of disasters,10,Changes in inland water bodies,True,,,,,False,False,"The study does not address climate-driven changes in freshwater systems, river or lake levels, or hydrological patterns.",,0.00,0.00,2026-09-09_09-59-56_pruned_taxonomy_topdown
58762,8949736c-3dbd-485e-8d8e-f22548c9f996,An IoT-based ensemble framework for climate change monitoring and forecasting of disasters,14,Changes in temperature,True,,,,,True,False,"Temperature is recorded by sensors, but the study does not examine long-term or extreme temperature shifts such as warming trends.",,0.00,0.00,2026-09-09_09-59-56_pruned_taxonomy_topdown
58762,8949736c-3dbd-485e-8d8e-f22548c9f996,An IoT-based ensemble framework for climate change monitoring and forecasting of disasters,8,Changes in glacier / snow melt,True,,,,,False,False,The study does not discuss glacier or snowpack melting.,,0.00,0.00,2026-09-09_09-59-56_pruned_taxonomy_topdown
58762,8949736c-3dbd-485e-8d8e-f22548c9f996,An IoT-based ensemble framework for climate change monitoring and forecasting of disasters,476,Education (Sector),True,,,,,False,False,The study does not examine formal or informal education systems.,,0.00,0.00,2026-09-09_09-59-56_pruned_taxonomy_topdown
58762,8949736c-3dbd-485e-8d8e-f22548c9f996,An IoT-based ensemble framework for climate change monitoring and forecasting of disasters,485,Transportation (Sector),True,,,,,False,False,"Transport systems, infrastructure, vehicles, and logistics are not subjects of the study.",,0.00,0.00,2026-09-09_09-59-56_pruned_taxonomy_topdown
58762,8949736c-3dbd-485e-8d8e-f22548c9f996,An IoT-based ensemble framework for climate change monitoring and forecasting of disasters,483,Public administration (Sector),True,,,,,False,False,"Although disaster warnings and preparedness are mentioned, the study does not examine public-administration operations, services, or workforce.",,0.00,0.00,2026-09-09_09-59-56_pruned_taxonomy_topdown
58762,8949736c-3dbd-485e-8d8e-f22548c9f996,An IoT-based ensemble framework for climate change monitoring and forecasting of disasters,479,Healthcare (Sector),True,,,,,False,False,"The framework concerns environmental monitoring and disaster prediction, not medical care or public-health services.",,0.00,0.00,2026-09-09_09-59-56_pruned_taxonomy_topdown
58762,8949736c-3dbd-485e-8d8e-f22548c9f996,An IoT-based ensemble framework for climate change monitoring and forecasting of disasters,486,"Water, sanitation, and waste management (Sector)",True,,,,,False,False,"Water supply, sewage treatment, and solid-waste management are not addressed.",,0.00,0.00,2026-09-09_09-59-56_pruned_taxonomy_topdown
58762,8949736c-3dbd-485e-8d8e-f22548c9f996,An IoT-based ensemble framework for climate change monitoring and forecasting of disasters,475,Buildings / housing (Sector),True,,,,,False,False,"Buildings, housing, and construction are not examined.",,0.00,0.00,2026-09-09_09-59-56_pruned_taxonomy_topdown
58762,8949736c-3dbd-485e-8d8e-f22548c9f996,An IoT-based ensemble framework for climate change monitoring and forecasting of disasters,478,Finance (Sector),True,,,,,False,False,"Banking, insurance, investment, and financial services are not addressed.",,0.00,0.00,2026-09-09_09-59-56_pruned_taxonomy_topdown
58762,8949736c-3dbd-485e-8d8e-f22548c9f996,An IoT-based ensemble framework for climate change monitoring and forecasting of disasters,484,Social protection (Sector),True,,,,,False,False,"The study does not concern social safety nets, welfare services, or support systems for vulnerable populations.",,0.00,0.00,2026-09-09_09-59-56_pruned_taxonomy_topdown
58762,8949736c-3dbd-485e-8d8e-f22548c9f996,An IoT-based ensemble framework for climate change monitoring and forecasting of disasters,481,Information and communications technologies (Sector),True,,,,,False,True,"The study is fundamentally centered on an information-technology and sensor-based IoT framework, including data collection, preprocessing, machine-learning classification, and prediction.",the given paper introduces an IoT-based ensemble framework,0.00,100.00,2026-09-09_09-59-56_pruned_taxonomy_topdown
58762,8949736c-3dbd-485e-8d8e-f22548c9f996,An IoT-based ensemble framework for climate change monitoring and forecasting of disasters,480,"Industry, trade, and services (Sector)",True,,,,,False,False,"Manufacturing, retail, wholesale trade, and commercial services are not the subject of the study.",,0.00,0.00,2026-09-09_09-59-56_pruned_taxonomy_topdown
58762,8949736c-3dbd-485e-8d8e-f22548c9f996,An IoT-based ensemble framework for climate change monitoring and forecasting of disasters,477,Energy and extractives (Sector),True,,,,,False,False,"Electricity generation, fuel production, and resource extraction are not examined.",,0.00,0.00,2026-09-09_09-59-56_pruned_taxonomy_topdown
58762,8949736c-3dbd-485e-8d8e-f22548c9f996,An IoT-based ensemble framework for climate change monitoring and forecasting of disasters,482,Military (Sector),True,,,,,False,False,"The study does not concern armed forces, defense capabilities, military personnel, equipment, or infrastructure.",,0.00,0.00,2026-09-09_09-59-56_pruned_taxonomy_topdown
58762,8949736c-3dbd-485e-8d8e-f22548c9f996,An IoT-based ensemble framework for climate change monitoring and forecasting of disasters,474,"Agriculture, fishing, and forestry (Sector)",True,,,,,False,False,"Crop cultivation, livestock, aquaculture, fishing, and forest management are not addressed.",,0.00,0.00,2026-09-09_09-59-56_pruned_taxonomy_topdown
58762,8949736c-3dbd-485e-8d8e-f22548c9f996,An IoT-based ensemble framework for climate change monitoring and forecasting of disasters,431,Z_Other evidence synthesis type,True,,,,,False,False,No annotation with this attribute found: reverting to default,,0.00,0.00,2026-09-09_09-59-56_pruned_taxonomy_topdown
58762,8949736c-3dbd-485e-8d8e-f22548c9f996,An IoT-based ensemble framework for climate change monitoring and forecasting of disasters,427,Health technology assessment (HTA),True,,,,,False,False,No annotation with this attribute found: reverting to default,,0.00,0.00,2026-09-09_09-59-56_pruned_taxonomy_topdown
58762,8949736c-3dbd-485e-8d8e-f22548c9f996,An IoT-based ensemble framework for climate change monitoring and forecasting of disasters,428,Meta-analysis (unsystematic),True,,,,,False,False,No annotation with this attribute found: reverting to default,,0.00,0.00,2026-09-09_09-59-56_pruned_taxonomy_topdown
58762,8949736c-3dbd-485e-8d8e-f22548c9f996,An IoT-based ensemble framework for climate change monitoring and forecasting of disasters,390,(Quasi-)Experimental / single-group designs,True,,,,,False,False,The study does not apply an intervention to a single group; it develops and evaluates a predictive framework using environmental sensor data.,,0.00,0.00,2026-09-09_09-59-56_pruned_taxonomy_topdown
58762,8949736c-3dbd-485e-8d8e-f22548c9f996,An IoT-based ensemble framework for climate change monitoring and forecasting of disasters,397,Z_Other study design,True,,,,,False,False,"The study fits the specified modelling/computational design category, so it is not an uncategorized primary research design.",,0.00,0.00,2026-09-09_09-59-56_pruned_taxonomy_topdown
58762,8949736c-3dbd-485e-8d8e-f22548c9f996,An IoT-based ensemble framework for climate change monitoring and forecasting of disasters,394,Observational / group comparison designs,True,,,,,False,False,There is no observational comparison of health outcomes between groups defined by exposure status.,,0.00,0.00,2026-09-09_09-59-56_pruned_taxonomy_topdown
58762,8949736c-3dbd-485e-8d8e-f22548c9f996,An IoT-based ensemble framework for climate change monitoring and forecasting of disasters,393,Modelling / simulation,True,,,,,True,True,"The study uses statistical and computational machine-learning models, including SVM and XGBoost, to process environmental data and predict disaster risk.",The given paper introduces an IoT-based ensemble framework that enables early disaster prediction,0.00,98.97,2026-09-09_09-59-56_pruned_taxonomy_topdown
58762,8949736c-3dbd-485e-8d8e-f22548c9f996,An IoT-based ensemble framework for climate change monitoring and forecasting of disasters,387,1. Primary research,True,,,,,True,True,This is an original research study that collects and analyses real-time environmental data using IoT sensors and evaluates a predictive framework.,"The IoT sensors are placed in various regions of the environment to monitor the climate, maintaining records of environmental conditions such as atmospheric pressure, humidity, temperature, wind speed, and sea levels.",0.00,100.00,2026-09-09_09-59-56_pruned_taxonomy_topdown
58762,8949736c-3dbd-485e-8d8e-f22548c9f996,An IoT-based ensemble framework for climate change monitoring and forecasting of disasters,395,Observational / single-group designs,True,,,,,False,False,The study does not track outcomes over time in a single group to infer associations from temporal patterns.,,0.00,0.00,2026-09-09_09-59-56_pruned_taxonomy_topdown
58762,8949736c-3dbd-485e-8d8e-f22548c9f996,An IoT-based ensemble framework for climate change monitoring and forecasting of disasters,430,Systematic reviews,True,,,,,False,False,No annotation with this attribute found: reverting to default,,0.00,0.00,2026-09-09_09-59-56_pruned_taxonomy_topdown
58762,8949736c-3dbd-485e-8d8e-f22548c9f996,An IoT-based ensemble framework for climate change monitoring and forecasting of disasters,392,Mixed-methods,True,,,,,False,False,The abstract describes computational and quantitative analysis only; it does not report qualitative data collection or analysis.,,0.00,0.00,2026-09-09_09-59-56_pruned_taxonomy_topdown
58762,8949736c-3dbd-485e-8d8e-f22548c9f996,An IoT-based ensemble framework for climate change monitoring and forecasting of disasters,396,Qualitative designs,True,,,,,False,False,"No qualitative methods are used to explore meanings, experiences, or contextual factors.",,0.00,0.00,2026-09-09_09-59-56_pruned_taxonomy_topdown
58762,8949736c-3dbd-485e-8d8e-f22548c9f996,An IoT-based ensemble framework for climate change monitoring and forecasting of disasters,426,Guideline (clinical or public health),True,,,,,False,False,No annotation with this attribute found: reverting to default,,0.00,0.00,2026-09-09_09-59-56_pruned_taxonomy_topdown
58762,8949736c-3dbd-485e-8d8e-f22548c9f996,An IoT-based ensemble framework for climate change monitoring and forecasting of disasters,389,(Quasi-)Experimental / group comparison designs,True,,,,,False,False,"The study does not compare an intervention group with a control or comparison group; performance comparisons with existing studies are model-validation comparisons, not experimental groups.",,0.00,0.00,2026-09-09_09-59-56_pruned_taxonomy_topdown
58762,8949736c-3dbd-485e-8d8e-f22548c9f996,An IoT-based ensemble framework for climate change monitoring and forecasting of disasters,391,Descriptive / single-group designs,True,,,,,False,False,The study does not merely describe the frequency or distribution of outcomes in a single group; it develops predictive models for disaster risk.,,0.00,0.00,2026-09-09_09-59-56_pruned_taxonomy_topdown
58762,8949736c-3dbd-485e-8d8e-f22548c9f996,An IoT-based ensemble framework for climate change monitoring and forecasting of disasters,388,2. Evidence synthesis,True,,,,,False,False,The study develops and validates a new prediction framework using sensor data; it is not a review or synthesis of existing studies or literature.,,0.00,0.00,2026-09-09_09-59-56_pruned_taxonomy_topdown
58762,8949736c-3dbd-485e-8d8e-f22548c9f996,An IoT-based ensemble framework for climate change monitoring and forecasting of disasters,429,Narrative review,True,,,,,False,False,No annotation with this attribute found: reverting to default,,0.00,0.00,2026-09-09_09-59-56_pruned_taxonomy_topdown
58762,8949736c-3dbd-485e-8d8e-f22548c9f996,An IoT-based ensemble framework for climate change monitoring and forecasting of disasters,202,Neurological disorders,True,,,,,False,False,No annotation with this attribute found: reverting to default,,0.00,0.00,2026-09-09_09-59-56_pruned_taxonomy_topdown
58762,8949736c-3dbd-485e-8d8e-f22548c9f996,An IoT-based ensemble framework for climate change monitoring and forecasting of disasters,116,1.1. Total / all-cause mortality (Outcome),True,,,,,False,False,No annotation with this attribute found: reverting to default,,0.00,0.00,2026-09-09_09-59-56_pruned_taxonomy_topdown
58762,8949736c-3dbd-485e-8d8e-f22548c9f996,An IoT-based ensemble framework for climate change monitoring and forecasting of disasters,196,Chronic respiratory diseases,True,,,,,False,False,No annotation with this attribute found: reverting to default,,0.00,0.00,2026-09-09_09-59-56_pruned_taxonomy_topdown
58762,8949736c-3dbd-485e-8d8e-f22548c9f996,An IoT-based ensemble framework for climate change monitoring and forecasting of disasters,206,Z_Other non-communicable diseases,True,,,,,False,False,No annotation with this attribute found: reverting to default,,0.00,0.00,2026-09-09_09-59-56_pruned_taxonomy_topdown
58762,8949736c-3dbd-485e-8d8e-f22548c9f996,An IoT-based ensemble framework for climate change monitoring and forecasting of disasters,117,"1.2. Communicable, maternal, neonatal, and nutritional mortality",True,,,,,False,False,No annotation with this attribute found: reverting to default,,0.00,0.00,2026-09-09_09-59-56_pruned_taxonomy_topdown
58762,8949736c-3dbd-485e-8d8e-f22548c9f996,An IoT-based ensemble framework for climate change monitoring and forecasting of disasters,199,Mental disorders,True,,,,,False,False,No annotation with this attribute found: reverting to default,,0.00,0.00,2026-09-09_09-59-56_pruned_taxonomy_topdown
58762,8949736c-3dbd-485e-8d8e-f22548c9f996,An IoT-based ensemble framework for climate change monitoring and forecasting of disasters,204,Skin and subcutaneous diseases,True,,,,,False,False,No annotation with this attribute found: reverting to default,,0.00,0.00,2026-09-09_09-59-56_pruned_taxonomy_topdown
58762,8949736c-3dbd-485e-8d8e-f22548c9f996,An IoT-based ensemble framework for climate change monitoring and forecasting of disasters,134,HIV/AIDS and sexually transmitted infections,True,,,,,False,False,No annotation with this attribute found: reverting to default,,0.00,0.00,2026-09-09_09-59-56_pruned_taxonomy_topdown
58762,8949736c-3dbd-485e-8d8e-f22548c9f996,An IoT-based ensemble framework for climate change monitoring and forecasting of disasters,137,Nutritional deficiencies,True,,,,,False,False,No annotation with this attribute found: reverting to default,,0.00,0.00,2026-09-09_09-59-56_pruned_taxonomy_topdown
58762,8949736c-3dbd-485e-8d8e-f22548c9f996,An IoT-based ensemble framework for climate change monitoring and forecasting of disasters,200,Musculoskeletal disorders,True,,,,,False,False,No annotation with this attribute found: reverting to default,,0.00,0.00,2026-09-09_09-59-56_pruned_taxonomy_topdown
58762,8949736c-3dbd-485e-8d8e-f22548c9f996,An IoT-based ensemble framework for climate change monitoring and forecasting of disasters,139,Z_Other infectious diseases,True,,,,,False,False,No annotation with this attribute found: reverting to default,,0.00,0.00,2026-09-09_09-59-56_pruned_taxonomy_topdown
58762,8949736c-3dbd-485e-8d8e-f22548c9f996,An IoT-based ensemble framework for climate change monitoring and forecasting of disasters,289,Transport injuries,True,,,,,False,False,No annotation with this attribute found: reverting to default,,0.00,0.00,2026-09-09_09-59-56_pruned_taxonomy_topdown
58762,8949736c-3dbd-485e-8d8e-f22548c9f996,An IoT-based ensemble framework for climate change monitoring and forecasting of disasters,135,Maternal and neonatal disorders,True,,,,,False,False,No annotation with this attribute found: reverting to default,,0.00,0.00,2026-09-09_09-59-56_pruned_taxonomy_topdown
58762,8949736c-3dbd-485e-8d8e-f22548c9f996,An IoT-based ensemble framework for climate change monitoring and forecasting of disasters,136,Neglected tropical diseases and malaria,True,,,,,False,False,No annotation with this attribute found: reverting to default,,0.00,0.00,2026-09-09_09-59-56_pruned_taxonomy_topdown
58762,8949736c-3dbd-485e-8d8e-f22548c9f996,An IoT-based ensemble framework for climate change monitoring and forecasting of disasters,195,Cardiovascular diseases,True,,,,,False,False,No annotation with this attribute found: reverting to default,,0.00,0.00,2026-09-09_09-59-56_pruned_taxonomy_topdown
58762,8949736c-3dbd-485e-8d8e-f22548c9f996,An IoT-based ensemble framework for climate change monitoring and forecasting of disasters,288,Self-harm and interpersonal violence,True,,,,,False,False,No annotation with this attribute found: reverting to default,,0.00,0.00,2026-09-09_09-59-56_pruned_taxonomy_topdown
58762,8949736c-3dbd-485e-8d8e-f22548c9f996,An IoT-based ensemble framework for climate change monitoring and forecasting of disasters,114,3. Non-communicable diseases,True,,,,,False,False,"The study focuses on IoT-based climate and disaster-risk prediction, not chronic non-infectious diseases.",,0.00,0.00,2026-09-09_09-59-56_pruned_taxonomy_topdown
58762,8949736c-3dbd-485e-8d8e-f22548c9f996,An IoT-based ensemble framework for climate change monitoring and forecasting of disasters,112,1. Mortality (Outcome),True,,,,,False,False,"The study does not examine deaths, mortality, or fatal disease burden; it predicts disaster occurrence and supports warnings and preparedness.",,0.00,0.00,2026-09-09_09-59-56_pruned_taxonomy_topdown
58762,8949736c-3dbd-485e-8d8e-f22548c9f996,An IoT-based ensemble framework for climate change monitoring and forecasting of disasters,138,Respiratory infections and tuberculosis,True,,,,,False,False,No annotation with this attribute found: reverting to default,,0.00,0.00,2026-09-09_09-59-56_pruned_taxonomy_topdown
58762,8949736c-3dbd-485e-8d8e-f22548c9f996,An IoT-based ensemble framework for climate change monitoring and forecasting of disasters,290,Unintentional injuries,True,,,,,False,False,No annotation with this attribute found: reverting to default,,0.00,0.00,2026-09-09_09-59-56_pruned_taxonomy_topdown
58762,8949736c-3dbd-485e-8d8e-f22548c9f996,An IoT-based ensemble framework for climate change monitoring and forecasting of disasters,113,"2. Communicable, maternal, neonatal, and nutritional diseases",True,,,,,False,False,"No infectious, maternal, neonatal, or nutritional diseases are studied. The focus is environmental monitoring and disaster prediction.",,0.00,0.00,2026-09-09_09-59-56_pruned_taxonomy_topdown
58762,8949736c-3dbd-485e-8d8e-f22548c9f996,An IoT-based ensemble framework for climate change monitoring and forecasting of disasters,133,Enteric infections,True,,,,,False,False,No annotation with this attribute found: reverting to default,,0.00,0.00,2026-09-09_09-59-56_pruned_taxonomy_topdown
58762,8949736c-3dbd-485e-8d8e-f22548c9f996,An IoT-based ensemble framework for climate change monitoring and forecasting of disasters,201,Neoplasms,True,,,,,False,False,No annotation with this attribute found: reverting to default,,0.00,0.00,2026-09-09_09-59-56_pruned_taxonomy_topdown
58762,8949736c-3dbd-485e-8d8e-f22548c9f996,An IoT-based ensemble framework for climate change monitoring and forecasting of disasters,118,1.3. Non-communicable mortality,True,,,,,False,False,No annotation with this attribute found: reverting to default,,0.00,0.00,2026-09-09_09-59-56_pruned_taxonomy_topdown
58762,8949736c-3dbd-485e-8d8e-f22548c9f996,An IoT-based ensemble framework for climate change monitoring and forecasting of disasters,205,Substance use disorders,True,,,,,False,False,No annotation with this attribute found: reverting to default,,0.00,0.00,2026-09-09_09-59-56_pruned_taxonomy_topdown
58762,8949736c-3dbd-485e-8d8e-f22548c9f996,An IoT-based ensemble framework for climate change monitoring and forecasting of disasters,197,Diabetes and kidney diseases,True,,,,,False,False,No annotation with this attribute found: reverting to default,,0.00,0.00,2026-09-09_09-59-56_pruned_taxonomy_topdown
58762,8949736c-3dbd-485e-8d8e-f22548c9f996,An IoT-based ensemble framework for climate change monitoring and forecasting of disasters,203,Sense organ diseases,True,,,,,False,False,No annotation with this attribute found: reverting to default,,0.00,0.00,2026-09-09_09-59-56_pruned_taxonomy_topdown
58762,8949736c-3dbd-485e-8d8e-f22548c9f996,An IoT-based ensemble framework for climate change monitoring and forecasting of disasters,115,4. Injuries,True,,,,,False,False,"Although disasters may potentially cause harm, physical injury is not an assessed population health outcome or focus of this study.",,0.00,0.00,2026-09-09_09-59-56_pruned_taxonomy_topdown
58762,8949736c-3dbd-485e-8d8e-f22548c9f996,An IoT-based ensemble framework for climate change monitoring and forecasting of disasters,198,Digestive diseases,True,,,,,False,False,No annotation with this attribute found: reverting to default,,0.00,0.00,2026-09-09_09-59-56_pruned_taxonomy_topdown
97493682,8ca7142f-f997-4e71-9bef-3002095ec030,A Systematic Literature Review of the Contribution of Past Climate Information Services Pilot Projects in Climate Risk Management,36,Coal,True,,,,,False,False,The study reviews climate information services for vulnerable smallholder farmers and does not address coal use or combustion.,,0.00,0.00,2026-09-09_09-59-56_pruned_taxonomy_topdown
97493682,8ca7142f-f997-4e71-9bef-3002095ec030,A Systematic Literature Review of the Contribution of Past Climate Information Services Pilot Projects in Climate Risk Management,35,(Unspecified) fossil fuels,True,,,,,False,False,The study does not discuss fossil fuel use or combustion in general; it focuses on climate information services and climate risk management in smallholder farming.,,0.00,0.00,2026-09-09_09-59-56_pruned_taxonomy_topdown
97493682,8ca7142f-f997-4e71-9bef-3002095ec030,A Systematic Literature Review of the Contribution of Past Climate Information Services Pilot Projects in Climate Risk Management,38,Oil,True,,,,,False,False,"The study does not address petroleum, petrol, diesel, jet fuel, or other liquid fossil fuels.",,0.00,0.00,2026-09-09_09-59-56_pruned_taxonomy_topdown
97493682,8ca7142f-f997-4e71-9bef-3002095ec030,A Systematic Literature Review of the Contribution of Past Climate Information Services Pilot Projects in Climate Risk Management,37,Natural gas,True,,,,,False,False,"The study does not address natural gas, methane-based fossil fuels, or their use in energy or industry.",,0.00,0.00,2026-09-09_09-59-56_pruned_taxonomy_topdown
97493682,8ca7142f-f997-4e71-9bef-3002095ec030,A Systematic Literature Review of the Contribution of Past Climate Information Services Pilot Projects in Climate Risk Management,17,(Unspecified) greenhouse gases,True,,,,,False,False,"The study reviews climate information services and climate-risk management for smallholder farmers, but does not address greenhouse gases as a subject or exposure.",,0.00,0.00,2026-09-09_09-59-56_pruned_taxonomy_topdown
97493682,8ca7142f-f997-4e71-9bef-3002095ec030,A Systematic Literature Review of the Contribution of Past Climate Information Services Pilot Projects in Climate Risk Management,18,Carbon dioxide (CO₂),True,,,,,False,False,Carbon dioxide is not mentioned or examined; the study focuses on climate information services and farm-level decision-making.,,0.00,0.00,2026-09-09_09-59-56_pruned_taxonomy_topdown
97493682,8ca7142f-f997-4e71-9bef-3002095ec030,A Systematic Literature Review of the Contribution of Past Climate Information Services Pilot Projects in Climate Risk Management,22,Ozone-depleting substances / chlorofluorocarbons / hydrochlorofluorocarbons / halons / carbon tetrachloride / methyl chloroform,True,,,,,False,False,The abstract does not discuss ozone-depleting compounds regulated under the Montreal Protocol.,,0.00,0.00,2026-09-09_09-59-56_pruned_taxonomy_topdown
97493682,8ca7142f-f997-4e71-9bef-3002095ec030,A Systematic Literature Review of the Contribution of Past Climate Information Services Pilot Projects in Climate Risk Management,19,Fluorinated gases / hydrofluorocarbons / perfluorocarbons / sulfur hexafluoride / nitrogen trifluoride,True,,,,,False,False,"Synthetic industrial greenhouse gases are not part of the study's topic, population, exposure, or outcomes.",,0.00,0.00,2026-09-09_09-59-56_pruned_taxonomy_topdown
97493682,8ca7142f-f997-4e71-9bef-3002095ec030,A Systematic Literature Review of the Contribution of Past Climate Information Services Pilot Projects in Climate Risk Management,20,Methane (CH₄),True,,,,,False,False,Methane emissions are not mentioned or studied; references to smallholder farming concern climate-risk management rather than emissions.,,0.00,0.00,2026-09-09_09-59-56_pruned_taxonomy_topdown
97493682,8ca7142f-f997-4e71-9bef-3002095ec030,A Systematic Literature Review of the Contribution of Past Climate Information Services Pilot Projects in Climate Risk Management,21,Nitrous oxide (N₂O),True,,,,,False,False,Nitrous oxide and agricultural fertiliser emissions are not addressed in the review.,,0.00,0.00,2026-09-09_09-59-56_pruned_taxonomy_topdown
97493682,8ca7142f-f997-4e71-9bef-3002095ec030,A Systematic Literature Review of the Contribution of Past Climate Information Services Pilot Projects in Climate Risk Management,23,Particulate matter (PM10) / fine particulate matter (PM2.5) / black/organic carbon / sulfate/nitrate aerosols,True,,,,,False,False,Particulate matter and its respiratory or cardiovascular effects are not discussed.,,0.00,0.00,2026-09-09_09-59-56_pruned_taxonomy_topdown
97493682,8ca7142f-f997-4e71-9bef-3002095ec030,A Systematic Literature Review of the Contribution of Past Climate Information Services Pilot Projects in Climate Risk Management,24,Tropospheric ozone (O₃),True,,,,,False,False,Ozone as a short-lived climate pollutant or air-quality hazard is not mentioned or examined.,,0.00,0.00,2026-09-09_09-59-56_pruned_taxonomy_topdown
97493682,8ca7142f-f997-4e71-9bef-3002095ec030,A Systematic Literature Review of the Contribution of Past Climate Information Services Pilot Projects in Climate Risk Management,26,Extreme cold,True,,,,,False,False,"The study does not focus on cold temperatures, cold snaps, blizzards, hypothermia, or cold-related health outcomes.",,0.00,0.00,2026-09-09_09-59-56_pruned_taxonomy_topdown
97493682,8ca7142f-f997-4e71-9bef-3002095ec030,A Systematic Literature Review of the Contribution of Past Climate Information Services Pilot Projects in Climate Risk Management,27,Extreme heat,True,,,,,False,False,"The study does not specifically address heatwaves, unusually high temperatures, or heat-related health risks.",,0.00,0.00,2026-09-09_09-59-56_pruned_taxonomy_topdown
97493682,8ca7142f-f997-4e71-9bef-3002095ec030,A Systematic Literature Review of the Contribution of Past Climate Information Services Pilot Projects in Climate Risk Management,28,Extreme precipitation,True,,,,,False,False,"The study does not examine unusually intense or prolonged rainfall, snowfall, or other precipitation events.",,0.00,0.00,2026-09-09_09-59-56_pruned_taxonomy_topdown
97493682,8ca7142f-f997-4e71-9bef-3002095ec030,A Systematic Literature Review of the Contribution of Past Climate Information Services Pilot Projects in Climate Risk Management,30,Floods,True,,,,,False,False,Flooding or temporary inundation is not identified as a subject of the review.,,0.00,0.00,2026-09-09_09-59-56_pruned_taxonomy_topdown
97493682,8ca7142f-f997-4e71-9bef-3002095ec030,A Systematic Literature Review of the Contribution of Past Climate Information Services Pilot Projects in Climate Risk Management,33,Wildfires,True,,,,,False,False,Wildfires and fire-related smoke or air pollution are not discussed.,,0.00,0.00,2026-09-09_09-59-56_pruned_taxonomy_topdown
97493682,8ca7142f-f997-4e71-9bef-3002095ec030,A Systematic Literature Review of the Contribution of Past Climate Information Services Pilot Projects in Climate Risk Management,25,Droughts,True,,,,,False,False,"Although the study concerns climate risk management in smallholder farming, it does not specifically address prolonged water deficit, drought, or its health and livelihood consequences.",,0.00,0.00,2026-09-09_09-59-56_pruned_taxonomy_topdown
97493682,8ca7142f-f997-4e71-9bef-3002095ec030,A Systematic Literature Review of the Contribution of Past Climate Information Services Pilot Projects in Climate Risk Management,29,Extreme snow/ice events,True,,,,,False,False,"The study does not address severe snow or ice conditions, blizzards, freezing rain, or ice storms.",,0.00,0.00,2026-09-09_09-59-56_pruned_taxonomy_topdown
97493682,8ca7142f-f997-4e71-9bef-3002095ec030,A Systematic Literature Review of the Contribution of Past Climate Information Services Pilot Projects in Climate Risk Management,31,Sand and dust storms,True,,,,,False,False,Sand or dust storms and wind-driven airborne dust are not discussed.,,0.00,0.00,2026-09-09_09-59-56_pruned_taxonomy_topdown
97493682,8ca7142f-f997-4e71-9bef-3002095ec030,A Systematic Literature Review of the Contribution of Past Climate Information Services Pilot Projects in Climate Risk Management,32,Storms and severe wind,True,,,,,False,False,"The study does not focus on tropical cyclones, hurricanes, typhoons, severe thunderstorms, hailstorms, or comparable intense meteorological events.",,0.00,0.00,2026-09-09_09-59-56_pruned_taxonomy_topdown
97493682,8ca7142f-f997-4e71-9bef-3002095ec030,A Systematic Literature Review of the Contribution of Past Climate Information Services Pilot Projects in Climate Risk Management,34,Z_(Unspecified) extreme weather events,True,,,,,False,False,"The review refers broadly to climate risk and climate information services but does not identify extreme weather events, even at an unspecified event type.",,0.00,0.00,2026-09-09_09-59-56_pruned_taxonomy_topdown
97493682,8ca7142f-f997-4e71-9bef-3002095ec030,A Systematic Literature Review of the Contribution of Past Climate Information Services Pilot Projects in Climate Risk Management,493,Attribution,True,,,,,False,False,"The review does not establish the causal contribution of climate change to observed physical, ecological, or health outcomes or to specific extreme events.",,0.00,0.00,2026-09-09_09-59-56_pruned_taxonomy_topdown
97493682,8ca7142f-f997-4e71-9bef-3002095ec030,A Systematic Literature Review of the Contribution of Past Climate Information Services Pilot Projects in Climate Risk Management,487,Adaptation,True,,,,,True,True,"The study concerns climate information services, forecasting/decision support, and climate risk management to help vulnerable smallholder farmers adjust farm-level decisions to climate variability and risks.",these past pilot projects have contributed to climate risk management in the context of smallholder farming,0.00,100.00,2026-09-09_09-59-56_pruned_taxonomy_topdown
97493682,8ca7142f-f997-4e71-9bef-3002095ec030,A Systematic Literature Review of the Contribution of Past Climate Information Services Pilot Projects in Climate Risk Management,490,Maladaptation,True,,,,,False,False,"The review does not report unintended harmful consequences, increased vulnerability, reduced adaptive capacity, or new risks resulting from the climate information initiatives.",,0.00,0.00,2026-09-09_09-59-56_pruned_taxonomy_topdown
97493682,8ca7142f-f997-4e71-9bef-3002095ec030,A Systematic Literature Review of the Contribution of Past Climate Information Services Pilot Projects in Climate Risk Management,495,Loss and damage,True,,,,,False,False,"The abstract does not discuss unavoidable or irreversible climate-related losses or damages to people, livelihoods, ecosystems, infrastructure, or cultural heritage.",,0.00,0.00,2026-09-09_09-59-56_pruned_taxonomy_topdown
97493682,8ca7142f-f997-4e71-9bef-3002095ec030,A Systematic Literature Review of the Contribution of Past Climate Information Services Pilot Projects in Climate Risk Management,492,Resilience,True,,,,,True,True,The study concerns climate risk management among vulnerable smallholder farmers and identifies climate information services and institutional practices that support farmers' capacity to anticipate and respond to climate-related risks.,these past pilot projects have contributed to climate risk management in the context of smallholder farming,0.00,100.00,2026-09-09_09-59-56_pruned_taxonomy_topdown
97493682,8ca7142f-f997-4e71-9bef-3002095ec030,A Systematic Literature Review of the Contribution of Past Climate Information Services Pilot Projects in Climate Risk Management,489,Mitigation,True,,,,,False,False,"The study does not concern greenhouse-gas emissions, fossil fuels, or actions to reduce emissions.",,0.00,0.00,2026-09-09_09-59-56_pruned_taxonomy_topdown
97493682,8ca7142f-f997-4e71-9bef-3002095ec030,A Systematic Literature Review of the Contribution of Past Climate Information Services Pilot Projects in Climate Risk Management,491,Preparedness,True,,,,,False,True,"The initiatives provide climate information in advance and support pre-season farm-level decision-making, representing planned measures intended to reduce the impacts of climate-related events.",embedding pre-seasonal workshops in the activities of local institutions for sustainability,0.00,100.00,2026-09-09_09-59-56_pruned_taxonomy_topdown
97493682,8ca7142f-f997-4e71-9bef-3002095ec030,A Systematic Literature Review of the Contribution of Past Climate Information Services Pilot Projects in Climate Risk Management,494,Future impact,True,,,,,False,False,"Although the study involves climate information services, it focuses on their use in risk management rather than projected future effects of climate change derived from modelling or scenario analysis.",,0.00,0.00,2026-09-09_09-59-56_pruned_taxonomy_topdown
97493682,8ca7142f-f997-4e71-9bef-3002095ec030,A Systematic Literature Review of the Contribution of Past Climate Information Services Pilot Projects in Climate Risk Management,496,Co-Benefits,True,,,,,False,False,No annotation with this attribute found: reverting to default,,0.00,0.00,2026-09-09_09-59-56_pruned_taxonomy_topdown
97493682,8ca7142f-f997-4e71-9bef-3002095ec030,A Systematic Literature Review of the Contribution of Past Climate Information Services Pilot Projects in Climate Risk Management,488,Impact,True,,,,,False,True,"The review addresses risks arising from climate variables and how climate information supports decisions in response to those risks, which falls within the effects and risks of climate variability on human and agricultural systems.",climate information services main contribution to climate risk management has been through facilitating farm level decision making,0.00,100.00,2026-09-09_09-59-56_pruned_taxonomy_topdown
97493682,8ca7142f-f997-4e71-9bef-3002095ec030,A Systematic Literature Review of the Contribution of Past Climate Information Services Pilot Projects in Climate Risk Management,6,(Unspecified) changes in weather,True,,,,,False,True,"The review concerns broad climate information for smallholder farmers without limiting the exposure to a single meteorological variable, encompassing general weather and climate patterns.","""climate information services""",0.00,93.33,2026-09-09_09-59-56_pruned_taxonomy_topdown
97493682,8ca7142f-f997-4e71-9bef-3002095ec030,A Systematic Literature Review of the Contribution of Past Climate Information Services Pilot Projects in Climate Risk Management,15,Changes in wind speed,True,,,,,False,False,Wind-pattern changes are not identified as a subject of the review.,,0.00,0.00,2026-09-09_09-59-56_pruned_taxonomy_topdown
97493682,8ca7142f-f997-4e71-9bef-3002095ec030,A Systematic Literature Review of the Contribution of Past Climate Information Services Pilot Projects in Climate Risk Management,13,Changes in season length,True,,,,,False,False,"Seasonal duration shifts, such as earlier spring or longer summers, are not discussed.",,0.00,0.00,2026-09-09_09-59-56_pruned_taxonomy_topdown
97493682,8ca7142f-f997-4e71-9bef-3002095ec030,A Systematic Literature Review of the Contribution of Past Climate Information Services Pilot Projects in Climate Risk Management,7,(Unspecified) climate change,True,,,,,True,True,The study addresses climate-related risks in general terms and does not identify a specific climate-change driver or mechanism.,"""climate risk management""",0.00,92.00,2026-09-09_09-59-56_pruned_taxonomy_topdown
97493682,8ca7142f-f997-4e71-9bef-3002095ec030,A Systematic Literature Review of the Contribution of Past Climate Information Services Pilot Projects in Climate Risk Management,16,Climate variability,True,,,,,False,True,Climate information services for farm-level decision-making commonly concern fluctuations and forecasts across seasonal and interannual timescales; the review explicitly considers pre-seasonal climate information use.,"""pre-seasonal workshops""",0.00,91.67,2026-09-09_09-59-56_pruned_taxonomy_topdown
97493682,8ca7142f-f997-4e71-9bef-3002095ec030,A Systematic Literature Review of the Contribution of Past Climate Information Services Pilot Projects in Climate Risk Management,9,Changes in humidity,True,,,,,False,False,Atmospheric moisture or humidity changes are not discussed.,,0.00,0.00,2026-09-09_09-59-56_pruned_taxonomy_topdown
97493682,8ca7142f-f997-4e71-9bef-3002095ec030,A Systematic Literature Review of the Contribution of Past Climate Information Services Pilot Projects in Climate Risk Management,12,Changes in sea level,True,,,,,False,False,Sea-level rise is not relevant to the described smallholder-farming climate information interventions.,,0.00,0.00,2026-09-09_09-59-56_pruned_taxonomy_topdown
97493682,8ca7142f-f997-4e71-9bef-3002095ec030,A Systematic Literature Review of the Contribution of Past Climate Information Services Pilot Projects in Climate Risk Management,11,Changes in precipitation,True,,,,,False,False,"Although rainfall or snowfall may be among the climate variables conveyed by climate services, the abstract does not identify precipitation changes as a specific subject or outcome.",,0.00,0.00,2026-09-09_09-59-56_pruned_taxonomy_topdown
97493682,8ca7142f-f997-4e71-9bef-3002095ec030,A Systematic Literature Review of the Contribution of Past Climate Information Services Pilot Projects in Climate Risk Management,10,Changes in inland water bodies,True,,,,,False,False,"Changes in freshwater systems, river flows, or water availability are not addressed.",,0.00,0.00,2026-09-09_09-59-56_pruned_taxonomy_topdown
97493682,8ca7142f-f997-4e71-9bef-3002095ec030,A Systematic Literature Review of the Contribution of Past Climate Information Services Pilot Projects in Climate Risk Management,14,Changes in temperature,True,,,,,False,False,Temperature trends or extremes are not identified as a specific climate exposure in the review.,,0.00,0.00,2026-09-09_09-59-56_pruned_taxonomy_topdown
97493682,8ca7142f-f997-4e71-9bef-3002095ec030,A Systematic Literature Review of the Contribution of Past Climate Information Services Pilot Projects in Climate Risk Management,8,Changes in glacier / snow melt,True,,,,,False,False,Glacier or snowpack melting is not discussed.,,0.00,0.00,2026-09-09_09-59-56_pruned_taxonomy_topdown
97493682,8ca7142f-f997-4e71-9bef-3002095ec030,A Systematic Literature Review of the Contribution of Past Climate Information Services Pilot Projects in Climate Risk Management,476,Education (Sector),True,,,,,False,False,"The review concerns climate information services and smallholder farming, not formal or vocational education systems.",,0.00,0.00,2026-09-09_09-59-56_pruned_taxonomy_topdown
97493682,8ca7142f-f997-4e71-9bef-3002095ec030,A Systematic Literature Review of the Contribution of Past Climate Information Services Pilot Projects in Climate Risk Management,485,Transportation (Sector),True,,,,,False,False,Transport systems and logistics are not a subject of the study.,,0.00,0.00,2026-09-09_09-59-56_pruned_taxonomy_topdown
97493682,8ca7142f-f997-4e71-9bef-3002095ec030,A Systematic Literature Review of the Contribution of Past Climate Information Services Pilot Projects in Climate Risk Management,483,Public administration (Sector),True,,,,,False,False,"Although local institutions and partnerships are mentioned, the study does not examine public administration operations, services, or workforce.",,0.00,0.00,2026-09-09_09-59-56_pruned_taxonomy_topdown
97493682,8ca7142f-f997-4e71-9bef-3002095ec030,A Systematic Literature Review of the Contribution of Past Climate Information Services Pilot Projects in Climate Risk Management,479,Healthcare (Sector),True,,,,,False,False,"Medical care, public health services, and health infrastructure are not addressed.",,0.00,0.00,2026-09-09_09-59-56_pruned_taxonomy_topdown
97493682,8ca7142f-f997-4e71-9bef-3002095ec030,A Systematic Literature Review of the Contribution of Past Climate Information Services Pilot Projects in Climate Risk Management,486,"Water, sanitation, and waste management (Sector)",True,,,,,False,False,"Water supply, sanitation, and solid waste management are outside the study's focus.",,0.00,0.00,2026-09-09_09-59-56_pruned_taxonomy_topdown
97493682,8ca7142f-f997-4e71-9bef-3002095ec030,A Systematic Literature Review of the Contribution of Past Climate Information Services Pilot Projects in Climate Risk Management,475,Buildings / housing (Sector),True,,,,,False,False,"Residential or commercial buildings, housing, and construction are not examined.",,0.00,0.00,2026-09-09_09-59-56_pruned_taxonomy_topdown
97493682,8ca7142f-f997-4e71-9bef-3002095ec030,A Systematic Literature Review of the Contribution of Past Climate Information Services Pilot Projects in Climate Risk Management,478,Finance (Sector),True,,,,,False,False,"The mention of investments in pilot initiatives is contextual; banking, insurance, and financial services are not study subjects.",,0.00,0.00,2026-09-09_09-59-56_pruned_taxonomy_topdown
97493682,8ca7142f-f997-4e71-9bef-3002095ec030,A Systematic Literature Review of the Contribution of Past Climate Information Services Pilot Projects in Climate Risk Management,484,Social protection (Sector),True,,,,,False,False,"The study does not concern social safety nets, welfare services, or formal support systems for vulnerable populations.",,0.00,0.00,2026-09-09_09-59-56_pruned_taxonomy_topdown
97493682,8ca7142f-f997-4e71-9bef-3002095ec030,A Systematic Literature Review of the Contribution of Past Climate Information Services Pilot Projects in Climate Risk Management,481,Information and communications technologies (Sector),True,,,,,False,False,"Communication channels are discussed as means of delivering climate information, but telecommunications, digital infrastructure, and information technology are not a substantive sectoral focus.",,0.00,0.00,2026-09-09_09-59-56_pruned_taxonomy_topdown
97493682,8ca7142f-f997-4e71-9bef-3002095ec030,A Systematic Literature Review of the Contribution of Past Climate Information Services Pilot Projects in Climate Risk Management,480,"Industry, trade, and services (Sector)",True,,,,,False,False,"Manufacturing, retail, wholesale trade, and commercial services are not addressed.",,0.00,0.00,2026-09-09_09-59-56_pruned_taxonomy_topdown
97493682,8ca7142f-f997-4e71-9bef-3002095ec030,A Systematic Literature Review of the Contribution of Past Climate Information Services Pilot Projects in Climate Risk Management,477,Energy and extractives (Sector),True,,,,,False,False,"Energy generation, fuel production, and resource extraction are not examined.",,0.00,0.00,2026-09-09_09-59-56_pruned_taxonomy_topdown
97493682,8ca7142f-f997-4e71-9bef-3002095ec030,A Systematic Literature Review of the Contribution of Past Climate Information Services Pilot Projects in Climate Risk Management,482,Military (Sector),True,,,,,False,False,"Military forces, defense capabilities, and related infrastructure or operations are not relevant to the study.",,0.00,0.00,2026-09-09_09-59-56_pruned_taxonomy_topdown
97493682,8ca7142f-f997-4e71-9bef-3002095ec030,A Systematic Literature Review of the Contribution of Past Climate Information Services Pilot Projects in Climate Risk Management,474,"Agriculture, fishing, and forestry (Sector)",True,,,,,True,True,"Agriculture is the central setting and subject, specifically climate risk management and decision-making among vulnerable smallholder farmers.",these past pilot projects have contributed to climate risk management in the context of smallholder farming,0.00,100.00,2026-09-09_09-59-56_pruned_taxonomy_topdown
97493682,8ca7142f-f997-4e71-9bef-3002095ec030,A Systematic Literature Review of the Contribution of Past Climate Information Services Pilot Projects in Climate Risk Management,431,Z_Other evidence synthesis type,True,,,,,False,False,"The study is explicitly described as a systematic literature review, which is captured by the systematic review category rather than an uncategorized evidence synthesis type.",,0.00,0.00,2026-09-09_09-59-56_pruned_taxonomy_topdown
97493682,8ca7142f-f997-4e71-9bef-3002095ec030,A Systematic Literature Review of the Contribution of Past Climate Information Services Pilot Projects in Climate Risk Management,427,Health technology assessment (HTA),True,,,,,False,False,"The review does not evaluate a health technology through clinical effectiveness, cost-effectiveness, and broader ethical or social considerations.",,0.00,0.00,2026-09-09_09-59-56_pruned_taxonomy_topdown
97493682,8ca7142f-f997-4e71-9bef-3002095ec030,A Systematic Literature Review of the Contribution of Past Climate Information Services Pilot Projects in Climate Risk Management,428,Meta-analysis (unsystematic),True,,,,,False,False,"Although the study uses a literature review, the abstract does not describe an advanced quantitative synthesis or meta-analysis conducted without systematic evidence-identification methods.",,0.00,0.00,2026-09-09_09-59-56_pruned_taxonomy_topdown
97493682,8ca7142f-f997-4e71-9bef-3002095ec030,A Systematic Literature Review of the Contribution of Past Climate Information Services Pilot Projects in Climate Risk Management,390,(Quasi-)Experimental / single-group designs,True,,,,,False,False,No annotation with this attribute found: reverting to default,,0.00,0.00,2026-09-09_09-59-56_pruned_taxonomy_topdown
97493682,8ca7142f-f997-4e71-9bef-3002095ec030,A Systematic Literature Review of the Contribution of Past Climate Information Services Pilot Projects in Climate Risk Management,397,Z_Other study design,True,,,,,False,False,No annotation with this attribute found: reverting to default,,0.00,0.00,2026-09-09_09-59-56_pruned_taxonomy_topdown
97493682,8ca7142f-f997-4e71-9bef-3002095ec030,A Systematic Literature Review of the Contribution of Past Climate Information Services Pilot Projects in Climate Risk Management,394,Observational / group comparison designs,True,,,,,False,False,No annotation with this attribute found: reverting to default,,0.00,0.00,2026-09-09_09-59-56_pruned_taxonomy_topdown
97493682,8ca7142f-f997-4e71-9bef-3002095ec030,A Systematic Literature Review of the Contribution of Past Climate Information Services Pilot Projects in Climate Risk Management,393,Modelling / simulation,True,,,,,False,False,No annotation with this attribute found: reverting to default,,0.00,0.00,2026-09-09_09-59-56_pruned_taxonomy_topdown
97493682,8ca7142f-f997-4e71-9bef-3002095ec030,A Systematic Literature Review of the Contribution of Past Climate Information Services Pilot Projects in Climate Risk Management,387,1. Primary research,True,,,,,False,False,The study is a systematic literature review synthesizing findings from existing pilot projects rather than collecting and analyzing new primary data.,"Through a systematic literature review approach, this review sought to understand ways in which these past pilot projects have contributed to climate risk management",0.00,100.00,2026-09-09_09-59-56_pruned_taxonomy_topdown
97493682,8ca7142f-f997-4e71-9bef-3002095ec030,A Systematic Literature Review of the Contribution of Past Climate Information Services Pilot Projects in Climate Risk Management,395,Observational / single-group designs,True,,,,,False,False,No annotation with this attribute found: reverting to default,,0.00,0.00,2026-09-09_09-59-56_pruned_taxonomy_topdown
97493682,8ca7142f-f997-4e71-9bef-3002095ec030,A Systematic Literature Review of the Contribution of Past Climate Information Services Pilot Projects in Climate Risk Management,430,Systematic reviews,True,,,,,True,True,The abstract explicitly identifies the study as a systematic literature review addressing a defined question about climate information service pilot projects and climate risk management.,"Through a systematic literature review approach, this review sought to understand ways in which these past pilot projects have contributed to climate risk management",0.00,100.00,2026-09-09_09-59-56_pruned_taxonomy_topdown
97493682,8ca7142f-f997-4e71-9bef-3002095ec030,A Systematic Literature Review of the Contribution of Past Climate Information Services Pilot Projects in Climate Risk Management,392,Mixed-methods,True,,,,,False,False,No annotation with this attribute found: reverting to default,,0.00,0.00,2026-09-09_09-59-56_pruned_taxonomy_topdown
97493682,8ca7142f-f997-4e71-9bef-3002095ec030,A Systematic Literature Review of the Contribution of Past Climate Information Services Pilot Projects in Climate Risk Management,396,Qualitative designs,True,,,,,False,False,No annotation with this attribute found: reverting to default,,0.00,0.00,2026-09-09_09-59-56_pruned_taxonomy_topdown
97493682,8ca7142f-f997-4e71-9bef-3002095ec030,A Systematic Literature Review of the Contribution of Past Climate Information Services Pilot Projects in Climate Risk Management,426,Guideline (clinical or public health),True,,,,,False,False,The study does not develop recommendations or a systematically developed statement intended to guide clinical or public health practice.,,0.00,0.00,2026-09-09_09-59-56_pruned_taxonomy_topdown
97493682,8ca7142f-f997-4e71-9bef-3002095ec030,A Systematic Literature Review of the Contribution of Past Climate Information Services Pilot Projects in Climate Risk Management,389,(Quasi-)Experimental / group comparison designs,True,,,,,False,False,No annotation with this attribute found: reverting to default,,0.00,0.00,2026-09-09_09-59-56_pruned_taxonomy_topdown
97493682,8ca7142f-f997-4e71-9bef-3002095ec030,A Systematic Literature Review of the Contribution of Past Climate Information Services Pilot Projects in Climate Risk Management,391,Descriptive / single-group designs,True,,,,,False,False,No annotation with this attribute found: reverting to default,,0.00,0.00,2026-09-09_09-59-56_pruned_taxonomy_topdown
97493682,8ca7142f-f997-4e71-9bef-3002095ec030,A Systematic Literature Review of the Contribution of Past Climate Information Services Pilot Projects in Climate Risk Management,388,2. Evidence synthesis,True,,,,,True,True,The study explicitly identifies itself as a systematic literature review and synthesizes evidence about prior pilot projects.,"Through a systematic literature review approach, this review sought to understand ways in which these past pilot projects have contributed to climate risk management",0.00,100.00,2026-09-09_09-59-56_pruned_taxonomy_topdown
97493682,8ca7142f-f997-4e71-9bef-3002095ec030,A Systematic Literature Review of the Contribution of Past Climate Information Services Pilot Projects in Climate Risk Management,429,Narrative review,True,,,,,False,False,"This is explicitly characterized as a systematic literature review, not a non-systematic narrative review based primarily on author expertise and judgment.",,0.00,0.00,2026-09-09_09-59-56_pruned_taxonomy_topdown
97493682,8ca7142f-f997-4e71-9bef-3002095ec030,A Systematic Literature Review of the Contribution of Past Climate Information Services Pilot Projects in Climate Risk Management,202,Neurological disorders,True,,,,,False,False,No annotation with this attribute found: reverting to default,,0.00,0.00,2026-09-09_09-59-56_pruned_taxonomy_topdown
97493682,8ca7142f-f997-4e71-9bef-3002095ec030,A Systematic Literature Review of the Contribution of Past Climate Information Services Pilot Projects in Climate Risk Management,116,1.1. Total / all-cause mortality (Outcome),True,,,,,False,False,No annotation with this attribute found: reverting to default,,0.00,0.00,2026-09-09_09-59-56_pruned_taxonomy_topdown
97493682,8ca7142f-f997-4e71-9bef-3002095ec030,A Systematic Literature Review of the Contribution of Past Climate Information Services Pilot Projects in Climate Risk Management,196,Chronic respiratory diseases,True,,,,,False,False,No annotation with this attribute found: reverting to default,,0.00,0.00,2026-09-09_09-59-56_pruned_taxonomy_topdown
97493682,8ca7142f-f997-4e71-9bef-3002095ec030,A Systematic Literature Review of the Contribution of Past Climate Information Services Pilot Projects in Climate Risk Management,206,Z_Other non-communicable diseases,True,,,,,False,False,No annotation with this attribute found: reverting to default,,0.00,0.00,2026-09-09_09-59-56_pruned_taxonomy_topdown
97493682,8ca7142f-f997-4e71-9bef-3002095ec030,A Systematic Literature Review of the Contribution of Past Climate Information Services Pilot Projects in Climate Risk Management,117,"1.2. Communicable, maternal, neonatal, and nutritional mortality",True,,,,,False,False,No annotation with this attribute found: reverting to default,,0.00,0.00,2026-09-09_09-59-56_pruned_taxonomy_topdown
97493682,8ca7142f-f997-4e71-9bef-3002095ec030,A Systematic Literature Review of the Contribution of Past Climate Information Services Pilot Projects in Climate Risk Management,199,Mental disorders,True,,,,,False,False,No annotation with this attribute found: reverting to default,,0.00,0.00,2026-09-09_09-59-56_pruned_taxonomy_topdown
97493682,8ca7142f-f997-4e71-9bef-3002095ec030,A Systematic Literature Review of the Contribution of Past Climate Information Services Pilot Projects in Climate Risk Management,204,Skin and subcutaneous diseases,True,,,,,False,False,No annotation with this attribute found: reverting to default,,0.00,0.00,2026-09-09_09-59-56_pruned_taxonomy_topdown
97493682,8ca7142f-f997-4e71-9bef-3002095ec030,A Systematic Literature Review of the Contribution of Past Climate Information Services Pilot Projects in Climate Risk Management,134,HIV/AIDS and sexually transmitted infections,True,,,,,False,False,No annotation with this attribute found: reverting to default,,0.00,0.00,2026-09-09_09-59-56_pruned_taxonomy_topdown
97493682,8ca7142f-f997-4e71-9bef-3002095ec030,A Systematic Literature Review of the Contribution of Past Climate Information Services Pilot Projects in Climate Risk Management,137,Nutritional deficiencies,True,,,,,False,False,No annotation with this attribute found: reverting to default,,0.00,0.00,2026-09-09_09-59-56_pruned_taxonomy_topdown
97493682,8ca7142f-f997-4e71-9bef-3002095ec030,A Systematic Literature Review of the Contribution of Past Climate Information Services Pilot Projects in Climate Risk Management,200,Musculoskeletal disorders,True,,,,,False,False,No annotation with this attribute found: reverting to default,,0.00,0.00,2026-09-09_09-59-56_pruned_taxonomy_topdown
97493682,8ca7142f-f997-4e71-9bef-3002095ec030,A Systematic Literature Review of the Contribution of Past Climate Information Services Pilot Projects in Climate Risk Management,139,Z_Other infectious diseases,True,,,,,False,False,No annotation with this attribute found: reverting to default,,0.00,0.00,2026-09-09_09-59-56_pruned_taxonomy_topdown
97493682,8ca7142f-f997-4e71-9bef-3002095ec030,A Systematic Literature Review of the Contribution of Past Climate Information Services Pilot Projects in Climate Risk Management,289,Transport injuries,True,,,,,False,False,No annotation with this attribute found: reverting to default,,0.00,0.00,2026-09-09_09-59-56_pruned_taxonomy_topdown
97493682,8ca7142f-f997-4e71-9bef-3002095ec030,A Systematic Literature Review of the Contribution of Past Climate Information Services Pilot Projects in Climate Risk Management,135,Maternal and neonatal disorders,True,,,,,False,False,No annotation with this attribute found: reverting to default,,0.00,0.00,2026-09-09_09-59-56_pruned_taxonomy_topdown
97493682,8ca7142f-f997-4e71-9bef-3002095ec030,A Systematic Literature Review of the Contribution of Past Climate Information Services Pilot Projects in Climate Risk Management,136,Neglected tropical diseases and malaria,True,,,,,False,False,No annotation with this attribute found: reverting to default,,0.00,0.00,2026-09-09_09-59-56_pruned_taxonomy_topdown
97493682,8ca7142f-f997-4e71-9bef-3002095ec030,A Systematic Literature Review of the Contribution of Past Climate Information Services Pilot Projects in Climate Risk Management,195,Cardiovascular diseases,True,,,,,False,False,No annotation with this attribute found: reverting to default,,0.00,0.00,2026-09-09_09-59-56_pruned_taxonomy_topdown
97493682,8ca7142f-f997-4e71-9bef-3002095ec030,A Systematic Literature Review of the Contribution of Past Climate Information Services Pilot Projects in Climate Risk Management,288,Self-harm and interpersonal violence,True,,,,,False,False,No annotation with this attribute found: reverting to default,,0.00,0.00,2026-09-09_09-59-56_pruned_taxonomy_topdown
97493682,8ca7142f-f997-4e71-9bef-3002095ec030,A Systematic Literature Review of the Contribution of Past Climate Information Services Pilot Projects in Climate Risk Management,114,3. Non-communicable diseases,True,,,,,False,False,"The review focuses on climate information services, climate risk management, and farm-level decision-making among smallholder farmers. It does not study chronic non-infectious diseases.",,0.00,0.00,2026-09-09_09-59-56_pruned_taxonomy_topdown
97493682,8ca7142f-f997-4e71-9bef-3002095ec030,A Systematic Literature Review of the Contribution of Past Climate Information Services Pilot Projects in Climate Risk Management,112,1. Mortality (Outcome),True,,,,,False,False,"The study does not assess deaths, mortality, causes of death, or fatal disease burden.",,0.00,0.00,2026-09-09_09-59-56_pruned_taxonomy_topdown
97493682,8ca7142f-f997-4e71-9bef-3002095ec030,A Systematic Literature Review of the Contribution of Past Climate Information Services Pilot Projects in Climate Risk Management,138,Respiratory infections and tuberculosis,True,,,,,False,False,No annotation with this attribute found: reverting to default,,0.00,0.00,2026-09-09_09-59-56_pruned_taxonomy_topdown
97493682,8ca7142f-f997-4e71-9bef-3002095ec030,A Systematic Literature Review of the Contribution of Past Climate Information Services Pilot Projects in Climate Risk Management,290,Unintentional injuries,True,,,,,False,False,No annotation with this attribute found: reverting to default,,0.00,0.00,2026-09-09_09-59-56_pruned_taxonomy_topdown
97493682,8ca7142f-f997-4e71-9bef-3002095ec030,A Systematic Literature Review of the Contribution of Past Climate Information Services Pilot Projects in Climate Risk Management,113,"2. Communicable, maternal, neonatal, and nutritional diseases",True,,,,,False,False,"The study does not concern infectious, maternal, neonatal, or nutritional conditions; its focus is climate information services for smallholder farming.",,0.00,0.00,2026-09-09_09-59-56_pruned_taxonomy_topdown
97493682,8ca7142f-f997-4e71-9bef-3002095ec030,A Systematic Literature Review of the Contribution of Past Climate Information Services Pilot Projects in Climate Risk Management,133,Enteric infections,True,,,,,False,False,No annotation with this attribute found: reverting to default,,0.00,0.00,2026-09-09_09-59-56_pruned_taxonomy_topdown
97493682,8ca7142f-f997-4e71-9bef-3002095ec030,A Systematic Literature Review of the Contribution of Past Climate Information Services Pilot Projects in Climate Risk Management,201,Neoplasms,True,,,,,False,False,No annotation with this attribute found: reverting to default,,0.00,0.00,2026-09-09_09-59-56_pruned_taxonomy_topdown
97493682,8ca7142f-f997-4e71-9bef-3002095ec030,A Systematic Literature Review of the Contribution of Past Climate Information Services Pilot Projects in Climate Risk Management,118,1.3. Non-communicable mortality,True,,,,,False,False,No annotation with this attribute found: reverting to default,,0.00,0.00,2026-09-09_09-59-56_pruned_taxonomy_topdown
97493682,8ca7142f-f997-4e71-9bef-3002095ec030,A Systematic Literature Review of the Contribution of Past Climate Information Services Pilot Projects in Climate Risk Management,205,Substance use disorders,True,,,,,False,False,No annotation with this attribute found: reverting to default,,0.00,0.00,2026-09-09_09-59-56_pruned_taxonomy_topdown
97493682,8ca7142f-f997-4e71-9bef-3002095ec030,A Systematic Literature Review of the Contribution of Past Climate Information Services Pilot Projects in Climate Risk Management,197,Diabetes and kidney diseases,True,,,,,False,False,No annotation with this attribute found: reverting to default,,0.00,0.00,2026-09-09_09-59-56_pruned_taxonomy_topdown
97493682,8ca7142f-f997-4e71-9bef-3002095ec030,A Systematic Literature Review of the Contribution of Past Climate Information Services Pilot Projects in Climate Risk Management,203,Sense organ diseases,True,,,,,False,False,No annotation with this attribute found: reverting to default,,0.00,0.00,2026-09-09_09-59-56_pruned_taxonomy_topdown
97493682,8ca7142f-f997-4e71-9bef-3002095ec030,A Systematic Literature Review of the Contribution of Past Climate Information Services Pilot Projects in Climate Risk Management,115,4. Injuries,True,,,,,False,False,"The review does not examine physical injuries, self-harm, violence, conflict, or other external-cause harms.",,0.00,0.00,2026-09-09_09-59-56_pruned_taxonomy_topdown
97493682,8ca7142f-f997-4e71-9bef-3002095ec030,A Systematic Literature Review of the Contribution of Past Climate Information Services Pilot Projects in Climate Risk Management,198,Digestive diseases,True,,,,,False,False,No annotation with this attribute found: reverting to default,,0.00,0.00,2026-09-09_09-59-56_pruned_taxonomy_topdown
388257,8e1a3ab6-6e51-4fa0-b41f-b1a70981752a,Uncertain climate futures - on optimality and robustness of climate adaptation options,36,Coal,True,,,,,False,False,"The study focuses on climate uncertainty and risk-informed decision support for civil infrastructure, with no substantive discussion of coal or its combustion.",,0.00,0.00,2026-09-09_09-59-56_pruned_taxonomy_topdown
388257,8e1a3ab6-6e51-4fa0-b41f-b1a70981752a,Uncertain climate futures - on optimality and robustness of climate adaptation options,35,(Unspecified) fossil fuels,True,,,,,False,False,The study does not address fossil fuel use or combustion in general; fossil fuels are not a subject of the infrastructure decision-support analysis.,,0.00,0.00,2026-09-09_09-59-56_pruned_taxonomy_topdown
388257,8e1a3ab6-6e51-4fa0-b41f-b1a70981752a,Uncertain climate futures - on optimality and robustness of climate adaptation options,38,Oil,True,,,,,False,False,"The study does not discuss oil, petroleum products, or their use in transport or industry.",,0.00,0.00,2026-09-09_09-59-56_pruned_taxonomy_topdown
388257,8e1a3ab6-6e51-4fa0-b41f-b1a70981752a,Uncertain climate futures - on optimality and robustness of climate adaptation options,37,Natural gas,True,,,,,False,False,"The study does not discuss natural gas, methane, or gas-related emissions or leakage.",,0.00,0.00,2026-09-09_09-59-56_pruned_taxonomy_topdown
388257,8e1a3ab6-6e51-4fa0-b41f-b1a70981752a,Uncertain climate futures - on optimality and robustness of climate adaptation options,17,(Unspecified) greenhouse gases,True,,,,,False,False,"The study concerns climate-change scenarios, uncertainty, and infrastructure decision-making, but does not specifically address atmospheric greenhouse gases as an exposure or subject.",,0.00,0.00,2026-09-09_09-59-56_pruned_taxonomy_topdown
388257,8e1a3ab6-6e51-4fa0-b41f-b1a70981752a,Uncertain climate futures - on optimality and robustness of climate adaptation options,18,Carbon dioxide (CO₂),True,,,,,False,False,"Carbon dioxide is not mentioned and fossil fuel combustion, deforestation, or CO₂-related impacts are not studied.",,0.00,0.00,2026-09-09_09-59-56_pruned_taxonomy_topdown
388257,8e1a3ab6-6e51-4fa0-b41f-b1a70981752a,Uncertain climate futures - on optimality and robustness of climate adaptation options,22,Ozone-depleting substances / chlorofluorocarbons / hydrochlorofluorocarbons / halons / carbon tetrachloride / methyl chloroform,True,,,,,False,False,The study does not address ozone-depleting compounds regulated under the Montreal Protocol.,,0.00,0.00,2026-09-09_09-59-56_pruned_taxonomy_topdown
388257,8e1a3ab6-6e51-4fa0-b41f-b1a70981752a,Uncertain climate futures - on optimality and robustness of climate adaptation options,19,Fluorinated gases / hydrofluorocarbons / perfluorocarbons / sulfur hexafluoride / nitrogen trifluoride,True,,,,,False,False,Synthetic industrial greenhouse gases such as fluorinated gases are not mentioned or investigated.,,0.00,0.00,2026-09-09_09-59-56_pruned_taxonomy_topdown
388257,8e1a3ab6-6e51-4fa0-b41f-b1a70981752a,Uncertain climate futures - on optimality and robustness of climate adaptation options,20,Methane (CH₄),True,,,,,False,False,Methane emissions or methane-related climate and health effects are not part of the study.,,0.00,0.00,2026-09-09_09-59-56_pruned_taxonomy_topdown
388257,8e1a3ab6-6e51-4fa0-b41f-b1a70981752a,Uncertain climate futures - on optimality and robustness of climate adaptation options,21,Nitrous oxide (N₂O),True,,,,,False,False,"Nitrous oxide, agricultural emissions, livestock, or nitrogen fertilisers are not addressed.",,0.00,0.00,2026-09-09_09-59-56_pruned_taxonomy_topdown
388257,8e1a3ab6-6e51-4fa0-b41f-b1a70981752a,Uncertain climate futures - on optimality and robustness of climate adaptation options,23,Particulate matter (PM10) / fine particulate matter (PM2.5) / black/organic carbon / sulfate/nitrate aerosols,True,,,,,False,False,Particulate matter and related air-quality or respiratory and cardiovascular impacts are not studied.,,0.00,0.00,2026-09-09_09-59-56_pruned_taxonomy_topdown
388257,8e1a3ab6-6e51-4fa0-b41f-b1a70981752a,Uncertain climate futures - on optimality and robustness of climate adaptation options,24,Tropospheric ozone (O₃),True,,,,,False,False,"The study does not address ozone formation, nitrogen oxides, volatile organic compounds, or respiratory health effects.",,0.00,0.00,2026-09-09_09-59-56_pruned_taxonomy_topdown
388257,8e1a3ab6-6e51-4fa0-b41f-b1a70981752a,Uncertain climate futures - on optimality and robustness of climate adaptation options,26,Extreme cold,True,,,,,False,False,"The study does not address unusually low temperatures, cold snaps, blizzards, or cold-related health outcomes.",,0.00,0.00,2026-09-09_09-59-56_pruned_taxonomy_topdown
388257,8e1a3ab6-6e51-4fa0-b41f-b1a70981752a,Uncertain climate futures - on optimality and robustness of climate adaptation options,27,Extreme heat,True,,,,,False,False,"The study does not focus on heatwaves, high temperatures, or heat-related health risks.",,0.00,0.00,2026-09-09_09-59-56_pruned_taxonomy_topdown
388257,8e1a3ab6-6e51-4fa0-b41f-b1a70981752a,Uncertain climate futures - on optimality and robustness of climate adaptation options,28,Extreme precipitation,True,,,,,True,True,Extreme precipitation is explicitly identified as an environmental hazard considered in the climate-infrastructure decision-support context.,"environmental hazards such as flooding, extreme precipitation, and storm surges",0.00,100.00,2026-09-09_09-59-56_pruned_taxonomy_topdown
388257,8e1a3ab6-6e51-4fa0-b41f-b1a70981752a,Uncertain climate futures - on optimality and robustness of climate adaptation options,30,Floods,True,,,,,True,True,"Flooding is explicitly identified as a hazard relevant to the planning, operation, and adaptation of infrastructure systems.","environmental hazards such as flooding, extreme precipitation, and storm surges",0.00,100.00,2026-09-09_09-59-56_pruned_taxonomy_topdown
388257,8e1a3ab6-6e51-4fa0-b41f-b1a70981752a,Uncertain climate futures - on optimality and robustness of climate adaptation options,33,Wildfires,True,,,,,False,False,Wildfires and wildfire smoke or air pollution are not addressed.,,0.00,0.00,2026-09-09_09-59-56_pruned_taxonomy_topdown
388257,8e1a3ab6-6e51-4fa0-b41f-b1a70981752a,Uncertain climate futures - on optimality and robustness of climate adaptation options,25,Droughts,True,,,,,False,False,"The study does not concern prolonged water deficits, drought, or associated water-availability impacts.",,0.00,0.00,2026-09-09_09-59-56_pruned_taxonomy_topdown
388257,8e1a3ab6-6e51-4fa0-b41f-b1a70981752a,Uncertain climate futures - on optimality and robustness of climate adaptation options,29,Extreme snow/ice events,True,,,,,False,False,The study does not address severe snow or ice conditions.,,0.00,0.00,2026-09-09_09-59-56_pruned_taxonomy_topdown
388257,8e1a3ab6-6e51-4fa0-b41f-b1a70981752a,Uncertain climate futures - on optimality and robustness of climate adaptation options,31,Sand and dust storms,True,,,,,False,False,Sand and dust storms are not discussed.,,0.00,0.00,2026-09-09_09-59-56_pruned_taxonomy_topdown
388257,8e1a3ab6-6e51-4fa0-b41f-b1a70981752a,Uncertain climate futures - on optimality and robustness of climate adaptation options,32,Storms and severe wind,True,,,,,True,False,"Although storm surges are mentioned, the study does not identify or focus on tropical cyclones, hurricanes, typhoons, severe thunderstorms, or hailstorms as defined by this concept.","environmental hazards such as flooding, extreme precipitation, and storm surges",0.00,100.00,2026-09-09_09-59-56_pruned_taxonomy_topdown
388257,8e1a3ab6-6e51-4fa0-b41f-b1a70981752a,Uncertain climate futures - on optimality and robustness of climate adaptation options,34,Z_(Unspecified) extreme weather events,True,,,,,False,False,"The relevant hazards are identified specifically as flooding, extreme precipitation, and storm surges; therefore the study does not refer to extreme weather only as an unspecified event type.","environmental hazards such as flooding, extreme precipitation, and storm surges",0.00,100.00,2026-09-09_09-59-56_pruned_taxonomy_topdown
388257,8e1a3ab6-6e51-4fa0-b41f-b1a70981752a,Uncertain climate futures - on optimality and robustness of climate adaptation options,493,Attribution,True,,,,,False,False,"The study addresses uncertainty in climate scenarios and projections but does not establish the causal contribution of climate change to observed physical, ecological, or health outcomes or specific events.",,0.00,0.00,2026-09-09_09-59-56_pruned_taxonomy_topdown
388257,8e1a3ab6-6e51-4fa0-b41f-b1a70981752a,Uncertain climate futures - on optimality and robustness of climate adaptation options,487,Adaptation,True,,,,,True,True,"The study develops a decision-support framework for planning and adapting civil infrastructure to climate-related hazards and uncertainty, which is directly within the scope of climate adaptation and risk management.","""risk-informed decision support framework"" ... ""planning, design, and assessment/adaptation of civil infrastructure systems""",0.00,83.87,2026-09-09_09-59-56_pruned_taxonomy_topdown
388257,8e1a3ab6-6e51-4fa0-b41f-b1a70981752a,Uncertain climate futures - on optimality and robustness of climate adaptation options,490,Maladaptation,True,,,,,False,False,"The study evaluates climate adaptation and infrastructure decision-making under uncertainty, but it does not identify any adaptation action that unintentionally increases vulnerability, exposure, or risk.",,0.00,0.00,2026-09-09_09-59-56_pruned_taxonomy_topdown
388257,8e1a3ab6-6e51-4fa0-b41f-b1a70981752a,Uncertain climate futures - on optimality and robustness of climate adaptation options,495,Loss and damage,True,,,,,False,False,"The abstract does not examine unavoidable or irreversible climate-related losses and damages to lives, livelihoods, ecosystems, cultural heritage, or infrastructure.",,0.00,0.00,2026-09-09_09-59-56_pruned_taxonomy_topdown
388257,8e1a3ab6-6e51-4fa0-b41f-b1a70981752a,Uncertain climate futures - on optimality and robustness of climate adaptation options,492,Resilience,True,,,,,True,False,"Although the study concerns robust infrastructure decisions, it does not fundamentally assess or measure the capacity of people, communities, ecosystems, or systems to withstand, recover from, or adapt to climate-related impacts as an adaptation outcome.",,0.00,0.00,2026-09-09_09-59-56_pruned_taxonomy_topdown
388257,8e1a3ab6-6e51-4fa0-b41f-b1a70981752a,Uncertain climate futures - on optimality and robustness of climate adaptation options,489,Mitigation,True,,,,,False,False,"The study does not concern greenhouse-gas emissions, fossil fuels, or actions to reduce emissions; it focuses on infrastructure decisions under climate-related hazards and uncertainty.",,0.00,0.00,2026-09-09_09-59-56_pruned_taxonomy_topdown
388257,8e1a3ab6-6e51-4fa0-b41f-b1a70981752a,Uncertain climate futures - on optimality and robustness of climate adaptation options,491,Preparedness,True,,,,,True,True,"The study focuses on planning, designing, assessing, and adapting civil infrastructure in advance of future climate-related hazards, which directly matches anticipatory adaptation planning and implementation.",presents a critical challenge for society.This study introduces a risk-informed decision support framework,0.00,100.00,2026-09-09_09-59-56_pruned_taxonomy_topdown
388257,8e1a3ab6-6e51-4fa0-b41f-b1a70981752a,Uncertain climate futures - on optimality and robustness of climate adaptation options,494,Future impact,True,,,,,True,True,"The study explicitly uses future climate scenarios and projections to evaluate anticipated impacts and inform infrastructure decisions, fitting projected effects arising from future climate change.",assigns probabilities to relevant climate scenarios based on expert opinions ... about the likelihood of different future projections,0.00,75.19,2026-09-09_09-59-56_pruned_taxonomy_topdown
388257,8e1a3ab6-6e51-4fa0-b41f-b1a70981752a,Uncertain climate futures - on optimality and robustness of climate adaptation options,496,Co-Benefits,True,,,,,False,False,No annotation with this attribute found: reverting to default,,0.00,0.00,2026-09-09_09-59-56_pruned_taxonomy_topdown
388257,8e1a3ab6-6e51-4fa0-b41f-b1a70981752a,Uncertain climate futures - on optimality and robustness of climate adaptation options,488,Impact,True,,,,,True,True,"The study characterises climate-related hazards and their risks to civil infrastructure systems, including flooding, extreme precipitation, and storm surges.","""increasing intensity and variability of environmental hazards such as flooding, extreme precipitation, and storm surges""",0.00,98.35,2026-09-09_09-59-56_pruned_taxonomy_topdown
388257,8e1a3ab6-6e51-4fa0-b41f-b1a70981752a,Uncertain climate futures - on optimality and robustness of climate adaptation options,6,(Unspecified) changes in weather,True,,,,,False,True,"The study discusses broad changes and variability in environmental hazards associated with climate change, beyond a single meteorological variable.","increasing intensity and variability of environmental hazards such as flooding, extreme precipitation, and storm surges",0.00,100.00,2026-09-09_09-59-56_pruned_taxonomy_topdown
388257,8e1a3ab6-6e51-4fa0-b41f-b1a70981752a,Uncertain climate futures - on optimality and robustness of climate adaptation options,15,Changes in wind speed,True,,,,,False,False,Wind-pattern changes are not identified as a subject of the study.,,0.00,0.00,2026-09-09_09-59-56_pruned_taxonomy_topdown
388257,8e1a3ab6-6e51-4fa0-b41f-b1a70981752a,Uncertain climate futures - on optimality and robustness of climate adaptation options,13,Changes in season length,True,,,,,False,False,The study does not address changes in season duration or timing.,,0.00,0.00,2026-09-09_09-59-56_pruned_taxonomy_topdown
388257,8e1a3ab6-6e51-4fa0-b41f-b1a70981752a,Uncertain climate futures - on optimality and robustness of climate adaptation options,7,(Unspecified) climate change,True,,,,,True,True,"Climate change in general is a central driver of the infrastructure risks and decision-support framework, without focusing on one specific climate-change mechanism.","Climate change presents growing challenges to the planning, operation, and adaptation of infrastructure systems",0.00,100.00,2026-09-09_09-59-56_pruned_taxonomy_topdown
388257,8e1a3ab6-6e51-4fa0-b41f-b1a70981752a,Uncertain climate futures - on optimality and robustness of climate adaptation options,16,Climate variability,True,,,,,False,True,The study explicitly addresses variability in climate-related hazards and distinguishes natural variability from epistemic uncertainty.,"These hazards are subject to significant uncertainty, not only due to natural variability (aleatory uncertainty)",0.00,100.00,2026-09-09_09-59-56_pruned_taxonomy_topdown
388257,8e1a3ab6-6e51-4fa0-b41f-b1a70981752a,Uncertain climate futures - on optimality and robustness of climate adaptation options,9,Changes in humidity,True,,,,,False,False,Atmospheric moisture or humidity changes are not discussed.,,0.00,0.00,2026-09-09_09-59-56_pruned_taxonomy_topdown
388257,8e1a3ab6-6e51-4fa0-b41f-b1a70981752a,Uncertain climate futures - on optimality and robustness of climate adaptation options,12,Changes in sea level,True,,,,,False,False,"Storm surges are mentioned, but the study does not address a rise in mean sea level.","extreme precipitation, and storm surges",0.00,100.00,2026-09-09_09-59-56_pruned_taxonomy_topdown
388257,8e1a3ab6-6e51-4fa0-b41f-b1a70981752a,Uncertain climate futures - on optimality and robustness of climate adaptation options,11,Changes in precipitation,True,,,,,False,True,Extreme precipitation and associated flooding are explicit climate-related hazards considered in the study's infrastructure decision-making context.,"flooding, extreme precipitation, and storm surges",0.00,100.00,2026-09-09_09-59-56_pruned_taxonomy_topdown
388257,8e1a3ab6-6e51-4fa0-b41f-b1a70981752a,Uncertain climate futures - on optimality and robustness of climate adaptation options,10,Changes in inland water bodies,True,,,,,False,False,"The study does not focus on climate-driven changes in freshwater systems, river flows, lake levels, or water availability.",,0.00,0.00,2026-09-09_09-59-56_pruned_taxonomy_topdown
388257,8e1a3ab6-6e51-4fa0-b41f-b1a70981752a,Uncertain climate futures - on optimality and robustness of climate adaptation options,14,Changes in temperature,True,,,,,False,False,Temperature trends or extremes are not identified as a study exposure or hazard.,,0.00,0.00,2026-09-09_09-59-56_pruned_taxonomy_topdown
388257,8e1a3ab6-6e51-4fa0-b41f-b1a70981752a,Uncertain climate futures - on optimality and robustness of climate adaptation options,8,Changes in glacier / snow melt,True,,,,,False,False,Glacier or snowpack melting is not addressed.,,0.00,0.00,2026-09-09_09-59-56_pruned_taxonomy_topdown
388257,8e1a3ab6-6e51-4fa0-b41f-b1a70981752a,Uncertain climate futures - on optimality and robustness of climate adaptation options,476,Education (Sector),True,,,,,False,False,"The study concerns climate-risk decision support for civil infrastructure generally, not formal or informal education systems.",,0.00,0.00,2026-09-09_09-59-56_pruned_taxonomy_topdown
388257,8e1a3ab6-6e51-4fa0-b41f-b1a70981752a,Uncertain climate futures - on optimality and robustness of climate adaptation options,485,Transportation (Sector),True,,,,,False,False,Transport systems are not identified as the infrastructure subject or case-study focus.,,0.00,0.00,2026-09-09_09-59-56_pruned_taxonomy_topdown
388257,8e1a3ab6-6e51-4fa0-b41f-b1a70981752a,Uncertain climate futures - on optimality and robustness of climate adaptation options,483,Public administration (Sector),True,,,,,False,False,Government or public administration is not the sector being examined; the study focuses on infrastructure decision-support methods.,,0.00,0.00,2026-09-09_09-59-56_pruned_taxonomy_topdown
388257,8e1a3ab6-6e51-4fa0-b41f-b1a70981752a,Uncertain climate futures - on optimality and robustness of climate adaptation options,479,Healthcare (Sector),True,,,,,False,False,"Medical care, public health services, and health infrastructure are not discussed as study subjects.",,0.00,0.00,2026-09-09_09-59-56_pruned_taxonomy_topdown
388257,8e1a3ab6-6e51-4fa0-b41f-b1a70981752a,Uncertain climate futures - on optimality and robustness of climate adaptation options,486,"Water, sanitation, and waste management (Sector)",True,,,,,False,False,"Water supply, sewage treatment, and solid waste management are not identified as the infrastructure systems studied.",,0.00,0.00,2026-09-09_09-59-56_pruned_taxonomy_topdown
388257,8e1a3ab6-6e51-4fa0-b41f-b1a70981752a,Uncertain climate futures - on optimality and robustness of climate adaptation options,475,Buildings / housing (Sector),True,,,,,False,False,"Buildings, housing, and construction are not the focus; the study addresses civil infrastructure systems in general.",,0.00,0.00,2026-09-09_09-59-56_pruned_taxonomy_topdown
388257,8e1a3ab6-6e51-4fa0-b41f-b1a70981752a,Uncertain climate futures - on optimality and robustness of climate adaptation options,478,Finance (Sector),True,,,,,False,False,"Banking, insurance, investment, or financial services are not studied.",,0.00,0.00,2026-09-09_09-59-56_pruned_taxonomy_topdown
388257,8e1a3ab6-6e51-4fa0-b41f-b1a70981752a,Uncertain climate futures - on optimality and robustness of climate adaptation options,484,Social protection (Sector),True,,,,,False,False,Social safety nets and welfare services are not part of the study's subject.,,0.00,0.00,2026-09-09_09-59-56_pruned_taxonomy_topdown
388257,8e1a3ab6-6e51-4fa0-b41f-b1a70981752a,Uncertain climate futures - on optimality and robustness of climate adaptation options,481,Information and communications technologies (Sector),True,,,,,False,False,"Telecommunications, digital infrastructure, and information technology are not examined.",,0.00,0.00,2026-09-09_09-59-56_pruned_taxonomy_topdown
388257,8e1a3ab6-6e51-4fa0-b41f-b1a70981752a,Uncertain climate futures - on optimality and robustness of climate adaptation options,480,"Industry, trade, and services (Sector)",True,,,,,False,False,"Manufacturing, trade, and commercial services are not the focus of the infrastructure decision-support framework.",,0.00,0.00,2026-09-09_09-59-56_pruned_taxonomy_topdown
388257,8e1a3ab6-6e51-4fa0-b41f-b1a70981752a,Uncertain climate futures - on optimality and robustness of climate adaptation options,477,Energy and extractives (Sector),True,,,,,False,False,"Electricity generation, fuel production, renewable energy, and resource extraction are not identified as study sectors.",,0.00,0.00,2026-09-09_09-59-56_pruned_taxonomy_topdown
388257,8e1a3ab6-6e51-4fa0-b41f-b1a70981752a,Uncertain climate futures - on optimality and robustness of climate adaptation options,482,Military (Sector),True,,,,,False,False,Military and defense capabilities are not discussed.,,0.00,0.00,2026-09-09_09-59-56_pruned_taxonomy_topdown
388257,8e1a3ab6-6e51-4fa0-b41f-b1a70981752a,Uncertain climate futures - on optimality and robustness of climate adaptation options,474,"Agriculture, fishing, and forestry (Sector)",True,,,,,False,False,"Agriculture, fishing, aquaculture, or forest management are not the subject of the study.",,0.00,0.00,2026-09-09_09-59-56_pruned_taxonomy_topdown
388257,8e1a3ab6-6e51-4fa0-b41f-b1a70981752a,Uncertain climate futures - on optimality and robustness of climate adaptation options,431,Z_Other evidence synthesis type,True,,,,,False,False,No annotation with this attribute found: reverting to default,,0.00,0.00,2026-09-09_09-59-56_pruned_taxonomy_topdown
388257,8e1a3ab6-6e51-4fa0-b41f-b1a70981752a,Uncertain climate futures - on optimality and robustness of climate adaptation options,427,Health technology assessment (HTA),True,,,,,False,False,No annotation with this attribute found: reverting to default,,0.00,0.00,2026-09-09_09-59-56_pruned_taxonomy_topdown
388257,8e1a3ab6-6e51-4fa0-b41f-b1a70981752a,Uncertain climate futures - on optimality and robustness of climate adaptation options,428,Meta-analysis (unsystematic),True,,,,,False,False,No annotation with this attribute found: reverting to default,,0.00,0.00,2026-09-09_09-59-56_pruned_taxonomy_topdown
388257,8e1a3ab6-6e51-4fa0-b41f-b1a70981752a,Uncertain climate futures - on optimality and robustness of climate adaptation options,390,(Quasi-)Experimental / single-group designs,True,,,,,False,False,"The study proposes and evaluates a decision-support framework through a case study, but it does not apply an intervention to a single human or other study group without a concurrent control group.",,0.00,0.00,2026-09-09_09-59-56_pruned_taxonomy_topdown
388257,8e1a3ab6-6e51-4fa0-b41f-b1a70981752a,Uncertain climate futures - on optimality and robustness of climate adaptation options,397,Z_Other study design,True,,,,,False,False,The study fits the specified modelling design category rather than an uncategorized primary research design.,,0.00,0.00,2026-09-09_09-59-56_pruned_taxonomy_topdown
388257,8e1a3ab6-6e51-4fa0-b41f-b1a70981752a,Uncertain climate futures - on optimality and robustness of climate adaptation options,394,Observational / group comparison designs,True,,,,,False,False,It does not use observational exposure groups or compare health outcomes between groups without random allocation.,,0.00,0.00,2026-09-09_09-59-56_pruned_taxonomy_topdown
388257,8e1a3ab6-6e51-4fa0-b41f-b1a70981752a,Uncertain climate futures - on optimality and robustness of climate adaptation options,393,Modelling / simulation,True,,,,,True,True,"The study uses probabilistic representations of climate scenarios, risk-informed decision analysis, and comparison with a robust decision-making method to evaluate infrastructure decisions under uncertainty, which is a computational/mathematical modelling approach.",This study introduces a risk-informed decision support framework that incorporates a new approach to represent epistemic uncertainty in decision-making.,0.00,100.00,2026-09-09_09-59-56_pruned_taxonomy_topdown
388257,8e1a3ab6-6e51-4fa0-b41f-b1a70981752a,Uncertain climate futures - on optimality and robustness of climate adaptation options,387,1. Primary research,True,,,,,True,True,"The study develops and evaluates a new decision-support framework and includes a case study comparing it with an existing method, indicating original research rather than an evidence synthesis.",This study introduces a risk-informed decision support framework that incorporates a new approach to represent epistemic uncertainty in decision-making.,0.00,100.00,2026-09-09_09-59-56_pruned_taxonomy_topdown
388257,8e1a3ab6-6e51-4fa0-b41f-b1a70981752a,Uncertain climate futures - on optimality and robustness of climate adaptation options,395,Observational / single-group designs,True,,,,,False,False,The study does not track outcomes over time in a single group using temporal patterns; it evaluates decision-support approaches under defined climate scenarios.,,0.00,0.00,2026-09-09_09-59-56_pruned_taxonomy_topdown
388257,8e1a3ab6-6e51-4fa0-b41f-b1a70981752a,Uncertain climate futures - on optimality and robustness of climate adaptation options,430,Systematic reviews,True,,,,,False,False,No annotation with this attribute found: reverting to default,,0.00,0.00,2026-09-09_09-59-56_pruned_taxonomy_topdown
388257,8e1a3ab6-6e51-4fa0-b41f-b1a70981752a,Uncertain climate futures - on optimality and robustness of climate adaptation options,392,Mixed-methods,True,,,,,False,False,"There is no indication that the study combines quantitative and qualitative data collection and analysis. Expert opinions are used to assign probabilities, but this does not constitute a mixed-methods design.",,0.00,0.00,2026-09-09_09-59-56_pruned_taxonomy_topdown
388257,8e1a3ab6-6e51-4fa0-b41f-b1a70981752a,Uncertain climate futures - on optimality and robustness of climate adaptation options,396,Qualitative designs,True,,,,,False,False,"The study does not conduct qualitative analysis of meanings, experiences, or contextual factors; expert opinions inform scenario probabilities within the decision framework.",,0.00,0.00,2026-09-09_09-59-56_pruned_taxonomy_topdown
388257,8e1a3ab6-6e51-4fa0-b41f-b1a70981752a,Uncertain climate futures - on optimality and robustness of climate adaptation options,426,Guideline (clinical or public health),True,,,,,False,False,No annotation with this attribute found: reverting to default,,0.00,0.00,2026-09-09_09-59-56_pruned_taxonomy_topdown
388257,8e1a3ab6-6e51-4fa0-b41f-b1a70981752a,Uncertain climate futures - on optimality and robustness of climate adaptation options,389,(Quasi-)Experimental / group comparison designs,True,,,,,False,False,"The comparison is between decision-support methods, not an intervention group and control or comparison groups in an experimental study design.",,0.00,0.00,2026-09-09_09-59-56_pruned_taxonomy_topdown
388257,8e1a3ab6-6e51-4fa0-b41f-b1a70981752a,Uncertain climate futures - on optimality and robustness of climate adaptation options,391,Descriptive / single-group designs,True,,,,,True,False,"The study does not primarily describe characteristics, frequencies, or distributions in a single group; it develops and compares a modelling-based decision-support framework.",,0.00,0.00,2026-09-09_09-59-56_pruned_taxonomy_topdown
388257,8e1a3ab6-6e51-4fa0-b41f-b1a70981752a,Uncertain climate futures - on optimality and robustness of climate adaptation options,388,2. Evidence synthesis,True,,,,,False,False,"The study is a primary methodological investigation with a case study, not a review, synthesis, mapping, or analysis of existing literature.",The study introduces a risk-informed decision support framework... A case study compares the proposed approach with MMR,0.00,73.11,2026-09-09_09-59-56_pruned_taxonomy_topdown
388257,8e1a3ab6-6e51-4fa0-b41f-b1a70981752a,Uncertain climate futures - on optimality and robustness of climate adaptation options,429,Narrative review,True,,,,,False,False,No annotation with this attribute found: reverting to default,,0.00,0.00,2026-09-09_09-59-56_pruned_taxonomy_topdown
388257,8e1a3ab6-6e51-4fa0-b41f-b1a70981752a,Uncertain climate futures - on optimality and robustness of climate adaptation options,202,Neurological disorders,True,,,,,False,False,No annotation with this attribute found: reverting to default,,0.00,0.00,2026-09-09_09-59-56_pruned_taxonomy_topdown
388257,8e1a3ab6-6e51-4fa0-b41f-b1a70981752a,Uncertain climate futures - on optimality and robustness of climate adaptation options,116,1.1. Total / all-cause mortality (Outcome),True,,,,,False,False,No annotation with this attribute found: reverting to default,,0.00,0.00,2026-09-09_09-59-56_pruned_taxonomy_topdown
388257,8e1a3ab6-6e51-4fa0-b41f-b1a70981752a,Uncertain climate futures - on optimality and robustness of climate adaptation options,196,Chronic respiratory diseases,True,,,,,False,False,No annotation with this attribute found: reverting to default,,0.00,0.00,2026-09-09_09-59-56_pruned_taxonomy_topdown
388257,8e1a3ab6-6e51-4fa0-b41f-b1a70981752a,Uncertain climate futures - on optimality and robustness of climate adaptation options,206,Z_Other non-communicable diseases,True,,,,,False,False,No annotation with this attribute found: reverting to default,,0.00,0.00,2026-09-09_09-59-56_pruned_taxonomy_topdown
388257,8e1a3ab6-6e51-4fa0-b41f-b1a70981752a,Uncertain climate futures - on optimality and robustness of climate adaptation options,117,"1.2. Communicable, maternal, neonatal, and nutritional mortality",True,,,,,False,False,No annotation with this attribute found: reverting to default,,0.00,0.00,2026-09-09_09-59-56_pruned_taxonomy_topdown
388257,8e1a3ab6-6e51-4fa0-b41f-b1a70981752a,Uncertain climate futures - on optimality and robustness of climate adaptation options,199,Mental disorders,True,,,,,False,False,No annotation with this attribute found: reverting to default,,0.00,0.00,2026-09-09_09-59-56_pruned_taxonomy_topdown
388257,8e1a3ab6-6e51-4fa0-b41f-b1a70981752a,Uncertain climate futures - on optimality and robustness of climate adaptation options,204,Skin and subcutaneous diseases,True,,,,,False,False,No annotation with this attribute found: reverting to default,,0.00,0.00,2026-09-09_09-59-56_pruned_taxonomy_topdown
388257,8e1a3ab6-6e51-4fa0-b41f-b1a70981752a,Uncertain climate futures - on optimality and robustness of climate adaptation options,134,HIV/AIDS and sexually transmitted infections,True,,,,,False,False,No annotation with this attribute found: reverting to default,,0.00,0.00,2026-09-09_09-59-56_pruned_taxonomy_topdown
388257,8e1a3ab6-6e51-4fa0-b41f-b1a70981752a,Uncertain climate futures - on optimality and robustness of climate adaptation options,137,Nutritional deficiencies,True,,,,,False,False,No annotation with this attribute found: reverting to default,,0.00,0.00,2026-09-09_09-59-56_pruned_taxonomy_topdown
388257,8e1a3ab6-6e51-4fa0-b41f-b1a70981752a,Uncertain climate futures - on optimality and robustness of climate adaptation options,200,Musculoskeletal disorders,True,,,,,False,False,No annotation with this attribute found: reverting to default,,0.00,0.00,2026-09-09_09-59-56_pruned_taxonomy_topdown
388257,8e1a3ab6-6e51-4fa0-b41f-b1a70981752a,Uncertain climate futures - on optimality and robustness of climate adaptation options,139,Z_Other infectious diseases,True,,,,,False,False,No annotation with this attribute found: reverting to default,,0.00,0.00,2026-09-09_09-59-56_pruned_taxonomy_topdown
388257,8e1a3ab6-6e51-4fa0-b41f-b1a70981752a,Uncertain climate futures - on optimality and robustness of climate adaptation options,289,Transport injuries,True,,,,,False,False,No annotation with this attribute found: reverting to default,,0.00,0.00,2026-09-09_09-59-56_pruned_taxonomy_topdown
388257,8e1a3ab6-6e51-4fa0-b41f-b1a70981752a,Uncertain climate futures - on optimality and robustness of climate adaptation options,135,Maternal and neonatal disorders,True,,,,,False,False,No annotation with this attribute found: reverting to default,,0.00,0.00,2026-09-09_09-59-56_pruned_taxonomy_topdown
388257,8e1a3ab6-6e51-4fa0-b41f-b1a70981752a,Uncertain climate futures - on optimality and robustness of climate adaptation options,136,Neglected tropical diseases and malaria,True,,,,,False,False,No annotation with this attribute found: reverting to default,,0.00,0.00,2026-09-09_09-59-56_pruned_taxonomy_topdown
388257,8e1a3ab6-6e51-4fa0-b41f-b1a70981752a,Uncertain climate futures - on optimality and robustness of climate adaptation options,195,Cardiovascular diseases,True,,,,,False,False,No annotation with this attribute found: reverting to default,,0.00,0.00,2026-09-09_09-59-56_pruned_taxonomy_topdown
388257,8e1a3ab6-6e51-4fa0-b41f-b1a70981752a,Uncertain climate futures - on optimality and robustness of climate adaptation options,288,Self-harm and interpersonal violence,True,,,,,False,False,No annotation with this attribute found: reverting to default,,0.00,0.00,2026-09-09_09-59-56_pruned_taxonomy_topdown
388257,8e1a3ab6-6e51-4fa0-b41f-b1a70981752a,Uncertain climate futures - on optimality and robustness of climate adaptation options,114,3. Non-communicable diseases,True,,,,,False,False,"The study focuses on climate-related risks to civil infrastructure and decision-support methods, not chronic non-infectious diseases or health outcomes.",,0.00,0.00,2026-09-09_09-59-56_pruned_taxonomy_topdown
388257,8e1a3ab6-6e51-4fa0-b41f-b1a70981752a,Uncertain climate futures - on optimality and robustness of climate adaptation options,112,1. Mortality (Outcome),True,,,,,False,False,"The study does not examine deaths, mortality rates, causes of death, or fatal disease burden.",,0.00,0.00,2026-09-09_09-59-56_pruned_taxonomy_topdown
388257,8e1a3ab6-6e51-4fa0-b41f-b1a70981752a,Uncertain climate futures - on optimality and robustness of climate adaptation options,138,Respiratory infections and tuberculosis,True,,,,,False,False,No annotation with this attribute found: reverting to default,,0.00,0.00,2026-09-09_09-59-56_pruned_taxonomy_topdown
388257,8e1a3ab6-6e51-4fa0-b41f-b1a70981752a,Uncertain climate futures - on optimality and robustness of climate adaptation options,290,Unintentional injuries,True,,,,,False,False,No annotation with this attribute found: reverting to default,,0.00,0.00,2026-09-09_09-59-56_pruned_taxonomy_topdown
388257,8e1a3ab6-6e51-4fa0-b41f-b1a70981752a,Uncertain climate futures - on optimality and robustness of climate adaptation options,113,"2. Communicable, maternal, neonatal, and nutritional diseases",True,,,,,False,False,"The study does not address infectious, maternal, neonatal, or nutritional conditions; it concerns infrastructure adaptation under climate uncertainty.",,0.00,0.00,2026-09-09_09-59-56_pruned_taxonomy_topdown
388257,8e1a3ab6-6e51-4fa0-b41f-b1a70981752a,Uncertain climate futures - on optimality and robustness of climate adaptation options,133,Enteric infections,True,,,,,False,False,No annotation with this attribute found: reverting to default,,0.00,0.00,2026-09-09_09-59-56_pruned_taxonomy_topdown
388257,8e1a3ab6-6e51-4fa0-b41f-b1a70981752a,Uncertain climate futures - on optimality and robustness of climate adaptation options,201,Neoplasms,True,,,,,False,False,No annotation with this attribute found: reverting to default,,0.00,0.00,2026-09-09_09-59-56_pruned_taxonomy_topdown
388257,8e1a3ab6-6e51-4fa0-b41f-b1a70981752a,Uncertain climate futures - on optimality and robustness of climate adaptation options,118,1.3. Non-communicable mortality,True,,,,,False,False,No annotation with this attribute found: reverting to default,,0.00,0.00,2026-09-09_09-59-56_pruned_taxonomy_topdown
388257,8e1a3ab6-6e51-4fa0-b41f-b1a70981752a,Uncertain climate futures - on optimality and robustness of climate adaptation options,205,Substance use disorders,True,,,,,False,False,No annotation with this attribute found: reverting to default,,0.00,0.00,2026-09-09_09-59-56_pruned_taxonomy_topdown
388257,8e1a3ab6-6e51-4fa0-b41f-b1a70981752a,Uncertain climate futures - on optimality and robustness of climate adaptation options,197,Diabetes and kidney diseases,True,,,,,False,False,No annotation with this attribute found: reverting to default,,0.00,0.00,2026-09-09_09-59-56_pruned_taxonomy_topdown
388257,8e1a3ab6-6e51-4fa0-b41f-b1a70981752a,Uncertain climate futures - on optimality and robustness of climate adaptation options,203,Sense organ diseases,True,,,,,False,False,No annotation with this attribute found: reverting to default,,0.00,0.00,2026-09-09_09-59-56_pruned_taxonomy_topdown
388257,8e1a3ab6-6e51-4fa0-b41f-b1a70981752a,Uncertain climate futures - on optimality and robustness of climate adaptation options,115,4. Injuries,True,,,,,False,False,"Although environmental hazards such as flooding and storm surges are mentioned, the study does not investigate physical injuries or other external-cause harm to people.",,0.00,0.00,2026-09-09_09-59-56_pruned_taxonomy_topdown
388257,8e1a3ab6-6e51-4fa0-b41f-b1a70981752a,Uncertain climate futures - on optimality and robustness of climate adaptation options,198,Digestive diseases,True,,,,,False,False,No annotation with this attribute found: reverting to default,,0.00,0.00,2026-09-09_09-59-56_pruned_taxonomy_topdown
6292633,9797545e-e727-43ac-a656-ad55ec94c1dd,Meningococcal Meningitis in Sub-Saharan Africa: A Model for the Epidemic Process,36,Coal,True,,,,,False,False,"The study concerns epidemiology and environmental risk factors for group A meningococcal meningitis epidemics, with no discussion of coal.",,0.00,0.00,2026-09-09_09-59-56_pruned_taxonomy_topdown
6292633,9797545e-e727-43ac-a656-ad55ec94c1dd,Meningococcal Meningitis in Sub-Saharan Africa: A Model for the Epidemic Process,35,(Unspecified) fossil fuels,True,,,,,False,False,The context does not address fossil fuel use or combustion in general; its environmental discussion focuses on low humidity and respiratory tract infections.,,0.00,0.00,2026-09-09_09-59-56_pruned_taxonomy_topdown
6292633,9797545e-e727-43ac-a656-ad55ec94c1dd,Meningococcal Meningitis in Sub-Saharan Africa: A Model for the Epidemic Process,38,Oil,True,,,,,False,False,"The study does not discuss oil, petroleum products, transport fuel, or related emissions.",,0.00,0.00,2026-09-09_09-59-56_pruned_taxonomy_topdown
6292633,9797545e-e727-43ac-a656-ad55ec94c1dd,Meningococcal Meningitis in Sub-Saharan Africa: A Model for the Epidemic Process,37,Natural gas,True,,,,,False,False,"The study does not discuss natural gas, methane, heating, electricity generation, or industrial fossil fuel use.",,0.00,0.00,2026-09-09_09-59-56_pruned_taxonomy_topdown
6292633,9797545e-e727-43ac-a656-ad55ec94c1dd,Meningococcal Meningitis in Sub-Saharan Africa: A Model for the Epidemic Process,17,(Unspecified) greenhouse gases,True,,,,,False,False,"The study concerns meningococcal meningitis epidemics and environmental risk factors, but does not study greenhouse gases collectively.",,0.00,0.00,2026-09-09_09-59-56_pruned_taxonomy_topdown
6292633,9797545e-e727-43ac-a656-ad55ec94c1dd,Meningococcal Meningitis in Sub-Saharan Africa: A Model for the Epidemic Process,18,Carbon dioxide (CO₂),True,,,,,False,False,"Carbon dioxide is not identified as an exposure, outcome, or subject of analysis.",,0.00,0.00,2026-09-09_09-59-56_pruned_taxonomy_topdown
6292633,9797545e-e727-43ac-a656-ad55ec94c1dd,Meningococcal Meningitis in Sub-Saharan Africa: A Model for the Epidemic Process,22,Ozone-depleting substances / chlorofluorocarbons / hydrochlorofluorocarbons / halons / carbon tetrachloride / methyl chloroform,True,,,,,False,False,The study does not address ozone-depleting compounds or Montreal Protocol-regulated chemicals.,,0.00,0.00,2026-09-09_09-59-56_pruned_taxonomy_topdown
6292633,9797545e-e727-43ac-a656-ad55ec94c1dd,Meningococcal Meningitis in Sub-Saharan Africa: A Model for the Epidemic Process,19,Fluorinated gases / hydrofluorocarbons / perfluorocarbons / sulfur hexafluoride / nitrogen trifluoride,True,,,,,False,False,Synthetic industrial greenhouse gases are not discussed or investigated.,,0.00,0.00,2026-09-09_09-59-56_pruned_taxonomy_topdown
6292633,9797545e-e727-43ac-a656-ad55ec94c1dd,Meningococcal Meningitis in Sub-Saharan Africa: A Model for the Epidemic Process,20,Methane (CH₄),True,,,,,False,False,Methane emissions or exposure are not part of the study.,,0.00,0.00,2026-09-09_09-59-56_pruned_taxonomy_topdown
6292633,9797545e-e727-43ac-a656-ad55ec94c1dd,Meningococcal Meningitis in Sub-Saharan Africa: A Model for the Epidemic Process,21,Nitrous oxide (N₂O),True,,,,,False,False,Nitrous oxide from agriculture or fertilisers is not discussed.,,0.00,0.00,2026-09-09_09-59-56_pruned_taxonomy_topdown
6292633,9797545e-e727-43ac-a656-ad55ec94c1dd,Meningococcal Meningitis in Sub-Saharan Africa: A Model for the Epidemic Process,23,Particulate matter (PM10) / fine particulate matter (PM2.5) / black/organic carbon / sulfate/nitrate aerosols,True,,,,,False,False,"Although the abstract mentions environmental factors and respiratory tract infections, it does not study particulate matter exposure or health effects.",,0.00,0.00,2026-09-09_09-59-56_pruned_taxonomy_topdown
6292633,9797545e-e727-43ac-a656-ad55ec94c1dd,Meningococcal Meningitis in Sub-Saharan Africa: A Model for the Epidemic Process,24,Tropospheric ozone (O₃),True,,,,,False,False,Ozone formed through photochemical reactions is not examined; the mention of respiratory infections is unrelated to ozone exposure.,,0.00,0.00,2026-09-09_09-59-56_pruned_taxonomy_topdown
6292633,9797545e-e727-43ac-a656-ad55ec94c1dd,Meningococcal Meningitis in Sub-Saharan Africa: A Model for the Epidemic Process,26,Extreme cold,True,,,,,False,False,"The study discusses meningococcal meningitis epidemics and mentions low humidity, but not abnormally low temperatures, cold snaps, blizzards, or cold-related health outcomes.",,0.00,0.00,2026-09-09_09-59-56_pruned_taxonomy_topdown
6292633,9797545e-e727-43ac-a656-ad55ec94c1dd,Meningococcal Meningitis in Sub-Saharan Africa: A Model for the Epidemic Process,27,Extreme heat,True,,,,,False,False,"No heatwaves, abnormally high temperatures, or heat-related health risks are studied.",,0.00,0.00,2026-09-09_09-59-56_pruned_taxonomy_topdown
6292633,9797545e-e727-43ac-a656-ad55ec94c1dd,Meningococcal Meningitis in Sub-Saharan Africa: A Model for the Epidemic Process,28,Extreme precipitation,True,,,,,False,False,"The context does not address unusually intense or prolonged rainfall, snowfall, or other precipitation.",,0.00,0.00,2026-09-09_09-59-56_pruned_taxonomy_topdown
6292633,9797545e-e727-43ac-a656-ad55ec94c1dd,Meningococcal Meningitis in Sub-Saharan Africa: A Model for the Epidemic Process,30,Floods,True,,,,,False,False,Flooding or temporary inundation is not part of the study's subject matter.,,0.00,0.00,2026-09-09_09-59-56_pruned_taxonomy_topdown
6292633,9797545e-e727-43ac-a656-ad55ec94c1dd,Meningococcal Meningitis in Sub-Saharan Africa: A Model for the Epidemic Process,33,Wildfires,True,,,,,False,False,"The study does not concern wildfires, wildfire smoke, or related air-pollution health impacts.",,0.00,0.00,2026-09-09_09-59-56_pruned_taxonomy_topdown
6292633,9797545e-e727-43ac-a656-ad55ec94c1dd,Meningococcal Meningitis in Sub-Saharan Africa: A Model for the Epidemic Process,25,Droughts,True,,,,,False,False,"Although low humidity is mentioned as an environmental factor, the study does not address prolonged water deficit, drought, reduced water availability, or associated health and livelihood consequences.",,0.00,0.00,2026-09-09_09-59-56_pruned_taxonomy_topdown
6292633,9797545e-e727-43ac-a656-ad55ec94c1dd,Meningococcal Meningitis in Sub-Saharan Africa: A Model for the Epidemic Process,29,Extreme snow/ice events,True,,,,,False,False,"No severe snow or ice conditions, blizzards, freezing rain, or ice storms are discussed.",,0.00,0.00,2026-09-09_09-59-56_pruned_taxonomy_topdown
6292633,9797545e-e727-43ac-a656-ad55ec94c1dd,Meningococcal Meningitis in Sub-Saharan Africa: A Model for the Epidemic Process,31,Sand and dust storms,True,,,,,False,False,"The study does not concern wind-driven sand or dust transport, reduced visibility, or dust-related health effects.",,0.00,0.00,2026-09-09_09-59-56_pruned_taxonomy_topdown
6292633,9797545e-e727-43ac-a656-ad55ec94c1dd,Meningococcal Meningitis in Sub-Saharan Africa: A Model for the Epidemic Process,32,Storms and severe wind,True,,,,,False,False,"No tropical cyclones, hurricanes, typhoons, severe thunderstorms, hailstorms, or related damage and displacement are discussed.",,0.00,0.00,2026-09-09_09-59-56_pruned_taxonomy_topdown
6292633,9797545e-e727-43ac-a656-ad55ec94c1dd,Meningococcal Meningitis in Sub-Saharan Africa: A Model for the Epidemic Process,34,Z_(Unspecified) extreme weather events,True,,,,,False,False,The study does not address extreme weather events generally; it focuses on environmental and epidemiological factors associated with meningococcal meningitis epidemics.,,0.00,0.00,2026-09-09_09-59-56_pruned_taxonomy_topdown
6292633,9797545e-e727-43ac-a656-ad55ec94c1dd,Meningococcal Meningitis in Sub-Saharan Africa: A Model for the Epidemic Process,493,Attribution,True,,,,,False,False,"The study examines epidemiological mechanisms and environmental risk factors for meningococcal meningitis epidemics, but does not investigate or attribute changes in these systems or health outcomes to climate change.",,0.00,0.00,2026-09-09_09-59-56_pruned_taxonomy_topdown
6292633,9797545e-e727-43ac-a656-ad55ec94c1dd,Meningococcal Meningitis in Sub-Saharan Africa: A Model for the Epidemic Process,487,Adaptation,True,,,,,False,False,"The study examines epidemiological mechanisms and environmental risk factors for meningococcal meningitis epidemics, but it does not concern adaptation, coping, forecasting, monitoring, or other responses to climate variability or climate-related events.",,0.00,0.00,2026-09-09_09-59-56_pruned_taxonomy_topdown
6292633,9797545e-e727-43ac-a656-ad55ec94c1dd,Meningococcal Meningitis in Sub-Saharan Africa: A Model for the Epidemic Process,490,Maladaptation,True,,,,,False,False,No annotation with this attribute found: reverting to default,,0.00,0.00,2026-09-09_09-59-56_pruned_taxonomy_topdown
6292633,9797545e-e727-43ac-a656-ad55ec94c1dd,Meningococcal Meningitis in Sub-Saharan Africa: A Model for the Epidemic Process,495,Loss and damage,True,,,,,False,False,The abstract does not address unavoidable or irreversible harms caused by climate change; it focuses on disease outbreak processes and risk factors.,,0.00,0.00,2026-09-09_09-59-56_pruned_taxonomy_topdown
6292633,9797545e-e727-43ac-a656-ad55ec94c1dd,Meningococcal Meningitis in Sub-Saharan Africa: A Model for the Epidemic Process,492,Resilience,True,,,,,False,False,No annotation with this attribute found: reverting to default,,0.00,0.00,2026-09-09_09-59-56_pruned_taxonomy_topdown
6292633,9797545e-e727-43ac-a656-ad55ec94c1dd,Meningococcal Meningitis in Sub-Saharan Africa: A Model for the Epidemic Process,489,Mitigation,True,,,,,False,False,"The study does not address greenhouse-gas emissions, fossil fuels, or actions to reduce emissions.",,0.00,0.00,2026-09-09_09-59-56_pruned_taxonomy_topdown
6292633,9797545e-e727-43ac-a656-ad55ec94c1dd,Meningococcal Meningitis in Sub-Saharan Africa: A Model for the Epidemic Process,491,Preparedness,True,,,,,False,False,No annotation with this attribute found: reverting to default,,0.00,0.00,2026-09-09_09-59-56_pruned_taxonomy_topdown
6292633,9797545e-e727-43ac-a656-ad55ec94c1dd,Meningococcal Meningitis in Sub-Saharan Africa: A Model for the Epidemic Process,494,Future impact,True,,,,,False,False,"The study presents no climate projections, scenario analysis, or anticipated future effects of climate change on health, ecosystems, or society.",,0.00,0.00,2026-09-09_09-59-56_pruned_taxonomy_topdown
6292633,9797545e-e727-43ac-a656-ad55ec94c1dd,Meningococcal Meningitis in Sub-Saharan Africa: A Model for the Epidemic Process,496,Co-Benefits,True,,,,,False,False,No annotation with this attribute found: reverting to default,,0.00,0.00,2026-09-09_09-59-56_pruned_taxonomy_topdown
6292633,9797545e-e727-43ac-a656-ad55ec94c1dd,Meningococcal Meningitis in Sub-Saharan Africa: A Model for the Epidemic Process,488,Impact,True,,,,,True,True,"The study identifies low humidity, a climate-related variable, as a contributing environmental factor in meningococcal meningitis epidemics, thereby examining a health effect associated with climatic conditions.","the presence of additional environmental factors, such as low humidity and coincident respiratory tract infections, are also necessary for an epidemic to occur.",0.00,100.00,2026-09-09_09-59-56_pruned_taxonomy_topdown
6292633,9797545e-e727-43ac-a656-ad55ec94c1dd,Meningococcal Meningitis in Sub-Saharan Africa: A Model for the Epidemic Process,6,(Unspecified) changes in weather,True,,,,,False,False,The study does not address broad changes or variability in weather patterns; it focuses on epidemiological mechanisms of meningococcal meningitis epidemics.,,0.00,0.00,2026-09-09_09-59-56_pruned_taxonomy_topdown
6292633,9797545e-e727-43ac-a656-ad55ec94c1dd,Meningococcal Meningitis in Sub-Saharan Africa: A Model for the Epidemic Process,15,Changes in wind speed,True,,,,,False,False,Wind patterns or wind velocity are not discussed.,,0.00,0.00,2026-09-09_09-59-56_pruned_taxonomy_topdown
6292633,9797545e-e727-43ac-a656-ad55ec94c1dd,Meningococcal Meningitis in Sub-Saharan Africa: A Model for the Epidemic Process,13,Changes in season length,True,,,,,False,False,The study does not examine changes in season duration or seasonal timing.,,0.00,0.00,2026-09-09_09-59-56_pruned_taxonomy_topdown
6292633,9797545e-e727-43ac-a656-ad55ec94c1dd,Meningococcal Meningitis in Sub-Saharan Africa: A Model for the Epidemic Process,7,(Unspecified) climate change,True,,,,,False,False,Climate change is not identified as a driver or subject of the study.,,0.00,0.00,2026-09-09_09-59-56_pruned_taxonomy_topdown
6292633,9797545e-e727-43ac-a656-ad55ec94c1dd,Meningococcal Meningitis in Sub-Saharan Africa: A Model for the Epidemic Process,16,Climate variability,True,,,,,False,False,The study does not investigate climate variability over time or across spatial scales.,,0.00,0.00,2026-09-09_09-59-56_pruned_taxonomy_topdown
6292633,9797545e-e727-43ac-a656-ad55ec94c1dd,Meningococcal Meningitis in Sub-Saharan Africa: A Model for the Epidemic Process,9,Changes in humidity,True,,,,,True,True,"Low humidity is explicitly identified as an environmental factor associated with meningococcal meningitis epidemics, corresponding to atmospheric moisture conditions.","the presence of additional environmental factors, such as low humidity and coincident respiratory tract infections, are also necessary for an epidemic to occur.",0.00,100.00,2026-09-09_09-59-56_pruned_taxonomy_topdown
6292633,9797545e-e727-43ac-a656-ad55ec94c1dd,Meningococcal Meningitis in Sub-Saharan Africa: A Model for the Epidemic Process,12,Changes in sea level,True,,,,,False,False,Sea-level rise is not discussed.,,0.00,0.00,2026-09-09_09-59-56_pruned_taxonomy_topdown
6292633,9797545e-e727-43ac-a656-ad55ec94c1dd,Meningococcal Meningitis in Sub-Saharan Africa: A Model for the Epidemic Process,11,Changes in precipitation,True,,,,,False,False,Changes in rainfall or snowfall are not addressed.,,0.00,0.00,2026-09-09_09-59-56_pruned_taxonomy_topdown
6292633,9797545e-e727-43ac-a656-ad55ec94c1dd,Meningococcal Meningitis in Sub-Saharan Africa: A Model for the Epidemic Process,10,Changes in inland water bodies,True,,,,,False,False,The study does not examine climate-driven changes in freshwater systems or hydrological patterns.,,0.00,0.00,2026-09-09_09-59-56_pruned_taxonomy_topdown
6292633,9797545e-e727-43ac-a656-ad55ec94c1dd,Meningococcal Meningitis in Sub-Saharan Africa: A Model for the Epidemic Process,14,Changes in temperature,True,,,,,False,False,Temperature conditions or warming trends are not discussed.,,0.00,0.00,2026-09-09_09-59-56_pruned_taxonomy_topdown
6292633,9797545e-e727-43ac-a656-ad55ec94c1dd,Meningococcal Meningitis in Sub-Saharan Africa: A Model for the Epidemic Process,8,Changes in glacier / snow melt,True,,,,,False,False,Glacier or snowpack melting is not relevant to the study's subject.,,0.00,0.00,2026-09-09_09-59-56_pruned_taxonomy_topdown
6292633,9797545e-e727-43ac-a656-ad55ec94c1dd,Meningococcal Meningitis in Sub-Saharan Africa: A Model for the Epidemic Process,476,Education (Sector),True,,,,,False,False,"The study concerns meningococcal meningitis epidemiology and environmental risk factors, not formal or informal education systems.",,0.00,0.00,2026-09-09_09-59-56_pruned_taxonomy_topdown
6292633,9797545e-e727-43ac-a656-ad55ec94c1dd,Meningococcal Meningitis in Sub-Saharan Africa: A Model for the Epidemic Process,485,Transportation (Sector),True,,,,,False,False,"The study does not examine transport systems, infrastructure, vehicles, or logistics.",,0.00,0.00,2026-09-09_09-59-56_pruned_taxonomy_topdown
6292633,9797545e-e727-43ac-a656-ad55ec94c1dd,Meningococcal Meningitis in Sub-Saharan Africa: A Model for the Epidemic Process,483,Public administration (Sector),True,,,,,False,False,"Government agencies, public administration operations, and civil services are not the subject of the study.",,0.00,0.00,2026-09-09_09-59-56_pruned_taxonomy_topdown
6292633,9797545e-e727-43ac-a656-ad55ec94c1dd,Meningococcal Meningitis in Sub-Saharan Africa: A Model for the Epidemic Process,479,Healthcare (Sector),True,,,,,False,True,"The study fundamentally concerns a human infectious disease and its epidemiology, which falls within the public health sector.",Advances in molecular and field epidemiology have begun to elucidate the mechanisms of meningococcal meningitis epidemics.,0.00,100.00,2026-09-09_09-59-56_pruned_taxonomy_topdown
6292633,9797545e-e727-43ac-a656-ad55ec94c1dd,Meningococcal Meningitis in Sub-Saharan Africa: A Model for the Epidemic Process,486,"Water, sanitation, and waste management (Sector)",True,,,,,False,False,"Water supply, sanitation, sewage treatment, and solid waste management are not examined.",,0.00,0.00,2026-09-09_09-59-56_pruned_taxonomy_topdown
6292633,9797545e-e727-43ac-a656-ad55ec94c1dd,Meningococcal Meningitis in Sub-Saharan Africa: A Model for the Epidemic Process,475,Buildings / housing (Sector),True,,,,,False,False,"Buildings, housing, and construction are not subjects of the study.",,0.00,0.00,2026-09-09_09-59-56_pruned_taxonomy_topdown
6292633,9797545e-e727-43ac-a656-ad55ec94c1dd,Meningococcal Meningitis in Sub-Saharan Africa: A Model for the Epidemic Process,478,Finance (Sector),True,,,,,False,False,"The study does not address banking, insurance, investment, or financial services.",,0.00,0.00,2026-09-09_09-59-56_pruned_taxonomy_topdown
6292633,9797545e-e727-43ac-a656-ad55ec94c1dd,Meningococcal Meningitis in Sub-Saharan Africa: A Model for the Epidemic Process,484,Social protection (Sector),True,,,,,False,False,"Social safety nets, welfare services, and support systems are not examined.",,0.00,0.00,2026-09-09_09-59-56_pruned_taxonomy_topdown
6292633,9797545e-e727-43ac-a656-ad55ec94c1dd,Meningococcal Meningitis in Sub-Saharan Africa: A Model for the Epidemic Process,481,Information and communications technologies (Sector),True,,,,,False,False,"Telecommunications, digital infrastructure, and information technology are not part of the study.",,0.00,0.00,2026-09-09_09-59-56_pruned_taxonomy_topdown
6292633,9797545e-e727-43ac-a656-ad55ec94c1dd,Meningococcal Meningitis in Sub-Saharan Africa: A Model for the Epidemic Process,480,"Industry, trade, and services (Sector)",True,,,,,False,False,"Manufacturing, trade, retail, wholesale, and commercial services are not addressed.",,0.00,0.00,2026-09-09_09-59-56_pruned_taxonomy_topdown
6292633,9797545e-e727-43ac-a656-ad55ec94c1dd,Meningococcal Meningitis in Sub-Saharan Africa: A Model for the Epidemic Process,477,Energy and extractives (Sector),True,,,,,False,False,"Electricity generation, fuel production, energy systems, and resource extraction are not examined.",,0.00,0.00,2026-09-09_09-59-56_pruned_taxonomy_topdown
6292633,9797545e-e727-43ac-a656-ad55ec94c1dd,Meningococcal Meningitis in Sub-Saharan Africa: A Model for the Epidemic Process,482,Military (Sector),True,,,,,False,False,The military and defense sector is not discussed.,,0.00,0.00,2026-09-09_09-59-56_pruned_taxonomy_topdown
6292633,9797545e-e727-43ac-a656-ad55ec94c1dd,Meningococcal Meningitis in Sub-Saharan Africa: A Model for the Epidemic Process,474,"Agriculture, fishing, and forestry (Sector)",True,,,,,False,False,"Crop cultivation, livestock, aquaculture, fishing, and forest management are not subjects of the study.",,0.00,0.00,2026-09-09_09-59-56_pruned_taxonomy_topdown
6292633,9797545e-e727-43ac-a656-ad55ec94c1dd,Meningococcal Meningitis in Sub-Saharan Africa: A Model for the Epidemic Process,431,Z_Other evidence synthesis type,True,,,,,False,False,"The context is a narrative overview of meningococcal meningitis epidemic mechanisms, which is captured by the specific narrative review category rather than an uncategorized evidence synthesis type.",,0.00,0.00,2026-09-09_09-59-56_pruned_taxonomy_topdown
6292633,9797545e-e727-43ac-a656-ad55ec94c1dd,Meningococcal Meningitis in Sub-Saharan Africa: A Model for the Epidemic Process,427,Health technology assessment (HTA),True,,,,,False,False,"The context does not evaluate a health technology or include clinical effectiveness, cost-effectiveness, ethical, legal, social, or organisational assessment.",,0.00,0.00,2026-09-09_09-59-56_pruned_taxonomy_topdown
6292633,9797545e-e727-43ac-a656-ad55ec94c1dd,Meningococcal Meningitis in Sub-Saharan Africa: A Model for the Epidemic Process,428,Meta-analysis (unsystematic),True,,,,,False,False,No advanced quantitative synthesis or statistical pooling of existing studies is described.,,0.00,0.00,2026-09-09_09-59-56_pruned_taxonomy_topdown
6292633,9797545e-e727-43ac-a656-ad55ec94c1dd,Meningococcal Meningitis in Sub-Saharan Africa: A Model for the Epidemic Process,390,(Quasi-)Experimental / single-group designs,True,,,,,False,False,No annotation with this attribute found: reverting to default,,0.00,0.00,2026-09-09_09-59-56_pruned_taxonomy_topdown
6292633,9797545e-e727-43ac-a656-ad55ec94c1dd,Meningococcal Meningitis in Sub-Saharan Africa: A Model for the Epidemic Process,397,Z_Other study design,True,,,,,False,False,No annotation with this attribute found: reverting to default,,0.00,0.00,2026-09-09_09-59-56_pruned_taxonomy_topdown
6292633,9797545e-e727-43ac-a656-ad55ec94c1dd,Meningococcal Meningitis in Sub-Saharan Africa: A Model for the Epidemic Process,394,Observational / group comparison designs,True,,,,,False,False,No annotation with this attribute found: reverting to default,,0.00,0.00,2026-09-09_09-59-56_pruned_taxonomy_topdown
6292633,9797545e-e727-43ac-a656-ad55ec94c1dd,Meningococcal Meningitis in Sub-Saharan Africa: A Model for the Epidemic Process,393,Modelling / simulation,True,,,,,True,False,No annotation with this attribute found: reverting to default,,0.00,0.00,2026-09-09_09-59-56_pruned_taxonomy_topdown
6292633,9797545e-e727-43ac-a656-ad55ec94c1dd,Meningococcal Meningitis in Sub-Saharan Africa: A Model for the Epidemic Process,387,1. Primary research,True,,,,,True,False,The context does not describe collection or analysis of new primary data; it summarizes established knowledge and findings about meningococcal epidemics and their risk factors.,,0.00,0.00,2026-09-09_09-59-56_pruned_taxonomy_topdown
6292633,9797545e-e727-43ac-a656-ad55ec94c1dd,Meningococcal Meningitis in Sub-Saharan Africa: A Model for the Epidemic Process,395,Observational / single-group designs,True,,,,,False,False,No annotation with this attribute found: reverting to default,,0.00,0.00,2026-09-09_09-59-56_pruned_taxonomy_topdown
6292633,9797545e-e727-43ac-a656-ad55ec94c1dd,Meningococcal Meningitis in Sub-Saharan Africa: A Model for the Epidemic Process,430,Systematic reviews,True,,,,,False,False,"Although the text refers to recent studies and synthesizes knowledge, it does not describe an explicit, reproducible systematic search, selection, appraisal, or synthesis of primary studies.",,0.00,0.00,2026-09-09_09-59-56_pruned_taxonomy_topdown
6292633,9797545e-e727-43ac-a656-ad55ec94c1dd,Meningococcal Meningitis in Sub-Saharan Africa: A Model for the Epidemic Process,392,Mixed-methods,True,,,,,False,False,No annotation with this attribute found: reverting to default,,0.00,0.00,2026-09-09_09-59-56_pruned_taxonomy_topdown
6292633,9797545e-e727-43ac-a656-ad55ec94c1dd,Meningococcal Meningitis in Sub-Saharan Africa: A Model for the Epidemic Process,396,Qualitative designs,True,,,,,False,False,No annotation with this attribute found: reverting to default,,0.00,0.00,2026-09-09_09-59-56_pruned_taxonomy_topdown
6292633,9797545e-e727-43ac-a656-ad55ec94c1dd,Meningococcal Meningitis in Sub-Saharan Africa: A Model for the Epidemic Process,426,Guideline (clinical or public health),True,,,,,False,False,The context provides epidemiological interpretation and does not develop recommendations for clinical or public health practice.,,0.00,0.00,2026-09-09_09-59-56_pruned_taxonomy_topdown
6292633,9797545e-e727-43ac-a656-ad55ec94c1dd,Meningococcal Meningitis in Sub-Saharan Africa: A Model for the Epidemic Process,389,(Quasi-)Experimental / group comparison designs,True,,,,,False,False,No annotation with this attribute found: reverting to default,,0.00,0.00,2026-09-09_09-59-56_pruned_taxonomy_topdown
6292633,9797545e-e727-43ac-a656-ad55ec94c1dd,Meningococcal Meningitis in Sub-Saharan Africa: A Model for the Epidemic Process,391,Descriptive / single-group designs,True,,,,,True,False,No annotation with this attribute found: reverting to default,,0.00,0.00,2026-09-09_09-59-56_pruned_taxonomy_topdown
6292633,9797545e-e727-43ac-a656-ad55ec94c1dd,Meningococcal Meningitis in Sub-Saharan Africa: A Model for the Epidemic Process,388,2. Evidence synthesis,True,,,,,False,True,"The study is presented as a synthesis or overview of existing epidemiological knowledge and recent studies, rather than as a report of newly collected data.",Advances in molecular and field epidemiology have begun to elucidate the mechanisms of meningococcal meningitis epidemics.,0.00,100.00,2026-09-09_09-59-56_pruned_taxonomy_topdown
6292633,9797545e-e727-43ac-a656-ad55ec94c1dd,Meningococcal Meningitis in Sub-Saharan Africa: A Model for the Epidemic Process,429,Narrative review,True,,,,,False,True,"The passage summarizes and interprets literature and expert understanding of meningococcal meningitis epidemics without reporting systematic review methods, consistent with a non-systematic narrative review.","Epidemics result from a complex combination of host, organism, and environmental risk factors.",0.00,100.00,2026-09-09_09-59-56_pruned_taxonomy_topdown
6292633,9797545e-e727-43ac-a656-ad55ec94c1dd,Meningococcal Meningitis in Sub-Saharan Africa: A Model for the Epidemic Process,202,Neurological disorders,True,,,,,False,False,No annotation with this attribute found: reverting to default,,0.00,0.00,2026-09-09_09-59-56_pruned_taxonomy_topdown
6292633,9797545e-e727-43ac-a656-ad55ec94c1dd,Meningococcal Meningitis in Sub-Saharan Africa: A Model for the Epidemic Process,116,1.1. Total / all-cause mortality (Outcome),True,,,,,False,False,No annotation with this attribute found: reverting to default,,0.00,0.00,2026-09-09_09-59-56_pruned_taxonomy_topdown
6292633,9797545e-e727-43ac-a656-ad55ec94c1dd,Meningococcal Meningitis in Sub-Saharan Africa: A Model for the Epidemic Process,196,Chronic respiratory diseases,True,,,,,False,False,No annotation with this attribute found: reverting to default,,0.00,0.00,2026-09-09_09-59-56_pruned_taxonomy_topdown
6292633,9797545e-e727-43ac-a656-ad55ec94c1dd,Meningococcal Meningitis in Sub-Saharan Africa: A Model for the Epidemic Process,206,Z_Other non-communicable diseases,True,,,,,False,False,No annotation with this attribute found: reverting to default,,0.00,0.00,2026-09-09_09-59-56_pruned_taxonomy_topdown
6292633,9797545e-e727-43ac-a656-ad55ec94c1dd,Meningococcal Meningitis in Sub-Saharan Africa: A Model for the Epidemic Process,117,"1.2. Communicable, maternal, neonatal, and nutritional mortality",True,,,,,False,False,No annotation with this attribute found: reverting to default,,0.00,0.00,2026-09-09_09-59-56_pruned_taxonomy_topdown
6292633,9797545e-e727-43ac-a656-ad55ec94c1dd,Meningococcal Meningitis in Sub-Saharan Africa: A Model for the Epidemic Process,199,Mental disorders,True,,,,,False,False,No annotation with this attribute found: reverting to default,,0.00,0.00,2026-09-09_09-59-56_pruned_taxonomy_topdown
6292633,9797545e-e727-43ac-a656-ad55ec94c1dd,Meningococcal Meningitis in Sub-Saharan Africa: A Model for the Epidemic Process,204,Skin and subcutaneous diseases,True,,,,,False,False,No annotation with this attribute found: reverting to default,,0.00,0.00,2026-09-09_09-59-56_pruned_taxonomy_topdown
6292633,9797545e-e727-43ac-a656-ad55ec94c1dd,Meningococcal Meningitis in Sub-Saharan Africa: A Model for the Epidemic Process,134,HIV/AIDS and sexually transmitted infections,True,,,,,False,False,"The study concerns epidemic meningococcal meningitis, not infections transmitted through sexual contact or blood-borne routes.",,0.00,0.00,2026-09-09_09-59-56_pruned_taxonomy_topdown
6292633,9797545e-e727-43ac-a656-ad55ec94c1dd,Meningococcal Meningitis in Sub-Saharan Africa: A Model for the Epidemic Process,137,Nutritional deficiencies,True,,,,,False,False,No malnutrition or nutrient deficiency is studied; environmental and epidemiological risk factors are the focus.,,0.00,0.00,2026-09-09_09-59-56_pruned_taxonomy_topdown
6292633,9797545e-e727-43ac-a656-ad55ec94c1dd,Meningococcal Meningitis in Sub-Saharan Africa: A Model for the Epidemic Process,200,Musculoskeletal disorders,True,,,,,False,False,No annotation with this attribute found: reverting to default,,0.00,0.00,2026-09-09_09-59-56_pruned_taxonomy_topdown
6292633,9797545e-e727-43ac-a656-ad55ec94c1dd,Meningococcal Meningitis in Sub-Saharan Africa: A Model for the Epidemic Process,139,Z_Other infectious diseases,True,,,,,True,True,"Meningococcal meningitis is a bacterial infectious disease and is not an enteric, vector-borne, or sexually/blood-borne infection. It therefore fits the category of other infectious diseases.",Epidemic group A meningococcal meningitis follows a unique and distinctive pattern in sub-Saharan Africa.,0.00,100.00,2026-09-09_09-59-56_pruned_taxonomy_topdown
6292633,9797545e-e727-43ac-a656-ad55ec94c1dd,Meningococcal Meningitis in Sub-Saharan Africa: A Model for the Epidemic Process,289,Transport injuries,True,,,,,False,False,No annotation with this attribute found: reverting to default,,0.00,0.00,2026-09-09_09-59-56_pruned_taxonomy_topdown
6292633,9797545e-e727-43ac-a656-ad55ec94c1dd,Meningococcal Meningitis in Sub-Saharan Africa: A Model for the Epidemic Process,135,Maternal and neonatal disorders,True,,,,,False,False,"The study does not address pregnancy, childbirth, neonatal conditions, or obstetric complications.",,0.00,0.00,2026-09-09_09-59-56_pruned_taxonomy_topdown
6292633,9797545e-e727-43ac-a656-ad55ec94c1dd,Meningococcal Meningitis in Sub-Saharan Africa: A Model for the Epidemic Process,136,Neglected tropical diseases and malaria,True,,,,,False,False,"Although the setting is sub-Saharan Africa, the study focuses on meningococcal meningitis epidemics rather than a tropical disease category disproportionately affecting tropical and subtropical low-income populations.",,0.00,0.00,2026-09-09_09-59-56_pruned_taxonomy_topdown
6292633,9797545e-e727-43ac-a656-ad55ec94c1dd,Meningococcal Meningitis in Sub-Saharan Africa: A Model for the Epidemic Process,195,Cardiovascular diseases,True,,,,,False,False,No annotation with this attribute found: reverting to default,,0.00,0.00,2026-09-09_09-59-56_pruned_taxonomy_topdown
6292633,9797545e-e727-43ac-a656-ad55ec94c1dd,Meningococcal Meningitis in Sub-Saharan Africa: A Model for the Epidemic Process,288,Self-harm and interpersonal violence,True,,,,,False,False,No annotation with this attribute found: reverting to default,,0.00,0.00,2026-09-09_09-59-56_pruned_taxonomy_topdown
6292633,9797545e-e727-43ac-a656-ad55ec94c1dd,Meningococcal Meningitis in Sub-Saharan Africa: A Model for the Epidemic Process,114,3. Non-communicable diseases,True,,,,,False,False,"The study concerns epidemic meningococcal meningitis, an acute infectious disease, not chronic non-infectious conditions such as cardiovascular, respiratory, metabolic, neurological, or neoplastic diseases.",,0.00,0.00,2026-09-09_09-59-56_pruned_taxonomy_topdown
6292633,9797545e-e727-43ac-a656-ad55ec94c1dd,Meningococcal Meningitis in Sub-Saharan Africa: A Model for the Epidemic Process,112,1. Mortality (Outcome),True,,,,,False,False,"Although the study discusses disease epidemics, it does not identify death or mortality as a health outcome being assessed.",,0.00,0.00,2026-09-09_09-59-56_pruned_taxonomy_topdown
6292633,9797545e-e727-43ac-a656-ad55ec94c1dd,Meningococcal Meningitis in Sub-Saharan Africa: A Model for the Epidemic Process,138,Respiratory infections and tuberculosis,True,,,,,False,False,"Respiratory tract infections are mentioned only as a coincident environmental or epidemiological factor; the primary disease studied is meningococcal meningitis, not an acute or chronic respiratory tract infection.",coincident respiratory tract infections,0.00,100.00,2026-09-09_09-59-56_pruned_taxonomy_topdown
6292633,9797545e-e727-43ac-a656-ad55ec94c1dd,Meningococcal Meningitis in Sub-Saharan Africa: A Model for the Epidemic Process,290,Unintentional injuries,True,,,,,False,False,No annotation with this attribute found: reverting to default,,0.00,0.00,2026-09-09_09-59-56_pruned_taxonomy_topdown
6292633,9797545e-e727-43ac-a656-ad55ec94c1dd,Meningococcal Meningitis in Sub-Saharan Africa: A Model for the Epidemic Process,113,"2. Communicable, maternal, neonatal, and nutritional diseases",True,,,,,True,True,"Meningococcal meningitis is an infectious disease caused by Neisseria meningitidis, so it falls within the infectious, maternal, neonatal, and nutritional disease category.",Epidemic group A meningococcal meningitis follows a unique and distinctive pattern in sub-Saharan Africa.,0.00,100.00,2026-09-09_09-59-56_pruned_taxonomy_topdown
6292633,9797545e-e727-43ac-a656-ad55ec94c1dd,Meningococcal Meningitis in Sub-Saharan Africa: A Model for the Epidemic Process,133,Enteric infections,True,,,,,False,False,"The context contains no study of gastrointestinal infections, contaminated food or water transmission, diarrhoeal disease, typhoid, or cholera.",,0.00,0.00,2026-09-09_09-59-56_pruned_taxonomy_topdown
6292633,9797545e-e727-43ac-a656-ad55ec94c1dd,Meningococcal Meningitis in Sub-Saharan Africa: A Model for the Epidemic Process,201,Neoplasms,True,,,,,False,False,No annotation with this attribute found: reverting to default,,0.00,0.00,2026-09-09_09-59-56_pruned_taxonomy_topdown
6292633,9797545e-e727-43ac-a656-ad55ec94c1dd,Meningococcal Meningitis in Sub-Saharan Africa: A Model for the Epidemic Process,118,1.3. Non-communicable mortality,True,,,,,False,False,No annotation with this attribute found: reverting to default,,0.00,0.00,2026-09-09_09-59-56_pruned_taxonomy_topdown
6292633,9797545e-e727-43ac-a656-ad55ec94c1dd,Meningococcal Meningitis in Sub-Saharan Africa: A Model for the Epidemic Process,205,Substance use disorders,True,,,,,False,False,No annotation with this attribute found: reverting to default,,0.00,0.00,2026-09-09_09-59-56_pruned_taxonomy_topdown
6292633,9797545e-e727-43ac-a656-ad55ec94c1dd,Meningococcal Meningitis in Sub-Saharan Africa: A Model for the Epidemic Process,197,Diabetes and kidney diseases,True,,,,,False,False,No annotation with this attribute found: reverting to default,,0.00,0.00,2026-09-09_09-59-56_pruned_taxonomy_topdown
6292633,9797545e-e727-43ac-a656-ad55ec94c1dd,Meningococcal Meningitis in Sub-Saharan Africa: A Model for the Epidemic Process,203,Sense organ diseases,True,,,,,False,False,No annotation with this attribute found: reverting to default,,0.00,0.00,2026-09-09_09-59-56_pruned_taxonomy_topdown
6292633,9797545e-e727-43ac-a656-ad55ec94c1dd,Meningococcal Meningitis in Sub-Saharan Africa: A Model for the Epidemic Process,115,4. Injuries,True,,,,,False,False,"The study does not concern physical injury, self-harm, violence, conflict, or other external causes of bodily harm.",,0.00,0.00,2026-09-09_09-59-56_pruned_taxonomy_topdown
6292633,9797545e-e727-43ac-a656-ad55ec94c1dd,Meningococcal Meningitis in Sub-Saharan Africa: A Model for the Epidemic Process,198,Digestive diseases,True,,,,,False,False,No annotation with this attribute found: reverting to default,,0.00,0.00,2026-09-09_09-59-56_pruned_taxonomy_topdown
731154288,9ae92e2c-f788-4166-ae2e-e26bb1c6134f,Machine learning to characterize and explain the fine-scale temporal variability of UHI,36,Coal,True,,,,,False,False,"The study analyzes urban heat island variability and its atmospheric drivers in Phoenix; coal is not discussed as a fuel, exposure, or study focus.",,0.00,0.00,2026-09-09_09-59-56_pruned_taxonomy_topdown
731154288,9ae92e2c-f788-4166-ae2e-e26bb1c6134f,Machine learning to characterize and explain the fine-scale temporal variability of UHI,35,(Unspecified) fossil fuels,True,,,,,False,False,"Although pollution is mentioned as an atmospheric driver, the study does not examine fossil fuel use or combustion in general.",,0.00,0.00,2026-09-09_09-59-56_pruned_taxonomy_topdown
731154288,9ae92e2c-f788-4166-ae2e-e26bb1c6134f,Machine learning to characterize and explain the fine-scale temporal variability of UHI,38,Oil,True,,,,,False,False,"Petroleum or liquid fossil fuels are not identified as an exposure, source, or subject of the study.",,0.00,0.00,2026-09-09_09-59-56_pruned_taxonomy_topdown
731154288,9ae92e2c-f788-4166-ae2e-e26bb1c6134f,Machine learning to characterize and explain the fine-scale temporal variability of UHI,37,Natural gas,True,,,,,False,False,Natural gas is not mentioned and is not part of the study's focus on urban heat island dynamics and atmospheric conditions.,,0.00,0.00,2026-09-09_09-59-56_pruned_taxonomy_topdown
731154288,9ae92e2c-f788-4166-ae2e-e26bb1c6134f,Machine learning to characterize and explain the fine-scale temporal variability of UHI,17,(Unspecified) greenhouse gases,True,,,,,False,False,"The study focuses on urban heat island temperature variability and its atmospheric drivers, not on greenhouse gases as a collective category.",,0.00,0.00,2026-09-09_09-59-56_pruned_taxonomy_topdown
731154288,9ae92e2c-f788-4166-ae2e-e26bb1c6134f,Machine learning to characterize and explain the fine-scale temporal variability of UHI,18,Carbon dioxide (CO₂),True,,,,,False,False,"Carbon dioxide is not identified or analyzed as an exposure, driver, or outcome.",,0.00,0.00,2026-09-09_09-59-56_pruned_taxonomy_topdown
731154288,9ae92e2c-f788-4166-ae2e-e26bb1c6134f,Machine learning to characterize and explain the fine-scale temporal variability of UHI,22,Ozone-depleting substances / chlorofluorocarbons / hydrochlorofluorocarbons / halons / carbon tetrachloride / methyl chloroform,True,,,,,False,False,The study does not discuss ozone-depleting compounds regulated under the Montreal Protocol.,,0.00,0.00,2026-09-09_09-59-56_pruned_taxonomy_topdown
731154288,9ae92e2c-f788-4166-ae2e-e26bb1c6134f,Machine learning to characterize and explain the fine-scale temporal variability of UHI,19,Fluorinated gases / hydrofluorocarbons / perfluorocarbons / sulfur hexafluoride / nitrogen trifluoride,True,,,,,False,False,Synthetic industrial greenhouse gases such as fluorinated gases are not mentioned or studied.,,0.00,0.00,2026-09-09_09-59-56_pruned_taxonomy_topdown
731154288,9ae92e2c-f788-4166-ae2e-e26bb1c6134f,Machine learning to characterize and explain the fine-scale temporal variability of UHI,20,Methane (CH₄),True,,,,,False,False,Methane is not identified as an atmospheric driver or study variable.,,0.00,0.00,2026-09-09_09-59-56_pruned_taxonomy_topdown
731154288,9ae92e2c-f788-4166-ae2e-e26bb1c6134f,Machine learning to characterize and explain the fine-scale temporal variability of UHI,21,Nitrous oxide (N₂O),True,,,,,False,False,"Nitrous oxide is not mentioned, and the study does not examine agricultural or fertiliser-related emissions.",,0.00,0.00,2026-09-09_09-59-56_pruned_taxonomy_topdown
731154288,9ae92e2c-f788-4166-ae2e-e26bb1c6134f,Machine learning to characterize and explain the fine-scale temporal variability of UHI,23,Particulate matter (PM10) / fine particulate matter (PM2.5) / black/organic carbon / sulfate/nitrate aerosols,True,,,,,False,False,Particulate matter is not explicitly measured or analyzed; the abstract only refers generally to pollution as part of atmospheric transmissivity.,,0.00,0.00,2026-09-09_09-59-56_pruned_taxonomy_topdown
731154288,9ae92e2c-f788-4166-ae2e-e26bb1c6134f,Machine learning to characterize and explain the fine-scale temporal variability of UHI,24,Tropospheric ozone (O₃),True,,,,,False,False,Tropospheric ozone is not mentioned or studied as an air-quality hazard or climate pollutant.,,0.00,0.00,2026-09-09_09-59-56_pruned_taxonomy_topdown
731154288,9ae92e2c-f788-4166-ae2e-e26bb1c6134f,Machine learning to characterize and explain the fine-scale temporal variability of UHI,26,Extreme cold,True,,,,,False,False,"The study does not concern unusually low temperatures, cold snaps, blizzards, or cold-related health outcomes.",,0.00,0.00,2026-09-09_09-59-56_pruned_taxonomy_topdown
731154288,9ae92e2c-f788-4166-ae2e-e26bb1c6134f,Machine learning to characterize and explain the fine-scale temporal variability of UHI,27,Extreme heat,True,,,,,True,True,"The study focuses on urban overheating and variability in the urban heat-island signal, explicitly relating the findings to regional heatwaves and heat-related health impacts.",health and other impacts of urban overheating tend to be concentrated during regional heatwaves,0.00,100.00,2026-09-09_09-59-56_pruned_taxonomy_topdown
731154288,9ae92e2c-f788-4166-ae2e-e26bb1c6134f,Machine learning to characterize and explain the fine-scale temporal variability of UHI,28,Extreme precipitation,True,,,,,False,False,The study does not examine unusually intense or prolonged precipitation or its impacts.,,0.00,0.00,2026-09-09_09-59-56_pruned_taxonomy_topdown
731154288,9ae92e2c-f788-4166-ae2e-e26bb1c6134f,Machine learning to characterize and explain the fine-scale temporal variability of UHI,30,Floods,True,,,,,False,False,Flooding or inundation is not a subject of the study.,,0.00,0.00,2026-09-09_09-59-56_pruned_taxonomy_topdown
731154288,9ae92e2c-f788-4166-ae2e-e26bb1c6134f,Machine learning to characterize and explain the fine-scale temporal variability of UHI,33,Wildfires,True,,,,,False,False,"The study does not address wildfires, smoke, or fire-related air pollution.",,0.00,0.00,2026-09-09_09-59-56_pruned_taxonomy_topdown
731154288,9ae92e2c-f788-4166-ae2e-e26bb1c6134f,Machine learning to characterize and explain the fine-scale temporal variability of UHI,25,Droughts,True,,,,,False,False,"The study does not concern prolonged water deficits, drought, or associated health and livelihood impacts.",,0.00,0.00,2026-09-09_09-59-56_pruned_taxonomy_topdown
731154288,9ae92e2c-f788-4166-ae2e-e26bb1c6134f,Machine learning to characterize and explain the fine-scale temporal variability of UHI,29,Extreme snow/ice events,True,,,,,False,False,"Snow, ice, blizzards, and freezing precipitation are not examined.",,0.00,0.00,2026-09-09_09-59-56_pruned_taxonomy_topdown
731154288,9ae92e2c-f788-4166-ae2e-e26bb1c6134f,Machine learning to characterize and explain the fine-scale temporal variability of UHI,31,Sand and dust storms,True,,,,,False,False,The study does not address wind-driven sand or dust events.,,0.00,0.00,2026-09-09_09-59-56_pruned_taxonomy_topdown
731154288,9ae92e2c-f788-4166-ae2e-e26bb1c6134f,Machine learning to characterize and explain the fine-scale temporal variability of UHI,32,Storms and severe wind,True,,,,,False,False,"The study does not examine tropical cyclones, severe thunderstorms, hailstorms, or other intense meteorological storm events.",,0.00,0.00,2026-09-09_09-59-56_pruned_taxonomy_topdown
731154288,9ae92e2c-f788-4166-ae2e-e26bb1c6134f,Machine learning to characterize and explain the fine-scale temporal variability of UHI,34,Z_(Unspecified) extreme weather events,True,,,,,False,False,"The relevant extreme event is specifically identified as heatwaves, so the unspecified extreme-weather category does not apply.",,0.00,0.00,2026-09-09_09-59-56_pruned_taxonomy_topdown
731154288,9ae92e2c-f788-4166-ae2e-e26bb1c6134f,Machine learning to characterize and explain the fine-scale temporal variability of UHI,493,Attribution,True,,,,,False,False,"The study uses attribution analysis to identify atmospheric drivers of urban heat-island variability, not to establish the causal contribution of climate change to observed health, ecological, or physical changes.",,0.00,0.00,2026-09-09_09-59-56_pruned_taxonomy_topdown
731154288,9ae92e2c-f788-4166-ae2e-e26bb1c6134f,Machine learning to characterize and explain the fine-scale temporal variability of UHI,487,Adaptation,True,,,,,False,True,"The study monitors and characterizes fine-scale urban heat and heatwave variability to inform management of urban overheating impacts, which falls within climate-related monitoring and adaptation.","""mitigation of these impacts thus also needs to focus on their hot spots and spells""",0.00,97.62,2026-09-09_09-59-56_pruned_taxonomy_topdown
731154288,9ae92e2c-f788-4166-ae2e-e26bb1c6134f,Machine learning to characterize and explain the fine-scale temporal variability of UHI,490,Maladaptation,True,,,,,False,False,The study analyzes variability and drivers of Phoenix's urban heat island; it does not examine adaptation actions or unintended harmful consequences of interventions.,,0.00,0.00,2026-09-09_09-59-56_pruned_taxonomy_topdown
731154288,9ae92e2c-f788-4166-ae2e-e26bb1c6134f,Machine learning to characterize and explain the fine-scale temporal variability of UHI,495,Loss and damage,True,,,,,False,False,The study does not examine unavoidable or irreversible losses and damages from climate change.,,0.00,0.00,2026-09-09_09-59-56_pruned_taxonomy_topdown
731154288,9ae92e2c-f788-4166-ae2e-e26bb1c6134f,Machine learning to characterize and explain the fine-scale temporal variability of UHI,492,Resilience,True,,,,,False,False,"Although health impacts and vulnerable hot spots are mentioned as context, the study does not assess the capacity of people, communities, or systems to anticipate, withstand, recover from, or adapt to climate-related stresses.",,0.00,0.00,2026-09-09_09-59-56_pruned_taxonomy_topdown
731154288,9ae92e2c-f788-4166-ae2e-e26bb1c6134f,Machine learning to characterize and explain the fine-scale temporal variability of UHI,489,Mitigation,True,,,,,False,False,"The study does not address greenhouse-gas emissions, fossil fuels, or actions to reduce emissions. Its use of the term ""mitigation"" refers to reducing heat impacts, not climate-change mitigation.",,0.00,0.00,2026-09-09_09-59-56_pruned_taxonomy_topdown
731154288,9ae92e2c-f788-4166-ae2e-e26bb1c6134f,Machine learning to characterize and explain the fine-scale temporal variability of UHI,491,Preparedness,True,,,,,False,False,"The abstract does not investigate advance planning, capacity development, or implementation of measures to respond to climate-related events. Mitigation is mentioned only as contextual motivation.",,0.00,0.00,2026-09-09_09-59-56_pruned_taxonomy_topdown
731154288,9ae92e2c-f788-4166-ae2e-e26bb1c6134f,Machine learning to characterize and explain the fine-scale temporal variability of UHI,494,Future impact,True,,,,,False,False,The analysis uses 20 years of observed air-temperature data and does not project future climate-related effects using climate models or scenario analysis.,,0.00,0.00,2026-09-09_09-59-56_pruned_taxonomy_topdown
731154288,9ae92e2c-f788-4166-ae2e-e26bb1c6134f,Machine learning to characterize and explain the fine-scale temporal variability of UHI,496,Co-Benefits,True,,,,,False,False,No annotation with this attribute found: reverting to default,,0.00,0.00,2026-09-09_09-59-56_pruned_taxonomy_topdown
731154288,9ae92e2c-f788-4166-ae2e-e26bb1c6134f,Machine learning to characterize and explain the fine-scale temporal variability of UHI,488,Impact,True,,,,,True,True,"The study characterizes urban heat island temperature variability and its relationship to regional heatwaves and urban overheating, which are climate-related hazards with health impacts.","""health and other impacts of urban overheating tend to be concentrated during regional heatwaves""",0.00,97.94,2026-09-09_09-59-56_pruned_taxonomy_topdown
731154288,9ae92e2c-f788-4166-ae2e-e26bb1c6134f,Machine learning to characterize and explain the fine-scale temporal variability of UHI,6,(Unspecified) changes in weather,True,,,,,False,False,"The study focuses on a specific meteorological variable—air temperature and the urban heat-island signal—rather than broad, nonspecific changes in weather patterns.","""we analyze air temperature data from Phoenix, focusing on the UHI signal""",0.00,97.30,2026-09-09_09-59-56_pruned_taxonomy_topdown
731154288,9ae92e2c-f788-4166-ae2e-e26bb1c6134f,Machine learning to characterize and explain the fine-scale temporal variability of UHI,15,Changes in wind speed,True,,,,,False,False,Wind patterns or wind velocity are not studied as an exposure or outcome.,,0.00,0.00,2026-09-09_09-59-56_pruned_taxonomy_topdown
731154288,9ae92e2c-f788-4166-ae2e-e26bb1c6134f,Machine learning to characterize and explain the fine-scale temporal variability of UHI,13,Changes in season length,True,,,,,False,False,The study does not address changes in season duration or seasonal onset.,,0.00,0.00,2026-09-09_09-59-56_pruned_taxonomy_topdown
731154288,9ae92e2c-f788-4166-ae2e-e26bb1c6134f,Machine learning to characterize and explain the fine-scale temporal variability of UHI,7,(Unspecified) climate change,True,,,,,False,False,"Although the context mentions climatic averages and heatwaves, it does not study climate change in general or an unidentified climate-change mechanism; it analyzes fine-scale variability in the urban heat-island signal.",,0.00,0.00,2026-09-09_09-59-56_pruned_taxonomy_topdown
731154288,9ae92e2c-f788-4166-ae2e-e26bb1c6134f,Machine learning to characterize and explain the fine-scale temporal variability of UHI,16,Climate variability,True,,,,,False,True,"Temporal variability in air temperature and the urban heat-island signal is the central subject, examined across hourly and daily scales using 20 years of observations.","""The probability density function of the UHI signal shows significant variability around the mean""",0.00,97.96,2026-09-09_09-59-56_pruned_taxonomy_topdown
731154288,9ae92e2c-f788-4166-ae2e-e26bb1c6134f,Machine learning to characterize and explain the fine-scale temporal variability of UHI,9,Changes in humidity,True,,,,,False,False,"Atmospheric transmissivity, clouds, and pollution are discussed as drivers, but atmospheric moisture or humidity is not a study focus.",,0.00,0.00,2026-09-09_09-59-56_pruned_taxonomy_topdown
731154288,9ae92e2c-f788-4166-ae2e-e26bb1c6134f,Machine learning to characterize and explain the fine-scale temporal variability of UHI,12,Changes in sea level,True,,,,,False,False,Sea-level rise is not addressed.,,0.00,0.00,2026-09-09_09-59-56_pruned_taxonomy_topdown
731154288,9ae92e2c-f788-4166-ae2e-e26bb1c6134f,Machine learning to characterize and explain the fine-scale temporal variability of UHI,11,Changes in precipitation,True,,,,,False,False,Rainfall and snowfall changes are not studied.,,0.00,0.00,2026-09-09_09-59-56_pruned_taxonomy_topdown
731154288,9ae92e2c-f788-4166-ae2e-e26bb1c6134f,Machine learning to characterize and explain the fine-scale temporal variability of UHI,10,Changes in inland water bodies,True,,,,,False,False,The study does not examine climate-driven changes in freshwater systems or hydrological patterns.,,0.00,0.00,2026-09-09_09-59-56_pruned_taxonomy_topdown
731154288,9ae92e2c-f788-4166-ae2e-e26bb1c6134f,Machine learning to characterize and explain the fine-scale temporal variability of UHI,14,Changes in temperature,True,,,,,True,True,"The study concerns elevated and extreme air-temperature conditions, including urban overheating and regional heatwaves, which fall within temperature-related climate conditions affecting health. However, it does not specifically estimate a long-term warming trend.","""health and other impacts of urban overheating tend to be concentrated during regional heatwaves""",0.00,97.94,2026-09-09_09-59-56_pruned_taxonomy_topdown
731154288,9ae92e2c-f788-4166-ae2e-e26bb1c6134f,Machine learning to characterize and explain the fine-scale temporal variability of UHI,8,Changes in glacier / snow melt,True,,,,,False,False,Glacier or snowpack melting is not addressed.,,0.00,0.00,2026-09-09_09-59-56_pruned_taxonomy_topdown
731154288,9ae92e2c-f788-4166-ae2e-e26bb1c6134f,Machine learning to characterize and explain the fine-scale temporal variability of UHI,476,Education (Sector),True,,,,,False,False,The study analyzes urban heat island temperature variability and does not examine education systems or institutions.,,0.00,0.00,2026-09-09_09-59-56_pruned_taxonomy_topdown
731154288,9ae92e2c-f788-4166-ae2e-e26bb1c6134f,Machine learning to characterize and explain the fine-scale temporal variability of UHI,485,Transportation (Sector),True,,,,,False,False,"Transport systems, infrastructure, vehicles, and logistics are not subjects of the study.",,0.00,0.00,2026-09-09_09-59-56_pruned_taxonomy_topdown
731154288,9ae92e2c-f788-4166-ae2e-e26bb1c6134f,Machine learning to characterize and explain the fine-scale temporal variability of UHI,483,Public administration (Sector),True,,,,,False,False,"Although NOAA data are used, public administration operations or services are not being examined.",,0.00,0.00,2026-09-09_09-59-56_pruned_taxonomy_topdown
731154288,9ae92e2c-f788-4166-ae2e-e26bb1c6134f,Machine learning to characterize and explain the fine-scale temporal variability of UHI,479,Healthcare (Sector),True,,,,,False,False,"Health impacts are mentioned as context, but medical care, public health services, or health infrastructure are not studied.",,0.00,0.00,2026-09-09_09-59-56_pruned_taxonomy_topdown
731154288,9ae92e2c-f788-4166-ae2e-e26bb1c6134f,Machine learning to characterize and explain the fine-scale temporal variability of UHI,486,"Water, sanitation, and waste management (Sector)",True,,,,,False,False,"Water supply, sewage treatment, and waste management are not addressed.",,0.00,0.00,2026-09-09_09-59-56_pruned_taxonomy_topdown
731154288,9ae92e2c-f788-4166-ae2e-e26bb1c6134f,Machine learning to characterize and explain the fine-scale temporal variability of UHI,475,Buildings / housing (Sector),True,,,,,False,False,"The study concerns urban temperature patterns and neighborhoods, not buildings, housing, or construction.",,0.00,0.00,2026-09-09_09-59-56_pruned_taxonomy_topdown
731154288,9ae92e2c-f788-4166-ae2e-e26bb1c6134f,Machine learning to characterize and explain the fine-scale temporal variability of UHI,478,Finance (Sector),True,,,,,False,False,"Banking, insurance, investment, and financial services are not addressed.",,0.00,0.00,2026-09-09_09-59-56_pruned_taxonomy_topdown
731154288,9ae92e2c-f788-4166-ae2e-e26bb1c6134f,Machine learning to characterize and explain the fine-scale temporal variability of UHI,484,Social protection (Sector),True,,,,,False,False,Social safety nets and welfare services are not examined.,,0.00,0.00,2026-09-09_09-59-56_pruned_taxonomy_topdown
731154288,9ae92e2c-f788-4166-ae2e-e26bb1c6134f,Machine learning to characterize and explain the fine-scale temporal variability of UHI,481,Information and communications technologies (Sector),True,,,,,False,False,"The analysis uses meteorological monitoring data, but telecommunications, digital infrastructure, and information technology are not a subject of the study.",,0.00,0.00,2026-09-09_09-59-56_pruned_taxonomy_topdown
731154288,9ae92e2c-f788-4166-ae2e-e26bb1c6134f,Machine learning to characterize and explain the fine-scale temporal variability of UHI,480,"Industry, trade, and services (Sector)",True,,,,,False,False,"Manufacturing, trade, retail, and commercial services are not addressed.",,0.00,0.00,2026-09-09_09-59-56_pruned_taxonomy_topdown
731154288,9ae92e2c-f788-4166-ae2e-e26bb1c6134f,Machine learning to characterize and explain the fine-scale temporal variability of UHI,477,Energy and extractives (Sector),True,,,,,False,False,"Electricity, fuels, energy systems, and resource extraction are not examined.",,0.00,0.00,2026-09-09_09-59-56_pruned_taxonomy_topdown
731154288,9ae92e2c-f788-4166-ae2e-e26bb1c6134f,Machine learning to characterize and explain the fine-scale temporal variability of UHI,482,Military (Sector),True,,,,,False,False,"Military organizations, defense capabilities, and armed forces infrastructure are not addressed.",,0.00,0.00,2026-09-09_09-59-56_pruned_taxonomy_topdown
731154288,9ae92e2c-f788-4166-ae2e-e26bb1c6134f,Machine learning to characterize and explain the fine-scale temporal variability of UHI,474,"Agriculture, fishing, and forestry (Sector)",True,,,,,False,False,"Agriculture, livestock, aquaculture, fishing, and forestry are not addressed.",,0.00,0.00,2026-09-09_09-59-56_pruned_taxonomy_topdown
731154288,9ae92e2c-f788-4166-ae2e-e26bb1c6134f,Machine learning to characterize and explain the fine-scale temporal variability of UHI,431,Z_Other evidence synthesis type,True,,,,,False,False,No annotation with this attribute found: reverting to default,,0.00,0.00,2026-09-09_09-59-56_pruned_taxonomy_topdown
731154288,9ae92e2c-f788-4166-ae2e-e26bb1c6134f,Machine learning to characterize and explain the fine-scale temporal variability of UHI,427,Health technology assessment (HTA),True,,,,,False,False,No annotation with this attribute found: reverting to default,,0.00,0.00,2026-09-09_09-59-56_pruned_taxonomy_topdown
731154288,9ae92e2c-f788-4166-ae2e-e26bb1c6134f,Machine learning to characterize and explain the fine-scale temporal variability of UHI,428,Meta-analysis (unsystematic),True,,,,,False,False,No annotation with this attribute found: reverting to default,,0.00,0.00,2026-09-09_09-59-56_pruned_taxonomy_topdown
731154288,9ae92e2c-f788-4166-ae2e-e26bb1c6134f,Machine learning to characterize and explain the fine-scale temporal variability of UHI,390,(Quasi-)Experimental / single-group designs,True,,,,,False,False,The study does not apply an intervention to a single group.,,0.00,0.00,2026-09-09_09-59-56_pruned_taxonomy_topdown
731154288,9ae92e2c-f788-4166-ae2e-e26bb1c6134f,Machine learning to characterize and explain the fine-scale temporal variability of UHI,397,Z_Other study design,True,,,,,False,False,"This is primarily a descriptive analysis of long-term temperature observations, which is captured by the descriptive design category rather than an uncategorized primary design.",,0.00,0.00,2026-09-09_09-59-56_pruned_taxonomy_topdown
731154288,9ae92e2c-f788-4166-ae2e-e26bb1c6134f,Machine learning to characterize and explain the fine-scale temporal variability of UHI,394,Observational / group comparison designs,True,,,,,False,False,The study does not compare health or other outcomes between groups defined by exposure status.,,0.00,0.00,2026-09-09_09-59-56_pruned_taxonomy_topdown
731154288,9ae92e2c-f788-4166-ae2e-e26bb1c6134f,Machine learning to characterize and explain the fine-scale temporal variability of UHI,393,Modelling / simulation,True,,,,,False,False,"Although statistical and machine-learning analyses are used, the study does not primarily use a model to simulate systems, project future outcomes, or estimate impacts under scenarios.",,0.00,0.00,2026-09-09_09-59-56_pruned_taxonomy_topdown
731154288,9ae92e2c-f788-4166-ae2e-e26bb1c6134f,Machine learning to characterize and explain the fine-scale temporal variability of UHI,387,1. Primary research,True,,,,,True,True,This is an original observational analysis that directly collects and analyses 20 years of air-temperature data from NOAA monitoring stations.,"In this talk, we analyze air temperature data from Phoenix, focusing on the UHI signal at hourly and daily scales using 20 years of data from the NOAA ASOS stations.",0.00,100.00,2026-09-09_09-59-56_pruned_taxonomy_topdown
731154288,9ae92e2c-f788-4166-ae2e-e26bb1c6134f,Machine learning to characterize and explain the fine-scale temporal variability of UHI,395,Observational / single-group designs,True,,,,,True,True,"The study tracks the urban heat island signal over time in a single setting using a long time series, without a concurrent comparison group, relying on temporal patterns and time-series analysis.","we analyze air temperature data from Phoenix, focusing on the UHI signal at hourly and daily scales using 20 years of data",0.00,100.00,2026-09-09_09-59-56_pruned_taxonomy_topdown
731154288,9ae92e2c-f788-4166-ae2e-e26bb1c6134f,Machine learning to characterize and explain the fine-scale temporal variability of UHI,430,Systematic reviews,True,,,,,False,False,No annotation with this attribute found: reverting to default,,0.00,0.00,2026-09-09_09-59-56_pruned_taxonomy_topdown
731154288,9ae92e2c-f788-4166-ae2e-e26bb1c6134f,Machine learning to characterize and explain the fine-scale temporal variability of UHI,392,Mixed-methods,True,,,,,False,False,The study uses quantitative temperature data only and does not integrate qualitative data collection or analysis.,,0.00,0.00,2026-09-09_09-59-56_pruned_taxonomy_topdown
731154288,9ae92e2c-f788-4166-ae2e-e26bb1c6134f,Machine learning to characterize and explain the fine-scale temporal variability of UHI,396,Qualitative designs,True,,,,,False,False,"No qualitative data or analysis of meanings, experiences, or contextual factors is reported.",,0.00,0.00,2026-09-09_09-59-56_pruned_taxonomy_topdown
731154288,9ae92e2c-f788-4166-ae2e-e26bb1c6134f,Machine learning to characterize and explain the fine-scale temporal variability of UHI,426,Guideline (clinical or public health),True,,,,,False,False,No annotation with this attribute found: reverting to default,,0.00,0.00,2026-09-09_09-59-56_pruned_taxonomy_topdown
731154288,9ae92e2c-f788-4166-ae2e-e26bb1c6134f,Machine learning to characterize and explain the fine-scale temporal variability of UHI,389,(Quasi-)Experimental / group comparison designs,True,,,,,False,False,"There is no intervention, intervention group, or control/comparison group.",,0.00,0.00,2026-09-09_09-59-56_pruned_taxonomy_topdown
731154288,9ae92e2c-f788-4166-ae2e-e26bb1c6134f,Machine learning to characterize and explain the fine-scale temporal variability of UHI,391,Descriptive / single-group designs,True,,,,,False,True,"The study describes the characteristics, variability, and temporal distribution of the urban heat island signal in a single setting without an intervention or comparison group.",The probability density function of the UHI signal shows significant variability around the mean,0.00,100.00,2026-09-09_09-59-56_pruned_taxonomy_topdown
731154288,9ae92e2c-f788-4166-ae2e-e26bb1c6134f,Machine learning to characterize and explain the fine-scale temporal variability of UHI,388,2. Evidence synthesis,True,,,,,False,False,"The study analyses primary temperature observations from Phoenix and does not review, aggregate, or synthesise findings from existing studies or literature.",,0.00,0.00,2026-09-09_09-59-56_pruned_taxonomy_topdown
731154288,9ae92e2c-f788-4166-ae2e-e26bb1c6134f,Machine learning to characterize and explain the fine-scale temporal variability of UHI,429,Narrative review,True,,,,,False,False,No annotation with this attribute found: reverting to default,,0.00,0.00,2026-09-09_09-59-56_pruned_taxonomy_topdown
731154288,9ae92e2c-f788-4166-ae2e-e26bb1c6134f,Machine learning to characterize and explain the fine-scale temporal variability of UHI,202,Neurological disorders,True,,,,,False,False,No annotation with this attribute found: reverting to default,,0.00,0.00,2026-09-09_09-59-56_pruned_taxonomy_topdown
731154288,9ae92e2c-f788-4166-ae2e-e26bb1c6134f,Machine learning to characterize and explain the fine-scale temporal variability of UHI,116,1.1. Total / all-cause mortality (Outcome),True,,,,,False,False,No annotation with this attribute found: reverting to default,,0.00,0.00,2026-09-09_09-59-56_pruned_taxonomy_topdown
731154288,9ae92e2c-f788-4166-ae2e-e26bb1c6134f,Machine learning to characterize and explain the fine-scale temporal variability of UHI,196,Chronic respiratory diseases,True,,,,,False,False,No annotation with this attribute found: reverting to default,,0.00,0.00,2026-09-09_09-59-56_pruned_taxonomy_topdown
731154288,9ae92e2c-f788-4166-ae2e-e26bb1c6134f,Machine learning to characterize and explain the fine-scale temporal variability of UHI,206,Z_Other non-communicable diseases,True,,,,,False,False,No annotation with this attribute found: reverting to default,,0.00,0.00,2026-09-09_09-59-56_pruned_taxonomy_topdown
731154288,9ae92e2c-f788-4166-ae2e-e26bb1c6134f,Machine learning to characterize and explain the fine-scale temporal variability of UHI,117,"1.2. Communicable, maternal, neonatal, and nutritional mortality",True,,,,,False,False,No annotation with this attribute found: reverting to default,,0.00,0.00,2026-09-09_09-59-56_pruned_taxonomy_topdown
731154288,9ae92e2c-f788-4166-ae2e-e26bb1c6134f,Machine learning to characterize and explain the fine-scale temporal variability of UHI,199,Mental disorders,True,,,,,False,False,No annotation with this attribute found: reverting to default,,0.00,0.00,2026-09-09_09-59-56_pruned_taxonomy_topdown
731154288,9ae92e2c-f788-4166-ae2e-e26bb1c6134f,Machine learning to characterize and explain the fine-scale temporal variability of UHI,204,Skin and subcutaneous diseases,True,,,,,False,False,No annotation with this attribute found: reverting to default,,0.00,0.00,2026-09-09_09-59-56_pruned_taxonomy_topdown
731154288,9ae92e2c-f788-4166-ae2e-e26bb1c6134f,Machine learning to characterize and explain the fine-scale temporal variability of UHI,134,HIV/AIDS and sexually transmitted infections,True,,,,,False,False,No annotation with this attribute found: reverting to default,,0.00,0.00,2026-09-09_09-59-56_pruned_taxonomy_topdown
731154288,9ae92e2c-f788-4166-ae2e-e26bb1c6134f,Machine learning to characterize and explain the fine-scale temporal variability of UHI,137,Nutritional deficiencies,True,,,,,False,False,No annotation with this attribute found: reverting to default,,0.00,0.00,2026-09-09_09-59-56_pruned_taxonomy_topdown
731154288,9ae92e2c-f788-4166-ae2e-e26bb1c6134f,Machine learning to characterize and explain the fine-scale temporal variability of UHI,200,Musculoskeletal disorders,True,,,,,False,False,No annotation with this attribute found: reverting to default,,0.00,0.00,2026-09-09_09-59-56_pruned_taxonomy_topdown
731154288,9ae92e2c-f788-4166-ae2e-e26bb1c6134f,Machine learning to characterize and explain the fine-scale temporal variability of UHI,139,Z_Other infectious diseases,True,,,,,False,False,No annotation with this attribute found: reverting to default,,0.00,0.00,2026-09-09_09-59-56_pruned_taxonomy_topdown
731154288,9ae92e2c-f788-4166-ae2e-e26bb1c6134f,Machine learning to characterize and explain the fine-scale temporal variability of UHI,289,Transport injuries,True,,,,,False,False,No annotation with this attribute found: reverting to default,,0.00,0.00,2026-09-09_09-59-56_pruned_taxonomy_topdown
731154288,9ae92e2c-f788-4166-ae2e-e26bb1c6134f,Machine learning to characterize and explain the fine-scale temporal variability of UHI,135,Maternal and neonatal disorders,True,,,,,False,False,No annotation with this attribute found: reverting to default,,0.00,0.00,2026-09-09_09-59-56_pruned_taxonomy_topdown
731154288,9ae92e2c-f788-4166-ae2e-e26bb1c6134f,Machine learning to characterize and explain the fine-scale temporal variability of UHI,136,Neglected tropical diseases and malaria,True,,,,,False,False,No annotation with this attribute found: reverting to default,,0.00,0.00,2026-09-09_09-59-56_pruned_taxonomy_topdown
731154288,9ae92e2c-f788-4166-ae2e-e26bb1c6134f,Machine learning to characterize and explain the fine-scale temporal variability of UHI,195,Cardiovascular diseases,True,,,,,False,False,No annotation with this attribute found: reverting to default,,0.00,0.00,2026-09-09_09-59-56_pruned_taxonomy_topdown
731154288,9ae92e2c-f788-4166-ae2e-e26bb1c6134f,Machine learning to characterize and explain the fine-scale temporal variability of UHI,288,Self-harm and interpersonal violence,True,,,,,False,False,No annotation with this attribute found: reverting to default,,0.00,0.00,2026-09-09_09-59-56_pruned_taxonomy_topdown
731154288,9ae92e2c-f788-4166-ae2e-e26bb1c6134f,Machine learning to characterize and explain the fine-scale temporal variability of UHI,114,3. Non-communicable diseases,True,,,,,False,False,The study analyzes urban heat island temperature variability and its atmospheric drivers in Phoenix; it does not examine chronic non-infectious diseases as outcomes or subject matter.,,0.00,0.00,2026-09-09_09-59-56_pruned_taxonomy_topdown
731154288,9ae92e2c-f788-4166-ae2e-e26bb1c6134f,Machine learning to characterize and explain the fine-scale temporal variability of UHI,112,1. Mortality (Outcome),True,,,,,False,False,"Although health impacts of overheating are mentioned generally, the study does not assess deaths, mortality, causes of death, or fatal disease burden.",,0.00,0.00,2026-09-09_09-59-56_pruned_taxonomy_topdown
731154288,9ae92e2c-f788-4166-ae2e-e26bb1c6134f,Machine learning to characterize and explain the fine-scale temporal variability of UHI,138,Respiratory infections and tuberculosis,True,,,,,False,False,No annotation with this attribute found: reverting to default,,0.00,0.00,2026-09-09_09-59-56_pruned_taxonomy_topdown
731154288,9ae92e2c-f788-4166-ae2e-e26bb1c6134f,Machine learning to characterize and explain the fine-scale temporal variability of UHI,290,Unintentional injuries,True,,,,,False,False,No annotation with this attribute found: reverting to default,,0.00,0.00,2026-09-09_09-59-56_pruned_taxonomy_topdown
731154288,9ae92e2c-f788-4166-ae2e-e26bb1c6134f,Machine learning to characterize and explain the fine-scale temporal variability of UHI,113,"2. Communicable, maternal, neonatal, and nutritional diseases",True,,,,,False,False,"The study does not investigate infectious, maternal, neonatal, or nutritional diseases.",,0.00,0.00,2026-09-09_09-59-56_pruned_taxonomy_topdown
731154288,9ae92e2c-f788-4166-ae2e-e26bb1c6134f,Machine learning to characterize and explain the fine-scale temporal variability of UHI,133,Enteric infections,True,,,,,False,False,No annotation with this attribute found: reverting to default,,0.00,0.00,2026-09-09_09-59-56_pruned_taxonomy_topdown
731154288,9ae92e2c-f788-4166-ae2e-e26bb1c6134f,Machine learning to characterize and explain the fine-scale temporal variability of UHI,201,Neoplasms,True,,,,,False,False,No annotation with this attribute found: reverting to default,,0.00,0.00,2026-09-09_09-59-56_pruned_taxonomy_topdown
731154288,9ae92e2c-f788-4166-ae2e-e26bb1c6134f,Machine learning to characterize and explain the fine-scale temporal variability of UHI,118,1.3. Non-communicable mortality,True,,,,,False,False,No annotation with this attribute found: reverting to default,,0.00,0.00,2026-09-09_09-59-56_pruned_taxonomy_topdown
731154288,9ae92e2c-f788-4166-ae2e-e26bb1c6134f,Machine learning to characterize and explain the fine-scale temporal variability of UHI,205,Substance use disorders,True,,,,,False,False,No annotation with this attribute found: reverting to default,,0.00,0.00,2026-09-09_09-59-56_pruned_taxonomy_topdown
731154288,9ae92e2c-f788-4166-ae2e-e26bb1c6134f,Machine learning to characterize and explain the fine-scale temporal variability of UHI,197,Diabetes and kidney diseases,True,,,,,False,False,No annotation with this attribute found: reverting to default,,0.00,0.00,2026-09-09_09-59-56_pruned_taxonomy_topdown
731154288,9ae92e2c-f788-4166-ae2e-e26bb1c6134f,Machine learning to characterize and explain the fine-scale temporal variability of UHI,203,Sense organ diseases,True,,,,,False,False,No annotation with this attribute found: reverting to default,,0.00,0.00,2026-09-09_09-59-56_pruned_taxonomy_topdown
731154288,9ae92e2c-f788-4166-ae2e-e26bb1c6134f,Machine learning to characterize and explain the fine-scale temporal variability of UHI,115,4. Injuries,True,,,,,False,False,"The study does not examine physical injuries, self-harm, violence, conflict, or other external-cause harms; it focuses on urban heat island dynamics.",,0.00,0.00,2026-09-09_09-59-56_pruned_taxonomy_topdown
731154288,9ae92e2c-f788-4166-ae2e-e26bb1c6134f,Machine learning to characterize and explain the fine-scale temporal variability of UHI,198,Digestive diseases,True,,,,,False,False,No annotation with this attribute found: reverting to default,,0.00,0.00,2026-09-09_09-59-56_pruned_taxonomy_topdown
395594,a1fa33e7-5a7a-48c9-820a-2df5f711c911,,36,Coal,True,,,,,False,False,The study discusses energy sources and usage broadly but does not specifically address coal.,,0.00,0.00,2026-09-09_09-59-56_pruned_taxonomy_topdown
395594,a1fa33e7-5a7a-48c9-820a-2df5f711c911,,35,(Unspecified) fossil fuels,True,,,,,True,False,"Although the study examines energy utilisation and related air pollution, it does not explicitly focus on fossil fuel use or combustion in general.",,0.00,0.00,2026-09-09_09-59-56_pruned_taxonomy_topdown
395594,a1fa33e7-5a7a-48c9-820a-2df5f711c911,,38,Oil,True,,,,,False,False,"The abstract does not identify petroleum, oil, petrol, diesel, jet fuel, or other liquid fossil fuels as an exposure or subject.",,0.00,0.00,2026-09-09_09-59-56_pruned_taxonomy_topdown
395594,a1fa33e7-5a7a-48c9-820a-2df5f711c911,,37,Natural gas,True,,,,,False,False,"The abstract does not identify natural gas or methane as an energy source, exposure, or study focus.",,0.00,0.00,2026-09-09_09-59-56_pruned_taxonomy_topdown
395594,a1fa33e7-5a7a-48c9-820a-2df5f711c911,,17,(Unspecified) greenhouse gases,True,,,,,False,False,"The study addresses urban environmental risks and air pollutants, but does not focus on greenhouse gases collectively or the greenhouse effect.",,0.00,0.00,2026-09-09_09-59-56_pruned_taxonomy_topdown
395594,a1fa33e7-5a7a-48c9-820a-2df5f711c911,,18,Carbon dioxide (CO₂),True,,,,,False,False,"Carbon dioxide is not identified as an exposure, outcome, or subject of analysis.",,0.00,0.00,2026-09-09_09-59-56_pruned_taxonomy_topdown
395594,a1fa33e7-5a7a-48c9-820a-2df5f711c911,,22,Ozone-depleting substances / chlorofluorocarbons / hydrochlorofluorocarbons / halons / carbon tetrachloride / methyl chloroform,True,,,,,False,False,The study does not discuss ozone-depleting compounds regulated under the Montreal Protocol.,,0.00,0.00,2026-09-09_09-59-56_pruned_taxonomy_topdown
395594,a1fa33e7-5a7a-48c9-820a-2df5f711c911,,19,Fluorinated gases / hydrofluorocarbons / perfluorocarbons / sulfur hexafluoride / nitrogen trifluoride,True,,,,,False,False,Synthetic industrial greenhouse gases such as fluorinated gases are not mentioned or studied.,,0.00,0.00,2026-09-09_09-59-56_pruned_taxonomy_topdown
395594,a1fa33e7-5a7a-48c9-820a-2df5f711c911,,20,Methane (CH₄),True,,,,,False,False,Methane emissions or methane-related exposure are not part of the study.,,0.00,0.00,2026-09-09_09-59-56_pruned_taxonomy_topdown
395594,a1fa33e7-5a7a-48c9-820a-2df5f711c911,,21,Nitrous oxide (N₂O),True,,,,,False,False,"Although NOx is assessed, the context does not identify nitrous oxide (N2O), which is distinct from nitrogen oxides generally and from NO2.",,0.00,0.00,2026-09-09_09-59-56_pruned_taxonomy_topdown
395594,a1fa33e7-5a7a-48c9-820a-2df5f711c911,,23,Particulate matter (PM10) / fine particulate matter (PM2.5) / black/organic carbon / sulfate/nitrate aerosols,True,,,,,True,False,"The study examines total suspended particles (TSP), but does not specify PM10 or PM2.5 exposure as defined by this concept.",,0.00,0.00,2026-09-09_09-59-56_pruned_taxonomy_topdown
395594,a1fa33e7-5a7a-48c9-820a-2df5f711c911,,24,Tropospheric ozone (O₃),True,,,,,False,False,"The study mentions NOx and respiratory effects but does not assess ozone formation or ozone exposure, nor does it mention VOCs.",,0.00,0.00,2026-09-09_09-59-56_pruned_taxonomy_topdown
395594,a1fa33e7-5a7a-48c9-820a-2df5f711c911,,26,Extreme cold,True,,,,,False,False,"The study does not address abnormally low temperatures, cold snaps, blizzards, or cold-related health effects.",,0.00,0.00,2026-09-09_09-59-56_pruned_taxonomy_topdown
395594,a1fa33e7-5a7a-48c9-820a-2df5f711c911,,27,Extreme heat,True,,,,,False,False,"The study does not examine high temperatures, heatwaves, or heat-related health risks.",,0.00,0.00,2026-09-09_09-59-56_pruned_taxonomy_topdown
395594,a1fa33e7-5a7a-48c9-820a-2df5f711c911,,28,Extreme precipitation,True,,,,,False,False,The study does not investigate unusually intense or prolonged precipitation or its health and environmental consequences.,,0.00,0.00,2026-09-09_09-59-56_pruned_taxonomy_topdown
395594,a1fa33e7-5a7a-48c9-820a-2df5f711c911,,30,Floods,True,,,,,False,False,Flooding or temporary inundation is not a subject of the study.,,0.00,0.00,2026-09-09_09-59-56_pruned_taxonomy_topdown
395594,a1fa33e7-5a7a-48c9-820a-2df5f711c911,,33,Wildfires,True,,,,,False,False,"The study does not concern uncontrolled vegetation fires, wildfire smoke, or fire-related health impacts.",,0.00,0.00,2026-09-09_09-59-56_pruned_taxonomy_topdown
395594,a1fa33e7-5a7a-48c9-820a-2df5f711c911,,25,Droughts,True,,,,,False,False,"Although the study assesses environmental risks, it focuses on air pollution from energy use rather than prolonged water deficit or drought.",,0.00,0.00,2026-09-09_09-59-56_pruned_taxonomy_topdown
395594,a1fa33e7-5a7a-48c9-820a-2df5f711c911,,29,Extreme snow/ice events,True,,,,,False,False,"The study does not address severe snow, ice, blizzards, freezing rain, or ice storms.",,0.00,0.00,2026-09-09_09-59-56_pruned_taxonomy_topdown
395594,a1fa33e7-5a7a-48c9-820a-2df5f711c911,,31,Sand and dust storms,True,,,,,False,False,The study does not examine wind-driven sand or dust events.,,0.00,0.00,2026-09-09_09-59-56_pruned_taxonomy_topdown
395594,a1fa33e7-5a7a-48c9-820a-2df5f711c911,,32,Storms and severe wind,True,,,,,False,False,"The study does not address tropical cyclones, hurricanes, typhoons, severe thunderstorms, or hailstorms.",,0.00,0.00,2026-09-09_09-59-56_pruned_taxonomy_topdown
395594,a1fa33e7-5a7a-48c9-820a-2df5f711c911,,34,Z_(Unspecified) extreme weather events,True,,,,,False,False,"The study is not about unspecified extreme weather events; it assesses exposure to SO2, NOx, CO, and total suspended particulates and related health outcomes.",,0.00,0.00,2026-09-09_09-59-56_pruned_taxonomy_topdown
395594,a1fa33e7-5a7a-48c9-820a-2df5f711c911,,493,Attribution,True,,,,,False,False,No annotation with this attribute found: reverting to default,,0.00,0.00,2026-09-09_09-59-56_pruned_taxonomy_topdown
395594,a1fa33e7-5a7a-48c9-820a-2df5f711c911,,487,Adaptation,True,,,,,False,False,"The study concerns urban environmental risk assessment and health effects of energy-related air pollutants, but it does not address adaptation, resilience, or responses to climate variables or climate-related extreme events.",,0.00,0.00,2026-09-09_09-59-56_pruned_taxonomy_topdown
395594,a1fa33e7-5a7a-48c9-820a-2df5f711c911,,490,Maladaptation,True,,,,,False,False,No annotation with this attribute found: reverting to default,,0.00,0.00,2026-09-09_09-59-56_pruned_taxonomy_topdown
395594,a1fa33e7-5a7a-48c9-820a-2df5f711c911,,495,Loss and damage,True,,,,,False,False,No annotation with this attribute found: reverting to default,,0.00,0.00,2026-09-09_09-59-56_pruned_taxonomy_topdown
395594,a1fa33e7-5a7a-48c9-820a-2df5f711c911,,492,Resilience,True,,,,,False,False,No annotation with this attribute found: reverting to default,,0.00,0.00,2026-09-09_09-59-56_pruned_taxonomy_topdown
395594,a1fa33e7-5a7a-48c9-820a-2df5f711c911,,489,Mitigation,True,,,,,True,False,"Although energy utilisation is discussed as the source of SO2, NOx, CO, and TSP exposure, the abstract does not identify greenhouse-gas emissions or fossil fuels, nor does it evaluate emissions-reduction actions or strategies.",,0.00,0.00,2026-09-09_09-59-56_pruned_taxonomy_topdown
395594,a1fa33e7-5a7a-48c9-820a-2df5f711c911,,491,Preparedness,True,,,,,False,False,No annotation with this attribute found: reverting to default,,0.00,0.00,2026-09-09_09-59-56_pruned_taxonomy_topdown
395594,a1fa33e7-5a7a-48c9-820a-2df5f711c911,,494,Future impact,True,,,,,False,False,No annotation with this attribute found: reverting to default,,0.00,0.00,2026-09-09_09-59-56_pruned_taxonomy_topdown
395594,a1fa33e7-5a7a-48c9-820a-2df5f711c911,,496,Co-Benefits,True,,,,,False,False,No annotation with this attribute found: reverting to default,,0.00,0.00,2026-09-09_09-59-56_pruned_taxonomy_topdown
395594,a1fa33e7-5a7a-48c9-820a-2df5f711c911,,488,Impact,True,,,,,True,False,The study examines health effects of non-climate air pollutants associated with energy use. No climate variable or climate-related extreme event is identified as a driver or modifier of exposure or health outcomes.,,0.00,0.00,2026-09-09_09-59-56_pruned_taxonomy_topdown
395594,a1fa33e7-5a7a-48c9-820a-2df5f711c911,,6,(Unspecified) changes in weather,True,,,,,False,False,"The study concerns urban environmental risk assessment and air pollution exposure, not broad changes in weather patterns.",,0.00,0.00,2026-09-09_09-59-56_pruned_taxonomy_topdown
395594,a1fa33e7-5a7a-48c9-820a-2df5f711c911,,15,Changes in wind speed,True,,,,,False,False,"Wind patterns or wind velocity are not examined; the focus is on SO2, NOx, CO, and TSP exposure.",,0.00,0.00,2026-09-09_09-59-56_pruned_taxonomy_topdown
395594,a1fa33e7-5a7a-48c9-820a-2df5f711c911,,13,Changes in season length,True,,,,,False,False,The abstract does not address changes in season duration or seasonal timing.,,0.00,0.00,2026-09-09_09-59-56_pruned_taxonomy_topdown
395594,a1fa33e7-5a7a-48c9-820a-2df5f711c911,,7,(Unspecified) climate change,True,,,,,False,False,Climate change is not identified as a study exposure or driver; the study focuses on energy-related air pollution.,,0.00,0.00,2026-09-09_09-59-56_pruned_taxonomy_topdown
395594,a1fa33e7-5a7a-48c9-820a-2df5f711c911,,16,Climate variability,True,,,,,False,False,No climate variability or fluctuations in climate conditions are analyzed.,,0.00,0.00,2026-09-09_09-59-56_pruned_taxonomy_topdown
395594,a1fa33e7-5a7a-48c9-820a-2df5f711c911,,9,Changes in humidity,True,,,,,False,False,Atmospheric moisture and humidity-related health effects are not discussed.,,0.00,0.00,2026-09-09_09-59-56_pruned_taxonomy_topdown
395594,a1fa33e7-5a7a-48c9-820a-2df5f711c911,,12,Changes in sea level,True,,,,,False,False,Sea-level rise and coastal impacts are outside the scope of the Seoul urban environmental risk assessment.,,0.00,0.00,2026-09-09_09-59-56_pruned_taxonomy_topdown
395594,a1fa33e7-5a7a-48c9-820a-2df5f711c911,,11,Changes in precipitation,True,,,,,False,False,"Rainfall or snowfall changes, including flood or drought conditions, are not examined.",,0.00,0.00,2026-09-09_09-59-56_pruned_taxonomy_topdown
395594,a1fa33e7-5a7a-48c9-820a-2df5f711c911,,10,Changes in inland water bodies,True,,,,,False,False,The study does not address climate-driven changes in freshwater systems or hydrological patterns.,,0.00,0.00,2026-09-09_09-59-56_pruned_taxonomy_topdown
395594,a1fa33e7-5a7a-48c9-820a-2df5f711c911,,14,Changes in temperature,True,,,,,False,False,Temperature changes or warming trends are not assessed; the reported exposures are air pollutants associated with energy use.,,0.00,0.00,2026-09-09_09-59-56_pruned_taxonomy_topdown
395594,a1fa33e7-5a7a-48c9-820a-2df5f711c911,,8,Changes in glacier / snow melt,True,,,,,False,False,Glacier or snowpack melting is not relevant to the study's urban air-pollution risk assessment.,,0.00,0.00,2026-09-09_09-59-56_pruned_taxonomy_topdown
395594,a1fa33e7-5a7a-48c9-820a-2df5f711c911,,476,Education (Sector),True,,,,,False,False,"The study concerns urban environmental risk assessment and health effects of air pollution, not formal or informal education systems.",,0.00,0.00,2026-09-09_09-59-56_pruned_taxonomy_topdown
395594,a1fa33e7-5a7a-48c9-820a-2df5f711c911,,485,Transportation (Sector),True,,,,,False,False,Transport systems or transport infrastructure are not a subject of the study.,,0.00,0.00,2026-09-09_09-59-56_pruned_taxonomy_topdown
395594,a1fa33e7-5a7a-48c9-820a-2df5f711c911,,483,Public administration (Sector),True,,,,,False,False,"Although government and UNESCO-MAB support are mentioned, public administration is not the sector being examined.",,0.00,0.00,2026-09-09_09-59-56_pruned_taxonomy_topdown
395594,a1fa33e7-5a7a-48c9-820a-2df5f711c911,,479,Healthcare (Sector),True,,,,,False,False,"The study examines health outcomes, including respiratory disease and mortality, but does not study medical care, public health services, or health infrastructure as a sector.",,0.00,0.00,2026-09-09_09-59-56_pruned_taxonomy_topdown
395594,a1fa33e7-5a7a-48c9-820a-2df5f711c911,,486,"Water, sanitation, and waste management (Sector)",True,,,,,False,False,"Water supply, sewage treatment, and solid waste management are not addressed.",,0.00,0.00,2026-09-09_09-59-56_pruned_taxonomy_topdown
395594,a1fa33e7-5a7a-48c9-820a-2df5f711c911,,475,Buildings / housing (Sector),True,,,,,False,False,"Buildings, housing, or construction are not the focus of the urban risk assessment.",,0.00,0.00,2026-09-09_09-59-56_pruned_taxonomy_topdown
395594,a1fa33e7-5a7a-48c9-820a-2df5f711c911,,478,Finance (Sector),True,,,,,False,False,"Banking, insurance, investment, and financial services are not examined.",,0.00,0.00,2026-09-09_09-59-56_pruned_taxonomy_topdown
395594,a1fa33e7-5a7a-48c9-820a-2df5f711c911,,484,Social protection (Sector),True,,,,,False,False,Social safety nets and welfare support systems are not addressed.,,0.00,0.00,2026-09-09_09-59-56_pruned_taxonomy_topdown
395594,a1fa33e7-5a7a-48c9-820a-2df5f711c911,,481,Information and communications technologies (Sector),True,,,,,False,False,"Telecommunications, digital infrastructure, and information technology are not part of the study.",,0.00,0.00,2026-09-09_09-59-56_pruned_taxonomy_topdown
395594,a1fa33e7-5a7a-48c9-820a-2df5f711c911,,480,"Industry, trade, and services (Sector)",True,,,,,False,False,"Manufacturing, trade, and commercial services are not examined.",,0.00,0.00,2026-09-09_09-59-56_pruned_taxonomy_topdown
395594,a1fa33e7-5a7a-48c9-820a-2df5f711c911,,477,Energy and extractives (Sector),True,,,,,True,True,"Energy sources and energy utilization are central to the environmental risk assessment, including their relationship to SO2, NOx, CO, and particulate exposure.",the prediction and evaluation of existing and potential human health effects due to energy sources and usage,0.00,100.00,2026-09-09_09-59-56_pruned_taxonomy_topdown
395594,a1fa33e7-5a7a-48c9-820a-2df5f711c911,,482,Military (Sector),True,,,,,False,False,"Military personnel, operations, infrastructure, and defense capabilities are not addressed.",,0.00,0.00,2026-09-09_09-59-56_pruned_taxonomy_topdown
395594,a1fa33e7-5a7a-48c9-820a-2df5f711c911,,474,"Agriculture, fishing, and forestry (Sector)",True,,,,,False,False,"Crop cultivation, livestock, aquaculture, fishing, and forest management are not addressed.",,0.00,0.00,2026-09-09_09-59-56_pruned_taxonomy_topdown
395594,a1fa33e7-5a7a-48c9-820a-2df5f711c911,,431,Z_Other evidence synthesis type,True,,,,,False,False,No annotation with this attribute found: reverting to default,,0.00,0.00,2026-09-09_09-59-56_pruned_taxonomy_topdown
395594,a1fa33e7-5a7a-48c9-820a-2df5f711c911,,427,Health technology assessment (HTA),True,,,,,False,False,No annotation with this attribute found: reverting to default,,0.00,0.00,2026-09-09_09-59-56_pruned_taxonomy_topdown
395594,a1fa33e7-5a7a-48c9-820a-2df5f711c911,,428,Meta-analysis (unsystematic),True,,,,,False,False,No annotation with this attribute found: reverting to default,,0.00,0.00,2026-09-09_09-59-56_pruned_taxonomy_topdown
395594,a1fa33e7-5a7a-48c9-820a-2df5f711c911,,390,(Quasi-)Experimental / single-group designs,True,,,,,False,False,The abstract does not describe an intervention applied to a single group without a concurrent control group.,,0.00,0.00,2026-09-09_09-59-56_pruned_taxonomy_topdown
395594,a1fa33e7-5a7a-48c9-820a-2df5f711c911,,397,Z_Other study design,True,,,,,False,True,"This is an ecological environmental-health risk assessment study, a primary design not clearly captured by the listed descriptive, comparative observational, experimental, qualitative, or modelling categories.",conducted as a third phase of ecological studies of Seoul Urban Systems,0.00,100.00,2026-09-09_09-59-56_pruned_taxonomy_topdown
395594,a1fa33e7-5a7a-48c9-820a-2df5f711c911,,394,Observational / group comparison designs,True,,,,,False,False,"Although the study examines relationships between pollutant exposure and health outcomes, it does not explicitly describe comparison groups defined by exposure status.",,0.00,0.00,2026-09-09_09-59-56_pruned_taxonomy_topdown
395594,a1fa33e7-5a7a-48c9-820a-2df5f711c911,,393,Modelling / simulation,True,,,,,False,False,"The abstract refers to prediction, evaluation, and risk-assessment methods, but does not state that mathematical, statistical, or computational models were used to simulate systems or project outcomes.",,0.00,0.00,2026-09-09_09-59-56_pruned_taxonomy_topdown
395594,a1fa33e7-5a7a-48c9-820a-2df5f711c911,,387,1. Primary research,True,,,,,True,True,"The article presents and analyses a case study using exposure and health-outcome data from Seoul, constituting primary research rather than a synthesis of existing studies.","""A case of assessing environmental risks in Seoul, Korea, is studied to demonstrate the concept and mechanics of the risk assessment methods by an analysis of the relationship between SO2, NOx, CO, TSP exposure and the related increase in respiratory diseases and mortality.""",0.00,99.27,2026-09-09_09-59-56_pruned_taxonomy_topdown
395594,a1fa33e7-5a7a-48c9-820a-2df5f711c911,,395,Observational / single-group designs,True,,,,,True,False,No single-group longitudinal or time-series design relying on temporal patterns is described.,,0.00,0.00,2026-09-09_09-59-56_pruned_taxonomy_topdown
395594,a1fa33e7-5a7a-48c9-820a-2df5f711c911,,430,Systematic reviews,True,,,,,False,False,No annotation with this attribute found: reverting to default,,0.00,0.00,2026-09-09_09-59-56_pruned_taxonomy_topdown
395594,a1fa33e7-5a7a-48c9-820a-2df5f711c911,,392,Mixed-methods,True,,,,,False,False,The abstract does not report the integration of quantitative and qualitative data collection and analysis.,,0.00,0.00,2026-09-09_09-59-56_pruned_taxonomy_topdown
395594,a1fa33e7-5a7a-48c9-820a-2df5f711c911,,396,Qualitative designs,True,,,,,False,False,"No qualitative data collection or analysis of meanings, experiences, or contextual factors is described.",,0.00,0.00,2026-09-09_09-59-56_pruned_taxonomy_topdown
395594,a1fa33e7-5a7a-48c9-820a-2df5f711c911,,426,Guideline (clinical or public health),True,,,,,False,False,No annotation with this attribute found: reverting to default,,0.00,0.00,2026-09-09_09-59-56_pruned_taxonomy_topdown
395594,a1fa33e7-5a7a-48c9-820a-2df5f711c911,,389,(Quasi-)Experimental / group comparison designs,True,,,,,False,False,"There is no intervention group, control group, comparison group, or randomisation described.",,0.00,0.00,2026-09-09_09-59-56_pruned_taxonomy_topdown
395594,a1fa33e7-5a7a-48c9-820a-2df5f711c911,,391,Descriptive / single-group designs,True,,,,,False,False,The study is not limited to describing characteristics or frequency in a single group; it analyzes relationships between environmental exposures and respiratory disease and mortality.,,0.00,0.00,2026-09-09_09-59-56_pruned_taxonomy_topdown
395594,a1fa33e7-5a7a-48c9-820a-2df5f711c911,,388,2. Evidence synthesis,True,,,,,False,False,"The study is an original ecological risk assessment and does not itself review, aggregate, map, or synthesise findings from prior studies or literature.","""A case of assessing environmental risks in Seoul, Korea, is studied""",0.00,97.10,2026-09-09_09-59-56_pruned_taxonomy_topdown
395594,a1fa33e7-5a7a-48c9-820a-2df5f711c911,,429,Narrative review,True,,,,,False,False,No annotation with this attribute found: reverting to default,,0.00,0.00,2026-09-09_09-59-56_pruned_taxonomy_topdown
395594,a1fa33e7-5a7a-48c9-820a-2df5f711c911,,202,Neurological disorders,True,,,,,False,False,"The study focuses on respiratory diseases and mortality associated with air pollution, not diseases of the brain, spinal cord, or peripheral nervous system.",,0.00,0.00,2026-09-09_09-59-56_pruned_taxonomy_topdown
395594,a1fa33e7-5a7a-48c9-820a-2df5f711c911,,116,1.1. Total / all-cause mortality (Outcome),True,,,,,False,True,"Mortality is explicitly assessed as a health outcome, but no specific cause of death is given; this supports an overall mortality measure.",“the related increase in respiratory diseases and mortality”,0.00,96.67,2026-09-09_09-59-56_pruned_taxonomy_topdown
395594,a1fa33e7-5a7a-48c9-820a-2df5f711c911,,196,Chronic respiratory diseases,True,,,,,True,True,Respiratory diseases are a central health outcome examined in relation to urban air pollution exposure.,"“the relationship between SO2, NOx, CO, TSP exposure and the related increase in respiratory diseases and mortality”",0.00,98.28,2026-09-09_09-59-56_pruned_taxonomy_topdown
395594,a1fa33e7-5a7a-48c9-820a-2df5f711c911,,206,Z_Other non-communicable diseases,True,,,,,False,False,"The abstract does not focus on congenital, genitourinary, haematological, or other miscellaneous non-communicable diseases.",,0.00,0.00,2026-09-09_09-59-56_pruned_taxonomy_topdown
395594,a1fa33e7-5a7a-48c9-820a-2df5f711c911,,117,"1.2. Communicable, maternal, neonatal, and nutritional mortality",True,,,,,False,False,"The abstract does not attribute deaths to communicable diseases, maternal conditions, neonatal disorders, or nutritional deficiencies.",,0.00,0.00,2026-09-09_09-59-56_pruned_taxonomy_topdown
395594,a1fa33e7-5a7a-48c9-820a-2df5f711c911,,199,Mental disorders,True,,,,,False,False,"No clinically significant psychological, behavioural, or cognitive conditions are examined.",,0.00,0.00,2026-09-09_09-59-56_pruned_taxonomy_topdown
395594,a1fa33e7-5a7a-48c9-820a-2df5f711c911,,204,Skin and subcutaneous diseases,True,,,,,False,False,The study does not address diseases of the skin or subcutaneous tissue.,,0.00,0.00,2026-09-09_09-59-56_pruned_taxonomy_topdown
395594,a1fa33e7-5a7a-48c9-820a-2df5f711c911,,134,HIV/AIDS and sexually transmitted infections,True,,,,,False,False,No annotation with this attribute found: reverting to default,,0.00,0.00,2026-09-09_09-59-56_pruned_taxonomy_topdown
395594,a1fa33e7-5a7a-48c9-820a-2df5f711c911,,137,Nutritional deficiencies,True,,,,,False,False,No annotation with this attribute found: reverting to default,,0.00,0.00,2026-09-09_09-59-56_pruned_taxonomy_topdown
395594,a1fa33e7-5a7a-48c9-820a-2df5f711c911,,200,Musculoskeletal disorders,True,,,,,False,False,"The study does not address diseases of bones, joints, muscles, or connective tissue.",,0.00,0.00,2026-09-09_09-59-56_pruned_taxonomy_topdown
395594,a1fa33e7-5a7a-48c9-820a-2df5f711c911,,139,Z_Other infectious diseases,True,,,,,False,False,No annotation with this attribute found: reverting to default,,0.00,0.00,2026-09-09_09-59-56_pruned_taxonomy_topdown
395594,a1fa33e7-5a7a-48c9-820a-2df5f711c911,,289,Transport injuries,True,,,,,False,False,No annotation with this attribute found: reverting to default,,0.00,0.00,2026-09-09_09-59-56_pruned_taxonomy_topdown
395594,a1fa33e7-5a7a-48c9-820a-2df5f711c911,,135,Maternal and neonatal disorders,True,,,,,False,False,No annotation with this attribute found: reverting to default,,0.00,0.00,2026-09-09_09-59-56_pruned_taxonomy_topdown
395594,a1fa33e7-5a7a-48c9-820a-2df5f711c911,,136,Neglected tropical diseases and malaria,True,,,,,False,False,No annotation with this attribute found: reverting to default,,0.00,0.00,2026-09-09_09-59-56_pruned_taxonomy_topdown
395594,a1fa33e7-5a7a-48c9-820a-2df5f711c911,,195,Cardiovascular diseases,True,,,,,False,False,"Although mortality is assessed, the abstract does not identify cardiovascular or circulatory diseases as a specific outcome.",,0.00,0.00,2026-09-09_09-59-56_pruned_taxonomy_topdown
395594,a1fa33e7-5a7a-48c9-820a-2df5f711c911,,288,Self-harm and interpersonal violence,True,,,,,False,False,No annotation with this attribute found: reverting to default,,0.00,0.00,2026-09-09_09-59-56_pruned_taxonomy_topdown
395594,a1fa33e7-5a7a-48c9-820a-2df5f711c911,,114,3. Non-communicable diseases,True,,,,,True,True,"The study examines respiratory diseases associated with SO2, NOx, CO, and TSP exposure. Respiratory diseases are chronic, non-infectious conditions within this concept.","""the related increase in respiratory diseases and mortality""",0.00,96.67,2026-09-09_09-59-56_pruned_taxonomy_topdown
395594,a1fa33e7-5a7a-48c9-820a-2df5f711c911,,112,1. Mortality (Outcome),True,,,,,True,True,Mortality is explicitly assessed as a health outcome in relation to environmental exposures.,"""the related increase in respiratory diseases and mortality""",0.00,96.67,2026-09-09_09-59-56_pruned_taxonomy_topdown
395594,a1fa33e7-5a7a-48c9-820a-2df5f711c911,,138,Respiratory infections and tuberculosis,True,,,,,False,False,No annotation with this attribute found: reverting to default,,0.00,0.00,2026-09-09_09-59-56_pruned_taxonomy_topdown
395594,a1fa33e7-5a7a-48c9-820a-2df5f711c911,,290,Unintentional injuries,True,,,,,False,False,No annotation with this attribute found: reverting to default,,0.00,0.00,2026-09-09_09-59-56_pruned_taxonomy_topdown
395594,a1fa33e7-5a7a-48c9-820a-2df5f711c911,,113,"2. Communicable, maternal, neonatal, and nutritional diseases",True,,,,,False,False,"The abstract does not focus on infectious, maternal, neonatal, or nutritional diseases.",,0.00,0.00,2026-09-09_09-59-56_pruned_taxonomy_topdown
395594,a1fa33e7-5a7a-48c9-820a-2df5f711c911,,133,Enteric infections,True,,,,,False,False,No annotation with this attribute found: reverting to default,,0.00,0.00,2026-09-09_09-59-56_pruned_taxonomy_topdown
395594,a1fa33e7-5a7a-48c9-820a-2df5f711c911,,201,Neoplasms,True,,,,,False,False,Cancer or abnormal cell growth is not a subject of the study.,,0.00,0.00,2026-09-09_09-59-56_pruned_taxonomy_topdown
395594,a1fa33e7-5a7a-48c9-820a-2df5f711c911,,118,1.3. Non-communicable mortality,True,,,,,True,False,"Although respiratory diseases are studied, the abstract does not explicitly classify the mortality outcome as deaths attributable to non-communicable diseases.",,0.00,0.00,2026-09-09_09-59-56_pruned_taxonomy_topdown
395594,a1fa33e7-5a7a-48c9-820a-2df5f711c911,,205,Substance use disorders,True,,,,,False,False,The study does not examine alcohol or drug use disorders.,,0.00,0.00,2026-09-09_09-59-56_pruned_taxonomy_topdown
395594,a1fa33e7-5a7a-48c9-820a-2df5f711c911,,197,Diabetes and kidney diseases,True,,,,,False,False,Diabetes and kidney diseases are not examined.,,0.00,0.00,2026-09-09_09-59-56_pruned_taxonomy_topdown
395594,a1fa33e7-5a7a-48c9-820a-2df5f711c911,,203,Sense organ diseases,True,,,,,False,False,The study does not address diseases of vision or hearing.,,0.00,0.00,2026-09-09_09-59-56_pruned_taxonomy_topdown
395594,a1fa33e7-5a7a-48c9-820a-2df5f711c911,,115,4. Injuries,True,,,,,False,False,"The study concerns air-pollution-related respiratory disease and mortality, not physical injuries from external causes.",,0.00,0.00,2026-09-09_09-59-56_pruned_taxonomy_topdown
395594,a1fa33e7-5a7a-48c9-820a-2df5f711c911,,198,Digestive diseases,True,,,,,False,False,"No gastrointestinal, liver, gallbladder, or pancreatic diseases are examined.",,0.00,0.00,2026-09-09_09-59-56_pruned_taxonomy_topdown
347011,a2382563-97d5-44e3-a1fe-22584b6a15ea,Information mining and comparison analysis of PM2.5 periodical paper both in English and Chinese in China,36,Coal,True,,,,,False,False,"The study is a bibliometric analysis of PM2.5 research and does not address coal or other solid fossil fuels as a subject, exposure, or intervention.",,0.00,0.00,2026-09-09_09-59-56_pruned_taxonomy_topdown
347011,a2382563-97d5-44e3-a1fe-22584b6a15ea,Information mining and comparison analysis of PM2.5 periodical paper both in English and Chinese in China,35,(Unspecified) fossil fuels,True,,,,,False,False,"Although the study concerns air pollution, it does not examine fossil fuel use or combustion in general.",,0.00,0.00,2026-09-09_09-59-56_pruned_taxonomy_topdown
347011,a2382563-97d5-44e3-a1fe-22584b6a15ea,Information mining and comparison analysis of PM2.5 periodical paper both in English and Chinese in China,38,Oil,True,,,,,False,False,"The study does not address liquid fossil fuels such as petroleum, petrol, diesel, or jet fuel.",,0.00,0.00,2026-09-09_09-59-56_pruned_taxonomy_topdown
347011,a2382563-97d5-44e3-a1fe-22584b6a15ea,Information mining and comparison analysis of PM2.5 periodical paper both in English and Chinese in China,37,Natural gas,True,,,,,False,False,"The study does not address natural gas, methane, or gas combustion.",,0.00,0.00,2026-09-09_09-59-56_pruned_taxonomy_topdown
347011,a2382563-97d5-44e3-a1fe-22584b6a15ea,Information mining and comparison analysis of PM2.5 periodical paper both in English and Chinese in China,17,(Unspecified) greenhouse gases,True,,,,,False,False,"The study concerns the distribution and trends of PM2.5 literature, not atmospheric greenhouse gases collectively.",,0.00,0.00,2026-09-09_09-59-56_pruned_taxonomy_topdown
347011,a2382563-97d5-44e3-a1fe-22584b6a15ea,Information mining and comparison analysis of PM2.5 periodical paper both in English and Chinese in China,18,Carbon dioxide (CO₂),True,,,,,False,False,Carbon dioxide is not a subject of the bibliometric analysis.,,0.00,0.00,2026-09-09_09-59-56_pruned_taxonomy_topdown
347011,a2382563-97d5-44e3-a1fe-22584b6a15ea,Information mining and comparison analysis of PM2.5 periodical paper both in English and Chinese in China,22,Ozone-depleting substances / chlorofluorocarbons / hydrochlorofluorocarbons / halons / carbon tetrachloride / methyl chloroform,True,,,,,False,False,The study does not address ozone-depleting compounds regulated under the Montreal Protocol.,,0.00,0.00,2026-09-09_09-59-56_pruned_taxonomy_topdown
347011,a2382563-97d5-44e3-a1fe-22584b6a15ea,Information mining and comparison analysis of PM2.5 periodical paper both in English and Chinese in China,19,Fluorinated gases / hydrofluorocarbons / perfluorocarbons / sulfur hexafluoride / nitrogen trifluoride,True,,,,,False,False,Synthetic industrial greenhouse gases are not discussed.,,0.00,0.00,2026-09-09_09-59-56_pruned_taxonomy_topdown
347011,a2382563-97d5-44e3-a1fe-22584b6a15ea,Information mining and comparison analysis of PM2.5 periodical paper both in English and Chinese in China,20,Methane (CH₄),True,,,,,False,False,Methane is not discussed; the study focuses on PM2.5 research literature.,,0.00,0.00,2026-09-09_09-59-56_pruned_taxonomy_topdown
347011,a2382563-97d5-44e3-a1fe-22584b6a15ea,Information mining and comparison analysis of PM2.5 periodical paper both in English and Chinese in China,21,Nitrous oxide (N₂O),True,,,,,False,False,Nitrous oxide and its agricultural sources are not addressed.,,0.00,0.00,2026-09-09_09-59-56_pruned_taxonomy_topdown
347011,a2382563-97d5-44e3-a1fe-22584b6a15ea,Information mining and comparison analysis of PM2.5 periodical paper both in English and Chinese in China,23,Particulate matter (PM10) / fine particulate matter (PM2.5) / black/organic carbon / sulfate/nitrate aerosols,True,,,,,True,True,"PM2.5 is the central subject of the study, which analyzes the distribution and development of PM2.5 research literature in China.","Research terms mainly include PM2.5 air pollution, haze, particulate matter.",0.00,100.00,2026-09-09_09-59-56_pruned_taxonomy_topdown
347011,a2382563-97d5-44e3-a1fe-22584b6a15ea,Information mining and comparison analysis of PM2.5 periodical paper both in English and Chinese in China,24,Tropospheric ozone (O₃),True,,,,,False,False,The study does not address ground-level ozone or photochemical reactions involving nitrogen oxides and volatile organic compounds.,,0.00,0.00,2026-09-09_09-59-56_pruned_taxonomy_topdown
347011,a2382563-97d5-44e3-a1fe-22584b6a15ea,Information mining and comparison analysis of PM2.5 periodical paper both in English and Chinese in China,26,Extreme cold,True,,,,,False,False,"The study is a bibliometric analysis of PM2.5 literature and does not examine cold temperatures, cold snaps, or blizzards.",,0.00,0.00,2026-09-09_09-59-56_pruned_taxonomy_topdown
347011,a2382563-97d5-44e3-a1fe-22584b6a15ea,Information mining and comparison analysis of PM2.5 periodical paper both in English and Chinese in China,27,Extreme heat,True,,,,,False,False,The study does not focus on heatwaves or abnormally high temperatures and their health effects.,,0.00,0.00,2026-09-09_09-59-56_pruned_taxonomy_topdown
347011,a2382563-97d5-44e3-a1fe-22584b6a15ea,Information mining and comparison analysis of PM2.5 periodical paper both in English and Chinese in China,28,Extreme precipitation,True,,,,,False,False,"Rainfall, snowfall, and other precipitation extremes are not the subject of the study.",,0.00,0.00,2026-09-09_09-59-56_pruned_taxonomy_topdown
347011,a2382563-97d5-44e3-a1fe-22584b6a15ea,Information mining and comparison analysis of PM2.5 periodical paper both in English and Chinese in China,30,Floods,True,,,,,False,False,Flooding or temporary inundation is not examined.,,0.00,0.00,2026-09-09_09-59-56_pruned_taxonomy_topdown
347011,a2382563-97d5-44e3-a1fe-22584b6a15ea,Information mining and comparison analysis of PM2.5 periodical paper both in English and Chinese in China,33,Wildfires,True,,,,,False,False,"Although air pollution and haze are mentioned, the study does not concern uncontrolled vegetation fires or wildfire smoke.",,0.00,0.00,2026-09-09_09-59-56_pruned_taxonomy_topdown
347011,a2382563-97d5-44e3-a1fe-22584b6a15ea,Information mining and comparison analysis of PM2.5 periodical paper both in English and Chinese in China,25,Droughts,True,,,,,False,False,"The study does not address prolonged water deficits, drought, or water availability.",,0.00,0.00,2026-09-09_09-59-56_pruned_taxonomy_topdown
347011,a2382563-97d5-44e3-a1fe-22584b6a15ea,Information mining and comparison analysis of PM2.5 periodical paper both in English and Chinese in China,29,Extreme snow/ice events,True,,,,,False,False,Severe snow or ice conditions are not discussed as a study subject.,,0.00,0.00,2026-09-09_09-59-56_pruned_taxonomy_topdown
347011,a2382563-97d5-44e3-a1fe-22584b6a15ea,Information mining and comparison analysis of PM2.5 periodical paper both in English and Chinese in China,31,Sand and dust storms,True,,,,,False,False,"The study concerns PM2.5 and haze generally, not wind-driven sand or dust storms.",,0.00,0.00,2026-09-09_09-59-56_pruned_taxonomy_topdown
347011,a2382563-97d5-44e3-a1fe-22584b6a15ea,Information mining and comparison analysis of PM2.5 periodical paper both in English and Chinese in China,32,Storms and severe wind,True,,,,,False,False,"Tropical cyclones, hurricanes, typhoons, thunderstorms, and hailstorms are not examined.",,0.00,0.00,2026-09-09_09-59-56_pruned_taxonomy_topdown
347011,a2382563-97d5-44e3-a1fe-22584b6a15ea,Information mining and comparison analysis of PM2.5 periodical paper both in English and Chinese in China,34,Z_(Unspecified) extreme weather events,True,,,,,False,False,The study does not investigate unspecified extreme weather events; it is a literature-distribution analysis focused on PM2.5.,,0.00,0.00,2026-09-09_09-59-56_pruned_taxonomy_topdown
347011,a2382563-97d5-44e3-a1fe-22584b6a15ea,Information mining and comparison analysis of PM2.5 periodical paper both in English and Chinese in China,493,Attribution,True,,,,,False,False,No annotation with this attribute found: reverting to default,,0.00,0.00,2026-09-09_09-59-56_pruned_taxonomy_topdown
347011,a2382563-97d5-44e3-a1fe-22584b6a15ea,Information mining and comparison analysis of PM2.5 periodical paper both in English and Chinese in China,487,Adaptation,True,,,,,False,False,"The study is a bibliometric and information-distribution analysis of PM2.5 literature. Although it mentions taking countermeasures for haze, it does not study adaptation, coping, forecasting, monitoring, or other responses to climate variables or climate-related events.","""To explore the information distribution of PM2.5 periodical paper both in English and Chinese in China.""",0.00,98.10,2026-09-09_09-59-56_pruned_taxonomy_topdown
347011,a2382563-97d5-44e3-a1fe-22584b6a15ea,Information mining and comparison analysis of PM2.5 periodical paper both in English and Chinese in China,490,Maladaptation,True,,,,,False,False,No annotation with this attribute found: reverting to default,,0.00,0.00,2026-09-09_09-59-56_pruned_taxonomy_topdown
347011,a2382563-97d5-44e3-a1fe-22584b6a15ea,Information mining and comparison analysis of PM2.5 periodical paper both in English and Chinese in China,495,Loss and damage,True,,,,,False,False,No annotation with this attribute found: reverting to default,,0.00,0.00,2026-09-09_09-59-56_pruned_taxonomy_topdown
347011,a2382563-97d5-44e3-a1fe-22584b6a15ea,Information mining and comparison analysis of PM2.5 periodical paper both in English and Chinese in China,492,Resilience,True,,,,,False,False,No annotation with this attribute found: reverting to default,,0.00,0.00,2026-09-09_09-59-56_pruned_taxonomy_topdown
347011,a2382563-97d5-44e3-a1fe-22584b6a15ea,Information mining and comparison analysis of PM2.5 periodical paper both in English and Chinese in China,489,Mitigation,True,,,,,False,False,"The context concerns PM2.5 and haze literature but does not identify greenhouse-gas emissions, fossil fuels, or emission-reduction strategies as the subject of study.","""Research terms mainly include PM2.5 air pollution, haze, particulate matter.""",0.00,97.44,2026-09-09_09-59-56_pruned_taxonomy_topdown
347011,a2382563-97d5-44e3-a1fe-22584b6a15ea,Information mining and comparison analysis of PM2.5 periodical paper both in English and Chinese in China,491,Preparedness,True,,,,,False,False,No annotation with this attribute found: reverting to default,,0.00,0.00,2026-09-09_09-59-56_pruned_taxonomy_topdown
347011,a2382563-97d5-44e3-a1fe-22584b6a15ea,Information mining and comparison analysis of PM2.5 periodical paper both in English and Chinese in China,494,Future impact,True,,,,,False,False,No annotation with this attribute found: reverting to default,,0.00,0.00,2026-09-09_09-59-56_pruned_taxonomy_topdown
347011,a2382563-97d5-44e3-a1fe-22584b6a15ea,Information mining and comparison analysis of PM2.5 periodical paper both in English and Chinese in China,496,Co-Benefits,True,,,,,False,False,No annotation with this attribute found: reverting to default,,0.00,0.00,2026-09-09_09-59-56_pruned_taxonomy_topdown
347011,a2382563-97d5-44e3-a1fe-22584b6a15ea,Information mining and comparison analysis of PM2.5 periodical paper both in English and Chinese in China,488,Impact,True,,,,,True,False,The study analyzes publication trends and research distribution rather than characterizing health or environmental effects caused by climate variables or climate-related extreme events. PM2.5 is discussed as an air-pollution topic without a climatic driver.,"""Methods Comprehensive analysis result was made based on the overall output of literature, academic attention trend, literature distribution and growth trend""",0.00,98.73,2026-09-09_09-59-56_pruned_taxonomy_topdown
347011,a2382563-97d5-44e3-a1fe-22584b6a15ea,Information mining and comparison analysis of PM2.5 periodical paper both in English and Chinese in China,6,(Unspecified) changes in weather,True,,,,,False,False,The study is a bibliometric analysis of PM2.5 literature and does not examine broad changes in weather patterns.,,0.00,0.00,2026-09-09_09-59-56_pruned_taxonomy_topdown
347011,a2382563-97d5-44e3-a1fe-22584b6a15ea,Information mining and comparison analysis of PM2.5 periodical paper both in English and Chinese in China,15,Changes in wind speed,True,,,,,False,False,"Wind patterns or wind velocity are not investigated as an exposure, driver, or outcome.",,0.00,0.00,2026-09-09_09-59-56_pruned_taxonomy_topdown
347011,a2382563-97d5-44e3-a1fe-22584b6a15ea,Information mining and comparison analysis of PM2.5 periodical paper both in English and Chinese in China,13,Changes in season length,True,,,,,False,False,The study does not address changes in season duration or seasonal onset.,,0.00,0.00,2026-09-09_09-59-56_pruned_taxonomy_topdown
347011,a2382563-97d5-44e3-a1fe-22584b6a15ea,Information mining and comparison analysis of PM2.5 periodical paper both in English and Chinese in China,7,(Unspecified) climate change,True,,,,,False,False,"Although the context concerns PM2.5 and air pollution, it does not study climate change in general or any climate-change driver.",,0.00,0.00,2026-09-09_09-59-56_pruned_taxonomy_topdown
347011,a2382563-97d5-44e3-a1fe-22584b6a15ea,Information mining and comparison analysis of PM2.5 periodical paper both in English and Chinese in China,16,Climate variability,True,,,,,False,False,Climate variability is not a subject of the bibliometric analysis.,,0.00,0.00,2026-09-09_09-59-56_pruned_taxonomy_topdown
347011,a2382563-97d5-44e3-a1fe-22584b6a15ea,Information mining and comparison analysis of PM2.5 periodical paper both in English and Chinese in China,9,Changes in humidity,True,,,,,False,False,Atmospheric moisture or humidity-related changes are not examined.,,0.00,0.00,2026-09-09_09-59-56_pruned_taxonomy_topdown
347011,a2382563-97d5-44e3-a1fe-22584b6a15ea,Information mining and comparison analysis of PM2.5 periodical paper both in English and Chinese in China,12,Changes in sea level,True,,,,,False,False,Sea-level rise is not discussed or analyzed.,,0.00,0.00,2026-09-09_09-59-56_pruned_taxonomy_topdown
347011,a2382563-97d5-44e3-a1fe-22584b6a15ea,Information mining and comparison analysis of PM2.5 periodical paper both in English and Chinese in China,11,Changes in precipitation,True,,,,,False,False,Rainfall or snowfall changes are not part of the study.,,0.00,0.00,2026-09-09_09-59-56_pruned_taxonomy_topdown
347011,a2382563-97d5-44e3-a1fe-22584b6a15ea,Information mining and comparison analysis of PM2.5 periodical paper both in English and Chinese in China,10,Changes in inland water bodies,True,,,,,False,False,The study does not investigate climate-driven changes in freshwater systems or hydrological patterns.,,0.00,0.00,2026-09-09_09-59-56_pruned_taxonomy_topdown
347011,a2382563-97d5-44e3-a1fe-22584b6a15ea,Information mining and comparison analysis of PM2.5 periodical paper both in English and Chinese in China,14,Changes in temperature,True,,,,,False,False,Temperature trends or changes in temperature conditions are not examined.,,0.00,0.00,2026-09-09_09-59-56_pruned_taxonomy_topdown
347011,a2382563-97d5-44e3-a1fe-22584b6a15ea,Information mining and comparison analysis of PM2.5 periodical paper both in English and Chinese in China,8,Changes in glacier / snow melt,True,,,,,False,False,Glacier or snowpack melting is not addressed.,,0.00,0.00,2026-09-09_09-59-56_pruned_taxonomy_topdown
347011,a2382563-97d5-44e3-a1fe-22584b6a15ea,Information mining and comparison analysis of PM2.5 periodical paper both in English and Chinese in China,476,Education (Sector),True,,,,,False,False,"The study analyzes the distribution and trends of PM2.5 publications, not formal or informal education systems.",,0.00,0.00,2026-09-09_09-59-56_pruned_taxonomy_topdown
347011,a2382563-97d5-44e3-a1fe-22584b6a15ea,Information mining and comparison analysis of PM2.5 periodical paper both in English and Chinese in China,485,Transportation (Sector),True,,,,,False,False,Transport systems and infrastructure are not examined as a sector or setting.,,0.00,0.00,2026-09-09_09-59-56_pruned_taxonomy_topdown
347011,a2382563-97d5-44e3-a1fe-22584b6a15ea,Information mining and comparison analysis of PM2.5 periodical paper both in English and Chinese in China,483,Public administration (Sector),True,,,,,False,False,Government or public institutions are mentioned only as research organizations; public administration operations or services are not the subject of the study.,,0.00,0.00,2026-09-09_09-59-56_pruned_taxonomy_topdown
347011,a2382563-97d5-44e3-a1fe-22584b6a15ea,Information mining and comparison analysis of PM2.5 periodical paper both in English and Chinese in China,479,Healthcare (Sector),True,,,,,False,False,"Although health is listed among broad subject areas of PM2.5 literature, the study does not examine medical care, public health services, or health infrastructure.",,0.00,0.00,2026-09-09_09-59-56_pruned_taxonomy_topdown
347011,a2382563-97d5-44e3-a1fe-22584b6a15ea,Information mining and comparison analysis of PM2.5 periodical paper both in English and Chinese in China,486,"Water, sanitation, and waste management (Sector)",True,,,,,False,False,"Water supply, sewage treatment, and solid waste management are not addressed.",,0.00,0.00,2026-09-09_09-59-56_pruned_taxonomy_topdown
347011,a2382563-97d5-44e3-a1fe-22584b6a15ea,Information mining and comparison analysis of PM2.5 periodical paper both in English and Chinese in China,475,Buildings / housing (Sector),True,,,,,False,False,"Residential or commercial buildings, housing, and construction are not examined.",,0.00,0.00,2026-09-09_09-59-56_pruned_taxonomy_topdown
347011,a2382563-97d5-44e3-a1fe-22584b6a15ea,Information mining and comparison analysis of PM2.5 periodical paper both in English and Chinese in China,478,Finance (Sector),True,,,,,False,False,"Banking, insurance, investment, and financial services are not part of the study.",,0.00,0.00,2026-09-09_09-59-56_pruned_taxonomy_topdown
347011,a2382563-97d5-44e3-a1fe-22584b6a15ea,Information mining and comparison analysis of PM2.5 periodical paper both in English and Chinese in China,484,Social protection (Sector),True,,,,,False,False,"The study does not examine social safety nets, welfare services, or support systems for vulnerable populations.",,0.00,0.00,2026-09-09_09-59-56_pruned_taxonomy_topdown
347011,a2382563-97d5-44e3-a1fe-22584b6a15ea,Information mining and comparison analysis of PM2.5 periodical paper both in English and Chinese in China,481,Information and communications technologies (Sector),True,,,,,False,False,"The use of databases, data mining, and visualization describes research methods, not a study of telecommunications, digital infrastructure, or information technology as a sector.",,0.00,0.00,2026-09-09_09-59-56_pruned_taxonomy_topdown
347011,a2382563-97d5-44e3-a1fe-22584b6a15ea,Information mining and comparison analysis of PM2.5 periodical paper both in English and Chinese in China,480,"Industry, trade, and services (Sector)",True,,,,,False,False,"Manufacturing, trade, and commercial services are not examined.",,0.00,0.00,2026-09-09_09-59-56_pruned_taxonomy_topdown
347011,a2382563-97d5-44e3-a1fe-22584b6a15ea,Information mining and comparison analysis of PM2.5 periodical paper both in English and Chinese in China,477,Energy and extractives (Sector),True,,,,,False,False,"Energy generation, fuel production, and resource extraction are not the subject of the bibliometric analysis.",,0.00,0.00,2026-09-09_09-59-56_pruned_taxonomy_topdown
347011,a2382563-97d5-44e3-a1fe-22584b6a15ea,Information mining and comparison analysis of PM2.5 periodical paper both in English and Chinese in China,482,Military (Sector),True,,,,,False,False,The military and defense sector is not addressed.,,0.00,0.00,2026-09-09_09-59-56_pruned_taxonomy_topdown
347011,a2382563-97d5-44e3-a1fe-22584b6a15ea,Information mining and comparison analysis of PM2.5 periodical paper both in English and Chinese in China,474,"Agriculture, fishing, and forestry (Sector)",True,,,,,False,False,"Crop cultivation, livestock, aquaculture, fishing, and forest management are not examined.",,0.00,0.00,2026-09-09_09-59-56_pruned_taxonomy_topdown
347011,a2382563-97d5-44e3-a1fe-22584b6a15ea,Information mining and comparison analysis of PM2.5 periodical paper both in English and Chinese in China,431,Z_Other evidence synthesis type,True,,,,,True,False,"The study is a bibliometric/information-mining analysis of publication patterns, rather than an evidence synthesis or review type outside the listed categories.","Comprehensive analysis result was made based on the overall output of literature, academic attention trend, literature distribution and growth trend",0.00,100.00,2026-09-09_09-59-56_pruned_taxonomy_topdown
347011,a2382563-97d5-44e3-a1fe-22584b6a15ea,Information mining and comparison analysis of PM2.5 periodical paper both in English and Chinese in China,427,Health technology assessment (HTA),True,,,,,False,False,"The study does not evaluate a health technology or address clinical effectiveness, cost-effectiveness, ethical considerations, or policy appraisal.",,0.00,0.00,2026-09-09_09-59-56_pruned_taxonomy_topdown
347011,a2382563-97d5-44e3-a1fe-22584b6a15ea,Information mining and comparison analysis of PM2.5 periodical paper both in English and Chinese in China,428,Meta-analysis (unsystematic),True,,,,,False,False,"Although quantitative data-mining methods are used, the study does not statistically synthesize findings from existing studies; it analyzes publication output, trends, institutions, and terminology.","using high-volume database, data mining, clustering analysis and visualization technology",0.00,100.00,2026-09-09_09-59-56_pruned_taxonomy_topdown
347011,a2382563-97d5-44e3-a1fe-22584b6a15ea,Information mining and comparison analysis of PM2.5 periodical paper both in English and Chinese in China,390,(Quasi-)Experimental / single-group designs,True,,,,,False,False,No annotation with this attribute found: reverting to default,,0.00,0.00,2026-09-09_09-59-56_pruned_taxonomy_topdown
347011,a2382563-97d5-44e3-a1fe-22584b6a15ea,Information mining and comparison analysis of PM2.5 periodical paper both in English and Chinese in China,397,Z_Other study design,True,,,,,False,False,No annotation with this attribute found: reverting to default,,0.00,0.00,2026-09-09_09-59-56_pruned_taxonomy_topdown
347011,a2382563-97d5-44e3-a1fe-22584b6a15ea,Information mining and comparison analysis of PM2.5 periodical paper both in English and Chinese in China,394,Observational / group comparison designs,True,,,,,False,False,No annotation with this attribute found: reverting to default,,0.00,0.00,2026-09-09_09-59-56_pruned_taxonomy_topdown
347011,a2382563-97d5-44e3-a1fe-22584b6a15ea,Information mining and comparison analysis of PM2.5 periodical paper both in English and Chinese in China,393,Modelling / simulation,True,,,,,False,False,No annotation with this attribute found: reverting to default,,0.00,0.00,2026-09-09_09-59-56_pruned_taxonomy_topdown
347011,a2382563-97d5-44e3-a1fe-22584b6a15ea,Information mining and comparison analysis of PM2.5 periodical paper both in English and Chinese in China,387,1. Primary research,True,,,,,False,False,"The study analyses the distribution, trends, authors, institutions, and journals of existing PM2.5 publications rather than collecting new primary research data.","""Comprehensive analysis result was made based on the overall output of literature, academic attention trend, literature distribution and growth trend""",0.00,98.67,2026-09-09_09-59-56_pruned_taxonomy_topdown
347011,a2382563-97d5-44e3-a1fe-22584b6a15ea,Information mining and comparison analysis of PM2.5 periodical paper both in English and Chinese in China,395,Observational / single-group designs,True,,,,,False,False,No annotation with this attribute found: reverting to default,,0.00,0.00,2026-09-09_09-59-56_pruned_taxonomy_topdown
347011,a2382563-97d5-44e3-a1fe-22584b6a15ea,Information mining and comparison analysis of PM2.5 periodical paper both in English and Chinese in China,430,Systematic reviews,True,,,,,False,False,"The study does not use systematic review methods to search, select, appraise, and synthesize evidence from primary studies.",To explore the information distribution of PM2.5 periodical paper both in English and Chinese in China.,0.00,100.00,2026-09-09_09-59-56_pruned_taxonomy_topdown
347011,a2382563-97d5-44e3-a1fe-22584b6a15ea,Information mining and comparison analysis of PM2.5 periodical paper both in English and Chinese in China,392,Mixed-methods,True,,,,,False,False,No annotation with this attribute found: reverting to default,,0.00,0.00,2026-09-09_09-59-56_pruned_taxonomy_topdown
347011,a2382563-97d5-44e3-a1fe-22584b6a15ea,Information mining and comparison analysis of PM2.5 periodical paper both in English and Chinese in China,396,Qualitative designs,True,,,,,False,False,No annotation with this attribute found: reverting to default,,0.00,0.00,2026-09-09_09-59-56_pruned_taxonomy_topdown
347011,a2382563-97d5-44e3-a1fe-22584b6a15ea,Information mining and comparison analysis of PM2.5 periodical paper both in English and Chinese in China,426,Guideline (clinical or public health),True,,,,,False,False,The study does not develop recommendations for clinical or public health practice.,,0.00,0.00,2026-09-09_09-59-56_pruned_taxonomy_topdown
347011,a2382563-97d5-44e3-a1fe-22584b6a15ea,Information mining and comparison analysis of PM2.5 periodical paper both in English and Chinese in China,389,(Quasi-)Experimental / group comparison designs,True,,,,,False,False,No annotation with this attribute found: reverting to default,,0.00,0.00,2026-09-09_09-59-56_pruned_taxonomy_topdown
347011,a2382563-97d5-44e3-a1fe-22584b6a15ea,Information mining and comparison analysis of PM2.5 periodical paper both in English and Chinese in China,391,Descriptive / single-group designs,True,,,,,False,False,No annotation with this attribute found: reverting to default,,0.00,0.00,2026-09-09_09-59-56_pruned_taxonomy_topdown
347011,a2382563-97d5-44e3-a1fe-22584b6a15ea,Information mining and comparison analysis of PM2.5 periodical paper both in English and Chinese in China,388,2. Evidence synthesis,True,,,,,True,True,"This is a bibliometric/publication analysis that synthesises and maps existing literature, which falls within the scope of reviews and evidence syntheses.","""using high-volume database, data mining, clustering analysis and visualization technology""",0.00,97.80,2026-09-09_09-59-56_pruned_taxonomy_topdown
347011,a2382563-97d5-44e3-a1fe-22584b6a15ea,Information mining and comparison analysis of PM2.5 periodical paper both in English and Chinese in China,429,Narrative review,True,,,,,False,False,The study is not a narrative literature review that interprets findings based on author expertise; it is a bibliometric analysis of the PM2.5 publication landscape.,,0.00,0.00,2026-09-09_09-59-56_pruned_taxonomy_topdown
347011,a2382563-97d5-44e3-a1fe-22584b6a15ea,Information mining and comparison analysis of PM2.5 periodical paper both in English and Chinese in China,202,Neurological disorders,True,,,,,False,False,No annotation with this attribute found: reverting to default,,0.00,0.00,2026-09-09_09-59-56_pruned_taxonomy_topdown
347011,a2382563-97d5-44e3-a1fe-22584b6a15ea,Information mining and comparison analysis of PM2.5 periodical paper both in English and Chinese in China,116,1.1. Total / all-cause mortality (Outcome),True,,,,,False,False,No annotation with this attribute found: reverting to default,,0.00,0.00,2026-09-09_09-59-56_pruned_taxonomy_topdown
347011,a2382563-97d5-44e3-a1fe-22584b6a15ea,Information mining and comparison analysis of PM2.5 periodical paper both in English and Chinese in China,196,Chronic respiratory diseases,True,,,,,False,False,No annotation with this attribute found: reverting to default,,0.00,0.00,2026-09-09_09-59-56_pruned_taxonomy_topdown
347011,a2382563-97d5-44e3-a1fe-22584b6a15ea,Information mining and comparison analysis of PM2.5 periodical paper both in English and Chinese in China,206,Z_Other non-communicable diseases,True,,,,,False,False,No annotation with this attribute found: reverting to default,,0.00,0.00,2026-09-09_09-59-56_pruned_taxonomy_topdown
347011,a2382563-97d5-44e3-a1fe-22584b6a15ea,Information mining and comparison analysis of PM2.5 periodical paper both in English and Chinese in China,117,"1.2. Communicable, maternal, neonatal, and nutritional mortality",True,,,,,False,False,No annotation with this attribute found: reverting to default,,0.00,0.00,2026-09-09_09-59-56_pruned_taxonomy_topdown
347011,a2382563-97d5-44e3-a1fe-22584b6a15ea,Information mining and comparison analysis of PM2.5 periodical paper both in English and Chinese in China,199,Mental disorders,True,,,,,False,False,No annotation with this attribute found: reverting to default,,0.00,0.00,2026-09-09_09-59-56_pruned_taxonomy_topdown
347011,a2382563-97d5-44e3-a1fe-22584b6a15ea,Information mining and comparison analysis of PM2.5 periodical paper both in English and Chinese in China,204,Skin and subcutaneous diseases,True,,,,,False,False,No annotation with this attribute found: reverting to default,,0.00,0.00,2026-09-09_09-59-56_pruned_taxonomy_topdown
347011,a2382563-97d5-44e3-a1fe-22584b6a15ea,Information mining and comparison analysis of PM2.5 periodical paper both in English and Chinese in China,134,HIV/AIDS and sexually transmitted infections,True,,,,,False,False,No annotation with this attribute found: reverting to default,,0.00,0.00,2026-09-09_09-59-56_pruned_taxonomy_topdown
347011,a2382563-97d5-44e3-a1fe-22584b6a15ea,Information mining and comparison analysis of PM2.5 periodical paper both in English and Chinese in China,137,Nutritional deficiencies,True,,,,,False,False,No annotation with this attribute found: reverting to default,,0.00,0.00,2026-09-09_09-59-56_pruned_taxonomy_topdown
347011,a2382563-97d5-44e3-a1fe-22584b6a15ea,Information mining and comparison analysis of PM2.5 periodical paper both in English and Chinese in China,200,Musculoskeletal disorders,True,,,,,False,False,No annotation with this attribute found: reverting to default,,0.00,0.00,2026-09-09_09-59-56_pruned_taxonomy_topdown
347011,a2382563-97d5-44e3-a1fe-22584b6a15ea,Information mining and comparison analysis of PM2.5 periodical paper both in English and Chinese in China,139,Z_Other infectious diseases,True,,,,,False,False,No annotation with this attribute found: reverting to default,,0.00,0.00,2026-09-09_09-59-56_pruned_taxonomy_topdown
347011,a2382563-97d5-44e3-a1fe-22584b6a15ea,Information mining and comparison analysis of PM2.5 periodical paper both in English and Chinese in China,289,Transport injuries,True,,,,,False,False,No annotation with this attribute found: reverting to default,,0.00,0.00,2026-09-09_09-59-56_pruned_taxonomy_topdown
347011,a2382563-97d5-44e3-a1fe-22584b6a15ea,Information mining and comparison analysis of PM2.5 periodical paper both in English and Chinese in China,135,Maternal and neonatal disorders,True,,,,,False,False,No annotation with this attribute found: reverting to default,,0.00,0.00,2026-09-09_09-59-56_pruned_taxonomy_topdown
347011,a2382563-97d5-44e3-a1fe-22584b6a15ea,Information mining and comparison analysis of PM2.5 periodical paper both in English and Chinese in China,136,Neglected tropical diseases and malaria,True,,,,,False,False,No annotation with this attribute found: reverting to default,,0.00,0.00,2026-09-09_09-59-56_pruned_taxonomy_topdown
347011,a2382563-97d5-44e3-a1fe-22584b6a15ea,Information mining and comparison analysis of PM2.5 periodical paper both in English and Chinese in China,195,Cardiovascular diseases,True,,,,,False,False,No annotation with this attribute found: reverting to default,,0.00,0.00,2026-09-09_09-59-56_pruned_taxonomy_topdown
347011,a2382563-97d5-44e3-a1fe-22584b6a15ea,Information mining and comparison analysis of PM2.5 periodical paper both in English and Chinese in China,288,Self-harm and interpersonal violence,True,,,,,False,False,No annotation with this attribute found: reverting to default,,0.00,0.00,2026-09-09_09-59-56_pruned_taxonomy_topdown
347011,a2382563-97d5-44e3-a1fe-22584b6a15ea,Information mining and comparison analysis of PM2.5 periodical paper both in English and Chinese in China,114,3. Non-communicable diseases,True,,,,,False,False,"The study is a bibliometric analysis of PM2.5 research and does not investigate chronic, non-infectious diseases as outcomes or subjects.","The study explores the distribution and trends of PM2.5 periodical literature, rather than chronic diseases.",0.00,60.66,2026-09-09_09-59-56_pruned_taxonomy_topdown
347011,a2382563-97d5-44e3-a1fe-22584b6a15ea,Information mining and comparison analysis of PM2.5 periodical paper both in English and Chinese in China,112,1. Mortality (Outcome),True,,,,,False,False,"The study does not assess deaths, mortality, causes of death, or fatal disease burden.",To explore the information distribution of PM2.5 periodical paper both in English and Chinese in China.,0.00,100.00,2026-09-09_09-59-56_pruned_taxonomy_topdown
347011,a2382563-97d5-44e3-a1fe-22584b6a15ea,Information mining and comparison analysis of PM2.5 periodical paper both in English and Chinese in China,138,Respiratory infections and tuberculosis,True,,,,,False,False,No annotation with this attribute found: reverting to default,,0.00,0.00,2026-09-09_09-59-56_pruned_taxonomy_topdown
347011,a2382563-97d5-44e3-a1fe-22584b6a15ea,Information mining and comparison analysis of PM2.5 periodical paper both in English and Chinese in China,290,Unintentional injuries,True,,,,,False,False,No annotation with this attribute found: reverting to default,,0.00,0.00,2026-09-09_09-59-56_pruned_taxonomy_topdown
347011,a2382563-97d5-44e3-a1fe-22584b6a15ea,Information mining and comparison analysis of PM2.5 periodical paper both in English and Chinese in China,113,"2. Communicable, maternal, neonatal, and nutritional diseases",True,,,,,False,False,"Although the study concerns environmental health literature, it does not examine infectious, maternal, neonatal, or nutritional diseases.","Research terms mainly include PM2.5 air pollution, haze, particulate matter.",0.00,100.00,2026-09-09_09-59-56_pruned_taxonomy_topdown
347011,a2382563-97d5-44e3-a1fe-22584b6a15ea,Information mining and comparison analysis of PM2.5 periodical paper both in English and Chinese in China,133,Enteric infections,True,,,,,False,False,No annotation with this attribute found: reverting to default,,0.00,0.00,2026-09-09_09-59-56_pruned_taxonomy_topdown
347011,a2382563-97d5-44e3-a1fe-22584b6a15ea,Information mining and comparison analysis of PM2.5 periodical paper both in English and Chinese in China,201,Neoplasms,True,,,,,False,False,No annotation with this attribute found: reverting to default,,0.00,0.00,2026-09-09_09-59-56_pruned_taxonomy_topdown
347011,a2382563-97d5-44e3-a1fe-22584b6a15ea,Information mining and comparison analysis of PM2.5 periodical paper both in English and Chinese in China,118,1.3. Non-communicable mortality,True,,,,,False,False,No annotation with this attribute found: reverting to default,,0.00,0.00,2026-09-09_09-59-56_pruned_taxonomy_topdown
347011,a2382563-97d5-44e3-a1fe-22584b6a15ea,Information mining and comparison analysis of PM2.5 periodical paper both in English and Chinese in China,205,Substance use disorders,True,,,,,False,False,No annotation with this attribute found: reverting to default,,0.00,0.00,2026-09-09_09-59-56_pruned_taxonomy_topdown
347011,a2382563-97d5-44e3-a1fe-22584b6a15ea,Information mining and comparison analysis of PM2.5 periodical paper both in English and Chinese in China,197,Diabetes and kidney diseases,True,,,,,False,False,No annotation with this attribute found: reverting to default,,0.00,0.00,2026-09-09_09-59-56_pruned_taxonomy_topdown
347011,a2382563-97d5-44e3-a1fe-22584b6a15ea,Information mining and comparison analysis of PM2.5 periodical paper both in English and Chinese in China,203,Sense organ diseases,True,,,,,False,False,No annotation with this attribute found: reverting to default,,0.00,0.00,2026-09-09_09-59-56_pruned_taxonomy_topdown
347011,a2382563-97d5-44e3-a1fe-22584b6a15ea,Information mining and comparison analysis of PM2.5 periodical paper both in English and Chinese in China,115,4. Injuries,True,,,,,False,False,"The study analyzes publication patterns and does not investigate physical injuries from external causes, including accidents, violence, self-harm, or conflict.","Comprehensive analysis result was made based on the overall output of literature, academic attention trend, literature distribution and growth trend.",0.00,99.33,2026-09-09_09-59-56_pruned_taxonomy_topdown
347011,a2382563-97d5-44e3-a1fe-22584b6a15ea,Information mining and comparison analysis of PM2.5 periodical paper both in English and Chinese in China,198,Digestive diseases,True,,,,,False,False,No annotation with this attribute found: reverting to default,,0.00,0.00,2026-09-09_09-59-56_pruned_taxonomy_topdown
4049454059,aaca8483-a725-4815-84fb-539f5a063494,Reply on RC2,36,Coal,True,,,,,False,False,The study concerns carbon sequestration in coastal vegetated ecosystems and does not address coal use or combustion.,,0.00,0.00,2026-09-09_09-59-56_pruned_taxonomy_topdown
4049454059,aaca8483-a725-4815-84fb-539f5a063494,Reply on RC2,35,(Unspecified) fossil fuels,True,,,,,False,False,The abstract does not discuss fossil fuel use or combustion in general; it focuses on biological carbon storage and coastal ecosystem restoration.,,0.00,0.00,2026-09-09_09-59-56_pruned_taxonomy_topdown
4049454059,aaca8483-a725-4815-84fb-539f5a063494,Reply on RC2,38,Oil,True,,,,,False,False,"The study does not address liquid fossil fuels such as petroleum, petrol, diesel, or jet fuel.",,0.00,0.00,2026-09-09_09-59-56_pruned_taxonomy_topdown
4049454059,aaca8483-a725-4815-84fb-539f5a063494,Reply on RC2,37,Natural gas,True,,,,,False,False,"The study does not address natural gas, methane-based fossil fuel use, or methane leakage.",,0.00,0.00,2026-09-09_09-59-56_pruned_taxonomy_topdown
4049454059,aaca8483-a725-4815-84fb-539f5a063494,Reply on RC2,17,(Unspecified) greenhouse gases,True,,,,,False,False,The study focuses on carbon sequestration and explicitly identifies carbon dioxide rather than discussing greenhouse gases collectively without specifying a gas type.,,0.00,0.00,2026-09-09_09-59-56_pruned_taxonomy_topdown
4049454059,aaca8483-a725-4815-84fb-539f5a063494,Reply on RC2,18,Carbon dioxide (CO₂),True,,,,,True,True,Carbon dioxide is a central subject of the study because the ecosystems are examined for their role in fixing and storing carbon dioxide.,"""plant ecosystems that fix carbon dioxide""",0.00,95.24,2026-09-09_09-59-56_pruned_taxonomy_topdown
4049454059,aaca8483-a725-4815-84fb-539f5a063494,Reply on RC2,22,Ozone-depleting substances / chlorofluorocarbons / hydrochlorofluorocarbons / halons / carbon tetrachloride / methyl chloroform,True,,,,,False,False,The abstract does not discuss ozone-depleting compounds regulated under the Montreal Protocol.,,0.00,0.00,2026-09-09_09-59-56_pruned_taxonomy_topdown
4049454059,aaca8483-a725-4815-84fb-539f5a063494,Reply on RC2,19,Fluorinated gases / hydrofluorocarbons / perfluorocarbons / sulfur hexafluoride / nitrogen trifluoride,True,,,,,False,False,The study does not concern synthetic industrial greenhouse gases such as fluorinated gases used in refrigeration or electronics.,,0.00,0.00,2026-09-09_09-59-56_pruned_taxonomy_topdown
4049454059,aaca8483-a725-4815-84fb-539f5a063494,Reply on RC2,20,Methane (CH₄),True,,,,,False,False,"Methane emissions from livestock, rice cultivation, landfills, or fossil fuel extraction are not addressed.",,0.00,0.00,2026-09-09_09-59-56_pruned_taxonomy_topdown
4049454059,aaca8483-a725-4815-84fb-539f5a063494,Reply on RC2,21,Nitrous oxide (N₂O),True,,,,,False,False,"The abstract does not discuss nitrous oxide emissions from agricultural soils, livestock, or nitrogen fertilisers.",,0.00,0.00,2026-09-09_09-59-56_pruned_taxonomy_topdown
4049454059,aaca8483-a725-4815-84fb-539f5a063494,Reply on RC2,23,Particulate matter (PM10) / fine particulate matter (PM2.5) / black/organic carbon / sulfate/nitrate aerosols,True,,,,,False,False,"Particulate matter or airborne particles are not studied as an exposure, outcome, or climate pollutant.",,0.00,0.00,2026-09-09_09-59-56_pruned_taxonomy_topdown
4049454059,aaca8483-a725-4815-84fb-539f5a063494,Reply on RC2,24,Tropospheric ozone (O₃),True,,,,,False,False,"The study does not address ground-level ozone formation, nitrogen oxides, volatile organic compounds, or respiratory health effects.",,0.00,0.00,2026-09-09_09-59-56_pruned_taxonomy_topdown
4049454059,aaca8483-a725-4815-84fb-539f5a063494,Reply on RC2,26,Extreme cold,True,,,,,False,False,"The study concerns carbon sequestration in coastal vegetated ecosystems and does not examine unusually low temperatures, cold snaps, blizzards, or cold-related health risks.",,0.00,0.00,2026-09-09_09-59-56_pruned_taxonomy_topdown
4049454059,aaca8483-a725-4815-84fb-539f5a063494,Reply on RC2,27,Extreme heat,True,,,,,False,False,"The study does not investigate high temperatures, heatwaves, or heat-related health outcomes.",,0.00,0.00,2026-09-09_09-59-56_pruned_taxonomy_topdown
4049454059,aaca8483-a725-4815-84fb-539f5a063494,Reply on RC2,28,Extreme precipitation,True,,,,,False,False,"Although coastal flow and sediment accumulation are discussed, the study does not focus on unusually intense or prolonged precipitation events or their impacts.",,0.00,0.00,2026-09-09_09-59-56_pruned_taxonomy_topdown
4049454059,aaca8483-a725-4815-84fb-539f5a063494,Reply on RC2,30,Floods,True,,,,,False,False,Flooding or temporary inundation is not studied; the focus is carbon storage and sediment stabilization in coastal ecosystems.,,0.00,0.00,2026-09-09_09-59-56_pruned_taxonomy_topdown
4049454059,aaca8483-a725-4815-84fb-539f5a063494,Reply on RC2,33,Wildfires,True,,,,,False,False,"The study does not address uncontrolled vegetation fires, wildfire smoke, or associated air-pollution health impacts.",,0.00,0.00,2026-09-09_09-59-56_pruned_taxonomy_topdown
4049454059,aaca8483-a725-4815-84fb-539f5a063494,Reply on RC2,25,Droughts,True,,,,,False,False,"The study does not examine prolonged water deficits, drought, water availability, or drought-related health, livelihood, or ecological impacts.",,0.00,0.00,2026-09-09_09-59-56_pruned_taxonomy_topdown
4049454059,aaca8483-a725-4815-84fb-539f5a063494,Reply on RC2,29,Extreme snow/ice events,True,,,,,False,False,"Snow, ice, blizzards, freezing rain, and related impacts are not part of the study.",,0.00,0.00,2026-09-09_09-59-56_pruned_taxonomy_topdown
4049454059,aaca8483-a725-4815-84fb-539f5a063494,Reply on RC2,31,Sand and dust storms,True,,,,,False,False,"The study does not investigate wind-driven sand or dust events, air quality, or visibility impacts.",,0.00,0.00,2026-09-09_09-59-56_pruned_taxonomy_topdown
4049454059,aaca8483-a725-4815-84fb-539f5a063494,Reply on RC2,32,Storms and severe wind,True,,,,,False,False,"Tropical cyclones, hurricanes, typhoons, severe thunderstorms, hailstorms, and their impacts are not examined.",,0.00,0.00,2026-09-09_09-59-56_pruned_taxonomy_topdown
4049454059,aaca8483-a725-4815-84fb-539f5a063494,Reply on RC2,34,Z_(Unspecified) extreme weather events,True,,,,,False,False,The study does not address extreme weather events in general; it focuses on carbon sequestration processes in coastal vegetated ecosystems.,,0.00,0.00,2026-09-09_09-59-56_pruned_taxonomy_topdown
4049454059,aaca8483-a725-4815-84fb-539f5a063494,Reply on RC2,493,Attribution,True,,,,,False,False,No annotation with this attribute found: reverting to default,,0.00,0.00,2026-09-09_09-59-56_pruned_taxonomy_topdown
4049454059,aaca8483-a725-4815-84fb-539f5a063494,Reply on RC2,487,Adaptation,True,,,,,False,False,"The study focuses on carbon sequestration and ecosystem restoration as climate mitigation, while coastal protection is mentioned as a co-benefit rather than as an adaptation strategy or outcome.",,0.00,0.00,2026-09-09_09-59-56_pruned_taxonomy_topdown
4049454059,aaca8483-a725-4815-84fb-539f5a063494,Reply on RC2,490,Maladaptation,True,,,,,False,False,No annotation with this attribute found: reverting to default,,0.00,0.00,2026-09-09_09-59-56_pruned_taxonomy_topdown
4049454059,aaca8483-a725-4815-84fb-539f5a063494,Reply on RC2,495,Loss and damage,True,,,,,False,False,No annotation with this attribute found: reverting to default,,0.00,0.00,2026-09-09_09-59-56_pruned_taxonomy_topdown
4049454059,aaca8483-a725-4815-84fb-539f5a063494,Reply on RC2,492,Resilience,True,,,,,False,False,No annotation with this attribute found: reverting to default,,0.00,0.00,2026-09-09_09-59-56_pruned_taxonomy_topdown
4049454059,aaca8483-a725-4815-84fb-539f5a063494,Reply on RC2,489,Mitigation,True,,,,,True,True,"The study directly investigates carbon sequestration by mangroves, seagrass meadows, and saltmarshes, which is relevant to reducing atmospheric carbon dioxide and mitigating climate change.",Coastal vegetated ecosystems are key-nature based solutions for climate change mitigation.,0.00,100.00,2026-09-09_09-59-56_pruned_taxonomy_topdown
4049454059,aaca8483-a725-4815-84fb-539f5a063494,Reply on RC2,491,Preparedness,True,,,,,False,False,No annotation with this attribute found: reverting to default,,0.00,0.00,2026-09-09_09-59-56_pruned_taxonomy_topdown
4049454059,aaca8483-a725-4815-84fb-539f5a063494,Reply on RC2,494,Future impact,True,,,,,False,False,No annotation with this attribute found: reverting to default,,0.00,0.00,2026-09-09_09-59-56_pruned_taxonomy_topdown
4049454059,aaca8483-a725-4815-84fb-539f5a063494,Reply on RC2,496,Co-Benefits,True,,,,,True,True,"The study focuses on carbon sequestration as a climate mitigation action and identifies additional environmental benefits of restoring coastal vegetated ecosystems, specifically coastal protection and enhanced biodiversity.","""the restoration of plant ecosystems that fix carbon dioxide, protect coasts and enhance biodiversity""",0.00,98.04,2026-09-09_09-59-56_pruned_taxonomy_topdown
4049454059,aaca8483-a725-4815-84fb-539f5a063494,Reply on RC2,488,Impact,True,,,,,False,False,The study does not characterize effects or harms caused by climate variables or climate-related extreme events; it examines carbon storage and stabilization in coastal ecosystems.,,0.00,0.00,2026-09-09_09-59-56_pruned_taxonomy_topdown
4049454059,aaca8483-a725-4815-84fb-539f5a063494,Reply on RC2,6,(Unspecified) changes in weather,True,,,,,False,False,The study does not investigate broad changes in weather patterns or weather variability; it focuses on carbon sequestration in coastal vegetated ecosystems.,,0.00,0.00,2026-09-09_09-59-56_pruned_taxonomy_topdown
4049454059,aaca8483-a725-4815-84fb-539f5a063494,Reply on RC2,15,Changes in wind speed,True,,,,,False,False,"Wind patterns or wind velocity are not examined as an exposure, mechanism, or outcome.",,0.00,0.00,2026-09-09_09-59-56_pruned_taxonomy_topdown
4049454059,aaca8483-a725-4815-84fb-539f5a063494,Reply on RC2,13,Changes in season length,True,,,,,False,False,The study does not address changes in season duration or seasonal timing.,,0.00,0.00,2026-09-09_09-59-56_pruned_taxonomy_topdown
4049454059,aaca8483-a725-4815-84fb-539f5a063494,Reply on RC2,7,(Unspecified) climate change,True,,,,,False,False,"Although climate change is mentioned as a mitigation context, the study does not investigate climate change as a general exposure or driver; it focuses on ecosystem carbon sequestration.",,0.00,0.00,2026-09-09_09-59-56_pruned_taxonomy_topdown
4049454059,aaca8483-a725-4815-84fb-539f5a063494,Reply on RC2,16,Climate variability,True,,,,,False,False,No climate variability or fluctuations in climate statistics are studied.,,0.00,0.00,2026-09-09_09-59-56_pruned_taxonomy_topdown
4049454059,aaca8483-a725-4815-84fb-539f5a063494,Reply on RC2,9,Changes in humidity,True,,,,,False,False,Atmospheric moisture or humidity is not addressed.,,0.00,0.00,2026-09-09_09-59-56_pruned_taxonomy_topdown
4049454059,aaca8483-a725-4815-84fb-539f5a063494,Reply on RC2,12,Changes in sea level,True,,,,,False,False,"Sea-level rise is not studied; the coastal setting concerns vegetation, sediment stabilization, and carbon storage.",,0.00,0.00,2026-09-09_09-59-56_pruned_taxonomy_topdown
4049454059,aaca8483-a725-4815-84fb-539f5a063494,Reply on RC2,11,Changes in precipitation,True,,,,,False,False,Rainfall or snowfall changes are not examined.,,0.00,0.00,2026-09-09_09-59-56_pruned_taxonomy_topdown
4049454059,aaca8483-a725-4815-84fb-539f5a063494,Reply on RC2,10,Changes in inland water bodies,True,,,,,False,False,The study does not investigate climate-driven changes in freshwater systems or hydrological patterns.,,0.00,0.00,2026-09-09_09-59-56_pruned_taxonomy_topdown
4049454059,aaca8483-a725-4815-84fb-539f5a063494,Reply on RC2,14,Changes in temperature,True,,,,,False,False,Temperature changes or warming trends are not investigated.,,0.00,0.00,2026-09-09_09-59-56_pruned_taxonomy_topdown
4049454059,aaca8483-a725-4815-84fb-539f5a063494,Reply on RC2,8,Changes in glacier / snow melt,True,,,,,False,False,Glacier or snowpack melting is not relevant to the study's focus on coastal vegetated ecosystems and carbon sequestration.,,0.00,0.00,2026-09-09_09-59-56_pruned_taxonomy_topdown
4049454059,aaca8483-a725-4815-84fb-539f5a063494,Reply on RC2,476,Education (Sector),True,,,,,False,False,"The study concerns coastal vegetated ecosystems and carbon sequestration, not formal or informal education systems.",,0.00,0.00,2026-09-09_09-59-56_pruned_taxonomy_topdown
4049454059,aaca8483-a725-4815-84fb-539f5a063494,Reply on RC2,485,Transportation (Sector),True,,,,,False,False,"Transport systems, infrastructure, vehicles, and logistics are not subjects of the study.",,0.00,0.00,2026-09-09_09-59-56_pruned_taxonomy_topdown
4049454059,aaca8483-a725-4815-84fb-539f5a063494,Reply on RC2,483,Public administration (Sector),True,,,,,False,False,"Government agencies, public administration, and public-sector operations are not examined.",,0.00,0.00,2026-09-09_09-59-56_pruned_taxonomy_topdown
4049454059,aaca8483-a725-4815-84fb-539f5a063494,Reply on RC2,479,Healthcare (Sector),True,,,,,False,False,"The study does not concern medical care, public health services, or health infrastructure.",,0.00,0.00,2026-09-09_09-59-56_pruned_taxonomy_topdown
4049454059,aaca8483-a725-4815-84fb-539f5a063494,Reply on RC2,486,"Water, sanitation, and waste management (Sector)",True,,,,,False,False,"Water supply, sewage treatment, and solid waste management are not addressed.",,0.00,0.00,2026-09-09_09-59-56_pruned_taxonomy_topdown
4049454059,aaca8483-a725-4815-84fb-539f5a063494,Reply on RC2,475,Buildings / housing (Sector),True,,,,,False,False,"Buildings, housing, construction, and the built environment are not study subjects.",,0.00,0.00,2026-09-09_09-59-56_pruned_taxonomy_topdown
4049454059,aaca8483-a725-4815-84fb-539f5a063494,Reply on RC2,478,Finance (Sector),True,,,,,False,False,"Banking, insurance, investment, and financial services are not examined.",,0.00,0.00,2026-09-09_09-59-56_pruned_taxonomy_topdown
4049454059,aaca8483-a725-4815-84fb-539f5a063494,Reply on RC2,484,Social protection (Sector),True,,,,,False,False,"The study does not address social safety nets, welfare services, or support systems for vulnerable populations.",,0.00,0.00,2026-09-09_09-59-56_pruned_taxonomy_topdown
4049454059,aaca8483-a725-4815-84fb-539f5a063494,Reply on RC2,481,Information and communications technologies (Sector),True,,,,,False,False,"Telecommunications, digital infrastructure, and information technology are not involved as a study focus.",,0.00,0.00,2026-09-09_09-59-56_pruned_taxonomy_topdown
4049454059,aaca8483-a725-4815-84fb-539f5a063494,Reply on RC2,480,"Industry, trade, and services (Sector)",True,,,,,False,False,"Manufacturing, retail, wholesale trade, and commercial services are not addressed.",,0.00,0.00,2026-09-09_09-59-56_pruned_taxonomy_topdown
4049454059,aaca8483-a725-4815-84fb-539f5a063494,Reply on RC2,477,Energy and extractives (Sector),True,,,,,False,False,"Although the study concerns carbon sequestration and climate-change mitigation, it does not examine electricity generation, fuel production, or resource extraction.",,0.00,0.00,2026-09-09_09-59-56_pruned_taxonomy_topdown
4049454059,aaca8483-a725-4815-84fb-539f5a063494,Reply on RC2,482,Military (Sector),True,,,,,False,False,Military and defense activities are not relevant to the study.,,0.00,0.00,2026-09-09_09-59-56_pruned_taxonomy_topdown
4049454059,aaca8483-a725-4815-84fb-539f5a063494,Reply on RC2,474,"Agriculture, fishing, and forestry (Sector)",True,,,,,False,False,"The study examines natural coastal ecosystems rather than crop cultivation, livestock, aquaculture, fishing, or forest management.",,0.00,0.00,2026-09-09_09-59-56_pruned_taxonomy_topdown
4049454059,aaca8483-a725-4815-84fb-539f5a063494,Reply on RC2,431,Z_Other evidence synthesis type,True,,,,,False,False,No annotation with this attribute found: reverting to default,,0.00,0.00,2026-09-09_09-59-56_pruned_taxonomy_topdown
4049454059,aaca8483-a725-4815-84fb-539f5a063494,Reply on RC2,427,Health technology assessment (HTA),True,,,,,False,False,No annotation with this attribute found: reverting to default,,0.00,0.00,2026-09-09_09-59-56_pruned_taxonomy_topdown
4049454059,aaca8483-a725-4815-84fb-539f5a063494,Reply on RC2,428,Meta-analysis (unsystematic),True,,,,,False,False,No annotation with this attribute found: reverting to default,,0.00,0.00,2026-09-09_09-59-56_pruned_taxonomy_topdown
4049454059,aaca8483-a725-4815-84fb-539f5a063494,Reply on RC2,390,(Quasi-)Experimental / single-group designs,True,,,,,False,False,The study does not apply an intervention to a single group; it analyzes sediment cores from existing coastal ecosystems.,,0.00,0.00,2026-09-09_09-59-56_pruned_taxonomy_topdown
4049454059,aaca8483-a725-4815-84fb-539f5a063494,Reply on RC2,397,Z_Other study design,True,,,,,False,False,"The study is captured by a descriptive primary research design, so the residual category for designs outside the specified categories does not apply.",,0.00,0.00,2026-09-09_09-59-56_pruned_taxonomy_topdown
4049454059,aaca8483-a725-4815-84fb-539f5a063494,Reply on RC2,394,Observational / group comparison designs,True,,,,,False,False,"Although samples came from different coastal ecosystems, the abstract does not describe comparison of health or other outcomes between groups defined by exposure status.",,0.00,0.00,2026-09-09_09-59-56_pruned_taxonomy_topdown
4049454059,aaca8483-a725-4815-84fb-539f5a063494,Reply on RC2,393,Modelling / simulation,True,,,,,False,False,"No mathematical, statistical, or computational modelling is used; the study relies on sediment sampling and laboratory antibody analyses.",,0.00,0.00,2026-09-09_09-59-56_pruned_taxonomy_topdown
4049454059,aaca8483-a725-4815-84fb-539f5a063494,Reply on RC2,387,1. Primary research,True,,,,,True,True,This is an original research study that collects and analyses data from 93 sediment cores using biochemical proxies and monoclonal antibodies.,We used algal and plant glycans as carbon sequestration proxy to trace the input and stabilization from source to sink and found those molecules in 93 sediment cores across different coastal vegetated ecosystems,0.00,100.00,2026-09-09_09-59-56_pruned_taxonomy_topdown
4049454059,aaca8483-a725-4815-84fb-539f5a063494,Reply on RC2,395,Observational / single-group designs,True,,,,,False,False,The study does not track outcomes over time in a single group or use temporal patterns for inference.,,0.00,0.00,2026-09-09_09-59-56_pruned_taxonomy_topdown
4049454059,aaca8483-a725-4815-84fb-539f5a063494,Reply on RC2,430,Systematic reviews,True,,,,,False,False,No annotation with this attribute found: reverting to default,,0.00,0.00,2026-09-09_09-59-56_pruned_taxonomy_topdown
4049454059,aaca8483-a725-4815-84fb-539f5a063494,Reply on RC2,392,Mixed-methods,True,,,,,False,False,The study uses laboratory and field-based quantitative analyses and does not combine quantitative and qualitative data.,,0.00,0.00,2026-09-09_09-59-56_pruned_taxonomy_topdown
4049454059,aaca8483-a725-4815-84fb-539f5a063494,Reply on RC2,396,Qualitative designs,True,,,,,False,False,"There is no qualitative data collection or analysis concerning meanings, experiences, or contextual factors.",,0.00,0.00,2026-09-09_09-59-56_pruned_taxonomy_topdown
4049454059,aaca8483-a725-4815-84fb-539f5a063494,Reply on RC2,426,Guideline (clinical or public health),True,,,,,False,False,No annotation with this attribute found: reverting to default,,0.00,0.00,2026-09-09_09-59-56_pruned_taxonomy_topdown
4049454059,aaca8483-a725-4815-84fb-539f5a063494,Reply on RC2,389,(Quasi-)Experimental / group comparison designs,True,,,,,False,False,"No intervention, randomisation, control group, or comparison group is described.",,0.00,0.00,2026-09-09_09-59-56_pruned_taxonomy_topdown
4049454059,aaca8483-a725-4815-84fb-539f5a063494,Reply on RC2,391,Descriptive / single-group designs,True,,,,,True,True,"The study primarily describes the presence and distribution of carbon-related algal and plant glycans in sediment cores from coastal vegetated ecosystems, without intervention or temporal manipulation.",we used algal and plant glycans as carbon sequestration proxy to trace the input and stabilization from source to sink and found those molecules in 93 sediment cores across different coastal vegetated ecosystems,0.00,99.53,2026-09-09_09-59-56_pruned_taxonomy_topdown
4049454059,aaca8483-a725-4815-84fb-539f5a063494,Reply on RC2,388,2. Evidence synthesis,True,,,,,False,False,"The study reports newly collected empirical data rather than reviewing, synthesising, or mapping findings from existing studies or literature.",,0.00,0.00,2026-09-09_09-59-56_pruned_taxonomy_topdown
4049454059,aaca8483-a725-4815-84fb-539f5a063494,Reply on RC2,429,Narrative review,True,,,,,False,False,No annotation with this attribute found: reverting to default,,0.00,0.00,2026-09-09_09-59-56_pruned_taxonomy_topdown
4049454059,aaca8483-a725-4815-84fb-539f5a063494,Reply on RC2,202,Neurological disorders,True,,,,,False,False,No annotation with this attribute found: reverting to default,,0.00,0.00,2026-09-09_09-59-56_pruned_taxonomy_topdown
4049454059,aaca8483-a725-4815-84fb-539f5a063494,Reply on RC2,116,1.1. Total / all-cause mortality (Outcome),True,,,,,False,False,No annotation with this attribute found: reverting to default,,0.00,0.00,2026-09-09_09-59-56_pruned_taxonomy_topdown
4049454059,aaca8483-a725-4815-84fb-539f5a063494,Reply on RC2,196,Chronic respiratory diseases,True,,,,,False,False,No annotation with this attribute found: reverting to default,,0.00,0.00,2026-09-09_09-59-56_pruned_taxonomy_topdown
4049454059,aaca8483-a725-4815-84fb-539f5a063494,Reply on RC2,206,Z_Other non-communicable diseases,True,,,,,False,False,No annotation with this attribute found: reverting to default,,0.00,0.00,2026-09-09_09-59-56_pruned_taxonomy_topdown
4049454059,aaca8483-a725-4815-84fb-539f5a063494,Reply on RC2,117,"1.2. Communicable, maternal, neonatal, and nutritional mortality",True,,,,,False,False,No annotation with this attribute found: reverting to default,,0.00,0.00,2026-09-09_09-59-56_pruned_taxonomy_topdown
4049454059,aaca8483-a725-4815-84fb-539f5a063494,Reply on RC2,199,Mental disorders,True,,,,,False,False,No annotation with this attribute found: reverting to default,,0.00,0.00,2026-09-09_09-59-56_pruned_taxonomy_topdown
4049454059,aaca8483-a725-4815-84fb-539f5a063494,Reply on RC2,204,Skin and subcutaneous diseases,True,,,,,False,False,No annotation with this attribute found: reverting to default,,0.00,0.00,2026-09-09_09-59-56_pruned_taxonomy_topdown
4049454059,aaca8483-a725-4815-84fb-539f5a063494,Reply on RC2,134,HIV/AIDS and sexually transmitted infections,True,,,,,False,False,No annotation with this attribute found: reverting to default,,0.00,0.00,2026-09-09_09-59-56_pruned_taxonomy_topdown
4049454059,aaca8483-a725-4815-84fb-539f5a063494,Reply on RC2,137,Nutritional deficiencies,True,,,,,False,False,No annotation with this attribute found: reverting to default,,0.00,0.00,2026-09-09_09-59-56_pruned_taxonomy_topdown
4049454059,aaca8483-a725-4815-84fb-539f5a063494,Reply on RC2,200,Musculoskeletal disorders,True,,,,,False,False,No annotation with this attribute found: reverting to default,,0.00,0.00,2026-09-09_09-59-56_pruned_taxonomy_topdown
4049454059,aaca8483-a725-4815-84fb-539f5a063494,Reply on RC2,139,Z_Other infectious diseases,True,,,,,False,False,No annotation with this attribute found: reverting to default,,0.00,0.00,2026-09-09_09-59-56_pruned_taxonomy_topdown
4049454059,aaca8483-a725-4815-84fb-539f5a063494,Reply on RC2,289,Transport injuries,True,,,,,False,False,No annotation with this attribute found: reverting to default,,0.00,0.00,2026-09-09_09-59-56_pruned_taxonomy_topdown
4049454059,aaca8483-a725-4815-84fb-539f5a063494,Reply on RC2,135,Maternal and neonatal disorders,True,,,,,False,False,No annotation with this attribute found: reverting to default,,0.00,0.00,2026-09-09_09-59-56_pruned_taxonomy_topdown
4049454059,aaca8483-a725-4815-84fb-539f5a063494,Reply on RC2,136,Neglected tropical diseases and malaria,True,,,,,False,False,No annotation with this attribute found: reverting to default,,0.00,0.00,2026-09-09_09-59-56_pruned_taxonomy_topdown
4049454059,aaca8483-a725-4815-84fb-539f5a063494,Reply on RC2,195,Cardiovascular diseases,True,,,,,False,False,No annotation with this attribute found: reverting to default,,0.00,0.00,2026-09-09_09-59-56_pruned_taxonomy_topdown
4049454059,aaca8483-a725-4815-84fb-539f5a063494,Reply on RC2,288,Self-harm and interpersonal violence,True,,,,,False,False,No annotation with this attribute found: reverting to default,,0.00,0.00,2026-09-09_09-59-56_pruned_taxonomy_topdown
4049454059,aaca8483-a725-4815-84fb-539f5a063494,Reply on RC2,114,3. Non-communicable diseases,True,,,,,False,False,The study concerns carbon sequestration in coastal vegetated ecosystems and does not examine chronic non-infectious diseases.,,0.00,0.00,2026-09-09_09-59-56_pruned_taxonomy_topdown
4049454059,aaca8483-a725-4815-84fb-539f5a063494,Reply on RC2,112,1. Mortality (Outcome),True,,,,,False,False,"The abstract does not address deaths, mortality, causes of death, or fatal disease burden.",,0.00,0.00,2026-09-09_09-59-56_pruned_taxonomy_topdown
4049454059,aaca8483-a725-4815-84fb-539f5a063494,Reply on RC2,138,Respiratory infections and tuberculosis,True,,,,,False,False,No annotation with this attribute found: reverting to default,,0.00,0.00,2026-09-09_09-59-56_pruned_taxonomy_topdown
4049454059,aaca8483-a725-4815-84fb-539f5a063494,Reply on RC2,290,Unintentional injuries,True,,,,,False,False,No annotation with this attribute found: reverting to default,,0.00,0.00,2026-09-09_09-59-56_pruned_taxonomy_topdown
4049454059,aaca8483-a725-4815-84fb-539f5a063494,Reply on RC2,113,"2. Communicable, maternal, neonatal, and nutritional diseases",True,,,,,False,False,"The study focuses on coastal vegetation, sediment, and carbon storage, with no investigation of infectious, maternal, neonatal, or nutritional diseases.",,0.00,0.00,2026-09-09_09-59-56_pruned_taxonomy_topdown
4049454059,aaca8483-a725-4815-84fb-539f5a063494,Reply on RC2,133,Enteric infections,True,,,,,False,False,No annotation with this attribute found: reverting to default,,0.00,0.00,2026-09-09_09-59-56_pruned_taxonomy_topdown
4049454059,aaca8483-a725-4815-84fb-539f5a063494,Reply on RC2,201,Neoplasms,True,,,,,False,False,No annotation with this attribute found: reverting to default,,0.00,0.00,2026-09-09_09-59-56_pruned_taxonomy_topdown
4049454059,aaca8483-a725-4815-84fb-539f5a063494,Reply on RC2,118,1.3. Non-communicable mortality,True,,,,,False,False,No annotation with this attribute found: reverting to default,,0.00,0.00,2026-09-09_09-59-56_pruned_taxonomy_topdown
4049454059,aaca8483-a725-4815-84fb-539f5a063494,Reply on RC2,205,Substance use disorders,True,,,,,False,False,No annotation with this attribute found: reverting to default,,0.00,0.00,2026-09-09_09-59-56_pruned_taxonomy_topdown
4049454059,aaca8483-a725-4815-84fb-539f5a063494,Reply on RC2,197,Diabetes and kidney diseases,True,,,,,False,False,No annotation with this attribute found: reverting to default,,0.00,0.00,2026-09-09_09-59-56_pruned_taxonomy_topdown
4049454059,aaca8483-a725-4815-84fb-539f5a063494,Reply on RC2,203,Sense organ diseases,True,,,,,False,False,No annotation with this attribute found: reverting to default,,0.00,0.00,2026-09-09_09-59-56_pruned_taxonomy_topdown
4049454059,aaca8483-a725-4815-84fb-539f5a063494,Reply on RC2,115,4. Injuries,True,,,,,False,False,"Although coastal ecosystems may protect coasts, the study does not examine physical injuries, violence, self-harm, conflict, or other external-cause harms to people.",,0.00,0.00,2026-09-09_09-59-56_pruned_taxonomy_topdown
4049454059,aaca8483-a725-4815-84fb-539f5a063494,Reply on RC2,198,Digestive diseases,True,,,,,False,False,No annotation with this attribute found: reverting to default,,0.00,0.00,2026-09-09_09-59-56_pruned_taxonomy_topdown
315068,afb1577d-9687-4130-8677-746fc7d16c41,"Analysis of transported pollution and haze-related diseases via HYSPLIT Trajectory Modelling in the urbanized area of Johor, Malaysia",36,Coal,True,,,,,False,False,"The study focuses on haze from forest fires, air pollution, and related health effects; it does not concern coal or coal combustion.",,0.00,0.00,2026-09-09_09-59-56_pruned_taxonomy_topdown
315068,afb1577d-9687-4130-8677-746fc7d16c41,"Analysis of transported pollution and haze-related diseases via HYSPLIT Trajectory Modelling in the urbanized area of Johor, Malaysia",35,(Unspecified) fossil fuels,True,,,,,False,False,"Although the study discusses air pollutants and haze, it does not identify fossil fuel use or combustion as an exposure or study focus.",,0.00,0.00,2026-09-09_09-59-56_pruned_taxonomy_topdown
315068,afb1577d-9687-4130-8677-746fc7d16c41,"Analysis of transported pollution and haze-related diseases via HYSPLIT Trajectory Modelling in the urbanized area of Johor, Malaysia",38,Oil,True,,,,,False,False,"The study does not address petroleum, liquid fossil fuels, transport fuel, or their combustion.",,0.00,0.00,2026-09-09_09-59-56_pruned_taxonomy_topdown
315068,afb1577d-9687-4130-8677-746fc7d16c41,"Analysis of transported pollution and haze-related diseases via HYSPLIT Trajectory Modelling in the urbanized area of Johor, Malaysia",37,Natural gas,True,,,,,False,False,"The study does not address natural gas, methane, or gas combustion; the haze is attributed to forest fires and wind-driven pollutant accumulation.",,0.00,0.00,2026-09-09_09-59-56_pruned_taxonomy_topdown
315068,afb1577d-9687-4130-8677-746fc7d16c41,"Analysis of transported pollution and haze-related diseases via HYSPLIT Trajectory Modelling in the urbanized area of Johor, Malaysia",17,(Unspecified) greenhouse gases,True,,,,,False,False,"The study concerns haze, air pollution, particulate matter, wind trajectories, and associated health outcomes, but does not examine greenhouse gases collectively.",,0.00,0.00,2026-09-09_09-59-56_pruned_taxonomy_topdown
315068,afb1577d-9687-4130-8677-746fc7d16c41,"Analysis of transported pollution and haze-related diseases via HYSPLIT Trajectory Modelling in the urbanized area of Johor, Malaysia",18,Carbon dioxide (CO₂),True,,,,,False,False,"Carbon dioxide is not identified as an exposure, pollutant, or study focus.",,0.00,0.00,2026-09-09_09-59-56_pruned_taxonomy_topdown
315068,afb1577d-9687-4130-8677-746fc7d16c41,"Analysis of transported pollution and haze-related diseases via HYSPLIT Trajectory Modelling in the urbanized area of Johor, Malaysia",22,Ozone-depleting substances / chlorofluorocarbons / hydrochlorofluorocarbons / halons / carbon tetrachloride / methyl chloroform,True,,,,,False,False,The study does not discuss ozone-depleting compounds regulated under the Montreal Protocol.,,0.00,0.00,2026-09-09_09-59-56_pruned_taxonomy_topdown
315068,afb1577d-9687-4130-8677-746fc7d16c41,"Analysis of transported pollution and haze-related diseases via HYSPLIT Trajectory Modelling in the urbanized area of Johor, Malaysia",19,Fluorinated gases / hydrofluorocarbons / perfluorocarbons / sulfur hexafluoride / nitrogen trifluoride,True,,,,,False,False,Industrial synthetic greenhouse gases such as fluorinated gases are not examined.,,0.00,0.00,2026-09-09_09-59-56_pruned_taxonomy_topdown
315068,afb1577d-9687-4130-8677-746fc7d16c41,"Analysis of transported pollution and haze-related diseases via HYSPLIT Trajectory Modelling in the urbanized area of Johor, Malaysia",20,Methane (CH₄),True,,,,,False,False,Methane emissions or methane exposure are not part of the study.,,0.00,0.00,2026-09-09_09-59-56_pruned_taxonomy_topdown
315068,afb1577d-9687-4130-8677-746fc7d16c41,"Analysis of transported pollution and haze-related diseases via HYSPLIT Trajectory Modelling in the urbanized area of Johor, Malaysia",21,Nitrous oxide (N₂O),True,,,,,False,False,Nitrous oxide from agriculture or fertiliser use is not discussed; the study focuses on haze and particulate air pollution.,,0.00,0.00,2026-09-09_09-59-56_pruned_taxonomy_topdown
315068,afb1577d-9687-4130-8677-746fc7d16c41,"Analysis of transported pollution and haze-related diseases via HYSPLIT Trajectory Modelling in the urbanized area of Johor, Malaysia",23,Particulate matter (PM10) / fine particulate matter (PM2.5) / black/organic carbon / sulfate/nitrate aerosols,True,,,,,True,True,Particulate matter accumulation is a central exposure in the study and is linked to poor air quality and respiratory and other health outcomes.,low wind heights below 2000m AGL in September cause particular matter accumulation over Malaysia,0.00,100.00,2026-09-09_09-59-56_pruned_taxonomy_topdown
315068,afb1577d-9687-4130-8677-746fc7d16c41,"Analysis of transported pollution and haze-related diseases via HYSPLIT Trajectory Modelling in the urbanized area of Johor, Malaysia",24,Tropospheric ozone (O₃),True,,,,,False,False,"Although air pollution and haze are studied, the abstract does not identify photochemically formed ozone or the nitrogen-oxide/volatile-organic-compound mechanism.",,0.00,0.00,2026-09-09_09-59-56_pruned_taxonomy_topdown
315068,afb1577d-9687-4130-8677-746fc7d16c41,"Analysis of transported pollution and haze-related diseases via HYSPLIT Trajectory Modelling in the urbanized area of Johor, Malaysia",26,Extreme cold,True,,,,,False,False,"The study does not examine unusually low temperatures, cold snaps, blizzards, or cold-related health effects.",,0.00,0.00,2026-09-09_09-59-56_pruned_taxonomy_topdown
315068,afb1577d-9687-4130-8677-746fc7d16c41,"Analysis of transported pollution and haze-related diseases via HYSPLIT Trajectory Modelling in the urbanized area of Johor, Malaysia",27,Extreme heat,True,,,,,False,False,The study does not concern periods of abnormally high temperature or heat-related illness and mortality.,,0.00,0.00,2026-09-09_09-59-56_pruned_taxonomy_topdown
315068,afb1577d-9687-4130-8677-746fc7d16c41,"Analysis of transported pollution and haze-related diseases via HYSPLIT Trajectory Modelling in the urbanized area of Johor, Malaysia",28,Extreme precipitation,True,,,,,False,False,"Rainfall, snowfall, and other unusually intense or prolonged precipitation are not a study exposure or focus.",,0.00,0.00,2026-09-09_09-59-56_pruned_taxonomy_topdown
315068,afb1577d-9687-4130-8677-746fc7d16c41,"Analysis of transported pollution and haze-related diseases via HYSPLIT Trajectory Modelling in the urbanized area of Johor, Malaysia",30,Floods,True,,,,,False,False,Flooding or temporary inundation is not examined.,,0.00,0.00,2026-09-09_09-59-56_pruned_taxonomy_topdown
315068,afb1577d-9687-4130-8677-746fc7d16c41,"Analysis of transported pollution and haze-related diseases via HYSPLIT Trajectory Modelling in the urbanized area of Johor, Malaysia",33,Wildfires,True,,,,,True,True,"The study investigates haze and air-pollution health effects associated with smoke from recurrent forest fires in Sumatra, making wildfire-related pollution a genuine focus.",Johor due to its close proximity to Sumatra which has been identified as one of the hotspots for frequent forest fires.,0.00,100.00,2026-09-09_09-59-56_pruned_taxonomy_topdown
315068,afb1577d-9687-4130-8677-746fc7d16c41,"Analysis of transported pollution and haze-related diseases via HYSPLIT Trajectory Modelling in the urbanized area of Johor, Malaysia",25,Droughts,True,,,,,False,False,"The study does not examine prolonged water deficits, drought, or reduced water availability.",,0.00,0.00,2026-09-09_09-59-56_pruned_taxonomy_topdown
315068,afb1577d-9687-4130-8677-746fc7d16c41,"Analysis of transported pollution and haze-related diseases via HYSPLIT Trajectory Modelling in the urbanized area of Johor, Malaysia",29,Extreme snow/ice events,True,,,,,False,False,Severe snow or ice conditions are not relevant to the Malaysian study setting or its exposures.,,0.00,0.00,2026-09-09_09-59-56_pruned_taxonomy_topdown
315068,afb1577d-9687-4130-8677-746fc7d16c41,"Analysis of transported pollution and haze-related diseases via HYSPLIT Trajectory Modelling in the urbanized area of Johor, Malaysia",31,Sand and dust storms,True,,,,,False,False,"Although wind trajectories are modeled, the study does not concern wind-driven sand or dust storms.",,0.00,0.00,2026-09-09_09-59-56_pruned_taxonomy_topdown
315068,afb1577d-9687-4130-8677-746fc7d16c41,"Analysis of transported pollution and haze-related diseases via HYSPLIT Trajectory Modelling in the urbanized area of Johor, Malaysia",32,Storms and severe wind,True,,,,,False,False,"Tropical cyclones, hurricanes, typhoons, thunderstorms, and hailstorms are not studied.",,0.00,0.00,2026-09-09_09-59-56_pruned_taxonomy_topdown
315068,afb1577d-9687-4130-8677-746fc7d16c41,"Analysis of transported pollution and haze-related diseases via HYSPLIT Trajectory Modelling in the urbanized area of Johor, Malaysia",34,Z_(Unspecified) extreme weather events,True,,,,,False,False,The study identifies the relevant source as forest-fire haze and air pollution rather than referring to an unspecified extreme weather event.,,0.00,0.00,2026-09-09_09-59-56_pruned_taxonomy_topdown
315068,afb1577d-9687-4130-8677-746fc7d16c41,"Analysis of transported pollution and haze-related diseases via HYSPLIT Trajectory Modelling in the urbanized area of Johor, Malaysia",493,Attribution,True,,,,,False,False,"Climate change attribution is not a substantive aim of the study. It investigates relationships between haze, particulate accumulation, air quality, and health outcomes in Malaysia using the HYSPLIT model.","The study examines haze formation, wind trajectories, air pollution, and associated health impacts, but does not establish a causal contribution of climate change.",0.00,49.50,2026-09-09_09-59-56_pruned_taxonomy_topdown
315068,afb1577d-9687-4130-8677-746fc7d16c41,"Analysis of transported pollution and haze-related diseases via HYSPLIT Trajectory Modelling in the urbanized area of Johor, Malaysia",487,Adaptation,True,,,,,False,False,"The study assesses haze-related air-pollution health risks and wind trajectories, but it does not investigate adaptation, preparedness, monitoring for climate-related hazards, or other responses to climate variability or change.",,0.00,0.00,2026-09-09_09-59-56_pruned_taxonomy_topdown
315068,afb1577d-9687-4130-8677-746fc7d16c41,"Analysis of transported pollution and haze-related diseases via HYSPLIT Trajectory Modelling in the urbanized area of Johor, Malaysia",490,Maladaptation,True,,,,,False,False,No annotation with this attribute found: reverting to default,,0.00,0.00,2026-09-09_09-59-56_pruned_taxonomy_topdown
315068,afb1577d-9687-4130-8677-746fc7d16c41,"Analysis of transported pollution and haze-related diseases via HYSPLIT Trajectory Modelling in the urbanized area of Johor, Malaysia",495,Loss and damage,True,,,,,False,False,"The abstract does not address unavoidable or irreversible consequences of climate change, nor impacts on livelihoods, cultural heritage, ecosystems, or infrastructure. It focuses on health risks from haze and air pollution.",,0.00,0.00,2026-09-09_09-59-56_pruned_taxonomy_topdown
315068,afb1577d-9687-4130-8677-746fc7d16c41,"Analysis of transported pollution and haze-related diseases via HYSPLIT Trajectory Modelling in the urbanized area of Johor, Malaysia",492,Resilience,True,,,,,False,False,No annotation with this attribute found: reverting to default,,0.00,0.00,2026-09-09_09-59-56_pruned_taxonomy_topdown
315068,afb1577d-9687-4130-8677-746fc7d16c41,"Analysis of transported pollution and haze-related diseases via HYSPLIT Trajectory Modelling in the urbanized area of Johor, Malaysia",489,Mitigation,True,,,,,False,False,"The study does not concern greenhouse-gas emissions, fossil fuels, or strategies to reduce emissions. Forest fires are discussed as the source of haze, but not as an emissions-mitigation topic.",,0.00,0.00,2026-09-09_09-59-56_pruned_taxonomy_topdown
315068,afb1577d-9687-4130-8677-746fc7d16c41,"Analysis of transported pollution and haze-related diseases via HYSPLIT Trajectory Modelling in the urbanized area of Johor, Malaysia",491,Preparedness,True,,,,,False,False,No annotation with this attribute found: reverting to default,,0.00,0.00,2026-09-09_09-59-56_pruned_taxonomy_topdown
315068,afb1577d-9687-4130-8677-746fc7d16c41,"Analysis of transported pollution and haze-related diseases via HYSPLIT Trajectory Modelling in the urbanized area of Johor, Malaysia",494,Future impact,True,,,,,False,False,"The study does not project future climate-related health, ecological, or societal effects using climate scenarios or long-term climate modelling. The HYSPLIT model is used to assess wind trajectories and haze formation during a selected period, not anticipated climate-change impacts.","Exposure to the haze pollutants may cause a diverse range of health impacts including symptoms that lead to treatment-seeking behavior, outpatient and emergency department visits, and hospitalization for moderate and severe cases and mortality for the worst-case scenarios.",0.00,100.00,2026-09-09_09-59-56_pruned_taxonomy_topdown
315068,afb1577d-9687-4130-8677-746fc7d16c41,"Analysis of transported pollution and haze-related diseases via HYSPLIT Trajectory Modelling in the urbanized area of Johor, Malaysia",496,Co-Benefits,True,,,,,False,False,No annotation with this attribute found: reverting to default,,0.00,0.00,2026-09-09_09-59-56_pruned_taxonomy_topdown
315068,afb1577d-9687-4130-8677-746fc7d16c41,"Analysis of transported pollution and haze-related diseases via HYSPLIT Trajectory Modelling in the urbanized area of Johor, Malaysia",488,Impact,True,,,,,True,True,"The study examines how a meteorological variable, wind movement, contributes to haze formation and resulting air-pollution exposure, including health outcomes such as conjunctivitis, upper respiratory tract infections, asthma, and treatment or hospitalization. This fits effects of a climate-related variable modifying exposure to another hazard.",HYSPLIT model indicates the trajectory of the wind at different heights to help us understand how wind movement during the selected time of the year causes haze formation.,0.00,100.00,2026-09-09_09-59-56_pruned_taxonomy_topdown
315068,afb1577d-9687-4130-8677-746fc7d16c41,"Analysis of transported pollution and haze-related diseases via HYSPLIT Trajectory Modelling in the urbanized area of Johor, Malaysia",6,(Unspecified) changes in weather,True,,,,,False,False,"The study focuses on haze and wind movement rather than broad, nonspecific changes in weather patterns.",,0.00,0.00,2026-09-09_09-59-56_pruned_taxonomy_topdown
315068,afb1577d-9687-4130-8677-746fc7d16c41,"Analysis of transported pollution and haze-related diseases via HYSPLIT Trajectory Modelling in the urbanized area of Johor, Malaysia",15,Changes in wind speed,True,,,,,True,True,"Wind trajectory, height, and low wind conditions are central to explaining particulate accumulation and haze-related health impacts.",HYSPLIT model indicates the trajectory of the wind at different heights to help us understand how wind movement during the selected time of the year causes haze formation.,0.00,100.00,2026-09-09_09-59-56_pruned_taxonomy_topdown
315068,afb1577d-9687-4130-8677-746fc7d16c41,"Analysis of transported pollution and haze-related diseases via HYSPLIT Trajectory Modelling in the urbanized area of Johor, Malaysia",13,Changes in season length,True,,,,,False,False,The study does not examine changes in season duration or seasonal onset.,,0.00,0.00,2026-09-09_09-59-56_pruned_taxonomy_topdown
315068,afb1577d-9687-4130-8677-746fc7d16c41,"Analysis of transported pollution and haze-related diseases via HYSPLIT Trajectory Modelling in the urbanized area of Johor, Malaysia",7,(Unspecified) climate change,True,,,,,False,False,"The abstract does not study climate change as a general or unspecified driver; it examines haze, air pollution, and wind conditions.",,0.00,0.00,2026-09-09_09-59-56_pruned_taxonomy_topdown
315068,afb1577d-9687-4130-8677-746fc7d16c41,"Analysis of transported pollution and haze-related diseases via HYSPLIT Trajectory Modelling in the urbanized area of Johor, Malaysia",16,Climate variability,True,,,,,False,False,No longer-term fluctuations in climate conditions or climate statistics are analyzed.,,0.00,0.00,2026-09-09_09-59-56_pruned_taxonomy_topdown
315068,afb1577d-9687-4130-8677-746fc7d16c41,"Analysis of transported pollution and haze-related diseases via HYSPLIT Trajectory Modelling in the urbanized area of Johor, Malaysia",9,Changes in humidity,True,,,,,False,False,Atmospheric moisture or humidity is not examined as an exposure or mechanism.,,0.00,0.00,2026-09-09_09-59-56_pruned_taxonomy_topdown
315068,afb1577d-9687-4130-8677-746fc7d16c41,"Analysis of transported pollution and haze-related diseases via HYSPLIT Trajectory Modelling in the urbanized area of Johor, Malaysia",12,Changes in sea level,True,,,,,False,False,"Sea-level rise is not relevant to the study's exposure, setting, or outcomes.",,0.00,0.00,2026-09-09_09-59-56_pruned_taxonomy_topdown
315068,afb1577d-9687-4130-8677-746fc7d16c41,"Analysis of transported pollution and haze-related diseases via HYSPLIT Trajectory Modelling in the urbanized area of Johor, Malaysia",11,Changes in precipitation,True,,,,,False,False,Rainfall or snowfall changes are not investigated.,,0.00,0.00,2026-09-09_09-59-56_pruned_taxonomy_topdown
315068,afb1577d-9687-4130-8677-746fc7d16c41,"Analysis of transported pollution and haze-related diseases via HYSPLIT Trajectory Modelling in the urbanized area of Johor, Malaysia",10,Changes in inland water bodies,True,,,,,False,False,The study does not assess climate-driven changes in freshwater systems or hydrological patterns.,,0.00,0.00,2026-09-09_09-59-56_pruned_taxonomy_topdown
315068,afb1577d-9687-4130-8677-746fc7d16c41,"Analysis of transported pollution and haze-related diseases via HYSPLIT Trajectory Modelling in the urbanized area of Johor, Malaysia",14,Changes in temperature,True,,,,,False,False,Temperature trends or extremes are not studied.,,0.00,0.00,2026-09-09_09-59-56_pruned_taxonomy_topdown
315068,afb1577d-9687-4130-8677-746fc7d16c41,"Analysis of transported pollution and haze-related diseases via HYSPLIT Trajectory Modelling in the urbanized area of Johor, Malaysia",8,Changes in glacier / snow melt,True,,,,,False,False,Glacier or snowpack melting is unrelated to the study.,,0.00,0.00,2026-09-09_09-59-56_pruned_taxonomy_topdown
315068,afb1577d-9687-4130-8677-746fc7d16c41,"Analysis of transported pollution and haze-related diseases via HYSPLIT Trajectory Modelling in the urbanized area of Johor, Malaysia",476,Education (Sector),True,,,,,False,False,The study does not examine formal or informal education systems.,,0.00,0.00,2026-09-09_09-59-56_pruned_taxonomy_topdown
315068,afb1577d-9687-4130-8677-746fc7d16c41,"Analysis of transported pollution and haze-related diseases via HYSPLIT Trajectory Modelling in the urbanized area of Johor, Malaysia",485,Transportation (Sector),True,,,,,False,False,"Transport systems, infrastructure, and logistics are not a subject of the study.",,0.00,0.00,2026-09-09_09-59-56_pruned_taxonomy_topdown
315068,afb1577d-9687-4130-8677-746fc7d16c41,"Analysis of transported pollution and haze-related diseases via HYSPLIT Trajectory Modelling in the urbanized area of Johor, Malaysia",483,Public administration (Sector),True,,,,,False,False,Government and policy implications are mentioned only incidentally; public administration operations or workforce are not studied.,,0.00,0.00,2026-09-09_09-59-56_pruned_taxonomy_topdown
315068,afb1577d-9687-4130-8677-746fc7d16c41,"Analysis of transported pollution and haze-related diseases via HYSPLIT Trajectory Modelling in the urbanized area of Johor, Malaysia",479,Healthcare (Sector),True,,,,,False,True,"The study fundamentally examines health impacts of haze and air pollution, including healthcare-seeking, outpatient, emergency, and hospital outcomes.","Exposure to the haze pollutants may cause a diverse range of health impacts including symptoms that lead to treatment-seeking behavior, outpatient and emergency department visits, and hospitalization",0.00,100.00,2026-09-09_09-59-56_pruned_taxonomy_topdown
315068,afb1577d-9687-4130-8677-746fc7d16c41,"Analysis of transported pollution and haze-related diseases via HYSPLIT Trajectory Modelling in the urbanized area of Johor, Malaysia",486,"Water, sanitation, and waste management (Sector)",True,,,,,False,False,"Water supply, sewage treatment, and solid waste management are not examined.",,0.00,0.00,2026-09-09_09-59-56_pruned_taxonomy_topdown
315068,afb1577d-9687-4130-8677-746fc7d16c41,"Analysis of transported pollution and haze-related diseases via HYSPLIT Trajectory Modelling in the urbanized area of Johor, Malaysia",475,Buildings / housing (Sector),True,,,,,False,False,"Residential or commercial buildings, housing, and construction are not study subjects.",,0.00,0.00,2026-09-09_09-59-56_pruned_taxonomy_topdown
315068,afb1577d-9687-4130-8677-746fc7d16c41,"Analysis of transported pollution and haze-related diseases via HYSPLIT Trajectory Modelling in the urbanized area of Johor, Malaysia",478,Finance (Sector),True,,,,,False,False,"Banking, insurance, investment, and finance are not addressed.",,0.00,0.00,2026-09-09_09-59-56_pruned_taxonomy_topdown
315068,afb1577d-9687-4130-8677-746fc7d16c41,"Analysis of transported pollution and haze-related diseases via HYSPLIT Trajectory Modelling in the urbanized area of Johor, Malaysia",484,Social protection (Sector),True,,,,,False,False,"The study does not examine social safety nets, welfare services, or support systems.",,0.00,0.00,2026-09-09_09-59-56_pruned_taxonomy_topdown
315068,afb1577d-9687-4130-8677-746fc7d16c41,"Analysis of transported pollution and haze-related diseases via HYSPLIT Trajectory Modelling in the urbanized area of Johor, Malaysia",481,Information and communications technologies (Sector),True,,,,,False,False,"The HYSPLIT model is used as a research method, but telecommunications, digital infrastructure, or information technology as a sector are not the study focus.",,0.00,0.00,2026-09-09_09-59-56_pruned_taxonomy_topdown
315068,afb1577d-9687-4130-8677-746fc7d16c41,"Analysis of transported pollution and haze-related diseases via HYSPLIT Trajectory Modelling in the urbanized area of Johor, Malaysia",480,"Industry, trade, and services (Sector)",True,,,,,False,False,"Manufacturing, trade, retail, and commercial services are not examined.",,0.00,0.00,2026-09-09_09-59-56_pruned_taxonomy_topdown
315068,afb1577d-9687-4130-8677-746fc7d16c41,"Analysis of transported pollution and haze-related diseases via HYSPLIT Trajectory Modelling in the urbanized area of Johor, Malaysia",477,Energy and extractives (Sector),True,,,,,False,False,"The study concerns haze from forest fires and air pollution, not electricity generation, fuel production, resource extraction, or energy systems.",,0.00,0.00,2026-09-09_09-59-56_pruned_taxonomy_topdown
315068,afb1577d-9687-4130-8677-746fc7d16c41,"Analysis of transported pollution and haze-related diseases via HYSPLIT Trajectory Modelling in the urbanized area of Johor, Malaysia",482,Military (Sector),True,,,,,False,False,"Military organizations, personnel, operations, and defense infrastructure are not addressed.",,0.00,0.00,2026-09-09_09-59-56_pruned_taxonomy_topdown
315068,afb1577d-9687-4130-8677-746fc7d16c41,"Analysis of transported pollution and haze-related diseases via HYSPLIT Trajectory Modelling in the urbanized area of Johor, Malaysia",474,"Agriculture, fishing, and forestry (Sector)",True,,,,,False,False,"Forest fires are discussed as the source of haze, but forest management, agriculture, fishing, aquaculture, or livestock production is not a subject of the study.",,0.00,0.00,2026-09-09_09-59-56_pruned_taxonomy_topdown
315068,afb1577d-9687-4130-8677-746fc7d16c41,"Analysis of transported pollution and haze-related diseases via HYSPLIT Trajectory Modelling in the urbanized area of Johor, Malaysia",431,Z_Other evidence synthesis type,True,,,,,False,False,No annotation with this attribute found: reverting to default,,0.00,0.00,2026-09-09_09-59-56_pruned_taxonomy_topdown
315068,afb1577d-9687-4130-8677-746fc7d16c41,"Analysis of transported pollution and haze-related diseases via HYSPLIT Trajectory Modelling in the urbanized area of Johor, Malaysia",427,Health technology assessment (HTA),True,,,,,False,False,No annotation with this attribute found: reverting to default,,0.00,0.00,2026-09-09_09-59-56_pruned_taxonomy_topdown
315068,afb1577d-9687-4130-8677-746fc7d16c41,"Analysis of transported pollution and haze-related diseases via HYSPLIT Trajectory Modelling in the urbanized area of Johor, Malaysia",428,Meta-analysis (unsystematic),True,,,,,False,False,No annotation with this attribute found: reverting to default,,0.00,0.00,2026-09-09_09-59-56_pruned_taxonomy_topdown
315068,afb1577d-9687-4130-8677-746fc7d16c41,"Analysis of transported pollution and haze-related diseases via HYSPLIT Trajectory Modelling in the urbanized area of Johor, Malaysia",390,(Quasi-)Experimental / single-group designs,True,,,,,False,False,The abstract does not describe an intervention applied to a single group without a concurrent control group.,,0.00,0.00,2026-09-09_09-59-56_pruned_taxonomy_topdown
315068,afb1577d-9687-4130-8677-746fc7d16c41,"Analysis of transported pollution and haze-related diseases via HYSPLIT Trajectory Modelling in the urbanized area of Johor, Malaysia",397,Z_Other study design,True,,,,,False,False,The study fits the specified modelling category because it uses HYSPLIT to analyse wind trajectories and haze formation; it is not best classified as an uncategorized primary design.,,0.00,0.00,2026-09-09_09-59-56_pruned_taxonomy_topdown
315068,afb1577d-9687-4130-8677-746fc7d16c41,"Analysis of transported pollution and haze-related diseases via HYSPLIT Trajectory Modelling in the urbanized area of Johor, Malaysia",394,Observational / group comparison designs,True,,,,,False,False,There is no clear observational comparison of health outcomes between groups defined by exposure status.,,0.00,0.00,2026-09-09_09-59-56_pruned_taxonomy_topdown
315068,afb1577d-9687-4130-8677-746fc7d16c41,"Analysis of transported pollution and haze-related diseases via HYSPLIT Trajectory Modelling in the urbanized area of Johor, Malaysia",393,Modelling / simulation,True,,,,,True,True,"The study uses a computational HYSPLIT model to assess wind movement and particulate accumulation, and links modelled air pollution conditions with health risks.",HYSPLIT model indicates the trajectory of the wind at different heights to help us understand how wind movement during the selected time of the year causes haze formation.,0.00,100.00,2026-09-09_09-59-56_pruned_taxonomy_topdown
315068,afb1577d-9687-4130-8677-746fc7d16c41,"Analysis of transported pollution and haze-related diseases via HYSPLIT Trajectory Modelling in the urbanized area of Johor, Malaysia",387,1. Primary research,True,,,,,True,True,"The study collects and analyses primary data on haze exposure, air-quality indicators, wind trajectories, and related health cases in Johor, Malaysia.",This study is carried out ... in Larkin and Pasir Gudang where health cases caused by poor air quality ... have been identified while HYSPLIT model indicates the trajectory of the wind.,0.00,78.92,2026-09-09_09-59-56_pruned_taxonomy_topdown
315068,afb1577d-9687-4130-8677-746fc7d16c41,"Analysis of transported pollution and haze-related diseases via HYSPLIT Trajectory Modelling in the urbanized area of Johor, Malaysia",395,Observational / single-group designs,True,,,,,True,False,The abstract does not describe tracking a single group over time using temporal patterns as the primary design.,,0.00,0.00,2026-09-09_09-59-56_pruned_taxonomy_topdown
315068,afb1577d-9687-4130-8677-746fc7d16c41,"Analysis of transported pollution and haze-related diseases via HYSPLIT Trajectory Modelling in the urbanized area of Johor, Malaysia",430,Systematic reviews,True,,,,,False,False,No annotation with this attribute found: reverting to default,,0.00,0.00,2026-09-09_09-59-56_pruned_taxonomy_topdown
315068,afb1577d-9687-4130-8677-746fc7d16c41,"Analysis of transported pollution and haze-related diseases via HYSPLIT Trajectory Modelling in the urbanized area of Johor, Malaysia",392,Mixed-methods,True,,,,,False,False,"Although the study considers health cases and uses a computational model, it does not report integrated quantitative and qualitative data collection and analysis.",,0.00,0.00,2026-09-09_09-59-56_pruned_taxonomy_topdown
315068,afb1577d-9687-4130-8677-746fc7d16c41,"Analysis of transported pollution and haze-related diseases via HYSPLIT Trajectory Modelling in the urbanized area of Johor, Malaysia",396,Qualitative designs,True,,,,,False,False,"No qualitative data collection or analysis of meanings, experiences, or contextual factors is described.",,0.00,0.00,2026-09-09_09-59-56_pruned_taxonomy_topdown
315068,afb1577d-9687-4130-8677-746fc7d16c41,"Analysis of transported pollution and haze-related diseases via HYSPLIT Trajectory Modelling in the urbanized area of Johor, Malaysia",426,Guideline (clinical or public health),True,,,,,False,False,No annotation with this attribute found: reverting to default,,0.00,0.00,2026-09-09_09-59-56_pruned_taxonomy_topdown
315068,afb1577d-9687-4130-8677-746fc7d16c41,"Analysis of transported pollution and haze-related diseases via HYSPLIT Trajectory Modelling in the urbanized area of Johor, Malaysia",389,(Quasi-)Experimental / group comparison designs,True,,,,,False,False,The study does not apply an intervention or compare intervention and control groups.,,0.00,0.00,2026-09-09_09-59-56_pruned_taxonomy_topdown
315068,afb1577d-9687-4130-8677-746fc7d16c41,"Analysis of transported pollution and haze-related diseases via HYSPLIT Trajectory Modelling in the urbanized area of Johor, Malaysia",391,Descriptive / single-group designs,True,,,,,False,False,The study is not limited to describing outcome frequency or distribution in a single group; its central method includes computational modelling of haze formation and exposure-related health risks.,,0.00,0.00,2026-09-09_09-59-56_pruned_taxonomy_topdown
315068,afb1577d-9687-4130-8677-746fc7d16c41,"Analysis of transported pollution and haze-related diseases via HYSPLIT Trajectory Modelling in the urbanized area of Johor, Malaysia",388,2. Evidence synthesis,True,,,,,False,False,"The study is an original investigation of haze, air pollution, and health outcomes; it does not review or synthesise findings from existing studies or literature.",,0.00,0.00,2026-09-09_09-59-56_pruned_taxonomy_topdown
315068,afb1577d-9687-4130-8677-746fc7d16c41,"Analysis of transported pollution and haze-related diseases via HYSPLIT Trajectory Modelling in the urbanized area of Johor, Malaysia",429,Narrative review,True,,,,,False,False,No annotation with this attribute found: reverting to default,,0.00,0.00,2026-09-09_09-59-56_pruned_taxonomy_topdown
315068,afb1577d-9687-4130-8677-746fc7d16c41,"Analysis of transported pollution and haze-related diseases via HYSPLIT Trajectory Modelling in the urbanized area of Johor, Malaysia",202,Neurological disorders,True,,,,,False,False,The study does not focus on neurological diseases or nervous-system outcomes.,,0.00,0.00,2026-09-09_09-59-56_pruned_taxonomy_topdown
315068,afb1577d-9687-4130-8677-746fc7d16c41,"Analysis of transported pollution and haze-related diseases via HYSPLIT Trajectory Modelling in the urbanized area of Johor, Malaysia",116,1.1. Total / all-cause mortality (Outcome),True,,,,,False,False,"Mortality is mentioned as a possible general impact of severe haze, but the study's reported findings focus on air pollution and cases of conjunctivitis, URTI, and asthma rather than deaths from any cause.",mortality for the worst-case scenarios,0.00,100.00,2026-09-09_09-59-56_pruned_taxonomy_topdown
315068,afb1577d-9687-4130-8677-746fc7d16c41,"Analysis of transported pollution and haze-related diseases via HYSPLIT Trajectory Modelling in the urbanized area of Johor, Malaysia",196,Chronic respiratory diseases,True,,,,,True,True,Asthma is a chronic respiratory condition and is a central health outcome associated with haze and air pollution in the study.,"health cases caused by poor air quality such as conjunctivitis, URTI and asthma have been identified",0.00,100.00,2026-09-09_09-59-56_pruned_taxonomy_topdown
315068,afb1577d-9687-4130-8677-746fc7d16c41,"Analysis of transported pollution and haze-related diseases via HYSPLIT Trajectory Modelling in the urbanized area of Johor, Malaysia",206,Z_Other non-communicable diseases,True,,,,,True,False,No miscellaneous non-communicable disease category is a subject of the study.,,0.00,0.00,2026-09-09_09-59-56_pruned_taxonomy_topdown
315068,afb1577d-9687-4130-8677-746fc7d16c41,"Analysis of transported pollution and haze-related diseases via HYSPLIT Trajectory Modelling in the urbanized area of Johor, Malaysia",117,"1.2. Communicable, maternal, neonatal, and nutritional mortality",True,,,,,False,False,"Deaths from communicable, maternal, neonatal, or nutritional causes are not assessed.",,0.00,0.00,2026-09-09_09-59-56_pruned_taxonomy_topdown
315068,afb1577d-9687-4130-8677-746fc7d16c41,"Analysis of transported pollution and haze-related diseases via HYSPLIT Trajectory Modelling in the urbanized area of Johor, Malaysia",199,Mental disorders,True,,,,,False,False,"The study does not assess mental, behavioural, or substance-related psychological conditions.",,0.00,0.00,2026-09-09_09-59-56_pruned_taxonomy_topdown
315068,afb1577d-9687-4130-8677-746fc7d16c41,"Analysis of transported pollution and haze-related diseases via HYSPLIT Trajectory Modelling in the urbanized area of Johor, Malaysia",204,Skin and subcutaneous diseases,True,,,,,False,False,"Although conjunctivitis is reported, the study does not concern diseases of the skin or subcutaneous tissue.",,0.00,0.00,2026-09-09_09-59-56_pruned_taxonomy_topdown
315068,afb1577d-9687-4130-8677-746fc7d16c41,"Analysis of transported pollution and haze-related diseases via HYSPLIT Trajectory Modelling in the urbanized area of Johor, Malaysia",134,HIV/AIDS and sexually transmitted infections,True,,,,,False,False,Sexually or blood-borne transmitted infections are not relevant to the study.,,0.00,0.00,2026-09-09_09-59-56_pruned_taxonomy_topdown
315068,afb1577d-9687-4130-8677-746fc7d16c41,"Analysis of transported pollution and haze-related diseases via HYSPLIT Trajectory Modelling in the urbanized area of Johor, Malaysia",137,Nutritional deficiencies,True,,,,,False,False,Nutritional deficiencies and malnutrition are not studied.,,0.00,0.00,2026-09-09_09-59-56_pruned_taxonomy_topdown
315068,afb1577d-9687-4130-8677-746fc7d16c41,"Analysis of transported pollution and haze-related diseases via HYSPLIT Trajectory Modelling in the urbanized area of Johor, Malaysia",200,Musculoskeletal disorders,True,,,,,False,False,Musculoskeletal and connective-tissue diseases are not studied.,,0.00,0.00,2026-09-09_09-59-56_pruned_taxonomy_topdown
315068,afb1577d-9687-4130-8677-746fc7d16c41,"Analysis of transported pollution and haze-related diseases via HYSPLIT Trajectory Modelling in the urbanized area of Johor, Malaysia",139,Z_Other infectious diseases,True,,,,,False,False,"The study does not focus on infectious diseases outside the specified respiratory, enteric, vector-borne, or sexually transmitted categories.",,0.00,0.00,2026-09-09_09-59-56_pruned_taxonomy_topdown
315068,afb1577d-9687-4130-8677-746fc7d16c41,"Analysis of transported pollution and haze-related diseases via HYSPLIT Trajectory Modelling in the urbanized area of Johor, Malaysia",289,Transport injuries,True,,,,,False,False,No annotation with this attribute found: reverting to default,,0.00,0.00,2026-09-09_09-59-56_pruned_taxonomy_topdown
315068,afb1577d-9687-4130-8677-746fc7d16c41,"Analysis of transported pollution and haze-related diseases via HYSPLIT Trajectory Modelling in the urbanized area of Johor, Malaysia",135,Maternal and neonatal disorders,True,,,,,False,False,"Pregnancy, childbirth, and neonatal conditions are not addressed.",,0.00,0.00,2026-09-09_09-59-56_pruned_taxonomy_topdown
315068,afb1577d-9687-4130-8677-746fc7d16c41,"Analysis of transported pollution and haze-related diseases via HYSPLIT Trajectory Modelling in the urbanized area of Johor, Malaysia",136,Neglected tropical diseases and malaria,True,,,,,False,False,Tropical neglected infectious diseases are not the subject of the study.,,0.00,0.00,2026-09-09_09-59-56_pruned_taxonomy_topdown
315068,afb1577d-9687-4130-8677-746fc7d16c41,"Analysis of transported pollution and haze-related diseases via HYSPLIT Trajectory Modelling in the urbanized area of Johor, Malaysia",195,Cardiovascular diseases,True,,,,,False,False,Cardiovascular diseases are not identified as study outcomes.,,0.00,0.00,2026-09-09_09-59-56_pruned_taxonomy_topdown
315068,afb1577d-9687-4130-8677-746fc7d16c41,"Analysis of transported pollution and haze-related diseases via HYSPLIT Trajectory Modelling in the urbanized area of Johor, Malaysia",288,Self-harm and interpersonal violence,True,,,,,False,False,No annotation with this attribute found: reverting to default,,0.00,0.00,2026-09-09_09-59-56_pruned_taxonomy_topdown
315068,afb1577d-9687-4130-8677-746fc7d16c41,"Analysis of transported pollution and haze-related diseases via HYSPLIT Trajectory Modelling in the urbanized area of Johor, Malaysia",114,3. Non-communicable diseases,True,,,,,True,True,"Asthma is a chronic, non-infectious respiratory disease and is a central health outcome examined in relation to haze and air pollution.","“health cases caused by poor air quality such as conjunctivitis, URTI and asthma have been identified”",0.00,98.04,2026-09-09_09-59-56_pruned_taxonomy_topdown
315068,afb1577d-9687-4130-8677-746fc7d16c41,"Analysis of transported pollution and haze-related diseases via HYSPLIT Trajectory Modelling in the urbanized area of Johor, Malaysia",112,1. Mortality (Outcome),True,,,,,False,True,Mortality is explicitly identified as a potential health outcome of severe haze exposure in the study.,“mortality for the worst-case scenarios”,0.00,95.00,2026-09-09_09-59-56_pruned_taxonomy_topdown
315068,afb1577d-9687-4130-8677-746fc7d16c41,"Analysis of transported pollution and haze-related diseases via HYSPLIT Trajectory Modelling in the urbanized area of Johor, Malaysia",138,Respiratory infections and tuberculosis,True,,,,,True,True,Upper respiratory tract infection (URTI) is explicitly reported among the health cases associated with haze exposure.,"health cases caused by poor air quality such as conjunctivitis, URTI and asthma have been identified",0.00,100.00,2026-09-09_09-59-56_pruned_taxonomy_topdown
315068,afb1577d-9687-4130-8677-746fc7d16c41,"Analysis of transported pollution and haze-related diseases via HYSPLIT Trajectory Modelling in the urbanized area of Johor, Malaysia",290,Unintentional injuries,True,,,,,False,False,No annotation with this attribute found: reverting to default,,0.00,0.00,2026-09-09_09-59-56_pruned_taxonomy_topdown
315068,afb1577d-9687-4130-8677-746fc7d16c41,"Analysis of transported pollution and haze-related diseases via HYSPLIT Trajectory Modelling in the urbanized area of Johor, Malaysia",113,"2. Communicable, maternal, neonatal, and nutritional diseases",True,,,,,True,True,URTI (upper respiratory tract infection) is an infectious-condition outcome included among the health cases associated with poor air quality.,"“conjunctivitis, URTI and asthma cases”",0.00,94.87,2026-09-09_09-59-56_pruned_taxonomy_topdown
315068,afb1577d-9687-4130-8677-746fc7d16c41,"Analysis of transported pollution and haze-related diseases via HYSPLIT Trajectory Modelling in the urbanized area of Johor, Malaysia",133,Enteric infections,True,,,,,False,False,Food- and water-borne gastrointestinal infections are not studied.,,0.00,0.00,2026-09-09_09-59-56_pruned_taxonomy_topdown
315068,afb1577d-9687-4130-8677-746fc7d16c41,"Analysis of transported pollution and haze-related diseases via HYSPLIT Trajectory Modelling in the urbanized area of Johor, Malaysia",201,Neoplasms,True,,,,,False,False,Cancer and tumours are not addressed.,,0.00,0.00,2026-09-09_09-59-56_pruned_taxonomy_topdown
315068,afb1577d-9687-4130-8677-746fc7d16c41,"Analysis of transported pollution and haze-related diseases via HYSPLIT Trajectory Modelling in the urbanized area of Johor, Malaysia",118,1.3. Non-communicable mortality,True,,,,,False,False,Deaths from non-communicable diseases are not assessed; mortality is only mentioned as a possible worst-case consequence.,,0.00,0.00,2026-09-09_09-59-56_pruned_taxonomy_topdown
315068,afb1577d-9687-4130-8677-746fc7d16c41,"Analysis of transported pollution and haze-related diseases via HYSPLIT Trajectory Modelling in the urbanized area of Johor, Malaysia",205,Substance use disorders,True,,,,,False,False,The study does not concern alcohol or drug use disorders.,,0.00,0.00,2026-09-09_09-59-56_pruned_taxonomy_topdown
315068,afb1577d-9687-4130-8677-746fc7d16c41,"Analysis of transported pollution and haze-related diseases via HYSPLIT Trajectory Modelling in the urbanized area of Johor, Malaysia",197,Diabetes and kidney diseases,True,,,,,False,False,Diabetes and kidney diseases are not studied.,,0.00,0.00,2026-09-09_09-59-56_pruned_taxonomy_topdown
315068,afb1577d-9687-4130-8677-746fc7d16c41,"Analysis of transported pollution and haze-related diseases via HYSPLIT Trajectory Modelling in the urbanized area of Johor, Malaysia",203,Sense organ diseases,True,,,,,True,True,"Conjunctivitis, an inflammatory condition affecting the eye, is explicitly identified as a health outcome associated with haze exposure.","health cases caused by poor air quality such as conjunctivitis, URTI and asthma have been identified",0.00,100.00,2026-09-09_09-59-56_pruned_taxonomy_topdown
315068,afb1577d-9687-4130-8677-746fc7d16c41,"Analysis of transported pollution and haze-related diseases via HYSPLIT Trajectory Modelling in the urbanized area of Johor, Malaysia",115,4. Injuries,True,,,,,False,False,"The study does not examine physical injuries, self-harm, violence, conflict, or other external-cause bodily harm.",,0.00,0.00,2026-09-09_09-59-56_pruned_taxonomy_topdown
315068,afb1577d-9687-4130-8677-746fc7d16c41,"Analysis of transported pollution and haze-related diseases via HYSPLIT Trajectory Modelling in the urbanized area of Johor, Malaysia",198,Digestive diseases,True,,,,,False,False,Gastrointestinal and related non-infectious diseases are not studied.,,0.00,0.00,2026-09-09_09-59-56_pruned_taxonomy_topdown
603894,d1ece41d-326f-407d-90de-fce51550a6d3,"Heat stress in goat (Capra hircus): Impacts on physiological responses, production, and reproduction",36,Coal,True,,,,,False,False,The study focuses on climate-change-related heat stress in goats and mitigation strategies; it does not address coal or other solid fossil fuels.,,0.00,0.00,2026-09-09_09-59-56_pruned_taxonomy_topdown
603894,d1ece41d-326f-407d-90de-fce51550a6d3,"Heat stress in goat (Capra hircus): Impacts on physiological responses, production, and reproduction",35,(Unspecified) fossil fuels,True,,,,,False,False,The abstract does not discuss fossil fuel use or combustion in general.,,0.00,0.00,2026-09-09_09-59-56_pruned_taxonomy_topdown
603894,d1ece41d-326f-407d-90de-fce51550a6d3,"Heat stress in goat (Capra hircus): Impacts on physiological responses, production, and reproduction",38,Oil,True,,,,,False,False,"The study does not concern liquid fossil fuels such as petroleum, petrol, diesel, or jet fuel.",,0.00,0.00,2026-09-09_09-59-56_pruned_taxonomy_topdown
603894,d1ece41d-326f-407d-90de-fce51550a6d3,"Heat stress in goat (Capra hircus): Impacts on physiological responses, production, and reproduction",37,Natural gas,True,,,,,False,False,"The abstract does not address natural gas, methane-based fossil fuels, or their use and emissions.",,0.00,0.00,2026-09-09_09-59-56_pruned_taxonomy_topdown
603894,d1ece41d-326f-407d-90de-fce51550a6d3,"Heat stress in goat (Capra hircus): Impacts on physiological responses, production, and reproduction",17,(Unspecified) greenhouse gases,True,,,,,False,False,"The review concerns climate-change-related heat stress in goats and mitigation strategies, but does not study atmospheric greenhouse gases as an exposure or subject.",,0.00,0.00,2026-09-09_09-59-56_pruned_taxonomy_topdown
603894,d1ece41d-326f-407d-90de-fce51550a6d3,"Heat stress in goat (Capra hircus): Impacts on physiological responses, production, and reproduction",18,Carbon dioxide (CO₂),True,,,,,False,False,"Carbon dioxide is not identified or examined as an exposure, emission source, or outcome in the study.",,0.00,0.00,2026-09-09_09-59-56_pruned_taxonomy_topdown
603894,d1ece41d-326f-407d-90de-fce51550a6d3,"Heat stress in goat (Capra hircus): Impacts on physiological responses, production, and reproduction",22,Ozone-depleting substances / chlorofluorocarbons / hydrochlorofluorocarbons / halons / carbon tetrachloride / methyl chloroform,True,,,,,False,False,The study does not address ozone-depleting compounds regulated under the Montreal Protocol.,,0.00,0.00,2026-09-09_09-59-56_pruned_taxonomy_topdown
603894,d1ece41d-326f-407d-90de-fce51550a6d3,"Heat stress in goat (Capra hircus): Impacts on physiological responses, production, and reproduction",19,Fluorinated gases / hydrofluorocarbons / perfluorocarbons / sulfur hexafluoride / nitrogen trifluoride,True,,,,,False,False,"Synthetic high-global-warming-potential gases used in industrial, refrigeration, or electronics applications are not part of the study.",,0.00,0.00,2026-09-09_09-59-56_pruned_taxonomy_topdown
603894,d1ece41d-326f-407d-90de-fce51550a6d3,"Heat stress in goat (Capra hircus): Impacts on physiological responses, production, and reproduction",20,Methane (CH₄),True,,,,,False,False,"Although goats and livestock are discussed, methane emissions are not a subject, exposure, or outcome of this review; the focus is heat stress and goat production.",,0.00,0.00,2026-09-09_09-59-56_pruned_taxonomy_topdown
603894,d1ece41d-326f-407d-90de-fce51550a6d3,"Heat stress in goat (Capra hircus): Impacts on physiological responses, production, and reproduction",21,Nitrous oxide (N₂O),True,,,,,False,False,"Nitrous oxide emissions from agricultural soils, livestock, or fertilisers are not addressed.",,0.00,0.00,2026-09-09_09-59-56_pruned_taxonomy_topdown
603894,d1ece41d-326f-407d-90de-fce51550a6d3,"Heat stress in goat (Capra hircus): Impacts on physiological responses, production, and reproduction",23,Particulate matter (PM10) / fine particulate matter (PM2.5) / black/organic carbon / sulfate/nitrate aerosols,True,,,,,False,False,Particulate matter and its respiratory or cardiovascular effects are not examined in the study.,,0.00,0.00,2026-09-09_09-59-56_pruned_taxonomy_topdown
603894,d1ece41d-326f-407d-90de-fce51550a6d3,"Heat stress in goat (Capra hircus): Impacts on physiological responses, production, and reproduction",24,Tropospheric ozone (O₃),True,,,,,False,False,Ground-level ozone or its photochemical formation from nitrogen oxides and volatile organic compounds is not discussed.,,0.00,0.00,2026-09-09_09-59-56_pruned_taxonomy_topdown
603894,d1ece41d-326f-407d-90de-fce51550a6d3,"Heat stress in goat (Capra hircus): Impacts on physiological responses, production, and reproduction",26,Extreme cold,True,,,,,False,False,"The study does not concern unusually low temperatures, cold snaps, blizzards, or cold-related illness.",,0.00,0.00,2026-09-09_09-59-56_pruned_taxonomy_topdown
603894,d1ece41d-326f-407d-90de-fce51550a6d3,"Heat stress in goat (Capra hircus): Impacts on physiological responses, production, and reproduction",27,Extreme heat,True,,,,,True,True,"The review fundamentally concerns elevated-temperature heat stress in goats and its health, welfare, reproductive, and productivity impacts. Although heatwaves are not specifically named, the study addresses abnormally high temperatures as a climate-related hazard.","However, climate change has intensified heat stress (HS), threatening productivity, welfare, and economic viability.",0.00,100.00,2026-09-09_09-59-56_pruned_taxonomy_topdown
603894,d1ece41d-326f-407d-90de-fce51550a6d3,"Heat stress in goat (Capra hircus): Impacts on physiological responses, production, and reproduction",28,Extreme precipitation,True,,,,,False,False,"The study does not address unusually intense or prolonged rainfall, snowfall, or other precipitation.",,0.00,0.00,2026-09-09_09-59-56_pruned_taxonomy_topdown
603894,d1ece41d-326f-407d-90de-fce51550a6d3,"Heat stress in goat (Capra hircus): Impacts on physiological responses, production, and reproduction",30,Floods,True,,,,,False,False,Flooding or temporary inundation is not a subject of the review.,,0.00,0.00,2026-09-09_09-59-56_pruned_taxonomy_topdown
603894,d1ece41d-326f-407d-90de-fce51550a6d3,"Heat stress in goat (Capra hircus): Impacts on physiological responses, production, and reproduction",33,Wildfires,True,,,,,False,False,Wildfires and their smoke or air-pollution impacts are not examined.,,0.00,0.00,2026-09-09_09-59-56_pruned_taxonomy_topdown
603894,d1ece41d-326f-407d-90de-fce51550a6d3,"Heat stress in goat (Capra hircus): Impacts on physiological responses, production, and reproduction",25,Droughts,True,,,,,False,False,"The study does not concern prolonged water deficits, drought impacts, or reduced water availability.",,0.00,0.00,2026-09-09_09-59-56_pruned_taxonomy_topdown
603894,d1ece41d-326f-407d-90de-fce51550a6d3,"Heat stress in goat (Capra hircus): Impacts on physiological responses, production, and reproduction",29,Extreme snow/ice events,True,,,,,False,False,"Severe snow, ice, blizzards, or freezing precipitation are not discussed.",,0.00,0.00,2026-09-09_09-59-56_pruned_taxonomy_topdown
603894,d1ece41d-326f-407d-90de-fce51550a6d3,"Heat stress in goat (Capra hircus): Impacts on physiological responses, production, and reproduction",31,Sand and dust storms,True,,,,,False,False,The study does not address wind-driven sand or dust events.,,0.00,0.00,2026-09-09_09-59-56_pruned_taxonomy_topdown
603894,d1ece41d-326f-407d-90de-fce51550a6d3,"Heat stress in goat (Capra hircus): Impacts on physiological responses, production, and reproduction",32,Storms and severe wind,True,,,,,False,False,"Tropical cyclones, hurricanes, severe thunderstorms, hailstorms, and related hazards are not part of the study.",,0.00,0.00,2026-09-09_09-59-56_pruned_taxonomy_topdown
603894,d1ece41d-326f-407d-90de-fce51550a6d3,"Heat stress in goat (Capra hircus): Impacts on physiological responses, production, and reproduction",34,Z_(Unspecified) extreme weather events,True,,,,,False,False,"The relevant climate hazard is identified as heat stress/high temperature rather than an unspecified extreme weather event, so the unspecified-extremes category does not apply.","However, climate change has intensified heat stress (HS), threatening productivity, welfare, and economic viability.",0.00,100.00,2026-09-09_09-59-56_pruned_taxonomy_topdown
603894,d1ece41d-326f-407d-90de-fce51550a6d3,"Heat stress in goat (Capra hircus): Impacts on physiological responses, production, and reproduction",493,Attribution,True,,,,,False,False,"Although the review links climate change with intensified heat stress, it does not establish the causal contribution of climate change to observed changes through a formal attribution analysis.",,0.00,0.00,2026-09-09_09-59-56_pruned_taxonomy_topdown
603894,d1ece41d-326f-407d-90de-fce51550a6d3,"Heat stress in goat (Capra hircus): Impacts on physiological responses, production, and reproduction",487,Adaptation,True,,,,,True,True,"The review concerns responses to climate-related heat stress in goats, including behavioural, nutritional, environmental, genetic, and handling strategies intended to reduce harm and maintain productivity and welfare.","""evaluate mitigation strategies"" ... ""Nutritional interventions (e.g., antioxidants) and environmental modifications (such as shade and cooling systems) can alleviate stress""",0.00,85.63,2026-09-09_09-59-56_pruned_taxonomy_topdown
603894,d1ece41d-326f-407d-90de-fce51550a6d3,"Heat stress in goat (Capra hircus): Impacts on physiological responses, production, and reproduction",490,Maladaptation,True,,,,,False,False,"The review discusses heat-stress impacts and strategies to reduce them, but does not identify adaptation actions that unintentionally increase vulnerability, exposure, or risk.",,0.00,0.00,2026-09-09_09-59-56_pruned_taxonomy_topdown
603894,d1ece41d-326f-407d-90de-fce51550a6d3,"Heat stress in goat (Capra hircus): Impacts on physiological responses, production, and reproduction",495,Loss and damage,True,,,,,False,False,"The study describes adverse impacts of heat stress on goats and production, but does not focus on unavoidable or irreversible losses and damages after mitigation or adaptation limits are reached.",,0.00,0.00,2026-09-09_09-59-56_pruned_taxonomy_topdown
603894,d1ece41d-326f-407d-90de-fce51550a6d3,"Heat stress in goat (Capra hircus): Impacts on physiological responses, production, and reproduction",492,Resilience,True,,,,,True,True,"Resilience to heat stress is a substantive focus, including breed-level capacity to withstand climate-related heat and maintain function.",Indigenous breeds exhibit resilience via upregulated heat shock proteins (HSP70) and metabolic flexibility,0.00,100.00,2026-09-09_09-59-56_pruned_taxonomy_topdown
603894,d1ece41d-326f-407d-90de-fce51550a6d3,"Heat stress in goat (Capra hircus): Impacts on physiological responses, production, and reproduction",489,Mitigation,True,,,,,False,False,"The study does not address greenhouse-gas emissions, fossil fuels, or strategies to reduce emissions. Its use of the term ""mitigation"" refers to alleviating heat stress rather than climate-change mitigation.",,0.00,0.00,2026-09-09_09-59-56_pruned_taxonomy_topdown
603894,d1ece41d-326f-407d-90de-fce51550a6d3,"Heat stress in goat (Capra hircus): Impacts on physiological responses, production, and reproduction",491,Preparedness,True,,,,,False,True,"The study evaluates and recommends advance measures and capacity-building strategies—including nutritional, environmental, genetic, handling, and policy interventions—to reduce the impacts of heat stress.","Nutritional interventions (e.g., antioxidants) and environmental modifications (such as shade and cooling systems) can alleviate stress",0.00,100.00,2026-09-09_09-59-56_pruned_taxonomy_topdown
603894,d1ece41d-326f-407d-90de-fce51550a6d3,"Heat stress in goat (Capra hircus): Impacts on physiological responses, production, and reproduction",494,Future impact,True,,,,,False,False,"The review addresses current or general climate-related heat-stress impacts and mitigation strategies, not projected future health, ecological, or societal effects derived from climate models or scenario analysis.",,0.00,0.00,2026-09-09_09-59-56_pruned_taxonomy_topdown
603894,d1ece41d-326f-407d-90de-fce51550a6d3,"Heat stress in goat (Capra hircus): Impacts on physiological responses, production, and reproduction",496,Co-Benefits,True,,,,,False,False,No annotation with this attribute found: reverting to default,,0.00,0.00,2026-09-09_09-59-56_pruned_taxonomy_topdown
603894,d1ece41d-326f-407d-90de-fce51550a6d3,"Heat stress in goat (Capra hircus): Impacts on physiological responses, production, and reproduction",488,Impact,True,,,,,True,True,"The review characterises the effects of a climate-related hazard—heat stress intensified by climate change—on goat health, welfare, reproduction, productivity, meat and milk quality, and agricultural livelihoods.","""climate change has intensified heat stress (HS), threatening productivity, welfare, and economic viability""",0.00,98.15,2026-09-09_09-59-56_pruned_taxonomy_topdown
603894,d1ece41d-326f-407d-90de-fce51550a6d3,"Heat stress in goat (Capra hircus): Impacts on physiological responses, production, and reproduction",6,(Unspecified) changes in weather,True,,,,,False,False,"The study focuses specifically on heat stress and warming, not broad or unspecified changes in weather patterns.",,0.00,0.00,2026-09-09_09-59-56_pruned_taxonomy_topdown
603894,d1ece41d-326f-407d-90de-fce51550a6d3,"Heat stress in goat (Capra hircus): Impacts on physiological responses, production, and reproduction",15,Changes in wind speed,True,,,,,False,False,"Wind-pattern alterations are not discussed as an exposure, mechanism, or outcome.",,0.00,0.00,2026-09-09_09-59-56_pruned_taxonomy_topdown
603894,d1ece41d-326f-407d-90de-fce51550a6d3,"Heat stress in goat (Capra hircus): Impacts on physiological responses, production, and reproduction",13,Changes in season length,True,,,,,False,False,Seasonal duration or timing shifts are not addressed.,,0.00,0.00,2026-09-09_09-59-56_pruned_taxonomy_topdown
603894,d1ece41d-326f-407d-90de-fce51550a6d3,"Heat stress in goat (Capra hircus): Impacts on physiological responses, production, and reproduction",7,(Unspecified) climate change,True,,,,,False,True,"Climate change is explicitly identified as a general driver of intensified heat stress, without a detailed attribution to a specific climate mechanism.","However, climate change has intensified heat stress (HS), threatening productivity, welfare, and economic viability.",0.00,100.00,2026-09-09_09-59-56_pruned_taxonomy_topdown
603894,d1ece41d-326f-407d-90de-fce51550a6d3,"Heat stress in goat (Capra hircus): Impacts on physiological responses, production, and reproduction",16,Climate variability,True,,,,,False,False,The review does not examine climate variability or fluctuations around a long-term climate average; it focuses on heat stress in a warming climate.,,0.00,0.00,2026-09-09_09-59-56_pruned_taxonomy_topdown
603894,d1ece41d-326f-407d-90de-fce51550a6d3,"Heat stress in goat (Capra hircus): Impacts on physiological responses, production, and reproduction",9,Changes in humidity,True,,,,,False,False,Atmospheric moisture or humidity changes are not identified as a study exposure or focus.,,0.00,0.00,2026-09-09_09-59-56_pruned_taxonomy_topdown
603894,d1ece41d-326f-407d-90de-fce51550a6d3,"Heat stress in goat (Capra hircus): Impacts on physiological responses, production, and reproduction",12,Changes in sea level,True,,,,,False,False,Sea-level rise is not relevant to or discussed in this study.,,0.00,0.00,2026-09-09_09-59-56_pruned_taxonomy_topdown
603894,d1ece41d-326f-407d-90de-fce51550a6d3,"Heat stress in goat (Capra hircus): Impacts on physiological responses, production, and reproduction",11,Changes in precipitation,True,,,,,False,False,"Changes in rainfall, snowfall, or precipitation patterns are not examined.",,0.00,0.00,2026-09-09_09-59-56_pruned_taxonomy_topdown
603894,d1ece41d-326f-407d-90de-fce51550a6d3,"Heat stress in goat (Capra hircus): Impacts on physiological responses, production, and reproduction",10,Changes in inland water bodies,True,,,,,False,False,Climate-driven changes in freshwater systems and hydrological patterns are not addressed.,,0.00,0.00,2026-09-09_09-59-56_pruned_taxonomy_topdown
603894,d1ece41d-326f-407d-90de-fce51550a6d3,"Heat stress in goat (Capra hircus): Impacts on physiological responses, production, and reproduction",14,Changes in temperature,True,,,,,True,True,"The study is fundamentally concerned with heat stress associated with warming conditions, including its effects on goat productivity, welfare, reproduction, immunity, and meat and milk quality.",This review highlights the importance of interdisciplinary collaboration in safeguarding goat production in a warming climate.,0.00,100.00,2026-09-09_09-59-56_pruned_taxonomy_topdown
603894,d1ece41d-326f-407d-90de-fce51550a6d3,"Heat stress in goat (Capra hircus): Impacts on physiological responses, production, and reproduction",8,Changes in glacier / snow melt,True,,,,,False,False,Glacier or snowpack melting is not discussed.,,0.00,0.00,2026-09-09_09-59-56_pruned_taxonomy_topdown
603894,d1ece41d-326f-407d-90de-fce51550a6d3,"Heat stress in goat (Capra hircus): Impacts on physiological responses, production, and reproduction",476,Education (Sector),True,,,,,False,False,"The review concerns goat production and heat stress, not formal or informal education systems.",,0.00,0.00,2026-09-09_09-59-56_pruned_taxonomy_topdown
603894,d1ece41d-326f-407d-90de-fce51550a6d3,"Heat stress in goat (Capra hircus): Impacts on physiological responses, production, and reproduction",485,Transportation (Sector),True,,,,,False,True,Transport under heat stress and improved handling protocols are explicitly addressed as part of the study's analysis of goat production.,"Transport under HS exacerbates mortality risks and declines in meat quality, necessitating improved handling protocols.",0.00,100.00,2026-09-09_09-59-56_pruned_taxonomy_topdown
603894,d1ece41d-326f-407d-90de-fce51550a6d3,"Heat stress in goat (Capra hircus): Impacts on physiological responses, production, and reproduction",483,Public administration (Sector),True,,,,,False,False,"Policy initiatives are mentioned as a supporting response, but public administration's operations, services, or workforce are not studied.",,0.00,0.00,2026-09-09_09-59-56_pruned_taxonomy_topdown
603894,d1ece41d-326f-407d-90de-fce51550a6d3,"Heat stress in goat (Capra hircus): Impacts on physiological responses, production, and reproduction",479,Healthcare (Sector),True,,,,,False,False,"The study examines animal health and welfare effects of heat stress, not medical care, public health services, or health infrastructure.",,0.00,0.00,2026-09-09_09-59-56_pruned_taxonomy_topdown
603894,d1ece41d-326f-407d-90de-fce51550a6d3,"Heat stress in goat (Capra hircus): Impacts on physiological responses, production, and reproduction",486,"Water, sanitation, and waste management (Sector)",True,,,,,False,False,"Water supply, sewage treatment, and solid waste management are not subjects of the review.",,0.00,0.00,2026-09-09_09-59-56_pruned_taxonomy_topdown
603894,d1ece41d-326f-407d-90de-fce51550a6d3,"Heat stress in goat (Capra hircus): Impacts on physiological responses, production, and reproduction",475,Buildings / housing (Sector),True,,,,,False,False,"Shade and cooling systems are environmental modifications for goats, not a study of buildings, housing provision, or construction.",,0.00,0.00,2026-09-09_09-59-56_pruned_taxonomy_topdown
603894,d1ece41d-326f-407d-90de-fce51550a6d3,"Heat stress in goat (Capra hircus): Impacts on physiological responses, production, and reproduction",478,Finance (Sector),True,,,,,False,False,"Although economic viability and smallholder livelihoods are discussed, banking, insurance, investment, or financial services are not examined.",,0.00,0.00,2026-09-09_09-59-56_pruned_taxonomy_topdown
603894,d1ece41d-326f-407d-90de-fce51550a6d3,"Heat stress in goat (Capra hircus): Impacts on physiological responses, production, and reproduction",484,Social protection (Sector),True,,,,,False,False,"The review discusses livelihoods and support for smallholder farmers, but does not study social safety nets, welfare services, or formal support systems.",,0.00,0.00,2026-09-09_09-59-56_pruned_taxonomy_topdown
603894,d1ece41d-326f-407d-90de-fce51550a6d3,"Heat stress in goat (Capra hircus): Impacts on physiological responses, production, and reproduction",481,Information and communications technologies (Sector),True,,,,,False,False,"Information technology, telecommunications, and digital infrastructure are not addressed.",,0.00,0.00,2026-09-09_09-59-56_pruned_taxonomy_topdown
603894,d1ece41d-326f-407d-90de-fce51550a6d3,"Heat stress in goat (Capra hircus): Impacts on physiological responses, production, and reproduction",480,"Industry, trade, and services (Sector)",True,,,,,False,False,"The study concerns agricultural production and meat and milk outcomes, not manufacturing, retail, wholesale trade, or commercial services as sectors.",,0.00,0.00,2026-09-09_09-59-56_pruned_taxonomy_topdown
603894,d1ece41d-326f-407d-90de-fce51550a6d3,"Heat stress in goat (Capra hircus): Impacts on physiological responses, production, and reproduction",477,Energy and extractives (Sector),True,,,,,False,False,"Energy generation, fuel production, and resource extraction are not subjects of the review; cooling systems are discussed only as livestock heat-stress mitigation.",,0.00,0.00,2026-09-09_09-59-56_pruned_taxonomy_topdown
603894,d1ece41d-326f-407d-90de-fce51550a6d3,"Heat stress in goat (Capra hircus): Impacts on physiological responses, production, and reproduction",482,Military (Sector),True,,,,,False,False,"Military forces, defense capabilities, and related infrastructure or operations are not addressed.",,0.00,0.00,2026-09-09_09-59-56_pruned_taxonomy_topdown
603894,d1ece41d-326f-407d-90de-fce51550a6d3,"Heat stress in goat (Capra hircus): Impacts on physiological responses, production, and reproduction",474,"Agriculture, fishing, and forestry (Sector)",True,,,,,True,True,"The review is fundamentally about goat livestock production, including productivity, reproduction, welfare, feeding, meat and milk outcomes, and climate-stress mitigation.","Goats (Capra hircus) are vital to global agriculture and food security, sustaining over 1 billion livelihoods, particularly in arid and semi-arid regions.",0.00,100.00,2026-09-09_09-59-56_pruned_taxonomy_topdown
603894,d1ece41d-326f-407d-90de-fce51550a6d3,"Heat stress in goat (Capra hircus): Impacts on physiological responses, production, and reproduction",431,Z_Other evidence synthesis type,True,,,,,False,False,"The study is explicitly described as a review and fits the narrative review category, so it is not an evidence synthesis type outside the listed categories.",,0.00,0.00,2026-09-09_09-59-56_pruned_taxonomy_topdown
603894,d1ece41d-326f-407d-90de-fce51550a6d3,"Heat stress in goat (Capra hircus): Impacts on physiological responses, production, and reproduction",427,Health technology assessment (HTA),True,,,,,False,False,"The review does not evaluate a health technology through clinical effectiveness, cost-effectiveness, and broader ethical or organisational analyses for policy decision-making.",,0.00,0.00,2026-09-09_09-59-56_pruned_taxonomy_topdown
603894,d1ece41d-326f-407d-90de-fce51550a6d3,"Heat stress in goat (Capra hircus): Impacts on physiological responses, production, and reproduction",428,Meta-analysis (unsystematic),True,,,,,False,False,"Although the review synthesizes research, there is no indication of advanced quantitative statistical synthesis or meta-analysis conducted without systematic review methods.",,0.00,0.00,2026-09-09_09-59-56_pruned_taxonomy_topdown
603894,d1ece41d-326f-407d-90de-fce51550a6d3,"Heat stress in goat (Capra hircus): Impacts on physiological responses, production, and reproduction",390,(Quasi-)Experimental / single-group designs,True,,,,,False,False,No annotation with this attribute found: reverting to default,,0.00,0.00,2026-09-09_09-59-56_pruned_taxonomy_topdown
603894,d1ece41d-326f-407d-90de-fce51550a6d3,"Heat stress in goat (Capra hircus): Impacts on physiological responses, production, and reproduction",397,Z_Other study design,True,,,,,False,False,No annotation with this attribute found: reverting to default,,0.00,0.00,2026-09-09_09-59-56_pruned_taxonomy_topdown
603894,d1ece41d-326f-407d-90de-fce51550a6d3,"Heat stress in goat (Capra hircus): Impacts on physiological responses, production, and reproduction",394,Observational / group comparison designs,True,,,,,False,False,No annotation with this attribute found: reverting to default,,0.00,0.00,2026-09-09_09-59-56_pruned_taxonomy_topdown
603894,d1ece41d-326f-407d-90de-fce51550a6d3,"Heat stress in goat (Capra hircus): Impacts on physiological responses, production, and reproduction",393,Modelling / simulation,True,,,,,False,False,No annotation with this attribute found: reverting to default,,0.00,0.00,2026-09-09_09-59-56_pruned_taxonomy_topdown
603894,d1ece41d-326f-407d-90de-fce51550a6d3,"Heat stress in goat (Capra hircus): Impacts on physiological responses, production, and reproduction",387,1. Primary research,True,,,,,False,False,The study is a review that synthesizes existing research rather than collecting and analysing new primary data.,,0.00,0.00,2026-09-09_09-59-56_pruned_taxonomy_topdown
603894,d1ece41d-326f-407d-90de-fce51550a6d3,"Heat stress in goat (Capra hircus): Impacts on physiological responses, production, and reproduction",395,Observational / single-group designs,True,,,,,False,False,No annotation with this attribute found: reverting to default,,0.00,0.00,2026-09-09_09-59-56_pruned_taxonomy_topdown
603894,d1ece41d-326f-407d-90de-fce51550a6d3,"Heat stress in goat (Capra hircus): Impacts on physiological responses, production, and reproduction",430,Systematic reviews,True,,,,,False,False,"The abstract does not describe explicit, reproducible systematic searching, study selection, critical appraisal, or systematic review methods.",,0.00,0.00,2026-09-09_09-59-56_pruned_taxonomy_topdown
603894,d1ece41d-326f-407d-90de-fce51550a6d3,"Heat stress in goat (Capra hircus): Impacts on physiological responses, production, and reproduction",392,Mixed-methods,True,,,,,False,False,No annotation with this attribute found: reverting to default,,0.00,0.00,2026-09-09_09-59-56_pruned_taxonomy_topdown
603894,d1ece41d-326f-407d-90de-fce51550a6d3,"Heat stress in goat (Capra hircus): Impacts on physiological responses, production, and reproduction",396,Qualitative designs,True,,,,,False,False,No annotation with this attribute found: reverting to default,,0.00,0.00,2026-09-09_09-59-56_pruned_taxonomy_topdown
603894,d1ece41d-326f-407d-90de-fce51550a6d3,"Heat stress in goat (Capra hircus): Impacts on physiological responses, production, and reproduction",426,Guideline (clinical or public health),True,,,,,False,False,The study does not develop recommendations or a formally structured statement to guide clinical or public health practice.,,0.00,0.00,2026-09-09_09-59-56_pruned_taxonomy_topdown
603894,d1ece41d-326f-407d-90de-fce51550a6d3,"Heat stress in goat (Capra hircus): Impacts on physiological responses, production, and reproduction",389,(Quasi-)Experimental / group comparison designs,True,,,,,False,False,No annotation with this attribute found: reverting to default,,0.00,0.00,2026-09-09_09-59-56_pruned_taxonomy_topdown
603894,d1ece41d-326f-407d-90de-fce51550a6d3,"Heat stress in goat (Capra hircus): Impacts on physiological responses, production, and reproduction",391,Descriptive / single-group designs,True,,,,,False,False,No annotation with this attribute found: reverting to default,,0.00,0.00,2026-09-09_09-59-56_pruned_taxonomy_topdown
603894,d1ece41d-326f-407d-90de-fce51550a6d3,"Heat stress in goat (Capra hircus): Impacts on physiological responses, production, and reproduction",388,2. Evidence synthesis,True,,,,,True,True,The study explicitly identifies itself as a review and synthesizes four decades of prior research on heat stress impacts and mitigation strategies in goats.,This review synthesizes four decades of research to elucidate the impacts of HS and evaluate mitigation strategies.,0.00,100.00,2026-09-09_09-59-56_pruned_taxonomy_topdown
603894,d1ece41d-326f-407d-90de-fce51550a6d3,"Heat stress in goat (Capra hircus): Impacts on physiological responses, production, and reproduction",429,Narrative review,True,,,,,True,True,"The study is presented as a broad review that summarizes and interprets research on heat stress in goats and mitigation strategies, without reporting systematic review methods. This is consistent with a narrative review.",This review synthesizes four decades of research to elucidate the impacts of HS and evaluate mitigation strategies.,0.00,100.00,2026-09-09_09-59-56_pruned_taxonomy_topdown
603894,d1ece41d-326f-407d-90de-fce51550a6d3,"Heat stress in goat (Capra hircus): Impacts on physiological responses, production, and reproduction",202,Neurological disorders,True,,,,,False,False,No annotation with this attribute found: reverting to default,,0.00,0.00,2026-09-09_09-59-56_pruned_taxonomy_topdown
603894,d1ece41d-326f-407d-90de-fce51550a6d3,"Heat stress in goat (Capra hircus): Impacts on physiological responses, production, and reproduction",116,1.1. Total / all-cause mortality (Outcome),True,,,,,False,True,"The review addresses mortality risk in goats exposed to heat stress during transport, without attributing deaths to a specific disease or condition, aligning with an all-cause mortality concept.","Transport under HS exacerbates mortality risks and declines in meat quality, necessitating improved handling protocols.",0.00,100.00,2026-09-09_09-59-56_pruned_taxonomy_topdown
603894,d1ece41d-326f-407d-90de-fce51550a6d3,"Heat stress in goat (Capra hircus): Impacts on physiological responses, production, and reproduction",196,Chronic respiratory diseases,True,,,,,False,False,No annotation with this attribute found: reverting to default,,0.00,0.00,2026-09-09_09-59-56_pruned_taxonomy_topdown
603894,d1ece41d-326f-407d-90de-fce51550a6d3,"Heat stress in goat (Capra hircus): Impacts on physiological responses, production, and reproduction",206,Z_Other non-communicable diseases,True,,,,,False,False,No annotation with this attribute found: reverting to default,,0.00,0.00,2026-09-09_09-59-56_pruned_taxonomy_topdown
603894,d1ece41d-326f-407d-90de-fce51550a6d3,"Heat stress in goat (Capra hircus): Impacts on physiological responses, production, and reproduction",117,"1.2. Communicable, maternal, neonatal, and nutritional mortality",True,,,,,False,False,"The study does not report deaths attributable to communicable diseases, maternal conditions, neonatal disorders, or nutritional deficiencies.",,0.00,0.00,2026-09-09_09-59-56_pruned_taxonomy_topdown
603894,d1ece41d-326f-407d-90de-fce51550a6d3,"Heat stress in goat (Capra hircus): Impacts on physiological responses, production, and reproduction",199,Mental disorders,True,,,,,False,False,No annotation with this attribute found: reverting to default,,0.00,0.00,2026-09-09_09-59-56_pruned_taxonomy_topdown
603894,d1ece41d-326f-407d-90de-fce51550a6d3,"Heat stress in goat (Capra hircus): Impacts on physiological responses, production, and reproduction",204,Skin and subcutaneous diseases,True,,,,,False,False,No annotation with this attribute found: reverting to default,,0.00,0.00,2026-09-09_09-59-56_pruned_taxonomy_topdown
603894,d1ece41d-326f-407d-90de-fce51550a6d3,"Heat stress in goat (Capra hircus): Impacts on physiological responses, production, and reproduction",134,HIV/AIDS and sexually transmitted infections,True,,,,,False,False,No annotation with this attribute found: reverting to default,,0.00,0.00,2026-09-09_09-59-56_pruned_taxonomy_topdown
603894,d1ece41d-326f-407d-90de-fce51550a6d3,"Heat stress in goat (Capra hircus): Impacts on physiological responses, production, and reproduction",137,Nutritional deficiencies,True,,,,,False,False,No annotation with this attribute found: reverting to default,,0.00,0.00,2026-09-09_09-59-56_pruned_taxonomy_topdown
603894,d1ece41d-326f-407d-90de-fce51550a6d3,"Heat stress in goat (Capra hircus): Impacts on physiological responses, production, and reproduction",200,Musculoskeletal disorders,True,,,,,False,False,No annotation with this attribute found: reverting to default,,0.00,0.00,2026-09-09_09-59-56_pruned_taxonomy_topdown
603894,d1ece41d-326f-407d-90de-fce51550a6d3,"Heat stress in goat (Capra hircus): Impacts on physiological responses, production, and reproduction",139,Z_Other infectious diseases,True,,,,,False,False,No annotation with this attribute found: reverting to default,,0.00,0.00,2026-09-09_09-59-56_pruned_taxonomy_topdown
603894,d1ece41d-326f-407d-90de-fce51550a6d3,"Heat stress in goat (Capra hircus): Impacts on physiological responses, production, and reproduction",289,Transport injuries,True,,,,,False,False,No annotation with this attribute found: reverting to default,,0.00,0.00,2026-09-09_09-59-56_pruned_taxonomy_topdown
603894,d1ece41d-326f-407d-90de-fce51550a6d3,"Heat stress in goat (Capra hircus): Impacts on physiological responses, production, and reproduction",135,Maternal and neonatal disorders,True,,,,,False,False,No annotation with this attribute found: reverting to default,,0.00,0.00,2026-09-09_09-59-56_pruned_taxonomy_topdown
603894,d1ece41d-326f-407d-90de-fce51550a6d3,"Heat stress in goat (Capra hircus): Impacts on physiological responses, production, and reproduction",136,Neglected tropical diseases and malaria,True,,,,,False,False,No annotation with this attribute found: reverting to default,,0.00,0.00,2026-09-09_09-59-56_pruned_taxonomy_topdown
603894,d1ece41d-326f-407d-90de-fce51550a6d3,"Heat stress in goat (Capra hircus): Impacts on physiological responses, production, and reproduction",195,Cardiovascular diseases,True,,,,,False,False,No annotation with this attribute found: reverting to default,,0.00,0.00,2026-09-09_09-59-56_pruned_taxonomy_topdown
603894,d1ece41d-326f-407d-90de-fce51550a6d3,"Heat stress in goat (Capra hircus): Impacts on physiological responses, production, and reproduction",288,Self-harm and interpersonal violence,True,,,,,False,False,No annotation with this attribute found: reverting to default,,0.00,0.00,2026-09-09_09-59-56_pruned_taxonomy_topdown
603894,d1ece41d-326f-407d-90de-fce51550a6d3,"Heat stress in goat (Capra hircus): Impacts on physiological responses, production, and reproduction",114,3. Non-communicable diseases,True,,,,,False,False,"The review concerns heat stress effects on goat productivity, reproduction, welfare, and physiology, not chronic non-infectious disease conditions in the specified GBD category.",,0.00,0.00,2026-09-09_09-59-56_pruned_taxonomy_topdown
603894,d1ece41d-326f-407d-90de-fce51550a6d3,"Heat stress in goat (Capra hircus): Impacts on physiological responses, production, and reproduction",112,1. Mortality (Outcome),True,,,,,False,True,"Mortality is explicitly identified as an adverse outcome of heat stress during transport, although the study focuses on goats rather than human populations.","Transport under HS exacerbates mortality risks and declines in meat quality, necessitating improved handling protocols.",0.00,100.00,2026-09-09_09-59-56_pruned_taxonomy_topdown
603894,d1ece41d-326f-407d-90de-fce51550a6d3,"Heat stress in goat (Capra hircus): Impacts on physiological responses, production, and reproduction",138,Respiratory infections and tuberculosis,True,,,,,False,False,No annotation with this attribute found: reverting to default,,0.00,0.00,2026-09-09_09-59-56_pruned_taxonomy_topdown
603894,d1ece41d-326f-407d-90de-fce51550a6d3,"Heat stress in goat (Capra hircus): Impacts on physiological responses, production, and reproduction",290,Unintentional injuries,True,,,,,False,False,No annotation with this attribute found: reverting to default,,0.00,0.00,2026-09-09_09-59-56_pruned_taxonomy_topdown
603894,d1ece41d-326f-407d-90de-fce51550a6d3,"Heat stress in goat (Capra hircus): Impacts on physiological responses, production, and reproduction",113,"2. Communicable, maternal, neonatal, and nutritional diseases",True,,,,,False,False,"The abstract does not focus on infectious, maternal, neonatal, or nutritional-condition disease categories. Suppressed immune pathways are mentioned as a physiological effect, not as an infectious disease outcome.",,0.00,0.00,2026-09-09_09-59-56_pruned_taxonomy_topdown
603894,d1ece41d-326f-407d-90de-fce51550a6d3,"Heat stress in goat (Capra hircus): Impacts on physiological responses, production, and reproduction",133,Enteric infections,True,,,,,False,False,No annotation with this attribute found: reverting to default,,0.00,0.00,2026-09-09_09-59-56_pruned_taxonomy_topdown
603894,d1ece41d-326f-407d-90de-fce51550a6d3,"Heat stress in goat (Capra hircus): Impacts on physiological responses, production, and reproduction",201,Neoplasms,True,,,,,False,False,No annotation with this attribute found: reverting to default,,0.00,0.00,2026-09-09_09-59-56_pruned_taxonomy_topdown
603894,d1ece41d-326f-407d-90de-fce51550a6d3,"Heat stress in goat (Capra hircus): Impacts on physiological responses, production, and reproduction",118,1.3. Non-communicable mortality,True,,,,,False,False,"The study discusses metabolic disruption and oxidative stress in heat-stressed goats, but does not address deaths attributable to non-communicable diseases such as cardiovascular, respiratory, metabolic, or neoplastic conditions.",,0.00,0.00,2026-09-09_09-59-56_pruned_taxonomy_topdown
603894,d1ece41d-326f-407d-90de-fce51550a6d3,"Heat stress in goat (Capra hircus): Impacts on physiological responses, production, and reproduction",205,Substance use disorders,True,,,,,False,False,No annotation with this attribute found: reverting to default,,0.00,0.00,2026-09-09_09-59-56_pruned_taxonomy_topdown
603894,d1ece41d-326f-407d-90de-fce51550a6d3,"Heat stress in goat (Capra hircus): Impacts on physiological responses, production, and reproduction",197,Diabetes and kidney diseases,True,,,,,False,False,No annotation with this attribute found: reverting to default,,0.00,0.00,2026-09-09_09-59-56_pruned_taxonomy_topdown
603894,d1ece41d-326f-407d-90de-fce51550a6d3,"Heat stress in goat (Capra hircus): Impacts on physiological responses, production, and reproduction",203,Sense organ diseases,True,,,,,False,False,No annotation with this attribute found: reverting to default,,0.00,0.00,2026-09-09_09-59-56_pruned_taxonomy_topdown
603894,d1ece41d-326f-407d-90de-fce51550a6d3,"Heat stress in goat (Capra hircus): Impacts on physiological responses, production, and reproduction",115,4. Injuries,True,,,,,False,False,"The study does not examine physical injuries, self-harm, violence, conflict, or other external-cause bodily harm. Transport-related mortality does not by itself indicate injury.",,0.00,0.00,2026-09-09_09-59-56_pruned_taxonomy_topdown
603894,d1ece41d-326f-407d-90de-fce51550a6d3,"Heat stress in goat (Capra hircus): Impacts on physiological responses, production, and reproduction",198,Digestive diseases,True,,,,,False,False,No annotation with this attribute found: reverting to default,,0.00,0.00,2026-09-09_09-59-56_pruned_taxonomy_topdown
417545,f6d9deb8-a55f-46ab-958f-75f6f2ea06d2,Adaptation to climate change and climate variability: The importance of understanding agriculture as performance,36,Coal,True,,,,,False,False,"The study focuses on socially embedded climate adaptation in agriculture, with examples from Mali and the southeastern United States. It does not address coal or its combustion.",,0.00,0.00,2026-09-09_09-59-56_pruned_taxonomy_topdown
417545,f6d9deb8-a55f-46ab-958f-75f6f2ea06d2,Adaptation to climate change and climate variability: The importance of understanding agriculture as performance,35,(Unspecified) fossil fuels,True,,,,,False,False,"Although the study discusses climate change and adaptation, it does not examine fossil fuel use or combustion in general.",,0.00,0.00,2026-09-09_09-59-56_pruned_taxonomy_topdown
417545,f6d9deb8-a55f-46ab-958f-75f6f2ea06d2,Adaptation to climate change and climate variability: The importance of understanding agriculture as performance,38,Oil,True,,,,,False,False,"The study does not address petroleum, liquid fossil fuels, transport, or industrial fuel use.",,0.00,0.00,2026-09-09_09-59-56_pruned_taxonomy_topdown
417545,f6d9deb8-a55f-46ab-958f-75f6f2ea06d2,Adaptation to climate change and climate variability: The importance of understanding agriculture as performance,37,Natural gas,True,,,,,False,False,"The study does not discuss natural gas, methane, heating, electricity generation, or related fossil fuel use.",,0.00,0.00,2026-09-09_09-59-56_pruned_taxonomy_topdown
417545,f6d9deb8-a55f-46ab-958f-75f6f2ea06d2,Adaptation to climate change and climate variability: The importance of understanding agriculture as performance,17,(Unspecified) greenhouse gases,True,,,,,False,False,"The study discusses climate change adaptation and agricultural practices, but does not specifically address atmospheric greenhouse gases collectively.",,0.00,0.00,2026-09-09_09-59-56_pruned_taxonomy_topdown
417545,f6d9deb8-a55f-46ab-958f-75f6f2ea06d2,Adaptation to climate change and climate variability: The importance of understanding agriculture as performance,18,Carbon dioxide (CO₂),True,,,,,False,False,"Carbon dioxide is not identified or examined as an exposure, driver, or outcome in the study.",,0.00,0.00,2026-09-09_09-59-56_pruned_taxonomy_topdown
417545,f6d9deb8-a55f-46ab-958f-75f6f2ea06d2,Adaptation to climate change and climate variability: The importance of understanding agriculture as performance,22,Ozone-depleting substances / chlorofluorocarbons / hydrochlorofluorocarbons / halons / carbon tetrachloride / methyl chloroform,True,,,,,False,False,The study does not discuss ozone-depleting compounds regulated under the Montreal Protocol.,,0.00,0.00,2026-09-09_09-59-56_pruned_taxonomy_topdown
417545,f6d9deb8-a55f-46ab-958f-75f6f2ea06d2,Adaptation to climate change and climate variability: The importance of understanding agriculture as performance,19,Fluorinated gases / hydrofluorocarbons / perfluorocarbons / sulfur hexafluoride / nitrogen trifluoride,True,,,,,False,False,Synthetic industrial greenhouse gases such as fluorinated gases are not part of the study's subject matter.,,0.00,0.00,2026-09-09_09-59-56_pruned_taxonomy_topdown
417545,f6d9deb8-a55f-46ab-958f-75f6f2ea06d2,Adaptation to climate change and climate variability: The importance of understanding agriculture as performance,20,Methane (CH₄),True,,,,,False,False,"Methane emissions from livestock, rice cultivation, landfills, or fossil fuel extraction are not examined.",,0.00,0.00,2026-09-09_09-59-56_pruned_taxonomy_topdown
417545,f6d9deb8-a55f-46ab-958f-75f6f2ea06d2,Adaptation to climate change and climate variability: The importance of understanding agriculture as performance,21,Nitrous oxide (N₂O),True,,,,,False,False,Nitrous oxide emissions from agriculture or fertilisers are not discussed.,,0.00,0.00,2026-09-09_09-59-56_pruned_taxonomy_topdown
417545,f6d9deb8-a55f-46ab-958f-75f6f2ea06d2,Adaptation to climate change and climate variability: The importance of understanding agriculture as performance,23,Particulate matter (PM10) / fine particulate matter (PM2.5) / black/organic carbon / sulfate/nitrate aerosols,True,,,,,False,False,Particulate matter and its respiratory or cardiovascular health effects are not addressed.,,0.00,0.00,2026-09-09_09-59-56_pruned_taxonomy_topdown
417545,f6d9deb8-a55f-46ab-958f-75f6f2ea06d2,Adaptation to climate change and climate variability: The importance of understanding agriculture as performance,24,Tropospheric ozone (O₃),True,,,,,False,False,Tropospheric ozone and its formation from nitrogen oxides and volatile organic compounds are not discussed.,,0.00,0.00,2026-09-09_09-59-56_pruned_taxonomy_topdown
417545,f6d9deb8-a55f-46ab-958f-75f6f2ea06d2,Adaptation to climate change and climate variability: The importance of understanding agriculture as performance,26,Extreme cold,True,,,,,False,False,"The study does not focus on unusually low temperatures, cold snaps, blizzards, or cold-related health outcomes.",,0.00,0.00,2026-09-09_09-59-56_pruned_taxonomy_topdown
417545,f6d9deb8-a55f-46ab-958f-75f6f2ea06d2,Adaptation to climate change and climate variability: The importance of understanding agriculture as performance,27,Extreme heat,True,,,,,False,False,"The study does not address heatwaves, unusually high temperatures, or heat-related health risks.",,0.00,0.00,2026-09-09_09-59-56_pruned_taxonomy_topdown
417545,f6d9deb8-a55f-46ab-958f-75f6f2ea06d2,Adaptation to climate change and climate variability: The importance of understanding agriculture as performance,28,Extreme precipitation,True,,,,,False,False,The study does not examine unusually intense or prolonged precipitation or its impacts.,,0.00,0.00,2026-09-09_09-59-56_pruned_taxonomy_topdown
417545,f6d9deb8-a55f-46ab-958f-75f6f2ea06d2,Adaptation to climate change and climate variability: The importance of understanding agriculture as performance,30,Floods,True,,,,,False,False,Flooding or inundation is not a subject of the study.,,0.00,0.00,2026-09-09_09-59-56_pruned_taxonomy_topdown
417545,f6d9deb8-a55f-46ab-958f-75f6f2ea06d2,Adaptation to climate change and climate variability: The importance of understanding agriculture as performance,33,Wildfires,True,,,,,False,False,"The study does not discuss wildfires, vegetation fires, smoke, or fire-related air pollution.",,0.00,0.00,2026-09-09_09-59-56_pruned_taxonomy_topdown
417545,f6d9deb8-a55f-46ab-958f-75f6f2ea06d2,Adaptation to climate change and climate variability: The importance of understanding agriculture as performance,25,Droughts,True,,,,,False,False,"Although climate variability and adaptation are discussed, the study does not focus on prolonged water deficits, drought, or associated health and livelihood impacts.",,0.00,0.00,2026-09-09_09-59-56_pruned_taxonomy_topdown
417545,f6d9deb8-a55f-46ab-958f-75f6f2ea06d2,Adaptation to climate change and climate variability: The importance of understanding agriculture as performance,29,Extreme snow/ice events,True,,,,,False,False,"The study does not address severe snow, ice, blizzards, freezing rain, or related disruptions.",,0.00,0.00,2026-09-09_09-59-56_pruned_taxonomy_topdown
417545,f6d9deb8-a55f-46ab-958f-75f6f2ea06d2,Adaptation to climate change and climate variability: The importance of understanding agriculture as performance,31,Sand and dust storms,True,,,,,False,False,Sand or dust storms and wind-driven airborne particles are not discussed.,,0.00,0.00,2026-09-09_09-59-56_pruned_taxonomy_topdown
417545,f6d9deb8-a55f-46ab-958f-75f6f2ea06d2,Adaptation to climate change and climate variability: The importance of understanding agriculture as performance,32,Storms and severe wind,True,,,,,False,False,"The study does not examine tropical cyclones, severe thunderstorms, hailstorms, or other specified intense meteorological events.",,0.00,0.00,2026-09-09_09-59-56_pruned_taxonomy_topdown
417545,f6d9deb8-a55f-46ab-958f-75f6f2ea06d2,Adaptation to climate change and climate variability: The importance of understanding agriculture as performance,34,Z_(Unspecified) extreme weather events,True,,,,,False,False,"The study discusses climate change, climate variability, and adaptation in general, but does not identify extreme weather events as a study focus, even in unspecified form.",,0.00,0.00,2026-09-09_09-59-56_pruned_taxonomy_topdown
417545,f6d9deb8-a55f-46ab-958f-75f6f2ea06d2,Adaptation to climate change and climate variability: The importance of understanding agriculture as performance,493,Attribution,True,,,,,False,False,No annotation with this attribute found: reverting to default,,0.00,0.00,2026-09-09_09-59-56_pruned_taxonomy_topdown
417545,f6d9deb8-a55f-46ab-958f-75f6f2ea06d2,Adaptation to climate change and climate variability: The importance of understanding agriculture as performance,487,Adaptation,True,,,,,True,True,"The study is fundamentally about climate adaptation, including adaptive processes and technologies in agriculture and the use of climate forecasts and variability as risk-management tools.",This examination of agriculture as performance in the context of climate adaptation draws on two different examples.,0.00,100.00,2026-09-09_09-59-56_pruned_taxonomy_topdown
417545,f6d9deb8-a55f-46ab-958f-75f6f2ea06d2,Adaptation to climate change and climate variability: The importance of understanding agriculture as performance,490,Maladaptation,True,,,,,False,False,"The study discusses climate adaptation processes and strategies but does not examine adaptation actions that generate unintended harms, increase vulnerability or exposure, or create new risks.",,0.00,0.00,2026-09-09_09-59-56_pruned_taxonomy_topdown
417545,f6d9deb8-a55f-46ab-958f-75f6f2ea06d2,Adaptation to climate change and climate variability: The importance of understanding agriculture as performance,495,Loss and damage,True,,,,,False,False,No annotation with this attribute found: reverting to default,,0.00,0.00,2026-09-09_09-59-56_pruned_taxonomy_topdown
417545,f6d9deb8-a55f-46ab-958f-75f6f2ea06d2,Adaptation to climate change and climate variability: The importance of understanding agriculture as performance,492,Resilience,True,,,,,True,False,"Although the study addresses adaptive processes and responses to climate variability, it does not fundamentally assess the capacity of people or systems to anticipate, withstand, recover from, or adapt to climate-related shocks as an adaptation outcome or objective.",,0.00,0.00,2026-09-09_09-59-56_pruned_taxonomy_topdown
417545,f6d9deb8-a55f-46ab-958f-75f6f2ea06d2,Adaptation to climate change and climate variability: The importance of understanding agriculture as performance,489,Mitigation,True,,,,,False,False,"The study does not address greenhouse-gas emissions, fossil fuels, or actions intended to reduce emissions.",,0.00,0.00,2026-09-09_09-59-56_pruned_taxonomy_topdown
417545,f6d9deb8-a55f-46ab-958f-75f6f2ea06d2,Adaptation to climate change and climate variability: The importance of understanding agriculture as performance,491,Preparedness,True,,,,,False,True,"The study is fundamentally about climate adaptation, including technical responses, adaptive processes, and farmers' use of climate variability and forecasts as risk management tools to address anticipated climate conditions.",This examination of agriculture as performance in the context of climate adaptation draws on two different examples.,0.00,100.00,2026-09-09_09-59-56_pruned_taxonomy_topdown
417545,f6d9deb8-a55f-46ab-958f-75f6f2ea06d2,Adaptation to climate change and climate variability: The importance of understanding agriculture as performance,494,Future impact,True,,,,,False,False,No annotation with this attribute found: reverting to default,,0.00,0.00,2026-09-09_09-59-56_pruned_taxonomy_topdown
417545,f6d9deb8-a55f-46ab-958f-75f6f2ea06d2,Adaptation to climate change and climate variability: The importance of understanding agriculture as performance,496,Co-Benefits,True,,,,,False,False,No annotation with this attribute found: reverting to default,,0.00,0.00,2026-09-09_09-59-56_pruned_taxonomy_topdown
417545,f6d9deb8-a55f-46ab-958f-75f6f2ea06d2,Adaptation to climate change and climate variability: The importance of understanding agriculture as performance,488,Impact,True,,,,,False,False,"Although climate impacts and changing climate conditions are mentioned as context, the study does not characterize or measure harms or risks caused by climate variables; its central focus is the social nature of adaptation and risk management.",,0.00,0.00,2026-09-09_09-59-56_pruned_taxonomy_topdown
417545,f6d9deb8-a55f-46ab-958f-75f6f2ea06d2,Adaptation to climate change and climate variability: The importance of understanding agriculture as performance,6,(Unspecified) changes in weather,True,,,,,False,False,"The study discusses climate variability and climate change, but does not specifically focus on broad, nonspecific changes in weather patterns.",,0.00,0.00,2026-09-09_09-59-56_pruned_taxonomy_topdown
417545,f6d9deb8-a55f-46ab-958f-75f6f2ea06d2,Adaptation to climate change and climate variability: The importance of understanding agriculture as performance,15,Changes in wind speed,True,,,,,False,False,No alterations in wind patterns or wind velocity are discussed.,,0.00,0.00,2026-09-09_09-59-56_pruned_taxonomy_topdown
417545,f6d9deb8-a55f-46ab-958f-75f6f2ea06d2,Adaptation to climate change and climate variability: The importance of understanding agriculture as performance,13,Changes in season length,True,,,,,False,False,The study does not address changes in season duration or seasonal timing.,,0.00,0.00,2026-09-09_09-59-56_pruned_taxonomy_topdown
417545,f6d9deb8-a55f-46ab-958f-75f6f2ea06d2,Adaptation to climate change and climate variability: The importance of understanding agriculture as performance,7,(Unspecified) climate change,True,,,,,True,True,"Climate change is a central framing of the study, but no specific climate-change driver or mechanism is identified as the focus.",Most climate change studies that address potential impacts and potential adaptation strategies are largely based on modelling technologies.,0.00,100.00,2026-09-09_09-59-56_pruned_taxonomy_topdown
417545,f6d9deb8-a55f-46ab-958f-75f6f2ea06d2,Adaptation to climate change and climate variability: The importance of understanding agriculture as performance,16,Climate variability,True,,,,,True,True,Climate variability is explicitly examined as a factor shaping farmers' adaptation and risk-management practices.,The second example shows how farmers in southeastern United States approach climate variability and climate forecasts as risk management tools.,0.00,100.00,2026-09-09_09-59-56_pruned_taxonomy_topdown
417545,f6d9deb8-a55f-46ab-958f-75f6f2ea06d2,Adaptation to climate change and climate variability: The importance of understanding agriculture as performance,9,Changes in humidity,True,,,,,False,False,The study does not discuss atmospheric moisture or humidity changes.,,0.00,0.00,2026-09-09_09-59-56_pruned_taxonomy_topdown
417545,f6d9deb8-a55f-46ab-958f-75f6f2ea06d2,Adaptation to climate change and climate variability: The importance of understanding agriculture as performance,12,Changes in sea level,True,,,,,False,False,Sea-level rise is not addressed.,,0.00,0.00,2026-09-09_09-59-56_pruned_taxonomy_topdown
417545,f6d9deb8-a55f-46ab-958f-75f6f2ea06d2,Adaptation to climate change and climate variability: The importance of understanding agriculture as performance,11,Changes in precipitation,True,,,,,False,False,"The study does not focus on changes in rainfall, snowfall, or precipitation patterns.",,0.00,0.00,2026-09-09_09-59-56_pruned_taxonomy_topdown
417545,f6d9deb8-a55f-46ab-958f-75f6f2ea06d2,Adaptation to climate change and climate variability: The importance of understanding agriculture as performance,10,Changes in inland water bodies,True,,,,,False,False,"No climate-driven changes in freshwater systems, river flows, lake levels, or water availability are discussed.",,0.00,0.00,2026-09-09_09-59-56_pruned_taxonomy_topdown
417545,f6d9deb8-a55f-46ab-958f-75f6f2ea06d2,Adaptation to climate change and climate variability: The importance of understanding agriculture as performance,14,Changes in temperature,True,,,,,False,False,"Although changing climate conditions are mentioned generally, the study does not specifically examine temperature changes or warming trends.",,0.00,0.00,2026-09-09_09-59-56_pruned_taxonomy_topdown
417545,f6d9deb8-a55f-46ab-958f-75f6f2ea06d2,Adaptation to climate change and climate variability: The importance of understanding agriculture as performance,8,Changes in glacier / snow melt,True,,,,,False,False,Glacier or snowpack melting is not discussed.,,0.00,0.00,2026-09-09_09-59-56_pruned_taxonomy_topdown
417545,f6d9deb8-a55f-46ab-958f-75f6f2ea06d2,Adaptation to climate change and climate variability: The importance of understanding agriculture as performance,476,Education (Sector),True,,,,,False,False,The study does not focus on formal or informal education systems.,,0.00,0.00,2026-09-09_09-59-56_pruned_taxonomy_topdown
417545,f6d9deb8-a55f-46ab-958f-75f6f2ea06d2,Adaptation to climate change and climate variability: The importance of understanding agriculture as performance,485,Transportation (Sector),True,,,,,False,False,Transport systems and infrastructure are not subjects of the study.,,0.00,0.00,2026-09-09_09-59-56_pruned_taxonomy_topdown
417545,f6d9deb8-a55f-46ab-958f-75f6f2ea06d2,Adaptation to climate change and climate variability: The importance of understanding agriculture as performance,483,Public administration (Sector),True,,,,,False,False,"Although political struggles and governance-related context are mentioned, public administration operations, services, or workforce are not examined.",,0.00,0.00,2026-09-09_09-59-56_pruned_taxonomy_topdown
417545,f6d9deb8-a55f-46ab-958f-75f6f2ea06d2,Adaptation to climate change and climate variability: The importance of understanding agriculture as performance,479,Healthcare (Sector),True,,,,,False,False,"The study does not address medical care, public health services, or health infrastructure.",,0.00,0.00,2026-09-09_09-59-56_pruned_taxonomy_topdown
417545,f6d9deb8-a55f-46ab-958f-75f6f2ea06d2,Adaptation to climate change and climate variability: The importance of understanding agriculture as performance,486,"Water, sanitation, and waste management (Sector)",True,,,,,False,False,"Water supply, sewage treatment, and solid waste management are not discussed as study subjects.",,0.00,0.00,2026-09-09_09-59-56_pruned_taxonomy_topdown
417545,f6d9deb8-a55f-46ab-958f-75f6f2ea06d2,Adaptation to climate change and climate variability: The importance of understanding agriculture as performance,475,Buildings / housing (Sector),True,,,,,False,False,"Buildings, housing, and construction are not examined.",,0.00,0.00,2026-09-09_09-59-56_pruned_taxonomy_topdown
417545,f6d9deb8-a55f-46ab-958f-75f6f2ea06d2,Adaptation to climate change and climate variability: The importance of understanding agriculture as performance,478,Finance (Sector),True,,,,,False,False,"Banking, insurance, investment, and financial services are not the focus; risk management is discussed in relation to farming and climate forecasts rather than financial-sector services.",,0.00,0.00,2026-09-09_09-59-56_pruned_taxonomy_topdown
417545,f6d9deb8-a55f-46ab-958f-75f6f2ea06d2,Adaptation to climate change and climate variability: The importance of understanding agriculture as performance,484,Social protection (Sector),True,,,,,False,False,"The study does not examine social safety nets, welfare services, or support systems.",,0.00,0.00,2026-09-09_09-59-56_pruned_taxonomy_topdown
417545,f6d9deb8-a55f-46ab-958f-75f6f2ea06d2,Adaptation to climate change and climate variability: The importance of understanding agriculture as performance,481,Information and communications technologies (Sector),True,,,,,False,False,"Although climate forecasts and modelling technologies are mentioned, telecommunications, digital infrastructure, and information technology are not the sectoral focus.",,0.00,0.00,2026-09-09_09-59-56_pruned_taxonomy_topdown
417545,f6d9deb8-a55f-46ab-958f-75f6f2ea06d2,Adaptation to climate change and climate variability: The importance of understanding agriculture as performance,480,"Industry, trade, and services (Sector)",True,,,,,False,False,"Manufacturing, retail, wholesale trade, and commercial services are not studied.",,0.00,0.00,2026-09-09_09-59-56_pruned_taxonomy_topdown
417545,f6d9deb8-a55f-46ab-958f-75f6f2ea06d2,Adaptation to climate change and climate variability: The importance of understanding agriculture as performance,477,Energy and extractives (Sector),True,,,,,False,False,"Electricity generation, fuel production, and resource extraction are not addressed.",,0.00,0.00,2026-09-09_09-59-56_pruned_taxonomy_topdown
417545,f6d9deb8-a55f-46ab-958f-75f6f2ea06d2,Adaptation to climate change and climate variability: The importance of understanding agriculture as performance,482,Military (Sector),True,,,,,False,False,The military and defense sector is not examined.,,0.00,0.00,2026-09-09_09-59-56_pruned_taxonomy_topdown
417545,f6d9deb8-a55f-46ab-958f-75f6f2ea06d2,Adaptation to climate change and climate variability: The importance of understanding agriculture as performance,474,"Agriculture, fishing, and forestry (Sector)",True,,,,,True,True,"Agriculture is the central subject, including farmers, herders, and adaptation practices in Mali and the southeastern United States. The scope explicitly encompasses agricultural activity and farmer responses to climate variability.",This examination of agriculture as performance in the context of climate adaptation draws on two different examples.,0.00,100.00,2026-09-09_09-59-56_pruned_taxonomy_topdown
417545,f6d9deb8-a55f-46ab-958f-75f6f2ea06d2,Adaptation to climate change and climate variability: The importance of understanding agriculture as performance,431,Z_Other evidence synthesis type,True,,,,,False,False,No annotation with this attribute found: reverting to default,,0.00,0.00,2026-09-09_09-59-56_pruned_taxonomy_topdown
417545,f6d9deb8-a55f-46ab-958f-75f6f2ea06d2,Adaptation to climate change and climate variability: The importance of understanding agriculture as performance,427,Health technology assessment (HTA),True,,,,,False,False,No annotation with this attribute found: reverting to default,,0.00,0.00,2026-09-09_09-59-56_pruned_taxonomy_topdown
417545,f6d9deb8-a55f-46ab-958f-75f6f2ea06d2,Adaptation to climate change and climate variability: The importance of understanding agriculture as performance,428,Meta-analysis (unsystematic),True,,,,,False,False,No annotation with this attribute found: reverting to default,,0.00,0.00,2026-09-09_09-59-56_pruned_taxonomy_topdown
417545,f6d9deb8-a55f-46ab-958f-75f6f2ea06d2,Adaptation to climate change and climate variability: The importance of understanding agriculture as performance,390,(Quasi-)Experimental / single-group designs,True,,,,,False,False,The study does not apply an intervention to a single group or evaluate outcomes using a one-group experimental design.,,0.00,0.00,2026-09-09_09-59-56_pruned_taxonomy_topdown
417545,f6d9deb8-a55f-46ab-958f-75f6f2ea06d2,Adaptation to climate change and climate variability: The importance of understanding agriculture as performance,397,Z_Other study design,True,,,,,False,False,The study is best characterized as qualitative rather than as a primary research design outside the specified categories.,,0.00,0.00,2026-09-09_09-59-56_pruned_taxonomy_topdown
417545,f6d9deb8-a55f-46ab-958f-75f6f2ea06d2,Adaptation to climate change and climate variability: The importance of understanding agriculture as performance,394,Observational / group comparison designs,True,,,,,False,False,"Although it discusses farmers, herders, and climate adaptation, it does not compare health outcomes between exposure-defined groups.",,0.00,0.00,2026-09-09_09-59-56_pruned_taxonomy_topdown
417545,f6d9deb8-a55f-46ab-958f-75f6f2ea06d2,Adaptation to climate change and climate variability: The importance of understanding agriculture as performance,393,Modelling / simulation,True,,,,,False,False,"Modelling is discussed as an approach being examined and critiqued, but the study itself does not use mathematical, statistical, or computational modelling to generate projections.",Most climate change studies that address potential impacts and potential adaptation strategies are largely based on modelling technologies.,0.00,100.00,2026-09-09_09-59-56_pruned_taxonomy_topdown
417545,f6d9deb8-a55f-46ab-958f-75f6f2ea06d2,Adaptation to climate change and climate variability: The importance of understanding agriculture as performance,387,1. Primary research,True,,,,,True,True,"The study presents an examination based on two empirical examples concerning climate adaptation, social processes, and farmers' responses, indicating analysis of primary cases rather than a synthesis of existing literature.",This examination of agriculture as performance in the context of climate adaptation draws on two different examples.,0.00,100.00,2026-09-09_09-59-56_pruned_taxonomy_topdown
417545,f6d9deb8-a55f-46ab-958f-75f6f2ea06d2,Adaptation to climate change and climate variability: The importance of understanding agriculture as performance,395,Observational / single-group designs,True,,,,,False,False,The study does not track outcomes over time in a single group using temporal patterns to infer associations.,,0.00,0.00,2026-09-09_09-59-56_pruned_taxonomy_topdown
417545,f6d9deb8-a55f-46ab-958f-75f6f2ea06d2,Adaptation to climate change and climate variability: The importance of understanding agriculture as performance,430,Systematic reviews,True,,,,,False,False,No annotation with this attribute found: reverting to default,,0.00,0.00,2026-09-09_09-59-56_pruned_taxonomy_topdown
417545,f6d9deb8-a55f-46ab-958f-75f6f2ea06d2,Adaptation to climate change and climate variability: The importance of understanding agriculture as performance,392,Mixed-methods,True,,,,,False,False,There is no indication that the study integrates both quantitative and qualitative data collection and analysis.,,0.00,0.00,2026-09-09_09-59-56_pruned_taxonomy_topdown
417545,f6d9deb8-a55f-46ab-958f-75f6f2ea06d2,Adaptation to climate change and climate variability: The importance of understanding agriculture as performance,396,Qualitative designs,True,,,,,True,True,"The study examines socially embedded adaptation processes, ethnic identities, political struggles, and farmers' approaches to climate variability and forecasts, indicating qualitative exploration of meanings and contextual factors.",adaptive processes are social phenomena whose significance and effects expand well beyond changing climate conditions,0.00,100.00,2026-09-09_09-59-56_pruned_taxonomy_topdown
417545,f6d9deb8-a55f-46ab-958f-75f6f2ea06d2,Adaptation to climate change and climate variability: The importance of understanding agriculture as performance,426,Guideline (clinical or public health),True,,,,,False,False,No annotation with this attribute found: reverting to default,,0.00,0.00,2026-09-09_09-59-56_pruned_taxonomy_topdown
417545,f6d9deb8-a55f-46ab-958f-75f6f2ea06d2,Adaptation to climate change and climate variability: The importance of understanding agriculture as performance,389,(Quasi-)Experimental / group comparison designs,True,,,,,False,False,"No intervention and control or comparison groups are used, and the study does not evaluate experimental outcomes.",,0.00,0.00,2026-09-09_09-59-56_pruned_taxonomy_topdown
417545,f6d9deb8-a55f-46ab-958f-75f6f2ea06d2,Adaptation to climate change and climate variability: The importance of understanding agriculture as performance,391,Descriptive / single-group designs,True,,,,,False,False,The study does not primarily describe frequencies or distributions of outcomes in a single group without comparison or temporal manipulation.,,0.00,0.00,2026-09-09_09-59-56_pruned_taxonomy_topdown
417545,f6d9deb8-a55f-46ab-958f-75f6f2ea06d2,Adaptation to climate change and climate variability: The importance of understanding agriculture as performance,388,2. Evidence synthesis,True,,,,,False,False,"The abstract discusses and contrasts modelling approaches and draws on case examples, but it does not describe a review, evidence synthesis, literature analysis, or aggregation of findings from prior studies.",Most climate change studies that address potential impacts and potential adaptation strategies are largely based on modelling technologies.,0.00,100.00,2026-09-09_09-59-56_pruned_taxonomy_topdown
417545,f6d9deb8-a55f-46ab-958f-75f6f2ea06d2,Adaptation to climate change and climate variability: The importance of understanding agriculture as performance,429,Narrative review,True,,,,,False,False,No annotation with this attribute found: reverting to default,,0.00,0.00,2026-09-09_09-59-56_pruned_taxonomy_topdown
417545,f6d9deb8-a55f-46ab-958f-75f6f2ea06d2,Adaptation to climate change and climate variability: The importance of understanding agriculture as performance,202,Neurological disorders,True,,,,,False,False,No annotation with this attribute found: reverting to default,,0.00,0.00,2026-09-09_09-59-56_pruned_taxonomy_topdown
417545,f6d9deb8-a55f-46ab-958f-75f6f2ea06d2,Adaptation to climate change and climate variability: The importance of understanding agriculture as performance,116,1.1. Total / all-cause mortality (Outcome),True,,,,,False,False,No annotation with this attribute found: reverting to default,,0.00,0.00,2026-09-09_09-59-56_pruned_taxonomy_topdown
417545,f6d9deb8-a55f-46ab-958f-75f6f2ea06d2,Adaptation to climate change and climate variability: The importance of understanding agriculture as performance,196,Chronic respiratory diseases,True,,,,,False,False,No annotation with this attribute found: reverting to default,,0.00,0.00,2026-09-09_09-59-56_pruned_taxonomy_topdown
417545,f6d9deb8-a55f-46ab-958f-75f6f2ea06d2,Adaptation to climate change and climate variability: The importance of understanding agriculture as performance,206,Z_Other non-communicable diseases,True,,,,,False,False,No annotation with this attribute found: reverting to default,,0.00,0.00,2026-09-09_09-59-56_pruned_taxonomy_topdown
417545,f6d9deb8-a55f-46ab-958f-75f6f2ea06d2,Adaptation to climate change and climate variability: The importance of understanding agriculture as performance,117,"1.2. Communicable, maternal, neonatal, and nutritional mortality",True,,,,,False,False,No annotation with this attribute found: reverting to default,,0.00,0.00,2026-09-09_09-59-56_pruned_taxonomy_topdown
417545,f6d9deb8-a55f-46ab-958f-75f6f2ea06d2,Adaptation to climate change and climate variability: The importance of understanding agriculture as performance,199,Mental disorders,True,,,,,False,False,No annotation with this attribute found: reverting to default,,0.00,0.00,2026-09-09_09-59-56_pruned_taxonomy_topdown
417545,f6d9deb8-a55f-46ab-958f-75f6f2ea06d2,Adaptation to climate change and climate variability: The importance of understanding agriculture as performance,204,Skin and subcutaneous diseases,True,,,,,False,False,No annotation with this attribute found: reverting to default,,0.00,0.00,2026-09-09_09-59-56_pruned_taxonomy_topdown
417545,f6d9deb8-a55f-46ab-958f-75f6f2ea06d2,Adaptation to climate change and climate variability: The importance of understanding agriculture as performance,134,HIV/AIDS and sexually transmitted infections,True,,,,,False,False,No annotation with this attribute found: reverting to default,,0.00,0.00,2026-09-09_09-59-56_pruned_taxonomy_topdown
417545,f6d9deb8-a55f-46ab-958f-75f6f2ea06d2,Adaptation to climate change and climate variability: The importance of understanding agriculture as performance,137,Nutritional deficiencies,True,,,,,False,False,No annotation with this attribute found: reverting to default,,0.00,0.00,2026-09-09_09-59-56_pruned_taxonomy_topdown
417545,f6d9deb8-a55f-46ab-958f-75f6f2ea06d2,Adaptation to climate change and climate variability: The importance of understanding agriculture as performance,200,Musculoskeletal disorders,True,,,,,False,False,No annotation with this attribute found: reverting to default,,0.00,0.00,2026-09-09_09-59-56_pruned_taxonomy_topdown
417545,f6d9deb8-a55f-46ab-958f-75f6f2ea06d2,Adaptation to climate change and climate variability: The importance of understanding agriculture as performance,139,Z_Other infectious diseases,True,,,,,False,False,No annotation with this attribute found: reverting to default,,0.00,0.00,2026-09-09_09-59-56_pruned_taxonomy_topdown
417545,f6d9deb8-a55f-46ab-958f-75f6f2ea06d2,Adaptation to climate change and climate variability: The importance of understanding agriculture as performance,289,Transport injuries,True,,,,,False,False,No annotation with this attribute found: reverting to default,,0.00,0.00,2026-09-09_09-59-56_pruned_taxonomy_topdown
417545,f6d9deb8-a55f-46ab-958f-75f6f2ea06d2,Adaptation to climate change and climate variability: The importance of understanding agriculture as performance,135,Maternal and neonatal disorders,True,,,,,False,False,No annotation with this attribute found: reverting to default,,0.00,0.00,2026-09-09_09-59-56_pruned_taxonomy_topdown
417545,f6d9deb8-a55f-46ab-958f-75f6f2ea06d2,Adaptation to climate change and climate variability: The importance of understanding agriculture as performance,136,Neglected tropical diseases and malaria,True,,,,,False,False,No annotation with this attribute found: reverting to default,,0.00,0.00,2026-09-09_09-59-56_pruned_taxonomy_topdown
417545,f6d9deb8-a55f-46ab-958f-75f6f2ea06d2,Adaptation to climate change and climate variability: The importance of understanding agriculture as performance,195,Cardiovascular diseases,True,,,,,False,False,No annotation with this attribute found: reverting to default,,0.00,0.00,2026-09-09_09-59-56_pruned_taxonomy_topdown
417545,f6d9deb8-a55f-46ab-958f-75f6f2ea06d2,Adaptation to climate change and climate variability: The importance of understanding agriculture as performance,288,Self-harm and interpersonal violence,True,,,,,False,False,No annotation with this attribute found: reverting to default,,0.00,0.00,2026-09-09_09-59-56_pruned_taxonomy_topdown
417545,f6d9deb8-a55f-46ab-958f-75f6f2ea06d2,Adaptation to climate change and climate variability: The importance of understanding agriculture as performance,114,3. Non-communicable diseases,True,,,,,False,False,"The study focuses on climate adaptation in agriculture, social processes, ethnic identities, political struggles, and risk management; it does not address chronic non-infectious diseases.",,0.00,0.00,2026-09-09_09-59-56_pruned_taxonomy_topdown
417545,f6d9deb8-a55f-46ab-958f-75f6f2ea06d2,Adaptation to climate change and climate variability: The importance of understanding agriculture as performance,112,1. Mortality (Outcome),True,,,,,False,False,"The abstract does not examine death, mortality, causes of death, or fatal disease burden.",,0.00,0.00,2026-09-09_09-59-56_pruned_taxonomy_topdown
417545,f6d9deb8-a55f-46ab-958f-75f6f2ea06d2,Adaptation to climate change and climate variability: The importance of understanding agriculture as performance,138,Respiratory infections and tuberculosis,True,,,,,False,False,No annotation with this attribute found: reverting to default,,0.00,0.00,2026-09-09_09-59-56_pruned_taxonomy_topdown
417545,f6d9deb8-a55f-46ab-958f-75f6f2ea06d2,Adaptation to climate change and climate variability: The importance of understanding agriculture as performance,290,Unintentional injuries,True,,,,,False,False,No annotation with this attribute found: reverting to default,,0.00,0.00,2026-09-09_09-59-56_pruned_taxonomy_topdown
417545,f6d9deb8-a55f-46ab-958f-75f6f2ea06d2,Adaptation to climate change and climate variability: The importance of understanding agriculture as performance,113,"2. Communicable, maternal, neonatal, and nutritional diseases",True,,,,,False,False,"The study does not concern infectious, maternal, neonatal, or nutritional conditions; its focus is agricultural climate adaptation.",,0.00,0.00,2026-09-09_09-59-56_pruned_taxonomy_topdown
417545,f6d9deb8-a55f-46ab-958f-75f6f2ea06d2,Adaptation to climate change and climate variability: The importance of understanding agriculture as performance,133,Enteric infections,True,,,,,False,False,No annotation with this attribute found: reverting to default,,0.00,0.00,2026-09-09_09-59-56_pruned_taxonomy_topdown
417545,f6d9deb8-a55f-46ab-958f-75f6f2ea06d2,Adaptation to climate change and climate variability: The importance of understanding agriculture as performance,201,Neoplasms,True,,,,,False,False,No annotation with this attribute found: reverting to default,,0.00,0.00,2026-09-09_09-59-56_pruned_taxonomy_topdown
417545,f6d9deb8-a55f-46ab-958f-75f6f2ea06d2,Adaptation to climate change and climate variability: The importance of understanding agriculture as performance,118,1.3. Non-communicable mortality,True,,,,,False,False,No annotation with this attribute found: reverting to default,,0.00,0.00,2026-09-09_09-59-56_pruned_taxonomy_topdown
417545,f6d9deb8-a55f-46ab-958f-75f6f2ea06d2,Adaptation to climate change and climate variability: The importance of understanding agriculture as performance,205,Substance use disorders,True,,,,,False,False,No annotation with this attribute found: reverting to default,,0.00,0.00,2026-09-09_09-59-56_pruned_taxonomy_topdown
417545,f6d9deb8-a55f-46ab-958f-75f6f2ea06d2,Adaptation to climate change and climate variability: The importance of understanding agriculture as performance,197,Diabetes and kidney diseases,True,,,,,False,False,No annotation with this attribute found: reverting to default,,0.00,0.00,2026-09-09_09-59-56_pruned_taxonomy_topdown
417545,f6d9deb8-a55f-46ab-958f-75f6f2ea06d2,Adaptation to climate change and climate variability: The importance of understanding agriculture as performance,203,Sense organ diseases,True,,,,,False,False,No annotation with this attribute found: reverting to default,,0.00,0.00,2026-09-09_09-59-56_pruned_taxonomy_topdown
417545,f6d9deb8-a55f-46ab-958f-75f6f2ea06d2,Adaptation to climate change and climate variability: The importance of understanding agriculture as performance,115,4. Injuries,True,,,,,False,False,"Although conflict and political struggles are mentioned in relation to farmers and herders, physical injury or bodily harm is not a subject or outcome of the study.",,0.00,0.00,2026-09-09_09-59-56_pruned_taxonomy_topdown
417545,f6d9deb8-a55f-46ab-958f-75f6f2ea06d2,Adaptation to climate change and climate variability: The importance of understanding agriculture as performance,198,Digestive diseases,True,,,,,False,False,No annotation with this attribute found: reverting to default,,0.00,0.00,2026-09-09_09-59-56_pruned_taxonomy_topdown
