document_id,external_id,document_name,attribute_id,attribute_label,attribute_presence,human_additional_text,item_attribute_full_text_details,citation_page,citation_highlight_text,human_extraction,llm_extraction,llm_reasoning,llm_verbatim_text,human_verbatim_fuzzy_match_pct,llm_verbatim_fuzzy_match_pct,extraction_run_id
2936,00433f83-2348-4737-a9f5-9da1c856aa95,Setting the table – a story of food policy innovation,38,Oil,True,,,,,False,False,The guide concerns food-system policy methods and does not discuss oil or petroleum products.,,0.00,0.00,2026-09-09_10-01-17_pruned_taxonomy_topdown_sol
2936,00433f83-2348-4737-a9f5-9da1c856aa95,Setting the table – a story of food policy innovation,36,Coal,True,,,,,False,False,"Coal is not a subject, exposure, or intervention discussed in the context.",,0.00,0.00,2026-09-09_10-01-17_pruned_taxonomy_topdown_sol
2936,00433f83-2348-4737-a9f5-9da1c856aa95,Setting the table – a story of food policy innovation,37,Natural gas,True,,,,,False,False,Natural gas or methane-based fossil fuel use is not discussed.,,0.00,0.00,2026-09-09_10-01-17_pruned_taxonomy_topdown_sol
2936,00433f83-2348-4737-a9f5-9da1c856aa95,Setting the table – a story of food policy innovation,35,(Unspecified) fossil fuels,True,,,,,False,False,"The context focuses on policy dialogue and methods for a healthier, more sustainable food system, without referring to fossil fuel use or combustion.",,0.00,0.00,2026-09-09_10-01-17_pruned_taxonomy_topdown_sol
2936,00433f83-2348-4737-a9f5-9da1c856aa95,Setting the table – a story of food policy innovation,21,Nitrous oxide (N₂O),True,,,,,False,False,The guide does not discuss nitrous oxide emissions or their agricultural sources.,,0.00,0.00,2026-09-09_10-01-17_pruned_taxonomy_topdown_sol
2936,00433f83-2348-4737-a9f5-9da1c856aa95,Setting the table – a story of food policy innovation,17,(Unspecified) greenhouse gases,True,,,,,False,False,"Although the guide concerns a sustainable food-system transition, greenhouse gases are not identified as a substantive subject.",,0.00,0.00,2026-09-09_10-01-17_pruned_taxonomy_topdown_sol
2936,00433f83-2348-4737-a9f5-9da1c856aa95,Setting the table – a story of food policy innovation,24,Tropospheric ozone (O₃),True,,,,,False,False,Ground-level ozone and its health effects are not discussed.,,0.00,0.00,2026-09-09_10-01-17_pruned_taxonomy_topdown_sol
2936,00433f83-2348-4737-a9f5-9da1c856aa95,Setting the table – a story of food policy innovation,18,Carbon dioxide (CO₂),True,,,,,False,False,"Carbon dioxide is not discussed as an exposure, emission, or policy focus.",,0.00,0.00,2026-09-09_10-01-17_pruned_taxonomy_topdown_sol
2936,00433f83-2348-4737-a9f5-9da1c856aa95,Setting the table – a story of food policy innovation,23,Particulate matter (PM10) / fine particulate matter (PM2.5) / black/organic carbon / sulfate/nitrate aerosols,True,,,,,False,False,Particulate matter or related respiratory and cardiovascular effects are not discussed.,,0.00,0.00,2026-09-09_10-01-17_pruned_taxonomy_topdown_sol
2936,00433f83-2348-4737-a9f5-9da1c856aa95,Setting the table – a story of food policy innovation,20,Methane (CH₄),True,,,,,False,False,Methane emissions from food production or other sources are not discussed.,,0.00,0.00,2026-09-09_10-01-17_pruned_taxonomy_topdown_sol
2936,00433f83-2348-4737-a9f5-9da1c856aa95,Setting the table – a story of food policy innovation,22,Ozone-depleting substances / chlorofluorocarbons / hydrochlorofluorocarbons / halons / carbon tetrachloride / methyl chloroform,True,,,,,False,False,Ozone-depleting substances and Montreal Protocol controls are not discussed.,,0.00,0.00,2026-09-09_10-01-17_pruned_taxonomy_topdown_sol
2936,00433f83-2348-4737-a9f5-9da1c856aa95,Setting the table – a story of food policy innovation,19,Fluorinated gases / hydrofluorocarbons / perfluorocarbons / sulfur hexafluoride / nitrogen trifluoride,True,,,,,False,False,Synthetic fluorinated greenhouse gases are not discussed.,,0.00,0.00,2026-09-09_10-01-17_pruned_taxonomy_topdown_sol
2936,00433f83-2348-4737-a9f5-9da1c856aa95,Setting the table – a story of food policy innovation,29,Extreme snow/ice events,True,,,,,False,False,The guide concerns food-system policy methods and does not address severe snow or ice conditions.,,0.00,0.00,2026-09-09_10-01-17_pruned_taxonomy_topdown_sol
2936,00433f83-2348-4737-a9f5-9da1c856aa95,Setting the table – a story of food policy innovation,34,Z_(Unspecified) extreme weather events,True,,,,,False,False,No unspecified extreme weather events or climate extremes are a subject of the guide.,,0.00,0.00,2026-09-09_10-01-17_pruned_taxonomy_topdown_sol
2936,00433f83-2348-4737-a9f5-9da1c856aa95,Setting the table – a story of food policy innovation,28,Extreme precipitation,True,,,,,False,False,"Extreme precipitation is not discussed as an exposure, hazard, or focus.",,0.00,0.00,2026-09-09_10-01-17_pruned_taxonomy_topdown_sol
2936,00433f83-2348-4737-a9f5-9da1c856aa95,Setting the table – a story of food policy innovation,25,Droughts,True,,,,,False,False,The context does not address drought or prolonged water deficits.,,0.00,0.00,2026-09-09_10-01-17_pruned_taxonomy_topdown_sol
2936,00433f83-2348-4737-a9f5-9da1c856aa95,Setting the table – a story of food policy innovation,26,Extreme cold,True,,,,,False,False,"Extreme cold, cold snaps, and associated health effects are not discussed.",,0.00,0.00,2026-09-09_10-01-17_pruned_taxonomy_topdown_sol
2936,00433f83-2348-4737-a9f5-9da1c856aa95,Setting the table – a story of food policy innovation,32,Storms and severe wind,True,,,,,False,False,"Storms, cyclones, hurricanes, typhoons, thunderstorms, and hailstorms are not subjects of the guide.",,0.00,0.00,2026-09-09_10-01-17_pruned_taxonomy_topdown_sol
2936,00433f83-2348-4737-a9f5-9da1c856aa95,Setting the table – a story of food policy innovation,27,Extreme heat,True,,,,,False,False,"The context does not discuss extreme heat, heatwaves, or heat-related health risks.",,0.00,0.00,2026-09-09_10-01-17_pruned_taxonomy_topdown_sol
2936,00433f83-2348-4737-a9f5-9da1c856aa95,Setting the table – a story of food policy innovation,31,Sand and dust storms,True,,,,,False,False,Sand and dust storms are not addressed.,,0.00,0.00,2026-09-09_10-01-17_pruned_taxonomy_topdown_sol
2936,00433f83-2348-4737-a9f5-9da1c856aa95,Setting the table – a story of food policy innovation,33,Wildfires,True,,,,,False,False,Wildfires and their health consequences are not discussed.,,0.00,0.00,2026-09-09_10-01-17_pruned_taxonomy_topdown_sol
2936,00433f83-2348-4737-a9f5-9da1c856aa95,Setting the table – a story of food policy innovation,30,Floods,True,,,,,False,False,"Flooding is not addressed as a hazard, exposure, or study focus.",,0.00,0.00,2026-09-09_10-01-17_pruned_taxonomy_topdown_sol
2936,00433f83-2348-4737-a9f5-9da1c856aa95,Setting the table – a story of food policy innovation,490,Maladaptation,True,,,,,False,False,No annotation with this attribute found: reverting to default,,0.00,0.00,2026-09-09_10-01-17_pruned_taxonomy_topdown_sol
2936,00433f83-2348-4737-a9f5-9da1c856aa95,Setting the table – a story of food policy innovation,487,Adaptation,True,,,,,True,False,"The guide concerns policymaking and dialogue for healthier, more sustainable food systems, but it does not specifically address adjustment to climate variables, climate-related hazards, disaster preparedness, or resilience.",,0.00,0.00,2026-09-09_10-01-17_pruned_taxonomy_topdown_sol
2936,00433f83-2348-4737-a9f5-9da1c856aa95,Setting the table – a story of food policy innovation,496,Co-Benefits,True,,,,,True,False,No annotation with this attribute found: reverting to default,,0.00,0.00,2026-09-09_10-01-17_pruned_taxonomy_topdown_sol
2936,00433f83-2348-4737-a9f5-9da1c856aa95,Setting the table – a story of food policy innovation,488,Impact,True,,,,,False,False,"The context does not characterize or assess effects of a climate variable or climate-related extreme event on health, ecosystems, economies, or society.",,0.00,0.00,2026-09-09_10-01-17_pruned_taxonomy_topdown_sol
2936,00433f83-2348-4737-a9f5-9da1c856aa95,Setting the table – a story of food policy innovation,495,Loss and damage,True,,,,,False,False,No annotation with this attribute found: reverting to default,,0.00,0.00,2026-09-09_10-01-17_pruned_taxonomy_topdown_sol
2936,00433f83-2348-4737-a9f5-9da1c856aa95,Setting the table – a story of food policy innovation,493,Attribution,True,,,,,False,False,No annotation with this attribute found: reverting to default,,0.00,0.00,2026-09-09_10-01-17_pruned_taxonomy_topdown_sol
2936,00433f83-2348-4737-a9f5-9da1c856aa95,Setting the table – a story of food policy innovation,489,Mitigation,True,,,,,True,False,"Although sustainable food-system policy is discussed, the context does not identify greenhouse-gas emissions, fossil fuels, emission sources, or measures intended to reduce emissions.",,0.00,0.00,2026-09-09_10-01-17_pruned_taxonomy_topdown_sol
2936,00433f83-2348-4737-a9f5-9da1c856aa95,Setting the table – a story of food policy innovation,492,Resilience,True,,,,,True,False,No annotation with this attribute found: reverting to default,,0.00,0.00,2026-09-09_10-01-17_pruned_taxonomy_topdown_sol
2936,00433f83-2348-4737-a9f5-9da1c856aa95,Setting the table – a story of food policy innovation,491,Preparedness,True,,,,,False,False,No annotation with this attribute found: reverting to default,,0.00,0.00,2026-09-09_10-01-17_pruned_taxonomy_topdown_sol
2936,00433f83-2348-4737-a9f5-9da1c856aa95,Setting the table – a story of food policy innovation,494,Future impact,True,,,,,False,False,No annotation with this attribute found: reverting to default,,0.00,0.00,2026-09-09_10-01-17_pruned_taxonomy_topdown_sol
2936,00433f83-2348-4737-a9f5-9da1c856aa95,Setting the table – a story of food policy innovation,14,Changes in temperature,True,,,,,False,False,The guide does not discuss long-term temperature shifts or warming-related impacts.,,0.00,0.00,2026-09-09_10-01-17_pruned_taxonomy_topdown_sol
2936,00433f83-2348-4737-a9f5-9da1c856aa95,Setting the table – a story of food policy innovation,9,Changes in humidity,True,,,,,False,False,Atmospheric moisture or humidity changes are not a subject of the guide.,,0.00,0.00,2026-09-09_10-01-17_pruned_taxonomy_topdown_sol
2936,00433f83-2348-4737-a9f5-9da1c856aa95,Setting the table – a story of food policy innovation,6,(Unspecified) changes in weather,True,,,,,False,False,The guide does not address general weather-pattern changes or weather variability.,,0.00,0.00,2026-09-09_10-01-17_pruned_taxonomy_topdown_sol
2936,00433f83-2348-4737-a9f5-9da1c856aa95,Setting the table – a story of food policy innovation,13,Changes in season length,True,,,,,False,False,Changes in seasonal duration or timing are not discussed.,,0.00,0.00,2026-09-09_10-01-17_pruned_taxonomy_topdown_sol
2936,00433f83-2348-4737-a9f5-9da1c856aa95,Setting the table – a story of food policy innovation,8,Changes in glacier / snow melt,True,,,,,False,False,Glacier or snowpack melting is not addressed.,,0.00,0.00,2026-09-09_10-01-17_pruned_taxonomy_topdown_sol
2936,00433f83-2348-4737-a9f5-9da1c856aa95,Setting the table – a story of food policy innovation,15,Changes in wind speed,True,,,,,False,False,The guide does not examine changes in wind patterns or velocity.,,0.00,0.00,2026-09-09_10-01-17_pruned_taxonomy_topdown_sol
2936,00433f83-2348-4737-a9f5-9da1c856aa95,Setting the table – a story of food policy innovation,10,Changes in inland water bodies,True,,,,,False,False,"Climate-driven changes in freshwater availability, levels, or hydrological patterns are not discussed.",,0.00,0.00,2026-09-09_10-01-17_pruned_taxonomy_topdown_sol
2936,00433f83-2348-4737-a9f5-9da1c856aa95,Setting the table – a story of food policy innovation,11,Changes in precipitation,True,,,,,False,False,"Changes in rainfall or snowfall amount, timing, or intensity are not addressed.",,0.00,0.00,2026-09-09_10-01-17_pruned_taxonomy_topdown_sol
2936,00433f83-2348-4737-a9f5-9da1c856aa95,Setting the table – a story of food policy innovation,16,Climate variability,True,,,,,False,False,The guide focuses on food-system policy methods rather than fluctuations in climate conditions.,,0.00,0.00,2026-09-09_10-01-17_pruned_taxonomy_topdown_sol
2936,00433f83-2348-4737-a9f5-9da1c856aa95,Setting the table – a story of food policy innovation,7,(Unspecified) climate change,True,,,,,False,False,"Although the guide concerns a more sustainable food system and global challenges, the provided context does not make climate change itself a substantive subject.",,0.00,0.00,2026-09-09_10-01-17_pruned_taxonomy_topdown_sol
2936,00433f83-2348-4737-a9f5-9da1c856aa95,Setting the table – a story of food policy innovation,12,Changes in sea level,True,,,,,False,False,Sea-level rise and its impacts are not discussed.,,0.00,0.00,2026-09-09_10-01-17_pruned_taxonomy_topdown_sol
2936,00433f83-2348-4737-a9f5-9da1c856aa95,Setting the table – a story of food policy innovation,474,"Agriculture, fishing, and forestry (Sector)",True,,,,,True,True,"The guide focuses on transforming the food system, which centrally includes agriculture and food production.",transition to a healthier and more sustainable food system,0.00,100.00,2026-09-09_10-01-17_pruned_taxonomy_topdown_sol
2936,00433f83-2348-4737-a9f5-9da1c856aa95,Setting the table – a story of food policy innovation,482,Military (Sector),True,,,,,False,False,"The military sector, defense capabilities, and armed forces are not subjects of the guide.",,0.00,0.00,2026-09-09_10-01-17_pruned_taxonomy_topdown_sol
2936,00433f83-2348-4737-a9f5-9da1c856aa95,Setting the table – a story of food policy innovation,479,Healthcare (Sector),True,,,,,False,False,"Although the guide calls for a healthier food system, it does not examine healthcare delivery, public health services, or health infrastructure.",,0.00,0.00,2026-09-09_10-01-17_pruned_taxonomy_topdown_sol
2936,00433f83-2348-4737-a9f5-9da1c856aa95,Setting the table – a story of food policy innovation,477,Energy and extractives (Sector),True,,,,,False,False,"Energy generation, fuel production, and resource extraction are not discussed.",,0.00,0.00,2026-09-09_10-01-17_pruned_taxonomy_topdown_sol
2936,00433f83-2348-4737-a9f5-9da1c856aa95,Setting the table – a story of food policy innovation,484,Social protection (Sector),True,,,,,False,False,"The guide does not focus on social protection, welfare services, or safety nets.",,0.00,0.00,2026-09-09_10-01-17_pruned_taxonomy_topdown_sol
2936,00433f83-2348-4737-a9f5-9da1c856aa95,Setting the table – a story of food policy innovation,475,Buildings / housing (Sector),True,,,,,False,False,"Buildings, housing, and construction are not subjects of the guide.",,0.00,0.00,2026-09-09_10-01-17_pruned_taxonomy_topdown_sol
2936,00433f83-2348-4737-a9f5-9da1c856aa95,Setting the table – a story of food policy innovation,485,Transportation (Sector),True,,,,,False,False,"Transport infrastructure, vehicles, and logistics are not examined.",,0.00,0.00,2026-09-09_10-01-17_pruned_taxonomy_topdown_sol
2936,00433f83-2348-4737-a9f5-9da1c856aa95,Setting the table – a story of food policy innovation,481,Information and communications technologies (Sector),True,,,,,False,False,"Telecommunications, digital infrastructure, and information technology are not subjects of the guide.",,0.00,0.00,2026-09-09_10-01-17_pruned_taxonomy_topdown_sol
2936,00433f83-2348-4737-a9f5-9da1c856aa95,Setting the table – a story of food policy innovation,486,"Water, sanitation, and waste management (Sector)",True,,,,,False,False,"Water supply, sewage treatment, and solid waste management are not addressed as sectors.",,0.00,0.00,2026-09-09_10-01-17_pruned_taxonomy_topdown_sol
2936,00433f83-2348-4737-a9f5-9da1c856aa95,Setting the table – a story of food policy innovation,478,Finance (Sector),True,,,,,False,False,"Banking, insurance, investment, and financial mechanisms are not discussed.",,0.00,0.00,2026-09-09_10-01-17_pruned_taxonomy_topdown_sol
2936,00433f83-2348-4737-a9f5-9da1c856aa95,Setting the table – a story of food policy innovation,480,"Industry, trade, and services (Sector)",True,,,,,False,False,"The abstract does not substantively examine manufacturing, retail, wholesale trade, or commercial services, despite its broad food-system framing.",,0.00,0.00,2026-09-09_10-01-17_pruned_taxonomy_topdown_sol
2936,00433f83-2348-4737-a9f5-9da1c856aa95,Setting the table – a story of food policy innovation,476,Education (Sector),True,,,,,False,False,"Dialogue and knowledge co-production are discussed, but formal or informal education systems and institutions are not a focus.",,0.00,0.00,2026-09-09_10-01-17_pruned_taxonomy_topdown_sol
2936,00433f83-2348-4737-a9f5-9da1c856aa95,Setting the table – a story of food policy innovation,483,Public administration (Sector),True,,,,,False,False,"The guide targets policymakers and policy innovation, but it does not examine public administration's own operations, services, or workforce; policy discussion alone does not meet this concept's scope.",meant to ensure that policymakers do not stand in a position where they see the daunting scale of the problem but feel unequipped to deal with it,0.00,100.00,2026-09-09_10-01-17_pruned_taxonomy_topdown_sol
2936,00433f83-2348-4737-a9f5-9da1c856aa95,Setting the table – a story of food policy innovation,392,Mixed-methods,True,,,,,False,False,No annotation with this attribute found: reverting to default,,0.00,0.00,2026-09-09_10-01-17_pruned_taxonomy_topdown_sol
2936,00433f83-2348-4737-a9f5-9da1c856aa95,Setting the table – a story of food policy innovation,394,Observational / group comparison designs,True,,,,,False,False,No annotation with this attribute found: reverting to default,,0.00,0.00,2026-09-09_10-01-17_pruned_taxonomy_topdown_sol
2936,00433f83-2348-4737-a9f5-9da1c856aa95,Setting the table – a story of food policy innovation,393,Modelling / simulation,True,,,,,False,False,No annotation with this attribute found: reverting to default,,0.00,0.00,2026-09-09_10-01-17_pruned_taxonomy_topdown_sol
2936,00433f83-2348-4737-a9f5-9da1c856aa95,Setting the table – a story of food policy innovation,390,(Quasi-)Experimental / single-group designs,True,,,,,False,False,No annotation with this attribute found: reverting to default,,0.00,0.00,2026-09-09_10-01-17_pruned_taxonomy_topdown_sol
2936,00433f83-2348-4737-a9f5-9da1c856aa95,Setting the table – a story of food policy innovation,429,Narrative review,True,,,,,False,False,No annotation with this attribute found: reverting to default,,0.00,0.00,2026-09-09_10-01-17_pruned_taxonomy_topdown_sol
2936,00433f83-2348-4737-a9f5-9da1c856aa95,Setting the table – a story of food policy innovation,396,Qualitative designs,True,,,,,False,False,No annotation with this attribute found: reverting to default,,0.00,0.00,2026-09-09_10-01-17_pruned_taxonomy_topdown_sol
2936,00433f83-2348-4737-a9f5-9da1c856aa95,Setting the table – a story of food policy innovation,388,2. Evidence synthesis,True,,,,,True,False,"The document is a practical policy guide presenting methods and project-derived insights, not a review or synthesis of existing studies or literature.",,0.00,0.00,2026-09-09_10-01-17_pruned_taxonomy_topdown_sol
2936,00433f83-2348-4737-a9f5-9da1c856aa95,Setting the table – a story of food policy innovation,391,Descriptive / single-group designs,True,,,,,False,False,No annotation with this attribute found: reverting to default,,0.00,0.00,2026-09-09_10-01-17_pruned_taxonomy_topdown_sol
2936,00433f83-2348-4737-a9f5-9da1c856aa95,Setting the table – a story of food policy innovation,427,Health technology assessment (HTA),True,,,,,False,False,No annotation with this attribute found: reverting to default,,0.00,0.00,2026-09-09_10-01-17_pruned_taxonomy_topdown_sol
2936,00433f83-2348-4737-a9f5-9da1c856aa95,Setting the table – a story of food policy innovation,395,Observational / single-group designs,True,,,,,False,False,No annotation with this attribute found: reverting to default,,0.00,0.00,2026-09-09_10-01-17_pruned_taxonomy_topdown_sol
2936,00433f83-2348-4737-a9f5-9da1c856aa95,Setting the table – a story of food policy innovation,426,Guideline (clinical or public health),True,,,,,True,False,No annotation with this attribute found: reverting to default,,0.00,0.00,2026-09-09_10-01-17_pruned_taxonomy_topdown_sol
2936,00433f83-2348-4737-a9f5-9da1c856aa95,Setting the table – a story of food policy innovation,387,1. Primary research,True,,,,,False,False,"Although the project involved dialogues and co-producing knowledge, the context does not describe an original research study that directly collected and analysed primary data.",,0.00,0.00,2026-09-09_10-01-17_pruned_taxonomy_topdown_sol
2936,00433f83-2348-4737-a9f5-9da1c856aa95,Setting the table – a story of food policy innovation,430,Systematic reviews,True,,,,,False,False,No annotation with this attribute found: reverting to default,,0.00,0.00,2026-09-09_10-01-17_pruned_taxonomy_topdown_sol
2936,00433f83-2348-4737-a9f5-9da1c856aa95,Setting the table – a story of food policy innovation,397,Z_Other study design,True,,,,,False,False,No annotation with this attribute found: reverting to default,,0.00,0.00,2026-09-09_10-01-17_pruned_taxonomy_topdown_sol
2936,00433f83-2348-4737-a9f5-9da1c856aa95,Setting the table – a story of food policy innovation,389,(Quasi-)Experimental / group comparison designs,True,,,,,False,False,No annotation with this attribute found: reverting to default,,0.00,0.00,2026-09-09_10-01-17_pruned_taxonomy_topdown_sol
2936,00433f83-2348-4737-a9f5-9da1c856aa95,Setting the table – a story of food policy innovation,431,Z_Other evidence synthesis type,True,,,,,False,False,No annotation with this attribute found: reverting to default,,0.00,0.00,2026-09-09_10-01-17_pruned_taxonomy_topdown_sol
2936,00433f83-2348-4737-a9f5-9da1c856aa95,Setting the table – a story of food policy innovation,428,Meta-analysis (unsystematic),True,,,,,False,False,No annotation with this attribute found: reverting to default,,0.00,0.00,2026-09-09_10-01-17_pruned_taxonomy_topdown_sol
2936,00433f83-2348-4737-a9f5-9da1c856aa95,Setting the table – a story of food policy innovation,117,"1.2. Communicable, maternal, neonatal, and nutritional mortality",True,,,,,False,False,No annotation with this attribute found: reverting to default,,0.00,0.00,2026-09-09_10-01-17_pruned_taxonomy_topdown_sol
2936,00433f83-2348-4737-a9f5-9da1c856aa95,Setting the table – a story of food policy innovation,196,Chronic respiratory diseases,True,,,,,False,False,No annotation with this attribute found: reverting to default,,0.00,0.00,2026-09-09_10-01-17_pruned_taxonomy_topdown_sol
2936,00433f83-2348-4737-a9f5-9da1c856aa95,Setting the table – a story of food policy innovation,201,Neoplasms,True,,,,,False,False,No annotation with this attribute found: reverting to default,,0.00,0.00,2026-09-09_10-01-17_pruned_taxonomy_topdown_sol
2936,00433f83-2348-4737-a9f5-9da1c856aa95,Setting the table – a story of food policy innovation,118,1.3. Non-communicable mortality,True,,,,,False,False,No annotation with this attribute found: reverting to default,,0.00,0.00,2026-09-09_10-01-17_pruned_taxonomy_topdown_sol
2936,00433f83-2348-4737-a9f5-9da1c856aa95,Setting the table – a story of food policy innovation,138,Respiratory infections and tuberculosis,True,,,,,False,False,No annotation with this attribute found: reverting to default,,0.00,0.00,2026-09-09_10-01-17_pruned_taxonomy_topdown_sol
2936,00433f83-2348-4737-a9f5-9da1c856aa95,Setting the table – a story of food policy innovation,116,1.1. Total / all-cause mortality (Outcome),True,,,,,False,False,No annotation with this attribute found: reverting to default,,0.00,0.00,2026-09-09_10-01-17_pruned_taxonomy_topdown_sol
2936,00433f83-2348-4737-a9f5-9da1c856aa95,Setting the table – a story of food policy innovation,204,Skin and subcutaneous diseases,True,,,,,False,False,No annotation with this attribute found: reverting to default,,0.00,0.00,2026-09-09_10-01-17_pruned_taxonomy_topdown_sol
2936,00433f83-2348-4737-a9f5-9da1c856aa95,Setting the table – a story of food policy innovation,197,Diabetes and kidney diseases,True,,,,,False,False,No annotation with this attribute found: reverting to default,,0.00,0.00,2026-09-09_10-01-17_pruned_taxonomy_topdown_sol
2936,00433f83-2348-4737-a9f5-9da1c856aa95,Setting the table – a story of food policy innovation,198,Digestive diseases,True,,,,,False,False,No annotation with this attribute found: reverting to default,,0.00,0.00,2026-09-09_10-01-17_pruned_taxonomy_topdown_sol
2936,00433f83-2348-4737-a9f5-9da1c856aa95,Setting the table – a story of food policy innovation,137,Nutritional deficiencies,True,,,,,False,False,No annotation with this attribute found: reverting to default,,0.00,0.00,2026-09-09_10-01-17_pruned_taxonomy_topdown_sol
2936,00433f83-2348-4737-a9f5-9da1c856aa95,Setting the table – a story of food policy innovation,134,HIV/AIDS and sexually transmitted infections,True,,,,,False,False,No annotation with this attribute found: reverting to default,,0.00,0.00,2026-09-09_10-01-17_pruned_taxonomy_topdown_sol
2936,00433f83-2348-4737-a9f5-9da1c856aa95,Setting the table – a story of food policy innovation,203,Sense organ diseases,True,,,,,False,False,No annotation with this attribute found: reverting to default,,0.00,0.00,2026-09-09_10-01-17_pruned_taxonomy_topdown_sol
2936,00433f83-2348-4737-a9f5-9da1c856aa95,Setting the table – a story of food policy innovation,195,Cardiovascular diseases,True,,,,,False,False,No annotation with this attribute found: reverting to default,,0.00,0.00,2026-09-09_10-01-17_pruned_taxonomy_topdown_sol
2936,00433f83-2348-4737-a9f5-9da1c856aa95,Setting the table – a story of food policy innovation,289,Transport injuries,True,,,,,False,False,No annotation with this attribute found: reverting to default,,0.00,0.00,2026-09-09_10-01-17_pruned_taxonomy_topdown_sol
2936,00433f83-2348-4737-a9f5-9da1c856aa95,Setting the table – a story of food policy innovation,113,"2. Communicable, maternal, neonatal, and nutritional diseases",True,,,,,False,False,"The guide concerns food-system policy methods and dialogue, not infectious, maternal, neonatal, or nutritional diseases as health conditions.",,0.00,0.00,2026-09-09_10-01-17_pruned_taxonomy_topdown_sol
2936,00433f83-2348-4737-a9f5-9da1c856aa95,Setting the table – a story of food policy innovation,139,Z_Other infectious diseases,True,,,,,False,False,No annotation with this attribute found: reverting to default,,0.00,0.00,2026-09-09_10-01-17_pruned_taxonomy_topdown_sol
2936,00433f83-2348-4737-a9f5-9da1c856aa95,Setting the table – a story of food policy innovation,135,Maternal and neonatal disorders,True,,,,,False,False,No annotation with this attribute found: reverting to default,,0.00,0.00,2026-09-09_10-01-17_pruned_taxonomy_topdown_sol
2936,00433f83-2348-4737-a9f5-9da1c856aa95,Setting the table – a story of food policy innovation,202,Neurological disorders,True,,,,,False,False,No annotation with this attribute found: reverting to default,,0.00,0.00,2026-09-09_10-01-17_pruned_taxonomy_topdown_sol
2936,00433f83-2348-4737-a9f5-9da1c856aa95,Setting the table – a story of food policy innovation,288,Self-harm and interpersonal violence,True,,,,,False,False,No annotation with this attribute found: reverting to default,,0.00,0.00,2026-09-09_10-01-17_pruned_taxonomy_topdown_sol
2936,00433f83-2348-4737-a9f5-9da1c856aa95,Setting the table – a story of food policy innovation,206,Z_Other non-communicable diseases,True,,,,,False,False,No annotation with this attribute found: reverting to default,,0.00,0.00,2026-09-09_10-01-17_pruned_taxonomy_topdown_sol
2936,00433f83-2348-4737-a9f5-9da1c856aa95,Setting the table – a story of food policy innovation,200,Musculoskeletal disorders,True,,,,,False,False,No annotation with this attribute found: reverting to default,,0.00,0.00,2026-09-09_10-01-17_pruned_taxonomy_topdown_sol
2936,00433f83-2348-4737-a9f5-9da1c856aa95,Setting the table – a story of food policy innovation,133,Enteric infections,True,,,,,False,False,No annotation with this attribute found: reverting to default,,0.00,0.00,2026-09-09_10-01-17_pruned_taxonomy_topdown_sol
2936,00433f83-2348-4737-a9f5-9da1c856aa95,Setting the table – a story of food policy innovation,114,3. Non-communicable diseases,True,,,,,False,False,No chronic non-infectious disease is studied or discussed as an outcome or central focus.,,0.00,0.00,2026-09-09_10-01-17_pruned_taxonomy_topdown_sol
2936,00433f83-2348-4737-a9f5-9da1c856aa95,Setting the table – a story of food policy innovation,112,1. Mortality (Outcome),True,,,,,False,False,Mortality or death is not examined as a health outcome.,,0.00,0.00,2026-09-09_10-01-17_pruned_taxonomy_topdown_sol
2936,00433f83-2348-4737-a9f5-9da1c856aa95,Setting the table – a story of food policy innovation,115,4. Injuries,True,,,,,False,False,"The guide does not address physical injury or external causes such as accidents, violence, self-harm, or conflict.",,0.00,0.00,2026-09-09_10-01-17_pruned_taxonomy_topdown_sol
2936,00433f83-2348-4737-a9f5-9da1c856aa95,Setting the table – a story of food policy innovation,199,Mental disorders,True,,,,,False,False,No annotation with this attribute found: reverting to default,,0.00,0.00,2026-09-09_10-01-17_pruned_taxonomy_topdown_sol
2936,00433f83-2348-4737-a9f5-9da1c856aa95,Setting the table – a story of food policy innovation,205,Substance use disorders,True,,,,,False,False,No annotation with this attribute found: reverting to default,,0.00,0.00,2026-09-09_10-01-17_pruned_taxonomy_topdown_sol
2936,00433f83-2348-4737-a9f5-9da1c856aa95,Setting the table – a story of food policy innovation,136,Neglected tropical diseases and malaria,True,,,,,False,False,No annotation with this attribute found: reverting to default,,0.00,0.00,2026-09-09_10-01-17_pruned_taxonomy_topdown_sol
2936,00433f83-2348-4737-a9f5-9da1c856aa95,Setting the table – a story of food policy innovation,290,Unintentional injuries,True,,,,,False,False,No annotation with this attribute found: reverting to default,,0.00,0.00,2026-09-09_10-01-17_pruned_taxonomy_topdown_sol
1102967171,0a5f97bd-ef18-455d-9bd2-9e860c1bb1ed,"Assessment of Future Flood Hazards for Southeastern Texas: Synthesizing Subsidence, Sea‐Level Rise, and Storm Surge Scenarios",38,Oil,True,,,,,False,False,"The study concerns coastal flooding, land subsidence, sea-level rise, and storm surge modeling; oil is not a subject or specified exposure.",,0.00,0.00,2026-09-09_10-01-17_pruned_taxonomy_topdown_sol
1102967171,0a5f97bd-ef18-455d-9bd2-9e860c1bb1ed,"Assessment of Future Flood Hazards for Southeastern Texas: Synthesizing Subsidence, Sea‐Level Rise, and Storm Surge Scenarios",36,Coal,True,,,,,False,False,Coal use or combustion is not discussed as a subject of the study.,,0.00,0.00,2026-09-09_10-01-17_pruned_taxonomy_topdown_sol
1102967171,0a5f97bd-ef18-455d-9bd2-9e860c1bb1ed,"Assessment of Future Flood Hazards for Southeastern Texas: Synthesizing Subsidence, Sea‐Level Rise, and Storm Surge Scenarios",37,Natural gas,True,,,,,False,False,"Natural gas use, combustion, or methane leakage is not addressed.",,0.00,0.00,2026-09-09_10-01-17_pruned_taxonomy_topdown_sol
1102967171,0a5f97bd-ef18-455d-9bd2-9e860c1bb1ed,"Assessment of Future Flood Hazards for Southeastern Texas: Synthesizing Subsidence, Sea‐Level Rise, and Storm Surge Scenarios",35,(Unspecified) fossil fuels,True,,,,,False,False,"Although the study uses a climate scenario, it does not examine fossil fuel use or combustion as a study focus.",,0.00,0.00,2026-09-09_10-01-17_pruned_taxonomy_topdown_sol
1102967171,0a5f97bd-ef18-455d-9bd2-9e860c1bb1ed,"Assessment of Future Flood Hazards for Southeastern Texas: Synthesizing Subsidence, Sea‐Level Rise, and Storm Surge Scenarios",21,Nitrous oxide (N₂O),True,,,,,False,False,"The study examines sea-level rise, land subsidence, storm surge, and flood hazards; nitrous oxide is not a subject or exposure.",,0.00,0.00,2026-09-09_10-01-17_pruned_taxonomy_topdown_sol
1102967171,0a5f97bd-ef18-455d-9bd2-9e860c1bb1ed,"Assessment of Future Flood Hazards for Southeastern Texas: Synthesizing Subsidence, Sea‐Level Rise, and Storm Surge Scenarios",17,(Unspecified) greenhouse gases,True,,,,,False,False,"Climate change and an RCP scenario provide context, but greenhouse gases collectively are not directly studied.",,0.00,0.00,2026-09-09_10-01-17_pruned_taxonomy_topdown_sol
1102967171,0a5f97bd-ef18-455d-9bd2-9e860c1bb1ed,"Assessment of Future Flood Hazards for Southeastern Texas: Synthesizing Subsidence, Sea‐Level Rise, and Storm Surge Scenarios",24,Tropospheric ozone (O₃),True,,,,,False,False,Ground-level ozone and its air-quality or respiratory effects are not addressed.,,0.00,0.00,2026-09-09_10-01-17_pruned_taxonomy_topdown_sol
1102967171,0a5f97bd-ef18-455d-9bd2-9e860c1bb1ed,"Assessment of Future Flood Hazards for Southeastern Texas: Synthesizing Subsidence, Sea‐Level Rise, and Storm Surge Scenarios",18,Carbon dioxide (CO₂),True,,,,,False,False,"The study does not examine carbon dioxide emissions, concentrations, or health effects.",,0.00,0.00,2026-09-09_10-01-17_pruned_taxonomy_topdown_sol
1102967171,0a5f97bd-ef18-455d-9bd2-9e860c1bb1ed,"Assessment of Future Flood Hazards for Southeastern Texas: Synthesizing Subsidence, Sea‐Level Rise, and Storm Surge Scenarios",23,Particulate matter (PM10) / fine particulate matter (PM2.5) / black/organic carbon / sulfate/nitrate aerosols,True,,,,,False,False,"Particulate matter and its respiratory, cardiovascular, or climate effects are not discussed.",,0.00,0.00,2026-09-09_10-01-17_pruned_taxonomy_topdown_sol
1102967171,0a5f97bd-ef18-455d-9bd2-9e860c1bb1ed,"Assessment of Future Flood Hazards for Southeastern Texas: Synthesizing Subsidence, Sea‐Level Rise, and Storm Surge Scenarios",20,Methane (CH₄),True,,,,,False,False,"Methane is not examined as an emission, exposure, or climate forcing agent in this flood-hazard study.",,0.00,0.00,2026-09-09_10-01-17_pruned_taxonomy_topdown_sol
1102967171,0a5f97bd-ef18-455d-9bd2-9e860c1bb1ed,"Assessment of Future Flood Hazards for Southeastern Texas: Synthesizing Subsidence, Sea‐Level Rise, and Storm Surge Scenarios",22,Ozone-depleting substances / chlorofluorocarbons / hydrochlorofluorocarbons / halons / carbon tetrachloride / methyl chloroform,True,,,,,False,False,Ozone-depleting substances and Montreal Protocol controls are not subjects of the study.,,0.00,0.00,2026-09-09_10-01-17_pruned_taxonomy_topdown_sol
1102967171,0a5f97bd-ef18-455d-9bd2-9e860c1bb1ed,"Assessment of Future Flood Hazards for Southeastern Texas: Synthesizing Subsidence, Sea‐Level Rise, and Storm Surge Scenarios",19,Fluorinated gases / hydrofluorocarbons / perfluorocarbons / sulfur hexafluoride / nitrogen trifluoride,True,,,,,False,False,Synthetic fluorinated greenhouse gases used in industrial applications are not addressed.,,0.00,0.00,2026-09-09_10-01-17_pruned_taxonomy_topdown_sol
1102967171,0a5f97bd-ef18-455d-9bd2-9e860c1bb1ed,"Assessment of Future Flood Hazards for Southeastern Texas: Synthesizing Subsidence, Sea‐Level Rise, and Storm Surge Scenarios",29,Extreme snow/ice events,True,,,,,False,False,"The study does not concern severe snow, ice, freezing rain, or related frozen-precipitation hazards.",,0.00,0.00,2026-09-09_10-01-17_pruned_taxonomy_topdown_sol
1102967171,0a5f97bd-ef18-455d-9bd2-9e860c1bb1ed,"Assessment of Future Flood Hazards for Southeastern Texas: Synthesizing Subsidence, Sea‐Level Rise, and Storm Surge Scenarios",34,Z_(Unspecified) extreme weather events,True,,,,,False,False,"The hazards are specifically identified as hurricanes, storm surge, sea-level rise, and flooding rather than unspecified extreme weather.",,0.00,0.00,2026-09-09_10-01-17_pruned_taxonomy_topdown_sol
1102967171,0a5f97bd-ef18-455d-9bd2-9e860c1bb1ed,"Assessment of Future Flood Hazards for Southeastern Texas: Synthesizing Subsidence, Sea‐Level Rise, and Storm Surge Scenarios",28,Extreme precipitation,True,,,,,False,False,"Although flooding is modeled, the abstract attributes it to storm surge, sea-level rise, and land subsidence, not unusually intense or prolonged precipitation.",,0.00,0.00,2026-09-09_10-01-17_pruned_taxonomy_topdown_sol
1102967171,0a5f97bd-ef18-455d-9bd2-9e860c1bb1ed,"Assessment of Future Flood Hazards for Southeastern Texas: Synthesizing Subsidence, Sea‐Level Rise, and Storm Surge Scenarios",25,Droughts,True,,,,,False,False,Drought or prolonged water deficit is not a subject of the study.,,0.00,0.00,2026-09-09_10-01-17_pruned_taxonomy_topdown_sol
1102967171,0a5f97bd-ef18-455d-9bd2-9e860c1bb1ed,"Assessment of Future Flood Hazards for Southeastern Texas: Synthesizing Subsidence, Sea‐Level Rise, and Storm Surge Scenarios",26,Extreme cold,True,,,,,False,False,"The study does not address cold spells, abnormally low temperatures, or their health effects.",,0.00,0.00,2026-09-09_10-01-17_pruned_taxonomy_topdown_sol
1102967171,0a5f97bd-ef18-455d-9bd2-9e860c1bb1ed,"Assessment of Future Flood Hazards for Southeastern Texas: Synthesizing Subsidence, Sea‐Level Rise, and Storm Surge Scenarios",32,Storms and severe wind,True,,,,,True,True,Hurricanes and associated storm-surge scenarios are central hazards examined in the study.,Recent hurricanes highlight shortcomings of flood resilience plans in Texas that can worsen with climate change and rising seas.,0.00,100.00,2026-09-09_10-01-17_pruned_taxonomy_topdown_sol
1102967171,0a5f97bd-ef18-455d-9bd2-9e860c1bb1ed,"Assessment of Future Flood Hazards for Southeastern Texas: Synthesizing Subsidence, Sea‐Level Rise, and Storm Surge Scenarios",27,Extreme heat,True,,,,,False,False,Extreme heat or heatwaves are not examined.,,0.00,0.00,2026-09-09_10-01-17_pruned_taxonomy_topdown_sol
1102967171,0a5f97bd-ef18-455d-9bd2-9e860c1bb1ed,"Assessment of Future Flood Hazards for Southeastern Texas: Synthesizing Subsidence, Sea‐Level Rise, and Storm Surge Scenarios",31,Sand and dust storms,True,,,,,False,False,Sand and dust storms are not discussed.,,0.00,0.00,2026-09-09_10-01-17_pruned_taxonomy_topdown_sol
1102967171,0a5f97bd-ef18-455d-9bd2-9e860c1bb1ed,"Assessment of Future Flood Hazards for Southeastern Texas: Synthesizing Subsidence, Sea‐Level Rise, and Storm Surge Scenarios",33,Wildfires,True,,,,,False,False,Wildfires or vegetation-fire smoke are not subjects of the study.,,0.00,0.00,2026-09-09_10-01-17_pruned_taxonomy_topdown_sol
1102967171,0a5f97bd-ef18-455d-9bd2-9e860c1bb1ed,"Assessment of Future Flood Hazards for Southeastern Texas: Synthesizing Subsidence, Sea‐Level Rise, and Storm Surge Scenarios",30,Floods,True,,,,,True,True,"The study fundamentally models coastal inundation and flooding caused by storm surge, sea-level rise, and land subsidence.","Combining vertical land motion (VLM) with sea‐level rise (SLR) projections and storm surge scenarios for the years 2030, 2050, and 2100, we quantify the extent of flooding hazards.",0.00,100.00,2026-09-09_10-01-17_pruned_taxonomy_topdown_sol
1102967171,0a5f97bd-ef18-455d-9bd2-9e860c1bb1ed,"Assessment of Future Flood Hazards for Southeastern Texas: Synthesizing Subsidence, Sea‐Level Rise, and Storm Surge Scenarios",490,Maladaptation,True,,,,,False,False,The study identifies shortcomings in flood resilience planning but does not examine adaptation actions that themselves create or worsen risks.,,0.00,0.00,2026-09-09_10-01-17_pruned_taxonomy_topdown_sol
1102967171,0a5f97bd-ef18-455d-9bd2-9e860c1bb1ed,"Assessment of Future Flood Hazards for Southeastern Texas: Synthesizing Subsidence, Sea‐Level Rise, and Storm Surge Scenarios",487,Adaptation,True,,,,,True,True,"The study models future inundation and storm-surge scenarios specifically to support community flood-resilience planning, which is a form of climate adaptation and risk management.",These models enable communities to improve flood resiliency plans.,0.00,100.00,2026-09-09_10-01-17_pruned_taxonomy_topdown_sol
1102967171,0a5f97bd-ef18-455d-9bd2-9e860c1bb1ed,"Assessment of Future Flood Hazards for Southeastern Texas: Synthesizing Subsidence, Sea‐Level Rise, and Storm Surge Scenarios",496,Co-Benefits,True,,,,,False,False,No annotation with this attribute found: reverting to default,,0.00,0.00,2026-09-09_10-01-17_pruned_taxonomy_topdown_sol
1102967171,0a5f97bd-ef18-455d-9bd2-9e860c1bb1ed,"Assessment of Future Flood Hazards for Southeastern Texas: Synthesizing Subsidence, Sea‐Level Rise, and Storm Surge Scenarios",488,Impact,True,,,,,True,True,"The study quantifies flooding hazards arising from sea-level rise and storm surge, including how land subsidence compounds projected inundation.","Combining vertical land motion (VLM) with sea‐level rise (SLR) projections and storm surge scenarios for the years 2030, 2050, and 2100, we quantify the extent of flooding hazards.",0.00,100.00,2026-09-09_10-01-17_pruned_taxonomy_topdown_sol
1102967171,0a5f97bd-ef18-455d-9bd2-9e860c1bb1ed,"Assessment of Future Flood Hazards for Southeastern Texas: Synthesizing Subsidence, Sea‐Level Rise, and Storm Surge Scenarios",495,Loss and damage,True,,,,,False,False,"Although substantial future flooding is projected, the study does not frame these impacts as unavoidable residual losses and damages after mitigation or adaptation.",,0.00,0.00,2026-09-09_10-01-17_pruned_taxonomy_topdown_sol
1102967171,0a5f97bd-ef18-455d-9bd2-9e860c1bb1ed,"Assessment of Future Flood Hazards for Southeastern Texas: Synthesizing Subsidence, Sea‐Level Rise, and Storm Surge Scenarios",493,Attribution,True,,,,,False,False,The study projects future flooding under combined scenarios rather than attributing observed events or impacts causally to climate change.,,0.00,0.00,2026-09-09_10-01-17_pruned_taxonomy_topdown_sol
1102967171,0a5f97bd-ef18-455d-9bd2-9e860c1bb1ed,"Assessment of Future Flood Hazards for Southeastern Texas: Synthesizing Subsidence, Sea‐Level Rise, and Storm Surge Scenarios",489,Mitigation,True,,,,,False,False,"Although an RCP8.5 scenario is used to project sea-level rise, the study does not examine greenhouse-gas or fossil-fuel harms or strategies to reduce emissions.",,0.00,0.00,2026-09-09_10-01-17_pruned_taxonomy_topdown_sol
1102967171,0a5f97bd-ef18-455d-9bd2-9e860c1bb1ed,"Assessment of Future Flood Hazards for Southeastern Texas: Synthesizing Subsidence, Sea‐Level Rise, and Storm Surge Scenarios",492,Resilience,True,,,,,True,True,"Flood resilience is an explicit objective, with the modelling intended to strengthen communities' capacity to manage future flooding.",These models enable communities to improve flood resiliency plans.,0.00,100.00,2026-09-09_10-01-17_pruned_taxonomy_topdown_sol
1102967171,0a5f97bd-ef18-455d-9bd2-9e860c1bb1ed,"Assessment of Future Flood Hazards for Southeastern Texas: Synthesizing Subsidence, Sea‐Level Rise, and Storm Surge Scenarios",491,Preparedness,True,,,,,False,True,"The study supports advance planning for future sea-level rise, subsidence, and storm-surge hazards, which constitutes preparedness.",These models enable communities to improve flood resiliency plans.,0.00,100.00,2026-09-09_10-01-17_pruned_taxonomy_topdown_sol
1102967171,0a5f97bd-ef18-455d-9bd2-9e860c1bb1ed,"Assessment of Future Flood Hazards for Southeastern Texas: Synthesizing Subsidence, Sea‐Level Rise, and Storm Surge Scenarios",494,Future impact,True,,,,,True,True,"The study models future inundation and flooding impacts for 2030, 2050, and 2100 using sea-level-rise projections and climate scenarios.","Under the worst‐case composite scenario of an 8‐m storm surge, subsidence, and the SLR RCP8.5, the total affected area is 1,156 km 2 .",0.00,100.00,2026-09-09_10-01-17_pruned_taxonomy_topdown_sol
1102967171,0a5f97bd-ef18-455d-9bd2-9e860c1bb1ed,"Assessment of Future Flood Hazards for Southeastern Texas: Synthesizing Subsidence, Sea‐Level Rise, and Storm Surge Scenarios",14,Changes in temperature,True,,,,,False,False,The study does not examine temperature trends or warming-related health or societal effects.,,0.00,0.00,2026-09-09_10-01-17_pruned_taxonomy_topdown_sol
1102967171,0a5f97bd-ef18-455d-9bd2-9e860c1bb1ed,"Assessment of Future Flood Hazards for Southeastern Texas: Synthesizing Subsidence, Sea‐Level Rise, and Storm Surge Scenarios",9,Changes in humidity,True,,,,,False,False,Atmospheric moisture or humidity changes are not studied.,,0.00,0.00,2026-09-09_10-01-17_pruned_taxonomy_topdown_sol
1102967171,0a5f97bd-ef18-455d-9bd2-9e860c1bb1ed,"Assessment of Future Flood Hazards for Southeastern Texas: Synthesizing Subsidence, Sea‐Level Rise, and Storm Surge Scenarios",6,(Unspecified) changes in weather,True,,,,,False,False,"The study models specific coastal hazards—sea-level rise, storm surge, and subsidence—rather than general weather-pattern changes.",,0.00,0.00,2026-09-09_10-01-17_pruned_taxonomy_topdown_sol
1102967171,0a5f97bd-ef18-455d-9bd2-9e860c1bb1ed,"Assessment of Future Flood Hazards for Southeastern Texas: Synthesizing Subsidence, Sea‐Level Rise, and Storm Surge Scenarios",13,Changes in season length,True,,,,,False,False,No shifts in seasonal duration or timing are discussed.,,0.00,0.00,2026-09-09_10-01-17_pruned_taxonomy_topdown_sol
1102967171,0a5f97bd-ef18-455d-9bd2-9e860c1bb1ed,"Assessment of Future Flood Hazards for Southeastern Texas: Synthesizing Subsidence, Sea‐Level Rise, and Storm Surge Scenarios",8,Changes in glacier / snow melt,True,,,,,False,False,Glacier or snowpack melting is not directly examined; it is not sufficient to infer this concept solely from sea-level rise.,,0.00,0.00,2026-09-09_10-01-17_pruned_taxonomy_topdown_sol
1102967171,0a5f97bd-ef18-455d-9bd2-9e860c1bb1ed,"Assessment of Future Flood Hazards for Southeastern Texas: Synthesizing Subsidence, Sea‐Level Rise, and Storm Surge Scenarios",15,Changes in wind speed,True,,,,,False,False,Changes in wind patterns or velocity are not a subject of the study.,,0.00,0.00,2026-09-09_10-01-17_pruned_taxonomy_topdown_sol
1102967171,0a5f97bd-ef18-455d-9bd2-9e860c1bb1ed,"Assessment of Future Flood Hazards for Southeastern Texas: Synthesizing Subsidence, Sea‐Level Rise, and Storm Surge Scenarios",10,Changes in inland water bodies,True,,,,,False,False,"The study concerns coastal inundation from sea-level rise, storm surge, and land subsidence, not climate-driven changes in freshwater systems.",,0.00,0.00,2026-09-09_10-01-17_pruned_taxonomy_topdown_sol
1102967171,0a5f97bd-ef18-455d-9bd2-9e860c1bb1ed,"Assessment of Future Flood Hazards for Southeastern Texas: Synthesizing Subsidence, Sea‐Level Rise, and Storm Surge Scenarios",11,Changes in precipitation,True,,,,,False,False,Altered rainfall or snowfall is not examined.,,0.00,0.00,2026-09-09_10-01-17_pruned_taxonomy_topdown_sol
1102967171,0a5f97bd-ef18-455d-9bd2-9e860c1bb1ed,"Assessment of Future Flood Hazards for Southeastern Texas: Synthesizing Subsidence, Sea‐Level Rise, and Storm Surge Scenarios",16,Climate variability,True,,,,,False,False,The study uses projected sea-level rise and storm-surge scenarios rather than investigating fluctuations in climate conditions around a long-term average.,,0.00,0.00,2026-09-09_10-01-17_pruned_taxonomy_topdown_sol
1102967171,0a5f97bd-ef18-455d-9bd2-9e860c1bb1ed,"Assessment of Future Flood Hazards for Southeastern Texas: Synthesizing Subsidence, Sea‐Level Rise, and Storm Surge Scenarios",7,(Unspecified) climate change,True,,,,,False,False,"Although climate change is mentioned, the study identifies a specific relevant climate-related mechanism—rising sea levels—so nonspecific climate change is not its principal exposure category.",,0.00,0.00,2026-09-09_10-01-17_pruned_taxonomy_topdown_sol
1102967171,0a5f97bd-ef18-455d-9bd2-9e860c1bb1ed,"Assessment of Future Flood Hazards for Southeastern Texas: Synthesizing Subsidence, Sea‐Level Rise, and Storm Surge Scenarios",12,Changes in sea level,True,,,,,True,True,Sea-level rise projections and their contribution to coastal inundation and flood hazards are central subjects of the study.,"Combining vertical land motion (VLM) with sea‐level rise (SLR) projections and storm surge scenarios for the years 2030, 2050, and 2100, we quantify the extent of flooding hazards.",0.00,100.00,2026-09-09_10-01-17_pruned_taxonomy_topdown_sol
1102967171,0a5f97bd-ef18-455d-9bd2-9e860c1bb1ed,"Assessment of Future Flood Hazards for Southeastern Texas: Synthesizing Subsidence, Sea‐Level Rise, and Storm Surge Scenarios",474,"Agriculture, fishing, and forestry (Sector)",True,,,,,False,False,"The study does not examine crop cultivation, livestock, fisheries, aquaculture, or forestry.",,0.00,0.00,2026-09-09_10-01-17_pruned_taxonomy_topdown_sol
1102967171,0a5f97bd-ef18-455d-9bd2-9e860c1bb1ed,"Assessment of Future Flood Hazards for Southeastern Texas: Synthesizing Subsidence, Sea‐Level Rise, and Storm Surge Scenarios",482,Military (Sector),True,,,,,False,False,The military or defense sector is not discussed.,,0.00,0.00,2026-09-09_10-01-17_pruned_taxonomy_topdown_sol
1102967171,0a5f97bd-ef18-455d-9bd2-9e860c1bb1ed,"Assessment of Future Flood Hazards for Southeastern Texas: Synthesizing Subsidence, Sea‐Level Rise, and Storm Surge Scenarios",479,Healthcare (Sector),True,,,,,False,False,"Health care, public health services, and health infrastructure are not subjects of the study.",,0.00,0.00,2026-09-09_10-01-17_pruned_taxonomy_topdown_sol
1102967171,0a5f97bd-ef18-455d-9bd2-9e860c1bb1ed,"Assessment of Future Flood Hazards for Southeastern Texas: Synthesizing Subsidence, Sea‐Level Rise, and Storm Surge Scenarios",477,Energy and extractives (Sector),True,,,,,False,False,"Energy production, extraction, or energy systems are not examined.",,0.00,0.00,2026-09-09_10-01-17_pruned_taxonomy_topdown_sol
1102967171,0a5f97bd-ef18-455d-9bd2-9e860c1bb1ed,"Assessment of Future Flood Hazards for Southeastern Texas: Synthesizing Subsidence, Sea‐Level Rise, and Storm Surge Scenarios",484,Social protection (Sector),True,,,,,False,False,"The study does not concern welfare services, social safety nets, or social protection systems.",,0.00,0.00,2026-09-09_10-01-17_pruned_taxonomy_topdown_sol
1102967171,0a5f97bd-ef18-455d-9bd2-9e860c1bb1ed,"Assessment of Future Flood Hazards for Southeastern Texas: Synthesizing Subsidence, Sea‐Level Rise, and Storm Surge Scenarios",475,Buildings / housing (Sector),True,,,,,False,False,"Although the study models inundated land, it does not specifically examine buildings, housing, or construction.",,0.00,0.00,2026-09-09_10-01-17_pruned_taxonomy_topdown_sol
1102967171,0a5f97bd-ef18-455d-9bd2-9e860c1bb1ed,"Assessment of Future Flood Hazards for Southeastern Texas: Synthesizing Subsidence, Sea‐Level Rise, and Storm Surge Scenarios",485,Transportation (Sector),True,,,,,False,False,"Transport infrastructure, vehicles, and logistics are not subjects of the flood-hazard analysis.",,0.00,0.00,2026-09-09_10-01-17_pruned_taxonomy_topdown_sol
1102967171,0a5f97bd-ef18-455d-9bd2-9e860c1bb1ed,"Assessment of Future Flood Hazards for Southeastern Texas: Synthesizing Subsidence, Sea‐Level Rise, and Storm Surge Scenarios",481,Information and communications technologies (Sector),True,,,,,False,False,"Satellite imagery and geospatial data are research methods, not an examination of the telecommunications or information-technology sector.",,0.00,0.00,2026-09-09_10-01-17_pruned_taxonomy_topdown_sol
1102967171,0a5f97bd-ef18-455d-9bd2-9e860c1bb1ed,"Assessment of Future Flood Hazards for Southeastern Texas: Synthesizing Subsidence, Sea‐Level Rise, and Storm Surge Scenarios",486,"Water, sanitation, and waste management (Sector)",True,,,,,False,False,"Flooding is modeled as a hazard, but water supply, sewage treatment, and solid-waste management systems are not examined.",,0.00,0.00,2026-09-09_10-01-17_pruned_taxonomy_topdown_sol
1102967171,0a5f97bd-ef18-455d-9bd2-9e860c1bb1ed,"Assessment of Future Flood Hazards for Southeastern Texas: Synthesizing Subsidence, Sea‐Level Rise, and Storm Surge Scenarios",478,Finance (Sector),True,,,,,False,False,"Banking, insurance, investment, and climate-finance mechanisms are not discussed.",,0.00,0.00,2026-09-09_10-01-17_pruned_taxonomy_topdown_sol
1102967171,0a5f97bd-ef18-455d-9bd2-9e860c1bb1ed,"Assessment of Future Flood Hazards for Southeastern Texas: Synthesizing Subsidence, Sea‐Level Rise, and Storm Surge Scenarios",480,"Industry, trade, and services (Sector)",True,,,,,False,False,"Manufacturing, trade, retail, and commercial services are not examined.",,0.00,0.00,2026-09-09_10-01-17_pruned_taxonomy_topdown_sol
1102967171,0a5f97bd-ef18-455d-9bd2-9e860c1bb1ed,"Assessment of Future Flood Hazards for Southeastern Texas: Synthesizing Subsidence, Sea‐Level Rise, and Storm Surge Scenarios",476,Education (Sector),True,,,,,False,False,"Schools, universities, vocational institutions, and education systems are not subjects of the study.",,0.00,0.00,2026-09-09_10-01-17_pruned_taxonomy_topdown_sol
1102967171,0a5f97bd-ef18-455d-9bd2-9e860c1bb1ed,"Assessment of Future Flood Hazards for Southeastern Texas: Synthesizing Subsidence, Sea‐Level Rise, and Storm Surge Scenarios",483,Public administration (Sector),True,,,,,False,False,"Flood-resilience planning is mentioned as a potential application, but the study fundamentally models physical flood hazards and does not examine public-administration operations, services, or workforce.",These models enable communities to improve flood resiliency plans.,0.00,100.00,2026-09-09_10-01-17_pruned_taxonomy_topdown_sol
1102967171,0a5f97bd-ef18-455d-9bd2-9e860c1bb1ed,"Assessment of Future Flood Hazards for Southeastern Texas: Synthesizing Subsidence, Sea‐Level Rise, and Storm Surge Scenarios",392,Mixed-methods,True,,,,,False,False,"The study combines multiple quantitative geospatial datasets and models, but it does not collect or analyze qualitative data.",,0.00,0.00,2026-09-09_10-01-17_pruned_taxonomy_topdown_sol
1102967171,0a5f97bd-ef18-455d-9bd2-9e860c1bb1ed,"Assessment of Future Flood Hazards for Southeastern Texas: Synthesizing Subsidence, Sea‐Level Rise, and Storm Surge Scenarios",394,Observational / group comparison designs,True,,,,,False,False,There is no observational comparison of health outcomes between exposure-defined groups.,,0.00,0.00,2026-09-09_10-01-17_pruned_taxonomy_topdown_sol
1102967171,0a5f97bd-ef18-455d-9bd2-9e860c1bb1ed,"Assessment of Future Flood Hazards for Southeastern Texas: Synthesizing Subsidence, Sea‐Level Rise, and Storm Surge Scenarios",393,Modelling / simulation,True,,,,,True,True,"The study uses computational geospatial modelling to project future flooding and inundation under sea-level rise, subsidence, and storm-surge scenarios.",multiple inundation and flooding scenarios are modeled,0.00,100.00,2026-09-09_10-01-17_pruned_taxonomy_topdown_sol
1102967171,0a5f97bd-ef18-455d-9bd2-9e860c1bb1ed,"Assessment of Future Flood Hazards for Southeastern Texas: Synthesizing Subsidence, Sea‐Level Rise, and Storm Surge Scenarios",390,(Quasi-)Experimental / single-group designs,True,,,,,False,False,No intervention is applied to a single group in an uncontrolled experimental design.,,0.00,0.00,2026-09-09_10-01-17_pruned_taxonomy_topdown_sol
1102967171,0a5f97bd-ef18-455d-9bd2-9e860c1bb1ed,"Assessment of Future Flood Hazards for Southeastern Texas: Synthesizing Subsidence, Sea‐Level Rise, and Storm Surge Scenarios",429,Narrative review,True,,,,,False,False,No annotation with this attribute found: reverting to default,,0.00,0.00,2026-09-09_10-01-17_pruned_taxonomy_topdown_sol
1102967171,0a5f97bd-ef18-455d-9bd2-9e860c1bb1ed,"Assessment of Future Flood Hazards for Southeastern Texas: Synthesizing Subsidence, Sea‐Level Rise, and Storm Surge Scenarios",396,Qualitative designs,True,,,,,False,False,"The study does not use qualitative methods to investigate experiences, meanings, or context.",,0.00,0.00,2026-09-09_10-01-17_pruned_taxonomy_topdown_sol
1102967171,0a5f97bd-ef18-455d-9bd2-9e860c1bb1ed,"Assessment of Future Flood Hazards for Southeastern Texas: Synthesizing Subsidence, Sea‐Level Rise, and Storm Surge Scenarios",388,2. Evidence synthesis,True,,,,,False,False,The study is not a review or synthesis of existing literature; it performs original geospatial analysis and flood-scenario modeling.,,0.00,0.00,2026-09-09_10-01-17_pruned_taxonomy_topdown_sol
1102967171,0a5f97bd-ef18-455d-9bd2-9e860c1bb1ed,"Assessment of Future Flood Hazards for Southeastern Texas: Synthesizing Subsidence, Sea‐Level Rise, and Storm Surge Scenarios",391,Descriptive / single-group designs,True,,,,,False,False,"Although the study quantifies projected hazards, its primary design is scenario-based modelling rather than a descriptive study of outcomes in a single group.",,0.00,0.00,2026-09-09_10-01-17_pruned_taxonomy_topdown_sol
1102967171,0a5f97bd-ef18-455d-9bd2-9e860c1bb1ed,"Assessment of Future Flood Hazards for Southeastern Texas: Synthesizing Subsidence, Sea‐Level Rise, and Storm Surge Scenarios",427,Health technology assessment (HTA),True,,,,,False,False,No annotation with this attribute found: reverting to default,,0.00,0.00,2026-09-09_10-01-17_pruned_taxonomy_topdown_sol
1102967171,0a5f97bd-ef18-455d-9bd2-9e860c1bb1ed,"Assessment of Future Flood Hazards for Southeastern Texas: Synthesizing Subsidence, Sea‐Level Rise, and Storm Surge Scenarios",395,Observational / single-group designs,True,,,,,False,False,The study projects conditions at future time points using models rather than longitudinally tracking outcomes in a single observed group.,,0.00,0.00,2026-09-09_10-01-17_pruned_taxonomy_topdown_sol
1102967171,0a5f97bd-ef18-455d-9bd2-9e860c1bb1ed,"Assessment of Future Flood Hazards for Southeastern Texas: Synthesizing Subsidence, Sea‐Level Rise, and Storm Surge Scenarios",426,Guideline (clinical or public health),True,,,,,False,False,No annotation with this attribute found: reverting to default,,0.00,0.00,2026-09-09_10-01-17_pruned_taxonomy_topdown_sol
1102967171,0a5f97bd-ef18-455d-9bd2-9e860c1bb1ed,"Assessment of Future Flood Hazards for Southeastern Texas: Synthesizing Subsidence, Sea‐Level Rise, and Storm Surge Scenarios",387,1. Primary research,True,,,,,True,True,This is original research that directly analyzes observational remote-sensing and topographic data and models future inundation and flooding scenarios.,"VLM rates are obtained from GNSS data and InSAR imagery from ALOS and Sentinel‐1A/B satellites. VLM is resampled and projected on LIDAR topographic data, then multiple inundation and flooding scenarios are modeled.",0.00,100.00,2026-09-09_10-01-17_pruned_taxonomy_topdown_sol
1102967171,0a5f97bd-ef18-455d-9bd2-9e860c1bb1ed,"Assessment of Future Flood Hazards for Southeastern Texas: Synthesizing Subsidence, Sea‐Level Rise, and Storm Surge Scenarios",430,Systematic reviews,True,,,,,False,False,No annotation with this attribute found: reverting to default,,0.00,0.00,2026-09-09_10-01-17_pruned_taxonomy_topdown_sol
1102967171,0a5f97bd-ef18-455d-9bd2-9e860c1bb1ed,"Assessment of Future Flood Hazards for Southeastern Texas: Synthesizing Subsidence, Sea‐Level Rise, and Storm Surge Scenarios",397,Z_Other study design,True,,,,,False,False,The study is captured by the specific modelling-design category.,,0.00,0.00,2026-09-09_10-01-17_pruned_taxonomy_topdown_sol
1102967171,0a5f97bd-ef18-455d-9bd2-9e860c1bb1ed,"Assessment of Future Flood Hazards for Southeastern Texas: Synthesizing Subsidence, Sea‐Level Rise, and Storm Surge Scenarios",389,(Quasi-)Experimental / group comparison designs,True,,,,,False,False,There is no controlled or comparative experimental intervention.,,0.00,0.00,2026-09-09_10-01-17_pruned_taxonomy_topdown_sol
1102967171,0a5f97bd-ef18-455d-9bd2-9e860c1bb1ed,"Assessment of Future Flood Hazards for Southeastern Texas: Synthesizing Subsidence, Sea‐Level Rise, and Storm Surge Scenarios",431,Z_Other evidence synthesis type,True,,,,,False,False,No annotation with this attribute found: reverting to default,,0.00,0.00,2026-09-09_10-01-17_pruned_taxonomy_topdown_sol
1102967171,0a5f97bd-ef18-455d-9bd2-9e860c1bb1ed,"Assessment of Future Flood Hazards for Southeastern Texas: Synthesizing Subsidence, Sea‐Level Rise, and Storm Surge Scenarios",428,Meta-analysis (unsystematic),True,,,,,False,False,No annotation with this attribute found: reverting to default,,0.00,0.00,2026-09-09_10-01-17_pruned_taxonomy_topdown_sol
1102967171,0a5f97bd-ef18-455d-9bd2-9e860c1bb1ed,"Assessment of Future Flood Hazards for Southeastern Texas: Synthesizing Subsidence, Sea‐Level Rise, and Storm Surge Scenarios",117,"1.2. Communicable, maternal, neonatal, and nutritional mortality",True,,,,,False,False,No annotation with this attribute found: reverting to default,,0.00,0.00,2026-09-09_10-01-17_pruned_taxonomy_topdown_sol
1102967171,0a5f97bd-ef18-455d-9bd2-9e860c1bb1ed,"Assessment of Future Flood Hazards for Southeastern Texas: Synthesizing Subsidence, Sea‐Level Rise, and Storm Surge Scenarios",196,Chronic respiratory diseases,True,,,,,False,False,No annotation with this attribute found: reverting to default,,0.00,0.00,2026-09-09_10-01-17_pruned_taxonomy_topdown_sol
1102967171,0a5f97bd-ef18-455d-9bd2-9e860c1bb1ed,"Assessment of Future Flood Hazards for Southeastern Texas: Synthesizing Subsidence, Sea‐Level Rise, and Storm Surge Scenarios",201,Neoplasms,True,,,,,False,False,No annotation with this attribute found: reverting to default,,0.00,0.00,2026-09-09_10-01-17_pruned_taxonomy_topdown_sol
1102967171,0a5f97bd-ef18-455d-9bd2-9e860c1bb1ed,"Assessment of Future Flood Hazards for Southeastern Texas: Synthesizing Subsidence, Sea‐Level Rise, and Storm Surge Scenarios",118,1.3. Non-communicable mortality,True,,,,,False,False,No annotation with this attribute found: reverting to default,,0.00,0.00,2026-09-09_10-01-17_pruned_taxonomy_topdown_sol
1102967171,0a5f97bd-ef18-455d-9bd2-9e860c1bb1ed,"Assessment of Future Flood Hazards for Southeastern Texas: Synthesizing Subsidence, Sea‐Level Rise, and Storm Surge Scenarios",138,Respiratory infections and tuberculosis,True,,,,,False,False,No annotation with this attribute found: reverting to default,,0.00,0.00,2026-09-09_10-01-17_pruned_taxonomy_topdown_sol
1102967171,0a5f97bd-ef18-455d-9bd2-9e860c1bb1ed,"Assessment of Future Flood Hazards for Southeastern Texas: Synthesizing Subsidence, Sea‐Level Rise, and Storm Surge Scenarios",116,1.1. Total / all-cause mortality (Outcome),True,,,,,False,False,No annotation with this attribute found: reverting to default,,0.00,0.00,2026-09-09_10-01-17_pruned_taxonomy_topdown_sol
1102967171,0a5f97bd-ef18-455d-9bd2-9e860c1bb1ed,"Assessment of Future Flood Hazards for Southeastern Texas: Synthesizing Subsidence, Sea‐Level Rise, and Storm Surge Scenarios",204,Skin and subcutaneous diseases,True,,,,,False,False,No annotation with this attribute found: reverting to default,,0.00,0.00,2026-09-09_10-01-17_pruned_taxonomy_topdown_sol
1102967171,0a5f97bd-ef18-455d-9bd2-9e860c1bb1ed,"Assessment of Future Flood Hazards for Southeastern Texas: Synthesizing Subsidence, Sea‐Level Rise, and Storm Surge Scenarios",197,Diabetes and kidney diseases,True,,,,,False,False,No annotation with this attribute found: reverting to default,,0.00,0.00,2026-09-09_10-01-17_pruned_taxonomy_topdown_sol
1102967171,0a5f97bd-ef18-455d-9bd2-9e860c1bb1ed,"Assessment of Future Flood Hazards for Southeastern Texas: Synthesizing Subsidence, Sea‐Level Rise, and Storm Surge Scenarios",198,Digestive diseases,True,,,,,False,False,No annotation with this attribute found: reverting to default,,0.00,0.00,2026-09-09_10-01-17_pruned_taxonomy_topdown_sol
1102967171,0a5f97bd-ef18-455d-9bd2-9e860c1bb1ed,"Assessment of Future Flood Hazards for Southeastern Texas: Synthesizing Subsidence, Sea‐Level Rise, and Storm Surge Scenarios",137,Nutritional deficiencies,True,,,,,False,False,No annotation with this attribute found: reverting to default,,0.00,0.00,2026-09-09_10-01-17_pruned_taxonomy_topdown_sol
1102967171,0a5f97bd-ef18-455d-9bd2-9e860c1bb1ed,"Assessment of Future Flood Hazards for Southeastern Texas: Synthesizing Subsidence, Sea‐Level Rise, and Storm Surge Scenarios",134,HIV/AIDS and sexually transmitted infections,True,,,,,False,False,No annotation with this attribute found: reverting to default,,0.00,0.00,2026-09-09_10-01-17_pruned_taxonomy_topdown_sol
1102967171,0a5f97bd-ef18-455d-9bd2-9e860c1bb1ed,"Assessment of Future Flood Hazards for Southeastern Texas: Synthesizing Subsidence, Sea‐Level Rise, and Storm Surge Scenarios",203,Sense organ diseases,True,,,,,False,False,No annotation with this attribute found: reverting to default,,0.00,0.00,2026-09-09_10-01-17_pruned_taxonomy_topdown_sol
1102967171,0a5f97bd-ef18-455d-9bd2-9e860c1bb1ed,"Assessment of Future Flood Hazards for Southeastern Texas: Synthesizing Subsidence, Sea‐Level Rise, and Storm Surge Scenarios",195,Cardiovascular diseases,True,,,,,False,False,No annotation with this attribute found: reverting to default,,0.00,0.00,2026-09-09_10-01-17_pruned_taxonomy_topdown_sol
1102967171,0a5f97bd-ef18-455d-9bd2-9e860c1bb1ed,"Assessment of Future Flood Hazards for Southeastern Texas: Synthesizing Subsidence, Sea‐Level Rise, and Storm Surge Scenarios",289,Transport injuries,True,,,,,False,False,No annotation with this attribute found: reverting to default,,0.00,0.00,2026-09-09_10-01-17_pruned_taxonomy_topdown_sol
1102967171,0a5f97bd-ef18-455d-9bd2-9e860c1bb1ed,"Assessment of Future Flood Hazards for Southeastern Texas: Synthesizing Subsidence, Sea‐Level Rise, and Storm Surge Scenarios",113,"2. Communicable, maternal, neonatal, and nutritional diseases",True,,,,,False,False,"The study models coastal flooding hazards and does not examine communicable, maternal, neonatal, or nutritional diseases.",,0.00,0.00,2026-09-09_10-01-17_pruned_taxonomy_topdown_sol
1102967171,0a5f97bd-ef18-455d-9bd2-9e860c1bb1ed,"Assessment of Future Flood Hazards for Southeastern Texas: Synthesizing Subsidence, Sea‐Level Rise, and Storm Surge Scenarios",139,Z_Other infectious diseases,True,,,,,False,False,No annotation with this attribute found: reverting to default,,0.00,0.00,2026-09-09_10-01-17_pruned_taxonomy_topdown_sol
1102967171,0a5f97bd-ef18-455d-9bd2-9e860c1bb1ed,"Assessment of Future Flood Hazards for Southeastern Texas: Synthesizing Subsidence, Sea‐Level Rise, and Storm Surge Scenarios",135,Maternal and neonatal disorders,True,,,,,False,False,No annotation with this attribute found: reverting to default,,0.00,0.00,2026-09-09_10-01-17_pruned_taxonomy_topdown_sol
1102967171,0a5f97bd-ef18-455d-9bd2-9e860c1bb1ed,"Assessment of Future Flood Hazards for Southeastern Texas: Synthesizing Subsidence, Sea‐Level Rise, and Storm Surge Scenarios",202,Neurological disorders,True,,,,,False,False,No annotation with this attribute found: reverting to default,,0.00,0.00,2026-09-09_10-01-17_pruned_taxonomy_topdown_sol
1102967171,0a5f97bd-ef18-455d-9bd2-9e860c1bb1ed,"Assessment of Future Flood Hazards for Southeastern Texas: Synthesizing Subsidence, Sea‐Level Rise, and Storm Surge Scenarios",288,Self-harm and interpersonal violence,True,,,,,False,False,No annotation with this attribute found: reverting to default,,0.00,0.00,2026-09-09_10-01-17_pruned_taxonomy_topdown_sol
1102967171,0a5f97bd-ef18-455d-9bd2-9e860c1bb1ed,"Assessment of Future Flood Hazards for Southeastern Texas: Synthesizing Subsidence, Sea‐Level Rise, and Storm Surge Scenarios",206,Z_Other non-communicable diseases,True,,,,,False,False,No annotation with this attribute found: reverting to default,,0.00,0.00,2026-09-09_10-01-17_pruned_taxonomy_topdown_sol
1102967171,0a5f97bd-ef18-455d-9bd2-9e860c1bb1ed,"Assessment of Future Flood Hazards for Southeastern Texas: Synthesizing Subsidence, Sea‐Level Rise, and Storm Surge Scenarios",200,Musculoskeletal disorders,True,,,,,False,False,No annotation with this attribute found: reverting to default,,0.00,0.00,2026-09-09_10-01-17_pruned_taxonomy_topdown_sol
1102967171,0a5f97bd-ef18-455d-9bd2-9e860c1bb1ed,"Assessment of Future Flood Hazards for Southeastern Texas: Synthesizing Subsidence, Sea‐Level Rise, and Storm Surge Scenarios",133,Enteric infections,True,,,,,False,False,No annotation with this attribute found: reverting to default,,0.00,0.00,2026-09-09_10-01-17_pruned_taxonomy_topdown_sol
1102967171,0a5f97bd-ef18-455d-9bd2-9e860c1bb1ed,"Assessment of Future Flood Hazards for Southeastern Texas: Synthesizing Subsidence, Sea‐Level Rise, and Storm Surge Scenarios",114,3. Non-communicable diseases,True,,,,,False,False,No chronic non-communicable disease is studied as an outcome or focus.,,0.00,0.00,2026-09-09_10-01-17_pruned_taxonomy_topdown_sol
1102967171,0a5f97bd-ef18-455d-9bd2-9e860c1bb1ed,"Assessment of Future Flood Hazards for Southeastern Texas: Synthesizing Subsidence, Sea‐Level Rise, and Storm Surge Scenarios",112,1. Mortality (Outcome),True,,,,,False,False,Mortality or death is not assessed; the outcomes are projected inundation extent and affected land area.,,0.00,0.00,2026-09-09_10-01-17_pruned_taxonomy_topdown_sol
1102967171,0a5f97bd-ef18-455d-9bd2-9e860c1bb1ed,"Assessment of Future Flood Hazards for Southeastern Texas: Synthesizing Subsidence, Sea‐Level Rise, and Storm Surge Scenarios",115,4. Injuries,True,,,,,False,False,"Although storm surge and flooding can cause injuries, this study does not assess physical harm or injury outcomes.",,0.00,0.00,2026-09-09_10-01-17_pruned_taxonomy_topdown_sol
1102967171,0a5f97bd-ef18-455d-9bd2-9e860c1bb1ed,"Assessment of Future Flood Hazards for Southeastern Texas: Synthesizing Subsidence, Sea‐Level Rise, and Storm Surge Scenarios",199,Mental disorders,True,,,,,False,False,No annotation with this attribute found: reverting to default,,0.00,0.00,2026-09-09_10-01-17_pruned_taxonomy_topdown_sol
1102967171,0a5f97bd-ef18-455d-9bd2-9e860c1bb1ed,"Assessment of Future Flood Hazards for Southeastern Texas: Synthesizing Subsidence, Sea‐Level Rise, and Storm Surge Scenarios",205,Substance use disorders,True,,,,,False,False,No annotation with this attribute found: reverting to default,,0.00,0.00,2026-09-09_10-01-17_pruned_taxonomy_topdown_sol
1102967171,0a5f97bd-ef18-455d-9bd2-9e860c1bb1ed,"Assessment of Future Flood Hazards for Southeastern Texas: Synthesizing Subsidence, Sea‐Level Rise, and Storm Surge Scenarios",136,Neglected tropical diseases and malaria,True,,,,,False,False,No annotation with this attribute found: reverting to default,,0.00,0.00,2026-09-09_10-01-17_pruned_taxonomy_topdown_sol
1102967171,0a5f97bd-ef18-455d-9bd2-9e860c1bb1ed,"Assessment of Future Flood Hazards for Southeastern Texas: Synthesizing Subsidence, Sea‐Level Rise, and Storm Surge Scenarios",290,Unintentional injuries,True,,,,,False,False,No annotation with this attribute found: reverting to default,,0.00,0.00,2026-09-09_10-01-17_pruned_taxonomy_topdown_sol
4595111,20a31938-b314-4a8f-ad2d-134ddf796b54,,38,Oil,True,,,,,False,False,"The study concerns indoor air pollutants and their control, not oil or petroleum products as fuels or emission sources. Benzene is discussed only as an indoor pollutant.",,0.00,0.00,2026-09-09_10-01-17_pruned_taxonomy_topdown_sol
4595111,20a31938-b314-4a8f-ad2d-134ddf796b54,,36,Coal,True,,,,,False,False,Coal use or combustion is not identified as a subject or source of indoor air pollution in the abstract.,,0.00,0.00,2026-09-09_10-01-17_pruned_taxonomy_topdown_sol
4595111,20a31938-b314-4a8f-ad2d-134ddf796b54,,37,Natural gas,True,,,,,False,False,Natural gas or methane as a fossil fuel is not discussed.,,0.00,0.00,2026-09-09_10-01-17_pruned_taxonomy_topdown_sol
4595111,20a31938-b314-4a8f-ad2d-134ddf796b54,,35,(Unspecified) fossil fuels,True,,,,,False,False,"The abstract does not discuss fossil fuel use or combustion, either generally or as an unspecified source.",,0.00,0.00,2026-09-09_10-01-17_pruned_taxonomy_topdown_sol
4595111,20a31938-b314-4a8f-ad2d-134ddf796b54,,21,Nitrous oxide (N₂O),True,,,,,False,False,Nitrous oxide is not discussed; the study concerns indoor air pollutants and their control in China.,,0.00,0.00,2026-09-09_10-01-17_pruned_taxonomy_topdown_sol
4595111,20a31938-b314-4a8f-ad2d-134ddf796b54,,17,(Unspecified) greenhouse gases,True,,,,,False,False,Greenhouse gases are not collectively addressed as a subject of the review.,,0.00,0.00,2026-09-09_10-01-17_pruned_taxonomy_topdown_sol
4595111,20a31938-b314-4a8f-ad2d-134ddf796b54,,24,Tropospheric ozone (O₃),True,,,,,False,False,Ground-level ozone is not identified as an indoor pollutant or study focus. Mention of volatile organic compounds does not establish ozone exposure or formation as a subject.,,0.00,0.00,2026-09-09_10-01-17_pruned_taxonomy_topdown_sol
4595111,20a31938-b314-4a8f-ad2d-134ddf796b54,,18,Carbon dioxide (CO₂),True,,,,,False,False,"Carbon dioxide is not discussed as an exposure, pollutant, or climate driver.",,0.00,0.00,2026-09-09_10-01-17_pruned_taxonomy_topdown_sol
4595111,20a31938-b314-4a8f-ad2d-134ddf796b54,,23,Particulate matter (PM10) / fine particulate matter (PM2.5) / black/organic carbon / sulfate/nitrate aerosols,True,,,,,False,True,Indoor particulate matter pollution is explicitly identified as a potentially serious air-quality problem in China.,"Besides, studies show that indoor pollution of particulate matter (PM), biological pollutants, and semi-volatile organic compounds (SVOCs) might also be serious in China.",0.00,100.00,2026-09-09_10-01-17_pruned_taxonomy_topdown_sol
4595111,20a31938-b314-4a8f-ad2d-134ddf796b54,,20,Methane (CH₄),True,,,,,False,False,Methane is not discussed in the review.,,0.00,0.00,2026-09-09_10-01-17_pruned_taxonomy_topdown_sol
4595111,20a31938-b314-4a8f-ad2d-134ddf796b54,,22,Ozone-depleting substances / chlorofluorocarbons / hydrochlorofluorocarbons / halons / carbon tetrachloride / methyl chloroform,True,,,,,False,False,Ozone-depleting substances are not discussed as indoor pollutants or as a focus of control.,,0.00,0.00,2026-09-09_10-01-17_pruned_taxonomy_topdown_sol
4595111,20a31938-b314-4a8f-ad2d-134ddf796b54,,19,Fluorinated gases / hydrofluorocarbons / perfluorocarbons / sulfur hexafluoride / nitrogen trifluoride,True,,,,,False,False,"Synthetic fluorinated greenhouse gases are not discussed; the named organic pollutants are formaldehyde, benzene, toluene, xylenes, and SVOCs.",,0.00,0.00,2026-09-09_10-01-17_pruned_taxonomy_topdown_sol
4595111,20a31938-b314-4a8f-ad2d-134ddf796b54,,29,Extreme snow/ice events,True,,,,,False,False,"The study reviews indoor air pollution and its control in China, not severe snow or ice conditions.",,0.00,0.00,2026-09-09_10-01-17_pruned_taxonomy_topdown_sol
4595111,20a31938-b314-4a8f-ad2d-134ddf796b54,,34,Z_(Unspecified) extreme weather events,True,,,,,False,False,The abstract does not discuss unspecified extreme weather or climate extremes.,,0.00,0.00,2026-09-09_10-01-17_pruned_taxonomy_topdown_sol
4595111,20a31938-b314-4a8f-ad2d-134ddf796b54,,28,Extreme precipitation,True,,,,,False,False,The study does not address unusually intense or prolonged precipitation.,,0.00,0.00,2026-09-09_10-01-17_pruned_taxonomy_topdown_sol
4595111,20a31938-b314-4a8f-ad2d-134ddf796b54,,25,Droughts,True,,,,,False,False,Drought or prolonged water deficit is not a subject of the study.,,0.00,0.00,2026-09-09_10-01-17_pruned_taxonomy_topdown_sol
4595111,20a31938-b314-4a8f-ad2d-134ddf796b54,,26,Extreme cold,True,,,,,False,False,"The abstract does not examine cold spells, abnormally low temperatures, or their health effects.",,0.00,0.00,2026-09-09_10-01-17_pruned_taxonomy_topdown_sol
4595111,20a31938-b314-4a8f-ad2d-134ddf796b54,,32,Storms and severe wind,True,,,,,False,False,"Tropical cyclones, severe thunderstorms, hailstorms, and other intense storms are not discussed.",,0.00,0.00,2026-09-09_10-01-17_pruned_taxonomy_topdown_sol
4595111,20a31938-b314-4a8f-ad2d-134ddf796b54,,27,Extreme heat,True,,,,,False,False,The study does not concern extreme heat or heatwaves.,,0.00,0.00,2026-09-09_10-01-17_pruned_taxonomy_topdown_sol
4595111,20a31938-b314-4a8f-ad2d-134ddf796b54,,31,Sand and dust storms,True,,,,,False,False,"Although particulate matter is mentioned, the study does not identify sand or dust storms as its source or exposure.",,0.00,0.00,2026-09-09_10-01-17_pruned_taxonomy_topdown_sol
4595111,20a31938-b314-4a8f-ad2d-134ddf796b54,,33,Wildfires,True,,,,,False,False,Wildfires and wildfire smoke are not subjects of the indoor air pollution review.,,0.00,0.00,2026-09-09_10-01-17_pruned_taxonomy_topdown_sol
4595111,20a31938-b314-4a8f-ad2d-134ddf796b54,,30,Floods,True,,,,,False,False,The abstract does not discuss flooding or inundation.,,0.00,0.00,2026-09-09_10-01-17_pruned_taxonomy_topdown_sol
4595111,20a31938-b314-4a8f-ad2d-134ddf796b54,,490,Maladaptation,True,,,,,False,False,No annotation with this attribute found: reverting to default,,0.00,0.00,2026-09-09_10-01-17_pruned_taxonomy_topdown_sol
4595111,20a31938-b314-4a8f-ad2d-134ddf796b54,,487,Adaptation,True,,,,,False,False,"The study concerns controlling and monitoring indoor air pollution, not adjustment to climate variables, climate-related extremes, or climate resilience.",The status of indoor air pollution and its control in China are reviewed,0.00,100.00,2026-09-09_10-01-17_pruned_taxonomy_topdown_sol
4595111,20a31938-b314-4a8f-ad2d-134ddf796b54,,496,Co-Benefits,True,,,,,False,False,No annotation with this attribute found: reverting to default,,0.00,0.00,2026-09-09_10-01-17_pruned_taxonomy_topdown_sol
4595111,20a31938-b314-4a8f-ad2d-134ddf796b54,,488,Impact,True,,,,,False,False,"The reviewed pollutants are indoor chemical, particulate, and biological hazards, with no climate variable or climate-related event identified as a driver of exposure or impacts.",indoor pollution of formaldehyde and benzene has been effectively alleviated,0.00,100.00,2026-09-09_10-01-17_pruned_taxonomy_topdown_sol
4595111,20a31938-b314-4a8f-ad2d-134ddf796b54,,495,Loss and damage,True,,,,,False,False,No annotation with this attribute found: reverting to default,,0.00,0.00,2026-09-09_10-01-17_pruned_taxonomy_topdown_sol
4595111,20a31938-b314-4a8f-ad2d-134ddf796b54,,493,Attribution,True,,,,,False,False,No annotation with this attribute found: reverting to default,,0.00,0.00,2026-09-09_10-01-17_pruned_taxonomy_topdown_sol
4595111,20a31938-b314-4a8f-ad2d-134ddf796b54,,489,Mitigation,True,,,,,False,False,"The study addresses indoor pollutant emissions from materials, not greenhouse-gas emissions, fossil-fuel harms, or strategies intended to limit climate change.",lack of regulation and labeling of pollutant emissions from indoor decorating and refurbishing materials,0.00,100.00,2026-09-09_10-01-17_pruned_taxonomy_topdown_sol
4595111,20a31938-b314-4a8f-ad2d-134ddf796b54,,492,Resilience,True,,,,,False,False,No annotation with this attribute found: reverting to default,,0.00,0.00,2026-09-09_10-01-17_pruned_taxonomy_topdown_sol
4595111,20a31938-b314-4a8f-ad2d-134ddf796b54,,491,Preparedness,True,,,,,False,False,No annotation with this attribute found: reverting to default,,0.00,0.00,2026-09-09_10-01-17_pruned_taxonomy_topdown_sol
4595111,20a31938-b314-4a8f-ad2d-134ddf796b54,,494,Future impact,True,,,,,False,False,No annotation with this attribute found: reverting to default,,0.00,0.00,2026-09-09_10-01-17_pruned_taxonomy_topdown_sol
4595111,20a31938-b314-4a8f-ad2d-134ddf796b54,,14,Changes in temperature,True,,,,,False,False,"The study reviews indoor air pollution and its control in China, not long-term temperature shifts or warming.",,0.00,0.00,2026-09-09_10-01-17_pruned_taxonomy_topdown_sol
4595111,20a31938-b314-4a8f-ad2d-134ddf796b54,,9,Changes in humidity,True,,,,,False,False,Atmospheric moisture or humidity changes are not examined.,,0.00,0.00,2026-09-09_10-01-17_pruned_taxonomy_topdown_sol
4595111,20a31938-b314-4a8f-ad2d-134ddf796b54,,6,(Unspecified) changes in weather,True,,,,,False,False,General changes or variability in weather patterns are not a subject of the study.,,0.00,0.00,2026-09-09_10-01-17_pruned_taxonomy_topdown_sol
4595111,20a31938-b314-4a8f-ad2d-134ddf796b54,,13,Changes in season length,True,,,,,False,False,The abstract does not address changes in season duration or timing.,,0.00,0.00,2026-09-09_10-01-17_pruned_taxonomy_topdown_sol
4595111,20a31938-b314-4a8f-ad2d-134ddf796b54,,8,Changes in glacier / snow melt,True,,,,,False,False,Glacier or snowpack melting is not discussed.,,0.00,0.00,2026-09-09_10-01-17_pruned_taxonomy_topdown_sol
4595111,20a31938-b314-4a8f-ad2d-134ddf796b54,,15,Changes in wind speed,True,,,,,False,False,The study does not examine altered wind patterns or velocity.,,0.00,0.00,2026-09-09_10-01-17_pruned_taxonomy_topdown_sol
4595111,20a31938-b314-4a8f-ad2d-134ddf796b54,,10,Changes in inland water bodies,True,,,,,False,False,"No climate-driven changes in freshwater availability, levels, or hydrological patterns are addressed.",,0.00,0.00,2026-09-09_10-01-17_pruned_taxonomy_topdown_sol
4595111,20a31938-b314-4a8f-ad2d-134ddf796b54,,11,Changes in precipitation,True,,,,,False,False,"Changes in rainfall or snowfall amount, timing, or intensity are not discussed.",,0.00,0.00,2026-09-09_10-01-17_pruned_taxonomy_topdown_sol
4595111,20a31938-b314-4a8f-ad2d-134ddf796b54,,16,Climate variability,True,,,,,False,False,"The study does not concern fluctuations in climate conditions over months, years, or decades.",,0.00,0.00,2026-09-09_10-01-17_pruned_taxonomy_topdown_sol
4595111,20a31938-b314-4a8f-ad2d-134ddf796b54,,7,(Unspecified) climate change,True,,,,,False,False,"Climate change is not a focus; the review concerns indoor pollutants, air-quality regulation, monitoring, and pollution control.",,0.00,0.00,2026-09-09_10-01-17_pruned_taxonomy_topdown_sol
4595111,20a31938-b314-4a8f-ad2d-134ddf796b54,,12,Changes in sea level,True,,,,,False,False,Sea-level rise and its drivers or consequences are not addressed.,,0.00,0.00,2026-09-09_10-01-17_pruned_taxonomy_topdown_sol
4595111,20a31938-b314-4a8f-ad2d-134ddf796b54,,474,"Agriculture, fishing, and forestry (Sector)",True,,,,,False,False,"The study does not concern agriculture, livestock, fisheries, aquaculture, or forestry.",,0.00,0.00,2026-09-09_10-01-17_pruned_taxonomy_topdown_sol
4595111,20a31938-b314-4a8f-ad2d-134ddf796b54,,482,Military (Sector),True,,,,,False,False,The military sector and defense capabilities are not subjects of the study.,,0.00,0.00,2026-09-09_10-01-17_pruned_taxonomy_topdown_sol
4595111,20a31938-b314-4a8f-ad2d-134ddf796b54,,479,Healthcare (Sector),True,,,,,False,False,"Although indoor air pollution affects health, the study does not examine healthcare delivery, public health services, or health infrastructure.",,0.00,0.00,2026-09-09_10-01-17_pruned_taxonomy_topdown_sol
4595111,20a31938-b314-4a8f-ad2d-134ddf796b54,,477,Energy and extractives (Sector),True,,,,,False,False,"Energy generation, fuel production, and resource extraction are not examined.",,0.00,0.00,2026-09-09_10-01-17_pruned_taxonomy_topdown_sol
4595111,20a31938-b314-4a8f-ad2d-134ddf796b54,,484,Social protection (Sector),True,,,,,False,False,"The study does not address social protection, welfare services, or safety nets.",,0.00,0.00,2026-09-09_10-01-17_pruned_taxonomy_topdown_sol
4595111,20a31938-b314-4a8f-ad2d-134ddf796b54,,475,Buildings / housing (Sector),True,,,,,False,True,"The study focuses on indoor air quality and pollution associated with indoor environments, decorating and refurbishing materials, and building-related air-cleaning measures, making the buildings sector directly relevant.",lack of regulation and labeling of pollutant emissions from indoor decorating and refurbishing materials,0.00,100.00,2026-09-09_10-01-17_pruned_taxonomy_topdown_sol
4595111,20a31938-b314-4a8f-ad2d-134ddf796b54,,485,Transportation (Sector),True,,,,,False,False,"Transport systems, vehicles, logistics, and transport infrastructure are not discussed.",,0.00,0.00,2026-09-09_10-01-17_pruned_taxonomy_topdown_sol
4595111,20a31938-b314-4a8f-ad2d-134ddf796b54,,481,Information and communications technologies (Sector),True,,,,,False,False,"The study does not focus on telecommunications, digital infrastructure, or information technology.",,0.00,0.00,2026-09-09_10-01-17_pruned_taxonomy_topdown_sol
4595111,20a31938-b314-4a8f-ad2d-134ddf796b54,,486,"Water, sanitation, and waste management (Sector)",True,,,,,False,False,"Water supply, sewage treatment, and solid waste management are not subjects of the study.",,0.00,0.00,2026-09-09_10-01-17_pruned_taxonomy_topdown_sol
4595111,20a31938-b314-4a8f-ad2d-134ddf796b54,,478,Finance (Sector),True,,,,,False,False,"Banking, insurance, investment, and other financial services are not examined.",,0.00,0.00,2026-09-09_10-01-17_pruned_taxonomy_topdown_sol
4595111,20a31938-b314-4a8f-ad2d-134ddf796b54,,480,"Industry, trade, and services (Sector)",True,,,,,False,True,"Commercial and manufacturing-related products and services are a meaningful part of the review, including the indoor environmental monitoring and cleaning industry, air-cleaning products, and pollutant-emitting decorating materials.",the development of indoor environmental monitoring and cleaning industry have played significant roles in preventing and controlling indoor air pollution in China,0.00,100.00,2026-09-09_10-01-17_pruned_taxonomy_topdown_sol
4595111,20a31938-b314-4a8f-ad2d-134ddf796b54,,476,Education (Sector),True,,,,,False,False,Formal or informal education systems and institutions are not discussed.,,0.00,0.00,2026-09-09_10-01-17_pruned_taxonomy_topdown_sol
4595111,20a31938-b314-4a8f-ad2d-134ddf796b54,,483,Public administration (Sector),True,,,,,False,False,"Government regulations and standards are discussed, but public administration's own operations, services, or workforce are not the sector being examined.",The establishment and implementation of indoor air quality (IAQ)-related regulations and standards,0.00,100.00,2026-09-09_10-01-17_pruned_taxonomy_topdown_sol
4595111,20a31938-b314-4a8f-ad2d-134ddf796b54,,392,Mixed-methods,True,,,,,False,False,No annotation with this attribute found: reverting to default,,0.00,0.00,2026-09-09_10-01-17_pruned_taxonomy_topdown_sol
4595111,20a31938-b314-4a8f-ad2d-134ddf796b54,,394,Observational / group comparison designs,True,,,,,False,False,No annotation with this attribute found: reverting to default,,0.00,0.00,2026-09-09_10-01-17_pruned_taxonomy_topdown_sol
4595111,20a31938-b314-4a8f-ad2d-134ddf796b54,,393,Modelling / simulation,True,,,,,False,False,No annotation with this attribute found: reverting to default,,0.00,0.00,2026-09-09_10-01-17_pruned_taxonomy_topdown_sol
4595111,20a31938-b314-4a8f-ad2d-134ddf796b54,,390,(Quasi-)Experimental / single-group designs,True,,,,,False,False,No annotation with this attribute found: reverting to default,,0.00,0.00,2026-09-09_10-01-17_pruned_taxonomy_topdown_sol
4595111,20a31938-b314-4a8f-ad2d-134ddf796b54,,429,Narrative review,True,,,,,False,True,"The article broadly reviews and interprets the status, control measures, and unresolved problems of indoor air pollution in China, with no indication of an explicit, reproducible literature-search or study-selection method; it is therefore a narrative review.","The status of indoor air pollution and its control in China are reviewed by introducing the pollution characteristics of major indoor air pollutants, the strategies and measures adopted to control indoor air pollution, as well as the major problems existing in the current indoor air pollution control.",0.00,100.00,2026-09-09_10-01-17_pruned_taxonomy_topdown_sol
4595111,20a31938-b314-4a8f-ad2d-134ddf796b54,,396,Qualitative designs,True,,,,,False,False,No annotation with this attribute found: reverting to default,,0.00,0.00,2026-09-09_10-01-17_pruned_taxonomy_topdown_sol
4595111,20a31938-b314-4a8f-ad2d-134ddf796b54,,388,2. Evidence synthesis,True,,,,,False,True,"The article is a narrative review that synthesizes existing evidence on indoor air pollution, control measures, and regulatory gaps in China.","The status of indoor air pollution and its control in China are reviewed by introducing the pollution characteristics of major indoor air pollutants, the strategies and measures adopted to control indoor air pollution, as well as the major problems existing in the current indoor air pollution control.",0.00,100.00,2026-09-09_10-01-17_pruned_taxonomy_topdown_sol
4595111,20a31938-b314-4a8f-ad2d-134ddf796b54,,391,Descriptive / single-group designs,True,,,,,False,False,No annotation with this attribute found: reverting to default,,0.00,0.00,2026-09-09_10-01-17_pruned_taxonomy_topdown_sol
4595111,20a31938-b314-4a8f-ad2d-134ddf796b54,,427,Health technology assessment (HTA),True,,,,,False,False,"The study is not a comprehensive health technology assessment and does not evaluate a specific technology across clinical effectiveness, cost-effectiveness, and ethical, social, legal, or organizational domains.",,0.00,0.00,2026-09-09_10-01-17_pruned_taxonomy_topdown_sol
4595111,20a31938-b314-4a8f-ad2d-134ddf796b54,,395,Observational / single-group designs,True,,,,,False,False,No annotation with this attribute found: reverting to default,,0.00,0.00,2026-09-09_10-01-17_pruned_taxonomy_topdown_sol
4595111,20a31938-b314-4a8f-ad2d-134ddf796b54,,426,Guideline (clinical or public health),True,,,,,False,False,"Although regulations, standards, and control measures are discussed, the article is not a systematically developed guideline containing formal recommendations for clinical or public health practice.",,0.00,0.00,2026-09-09_10-01-17_pruned_taxonomy_topdown_sol
4595111,20a31938-b314-4a8f-ad2d-134ddf796b54,,387,1. Primary research,True,,,,,False,False,The abstract describes a review of existing studies and current conditions rather than the collection and analysis of new primary data.,,0.00,0.00,2026-09-09_10-01-17_pruned_taxonomy_topdown_sol
4595111,20a31938-b314-4a8f-ad2d-134ddf796b54,,430,Systematic reviews,True,,,,,False,False,"The abstract does not report explicit or reproducible methods for searching, selecting, appraising, or synthesizing primary studies.",,0.00,0.00,2026-09-09_10-01-17_pruned_taxonomy_topdown_sol
4595111,20a31938-b314-4a8f-ad2d-134ddf796b54,,397,Z_Other study design,True,,,,,False,False,No annotation with this attribute found: reverting to default,,0.00,0.00,2026-09-09_10-01-17_pruned_taxonomy_topdown_sol
4595111,20a31938-b314-4a8f-ad2d-134ddf796b54,,389,(Quasi-)Experimental / group comparison designs,True,,,,,False,False,No annotation with this attribute found: reverting to default,,0.00,0.00,2026-09-09_10-01-17_pruned_taxonomy_topdown_sol
4595111,20a31938-b314-4a8f-ad2d-134ddf796b54,,431,Z_Other evidence synthesis type,True,,,,,False,False,The work is adequately classified as a narrative review rather than an otherwise uncategorized form of evidence synthesis.,,0.00,0.00,2026-09-09_10-01-17_pruned_taxonomy_topdown_sol
4595111,20a31938-b314-4a8f-ad2d-134ddf796b54,,428,Meta-analysis (unsystematic),True,,,,,False,False,No advanced quantitative synthesis or statistical combination of existing studies is described.,,0.00,0.00,2026-09-09_10-01-17_pruned_taxonomy_topdown_sol
4595111,20a31938-b314-4a8f-ad2d-134ddf796b54,,117,"1.2. Communicable, maternal, neonatal, and nutritional mortality",True,,,,,False,False,No annotation with this attribute found: reverting to default,,0.00,0.00,2026-09-09_10-01-17_pruned_taxonomy_topdown_sol
4595111,20a31938-b314-4a8f-ad2d-134ddf796b54,,196,Chronic respiratory diseases,True,,,,,False,False,No annotation with this attribute found: reverting to default,,0.00,0.00,2026-09-09_10-01-17_pruned_taxonomy_topdown_sol
4595111,20a31938-b314-4a8f-ad2d-134ddf796b54,,201,Neoplasms,True,,,,,False,False,No annotation with this attribute found: reverting to default,,0.00,0.00,2026-09-09_10-01-17_pruned_taxonomy_topdown_sol
4595111,20a31938-b314-4a8f-ad2d-134ddf796b54,,118,1.3. Non-communicable mortality,True,,,,,False,False,No annotation with this attribute found: reverting to default,,0.00,0.00,2026-09-09_10-01-17_pruned_taxonomy_topdown_sol
4595111,20a31938-b314-4a8f-ad2d-134ddf796b54,,138,Respiratory infections and tuberculosis,True,,,,,False,False,No annotation with this attribute found: reverting to default,,0.00,0.00,2026-09-09_10-01-17_pruned_taxonomy_topdown_sol
4595111,20a31938-b314-4a8f-ad2d-134ddf796b54,,116,1.1. Total / all-cause mortality (Outcome),True,,,,,False,False,No annotation with this attribute found: reverting to default,,0.00,0.00,2026-09-09_10-01-17_pruned_taxonomy_topdown_sol
4595111,20a31938-b314-4a8f-ad2d-134ddf796b54,,204,Skin and subcutaneous diseases,True,,,,,False,False,No annotation with this attribute found: reverting to default,,0.00,0.00,2026-09-09_10-01-17_pruned_taxonomy_topdown_sol
4595111,20a31938-b314-4a8f-ad2d-134ddf796b54,,197,Diabetes and kidney diseases,True,,,,,False,False,No annotation with this attribute found: reverting to default,,0.00,0.00,2026-09-09_10-01-17_pruned_taxonomy_topdown_sol
4595111,20a31938-b314-4a8f-ad2d-134ddf796b54,,198,Digestive diseases,True,,,,,False,False,No annotation with this attribute found: reverting to default,,0.00,0.00,2026-09-09_10-01-17_pruned_taxonomy_topdown_sol
4595111,20a31938-b314-4a8f-ad2d-134ddf796b54,,137,Nutritional deficiencies,True,,,,,False,False,No annotation with this attribute found: reverting to default,,0.00,0.00,2026-09-09_10-01-17_pruned_taxonomy_topdown_sol
4595111,20a31938-b314-4a8f-ad2d-134ddf796b54,,134,HIV/AIDS and sexually transmitted infections,True,,,,,False,False,No annotation with this attribute found: reverting to default,,0.00,0.00,2026-09-09_10-01-17_pruned_taxonomy_topdown_sol
4595111,20a31938-b314-4a8f-ad2d-134ddf796b54,,203,Sense organ diseases,True,,,,,False,False,No annotation with this attribute found: reverting to default,,0.00,0.00,2026-09-09_10-01-17_pruned_taxonomy_topdown_sol
4595111,20a31938-b314-4a8f-ad2d-134ddf796b54,,195,Cardiovascular diseases,True,,,,,False,False,No annotation with this attribute found: reverting to default,,0.00,0.00,2026-09-09_10-01-17_pruned_taxonomy_topdown_sol
4595111,20a31938-b314-4a8f-ad2d-134ddf796b54,,289,Transport injuries,True,,,,,False,False,No annotation with this attribute found: reverting to default,,0.00,0.00,2026-09-09_10-01-17_pruned_taxonomy_topdown_sol
4595111,20a31938-b314-4a8f-ad2d-134ddf796b54,,113,"2. Communicable, maternal, neonatal, and nutritional diseases",True,,,,,False,False,"The review mentions biological indoor pollutants but does not study infectious diseases or maternal, neonatal, or nutritional conditions.",,0.00,0.00,2026-09-09_10-01-17_pruned_taxonomy_topdown_sol
4595111,20a31938-b314-4a8f-ad2d-134ddf796b54,,139,Z_Other infectious diseases,True,,,,,False,False,No annotation with this attribute found: reverting to default,,0.00,0.00,2026-09-09_10-01-17_pruned_taxonomy_topdown_sol
4595111,20a31938-b314-4a8f-ad2d-134ddf796b54,,135,Maternal and neonatal disorders,True,,,,,False,False,No annotation with this attribute found: reverting to default,,0.00,0.00,2026-09-09_10-01-17_pruned_taxonomy_topdown_sol
4595111,20a31938-b314-4a8f-ad2d-134ddf796b54,,202,Neurological disorders,True,,,,,False,False,No annotation with this attribute found: reverting to default,,0.00,0.00,2026-09-09_10-01-17_pruned_taxonomy_topdown_sol
4595111,20a31938-b314-4a8f-ad2d-134ddf796b54,,288,Self-harm and interpersonal violence,True,,,,,False,False,No annotation with this attribute found: reverting to default,,0.00,0.00,2026-09-09_10-01-17_pruned_taxonomy_topdown_sol
4595111,20a31938-b314-4a8f-ad2d-134ddf796b54,,206,Z_Other non-communicable diseases,True,,,,,False,False,No annotation with this attribute found: reverting to default,,0.00,0.00,2026-09-09_10-01-17_pruned_taxonomy_topdown_sol
4595111,20a31938-b314-4a8f-ad2d-134ddf796b54,,200,Musculoskeletal disorders,True,,,,,False,False,No annotation with this attribute found: reverting to default,,0.00,0.00,2026-09-09_10-01-17_pruned_taxonomy_topdown_sol
4595111,20a31938-b314-4a8f-ad2d-134ddf796b54,,133,Enteric infections,True,,,,,False,False,No annotation with this attribute found: reverting to default,,0.00,0.00,2026-09-09_10-01-17_pruned_taxonomy_topdown_sol
4595111,20a31938-b314-4a8f-ad2d-134ddf796b54,,114,3. Non-communicable diseases,True,,,,,False,False,"The study focuses on indoor air pollutants and pollution-control policies, not chronic non-infectious diseases or associated health outcomes.",,0.00,0.00,2026-09-09_10-01-17_pruned_taxonomy_topdown_sol
4595111,20a31938-b314-4a8f-ad2d-134ddf796b54,,112,1. Mortality (Outcome),True,,,,,False,False,Mortality is not assessed or discussed as a health outcome.,,0.00,0.00,2026-09-09_10-01-17_pruned_taxonomy_topdown_sol
4595111,20a31938-b314-4a8f-ad2d-134ddf796b54,,115,4. Injuries,True,,,,,False,False,Physical injuries from external causes are not a subject of the review.,,0.00,0.00,2026-09-09_10-01-17_pruned_taxonomy_topdown_sol
4595111,20a31938-b314-4a8f-ad2d-134ddf796b54,,199,Mental disorders,True,,,,,False,False,No annotation with this attribute found: reverting to default,,0.00,0.00,2026-09-09_10-01-17_pruned_taxonomy_topdown_sol
4595111,20a31938-b314-4a8f-ad2d-134ddf796b54,,205,Substance use disorders,True,,,,,False,False,No annotation with this attribute found: reverting to default,,0.00,0.00,2026-09-09_10-01-17_pruned_taxonomy_topdown_sol
4595111,20a31938-b314-4a8f-ad2d-134ddf796b54,,136,Neglected tropical diseases and malaria,True,,,,,False,False,No annotation with this attribute found: reverting to default,,0.00,0.00,2026-09-09_10-01-17_pruned_taxonomy_topdown_sol
4595111,20a31938-b314-4a8f-ad2d-134ddf796b54,,290,Unintentional injuries,True,,,,,False,False,No annotation with this attribute found: reverting to default,,0.00,0.00,2026-09-09_10-01-17_pruned_taxonomy_topdown_sol
747982,20b3edce-53d5-4d2f-bc3c-8bedc5f44c18,PM10 Time Series Forecasting Using Variational Mode Decomposition Informer,38,Oil,True,,,,,False,False,"The study does not examine oil, petroleum products, or their combustion; it focuses on forecasting particulate matter at a concrete batching plant.",,0.00,0.00,2026-09-09_10-01-17_pruned_taxonomy_topdown_sol
747982,20b3edce-53d5-4d2f-bc3c-8bedc5f44c18,PM10 Time Series Forecasting Using Variational Mode Decomposition Informer,36,Coal,True,,,,,False,False,"Coal is not identified as an exposure, energy source, or study focus.",,0.00,0.00,2026-09-09_10-01-17_pruned_taxonomy_topdown_sol
747982,20b3edce-53d5-4d2f-bc3c-8bedc5f44c18,PM10 Time Series Forecasting Using Variational Mode Decomposition Informer,37,Natural gas,True,,,,,False,False,Natural gas or methane-based fossil fuel use is not discussed.,,0.00,0.00,2026-09-09_10-01-17_pruned_taxonomy_topdown_sol
747982,20b3edce-53d5-4d2f-bc3c-8bedc5f44c18,PM10 Time Series Forecasting Using Variational Mode Decomposition Informer,35,(Unspecified) fossil fuels,True,,,,,False,False,The study does not refer to fossil fuel use or combustion in general; its focus is a PM10 forecasting model for a concrete batching plant.,,0.00,0.00,2026-09-09_10-01-17_pruned_taxonomy_topdown_sol
747982,20b3edce-53d5-4d2f-bc3c-8bedc5f44c18,PM10 Time Series Forecasting Using Variational Mode Decomposition Informer,21,Nitrous oxide (N₂O),True,,,,,False,False,The study does not examine nitrous oxide emissions; it focuses on particulate matter forecasting.,,0.00,0.00,2026-09-09_10-01-17_pruned_taxonomy_topdown_sol
747982,20b3edce-53d5-4d2f-bc3c-8bedc5f44c18,PM10 Time Series Forecasting Using Variational Mode Decomposition Informer,17,(Unspecified) greenhouse gases,True,,,,,False,False,Greenhouse gases as a collective category are not a subject of the study.,,0.00,0.00,2026-09-09_10-01-17_pruned_taxonomy_topdown_sol
747982,20b3edce-53d5-4d2f-bc3c-8bedc5f44c18,PM10 Time Series Forecasting Using Variational Mode Decomposition Informer,24,Tropospheric ozone (O₃),True,,,,,False,False,"Ground-level ozone is not studied as an exposure, outcome, or forecasting target.",,0.00,0.00,2026-09-09_10-01-17_pruned_taxonomy_topdown_sol
747982,20b3edce-53d5-4d2f-bc3c-8bedc5f44c18,PM10 Time Series Forecasting Using Variational Mode Decomposition Informer,18,Carbon dioxide (CO₂),True,,,,,False,False,Carbon dioxide is not discussed or analyzed in the study.,,0.00,0.00,2026-09-09_10-01-17_pruned_taxonomy_topdown_sol
747982,20b3edce-53d5-4d2f-bc3c-8bedc5f44c18,PM10 Time Series Forecasting Using Variational Mode Decomposition Informer,23,Particulate matter (PM10) / fine particulate matter (PM2.5) / black/organic carbon / sulfate/nitrate aerosols,True,,,,,False,True,The study is fundamentally about forecasting PM10 concentrations and also incorporates PM2.5 as a predictor.,forecast PM concentrations with an aerodynamic diameter of less than 10 µ m (PM10),0.00,100.00,2026-09-09_10-01-17_pruned_taxonomy_topdown_sol
747982,20b3edce-53d5-4d2f-bc3c-8bedc5f44c18,PM10 Time Series Forecasting Using Variational Mode Decomposition Informer,20,Methane (CH₄),True,,,,,False,False,Methane is not discussed or analyzed in the study.,,0.00,0.00,2026-09-09_10-01-17_pruned_taxonomy_topdown_sol
747982,20b3edce-53d5-4d2f-bc3c-8bedc5f44c18,PM10 Time Series Forecasting Using Variational Mode Decomposition Informer,22,Ozone-depleting substances / chlorofluorocarbons / hydrochlorofluorocarbons / halons / carbon tetrachloride / methyl chloroform,True,,,,,False,False,Ozone-depleting substances are not a subject of the study.,,0.00,0.00,2026-09-09_10-01-17_pruned_taxonomy_topdown_sol
747982,20b3edce-53d5-4d2f-bc3c-8bedc5f44c18,PM10 Time Series Forecasting Using Variational Mode Decomposition Informer,19,Fluorinated gases / hydrofluorocarbons / perfluorocarbons / sulfur hexafluoride / nitrogen trifluoride,True,,,,,False,False,Synthetic fluorinated greenhouse gases are not discussed or analyzed.,,0.00,0.00,2026-09-09_10-01-17_pruned_taxonomy_topdown_sol
747982,20b3edce-53d5-4d2f-bc3c-8bedc5f44c18,PM10 Time Series Forecasting Using Variational Mode Decomposition Informer,29,Extreme snow/ice events,True,,,,,False,False,"The study does not examine severe snowfall, freezing rain, ice storms, or related impacts.",,0.00,0.00,2026-09-09_10-01-17_pruned_taxonomy_topdown_sol
747982,20b3edce-53d5-4d2f-bc3c-8bedc5f44c18,PM10 Time Series Forecasting Using Variational Mode Decomposition Informer,34,Z_(Unspecified) extreme weather events,True,,,,,False,False,"The study focuses on forecasting particulate matter at a concrete batching plant, not unspecified extreme weather events.",,0.00,0.00,2026-09-09_10-01-17_pruned_taxonomy_topdown_sol
747982,20b3edce-53d5-4d2f-bc3c-8bedc5f44c18,PM10 Time Series Forecasting Using Variational Mode Decomposition Informer,28,Extreme precipitation,True,,,,,False,False,No unusually intense or prolonged precipitation event is studied.,,0.00,0.00,2026-09-09_10-01-17_pruned_taxonomy_topdown_sol
747982,20b3edce-53d5-4d2f-bc3c-8bedc5f44c18,PM10 Time Series Forecasting Using Variational Mode Decomposition Informer,25,Droughts,True,,,,,False,False,The study does not concern drought or prolonged water deficits.,,0.00,0.00,2026-09-09_10-01-17_pruned_taxonomy_topdown_sol
747982,20b3edce-53d5-4d2f-bc3c-8bedc5f44c18,PM10 Time Series Forecasting Using Variational Mode Decomposition Informer,26,Extreme cold,True,,,,,False,False,"Temperature is included as a general predictor, but episodes of abnormally low temperature are not a subject of the study.",,0.00,0.00,2026-09-09_10-01-17_pruned_taxonomy_topdown_sol
747982,20b3edce-53d5-4d2f-bc3c-8bedc5f44c18,PM10 Time Series Forecasting Using Variational Mode Decomposition Informer,32,Storms and severe wind,True,,,,,False,False,"The study does not examine cyclones, hurricanes, severe thunderstorms, hailstorms, or similar intense meteorological events.",,0.00,0.00,2026-09-09_10-01-17_pruned_taxonomy_topdown_sol
747982,20b3edce-53d5-4d2f-bc3c-8bedc5f44c18,PM10 Time Series Forecasting Using Variational Mode Decomposition Informer,27,Extreme heat,True,,,,,False,False,"Temperature is an input to the forecasting model, but extreme heat or heatwaves are not studied.",,0.00,0.00,2026-09-09_10-01-17_pruned_taxonomy_topdown_sol
747982,20b3edce-53d5-4d2f-bc3c-8bedc5f44c18,PM10 Time Series Forecasting Using Variational Mode Decomposition Informer,31,Sand and dust storms,True,,,,,False,False,"Although the study forecasts airborne particulate matter, it concerns PM10 at a concrete batching plant rather than wind-driven sand or dust storms.",,0.00,0.00,2026-09-09_10-01-17_pruned_taxonomy_topdown_sol
747982,20b3edce-53d5-4d2f-bc3c-8bedc5f44c18,PM10 Time Series Forecasting Using Variational Mode Decomposition Informer,33,Wildfires,True,,,,,False,False,Wildfires and wildfire smoke are not examined.,,0.00,0.00,2026-09-09_10-01-17_pruned_taxonomy_topdown_sol
747982,20b3edce-53d5-4d2f-bc3c-8bedc5f44c18,PM10 Time Series Forecasting Using Variational Mode Decomposition Informer,30,Floods,True,,,,,False,False,The study does not address flooding or inundation.,,0.00,0.00,2026-09-09_10-01-17_pruned_taxonomy_topdown_sol
747982,20b3edce-53d5-4d2f-bc3c-8bedc5f44c18,PM10 Time Series Forecasting Using Variational Mode Decomposition Informer,490,Maladaptation,True,,,,,False,False,No annotation with this attribute found: reverting to default,,0.00,0.00,2026-09-09_10-01-17_pruned_taxonomy_topdown_sol
747982,20b3edce-53d5-4d2f-bc3c-8bedc5f44c18,PM10 Time Series Forecasting Using Variational Mode Decomposition Informer,487,Adaptation,True,,,,,False,False,"The study forecasts particulate matter at a construction-related concrete batching plant, not climate variables or climate-related extreme events, and does not concern climate adaptation or resilience.",,0.00,0.00,2026-09-09_10-01-17_pruned_taxonomy_topdown_sol
747982,20b3edce-53d5-4d2f-bc3c-8bedc5f44c18,PM10 Time Series Forecasting Using Variational Mode Decomposition Informer,496,Co-Benefits,True,,,,,False,False,No annotation with this attribute found: reverting to default,,0.00,0.00,2026-09-09_10-01-17_pruned_taxonomy_topdown_sol
747982,20b3edce-53d5-4d2f-bc3c-8bedc5f44c18,PM10 Time Series Forecasting Using Variational Mode Decomposition Informer,488,Impact,True,,,,,False,False,"Although temperature and humidity are model inputs, the study does not characterize impacts caused by climate variability or climate-related events; its primary focus is forecasting construction-site PM10 concentrations.",,0.00,0.00,2026-09-09_10-01-17_pruned_taxonomy_topdown_sol
747982,20b3edce-53d5-4d2f-bc3c-8bedc5f44c18,PM10 Time Series Forecasting Using Variational Mode Decomposition Informer,495,Loss and damage,True,,,,,False,False,No annotation with this attribute found: reverting to default,,0.00,0.00,2026-09-09_10-01-17_pruned_taxonomy_topdown_sol
747982,20b3edce-53d5-4d2f-bc3c-8bedc5f44c18,PM10 Time Series Forecasting Using Variational Mode Decomposition Informer,493,Attribution,True,,,,,False,False,No annotation with this attribute found: reverting to default,,0.00,0.00,2026-09-09_10-01-17_pruned_taxonomy_topdown_sol
747982,20b3edce-53d5-4d2f-bc3c-8bedc5f44c18,PM10 Time Series Forecasting Using Variational Mode Decomposition Informer,489,Mitigation,True,,,,,False,False,"The study addresses particulate pollution from a concrete batching plant but does not examine greenhouse-gas emissions, fossil-fuel combustion, or strategies to reduce them.",,0.00,0.00,2026-09-09_10-01-17_pruned_taxonomy_topdown_sol
747982,20b3edce-53d5-4d2f-bc3c-8bedc5f44c18,PM10 Time Series Forecasting Using Variational Mode Decomposition Informer,492,Resilience,True,,,,,False,False,No annotation with this attribute found: reverting to default,,0.00,0.00,2026-09-09_10-01-17_pruned_taxonomy_topdown_sol
747982,20b3edce-53d5-4d2f-bc3c-8bedc5f44c18,PM10 Time Series Forecasting Using Variational Mode Decomposition Informer,491,Preparedness,True,,,,,False,False,No annotation with this attribute found: reverting to default,,0.00,0.00,2026-09-09_10-01-17_pruned_taxonomy_topdown_sol
747982,20b3edce-53d5-4d2f-bc3c-8bedc5f44c18,PM10 Time Series Forecasting Using Variational Mode Decomposition Informer,494,Future impact,True,,,,,False,False,No annotation with this attribute found: reverting to default,,0.00,0.00,2026-09-09_10-01-17_pruned_taxonomy_topdown_sol
747982,20b3edce-53d5-4d2f-bc3c-8bedc5f44c18,PM10 Time Series Forecasting Using Variational Mode Decomposition Informer,14,Changes in temperature,True,,,,,False,False,Temperature is only an input to a particulate-matter forecasting model; the study does not examine long-term temperature shifts or warming.,"additional factors, including temperature, humidity, ambient noise, light intensity, and PM2.5, are integrated to predict PM10 concentrations",0.00,100.00,2026-09-09_10-01-17_pruned_taxonomy_topdown_sol
747982,20b3edce-53d5-4d2f-bc3c-8bedc5f44c18,PM10 Time Series Forecasting Using Variational Mode Decomposition Informer,9,Changes in humidity,True,,,,,False,False,"Humidity is included as a predictor, but the study does not concern shifts in atmospheric moisture or their health effects.","additional factors, including temperature, humidity, ambient noise, light intensity, and PM2.5, are integrated to predict PM10 concentrations",0.00,100.00,2026-09-09_10-01-17_pruned_taxonomy_topdown_sol
747982,20b3edce-53d5-4d2f-bc3c-8bedc5f44c18,PM10 Time Series Forecasting Using Variational Mode Decomposition Informer,6,(Unspecified) changes in weather,True,,,,,False,False,The study does not examine general weather changes or weather variability; it focuses on forecasting PM10 at a concrete batching plant.,,0.00,0.00,2026-09-09_10-01-17_pruned_taxonomy_topdown_sol
747982,20b3edce-53d5-4d2f-bc3c-8bedc5f44c18,PM10 Time Series Forecasting Using Variational Mode Decomposition Informer,13,Changes in season length,True,,,,,False,False,No changes in season duration or seasonal timing are studied.,,0.00,0.00,2026-09-09_10-01-17_pruned_taxonomy_topdown_sol
747982,20b3edce-53d5-4d2f-bc3c-8bedc5f44c18,PM10 Time Series Forecasting Using Variational Mode Decomposition Informer,8,Changes in glacier / snow melt,True,,,,,False,False,Glacier or snowpack melting is not discussed.,,0.00,0.00,2026-09-09_10-01-17_pruned_taxonomy_topdown_sol
747982,20b3edce-53d5-4d2f-bc3c-8bedc5f44c18,PM10 Time Series Forecasting Using Variational Mode Decomposition Informer,15,Changes in wind speed,True,,,,,False,False,Wind patterns or changes in wind velocity are not examined.,,0.00,0.00,2026-09-09_10-01-17_pruned_taxonomy_topdown_sol
747982,20b3edce-53d5-4d2f-bc3c-8bedc5f44c18,PM10 Time Series Forecasting Using Variational Mode Decomposition Informer,10,Changes in inland water bodies,True,,,,,False,False,"The study does not concern freshwater availability, water levels, river flows, or hydrological change.",,0.00,0.00,2026-09-09_10-01-17_pruned_taxonomy_topdown_sol
747982,20b3edce-53d5-4d2f-bc3c-8bedc5f44c18,PM10 Time Series Forecasting Using Variational Mode Decomposition Informer,11,Changes in precipitation,True,,,,,False,False,No alterations in rainfall or snowfall are studied.,,0.00,0.00,2026-09-09_10-01-17_pruned_taxonomy_topdown_sol
747982,20b3edce-53d5-4d2f-bc3c-8bedc5f44c18,PM10 Time Series Forecasting Using Variational Mode Decomposition Informer,16,Climate variability,True,,,,,False,False,"The PM10 time-series forecasting task does not investigate fluctuations in climate conditions over months, years, or decades.",,0.00,0.00,2026-09-09_10-01-17_pruned_taxonomy_topdown_sol
747982,20b3edce-53d5-4d2f-bc3c-8bedc5f44c18,PM10 Time Series Forecasting Using Variational Mode Decomposition Informer,7,(Unspecified) climate change,True,,,,,False,False,Climate change is not a subject of the study; its focus is a hybrid model for forecasting particulate matter concentrations.,,0.00,0.00,2026-09-09_10-01-17_pruned_taxonomy_topdown_sol
747982,20b3edce-53d5-4d2f-bc3c-8bedc5f44c18,PM10 Time Series Forecasting Using Variational Mode Decomposition Informer,12,Changes in sea level,True,,,,,False,False,Sea-level rise is not discussed or examined.,,0.00,0.00,2026-09-09_10-01-17_pruned_taxonomy_topdown_sol
747982,20b3edce-53d5-4d2f-bc3c-8bedc5f44c18,PM10 Time Series Forecasting Using Variational Mode Decomposition Informer,474,"Agriculture, fishing, and forestry (Sector)",True,,,,,False,False,"The study does not concern agriculture, livestock, fisheries, aquaculture, or forestry.",,0.00,0.00,2026-09-09_10-01-17_pruned_taxonomy_topdown_sol
747982,20b3edce-53d5-4d2f-bc3c-8bedc5f44c18,PM10 Time Series Forecasting Using Variational Mode Decomposition Informer,482,Military (Sector),True,,,,,False,False,The military and defense sector is not addressed.,,0.00,0.00,2026-09-09_10-01-17_pruned_taxonomy_topdown_sol
747982,20b3edce-53d5-4d2f-bc3c-8bedc5f44c18,PM10 Time Series Forecasting Using Variational Mode Decomposition Informer,479,Healthcare (Sector),True,,,,,False,False,"Human health motivates the research, but healthcare services, public health delivery, and health infrastructure are not subjects of the study.",Accurate forecasting of particulate matter (PM) is crucial for environmental protection and human health.,0.00,100.00,2026-09-09_10-01-17_pruned_taxonomy_topdown_sol
747982,20b3edce-53d5-4d2f-bc3c-8bedc5f44c18,PM10 Time Series Forecasting Using Variational Mode Decomposition Informer,477,Energy and extractives (Sector),True,,,,,False,False,"The study does not examine energy generation, fuels, renewable systems, or resource extraction.",,0.00,0.00,2026-09-09_10-01-17_pruned_taxonomy_topdown_sol
747982,20b3edce-53d5-4d2f-bc3c-8bedc5f44c18,PM10 Time Series Forecasting Using Variational Mode Decomposition Informer,484,Social protection (Sector),True,,,,,False,False,"Social protection, welfare services, and safety-net systems are not examined.",,0.00,0.00,2026-09-09_10-01-17_pruned_taxonomy_topdown_sol
747982,20b3edce-53d5-4d2f-bc3c-8bedc5f44c18,PM10 Time Series Forecasting Using Variational Mode Decomposition Informer,475,Buildings / housing (Sector),True,,,,,False,True,The study is situated in a concrete batching plant engaged in construction and specifically examines pollution forecasting in that construction setting.,at a concrete batching plant (CBP) involved in highway construction,0.00,100.00,2026-09-09_10-01-17_pruned_taxonomy_topdown_sol
747982,20b3edce-53d5-4d2f-bc3c-8bedc5f44c18,PM10 Time Series Forecasting Using Variational Mode Decomposition Informer,485,Transportation (Sector),True,,,,,False,True,"The concrete batching plant supports national highway construction, making road transport infrastructure a substantive sectoral setting.",The effectiveness of the model was confirmed using data from a CBP associated with a national highway.,0.00,100.00,2026-09-09_10-01-17_pruned_taxonomy_topdown_sol
747982,20b3edce-53d5-4d2f-bc3c-8bedc5f44c18,PM10 Time Series Forecasting Using Variational Mode Decomposition Informer,481,Information and communications technologies (Sector),True,,,,,False,False,"Although the study uses computational forecasting methods, it does not examine the telecommunications, digital infrastructure, or IT sector itself.",This study proposes a hybrid prediction model to forecast PM concentrations,0.00,100.00,2026-09-09_10-01-17_pruned_taxonomy_topdown_sol
747982,20b3edce-53d5-4d2f-bc3c-8bedc5f44c18,PM10 Time Series Forecasting Using Variational Mode Decomposition Informer,486,"Water, sanitation, and waste management (Sector)",True,,,,,False,False,"Water supply, sewage treatment, and solid-waste management are not subjects of the study.",,0.00,0.00,2026-09-09_10-01-17_pruned_taxonomy_topdown_sol
747982,20b3edce-53d5-4d2f-bc3c-8bedc5f44c18,PM10 Time Series Forecasting Using Variational Mode Decomposition Informer,478,Finance (Sector),True,,,,,False,False,"No banking, insurance, investment, or financial services are examined.",,0.00,0.00,2026-09-09_10-01-17_pruned_taxonomy_topdown_sol
747982,20b3edce-53d5-4d2f-bc3c-8bedc5f44c18,PM10 Time Series Forecasting Using Variational Mode Decomposition Informer,480,"Industry, trade, and services (Sector)",True,,,,,False,True,"A concrete batching plant is an industrial manufacturing facility, and its particulate pollution is the study's direct operational setting.",at a concrete batching plant (CBP) involved in highway construction,0.00,100.00,2026-09-09_10-01-17_pruned_taxonomy_topdown_sol
747982,20b3edce-53d5-4d2f-bc3c-8bedc5f44c18,PM10 Time Series Forecasting Using Variational Mode Decomposition Informer,476,Education (Sector),True,,,,,False,False,Formal or informal education systems and institutions are not addressed.,,0.00,0.00,2026-09-09_10-01-17_pruned_taxonomy_topdown_sol
747982,20b3edce-53d5-4d2f-bc3c-8bedc5f44c18,PM10 Time Series Forecasting Using Variational Mode Decomposition Informer,483,Public administration (Sector),True,,,,,False,False,"The reference to a national highway does not make public administration's operations, services, or workforce a subject of the study.",associated with a national highway,0.00,100.00,2026-09-09_10-01-17_pruned_taxonomy_topdown_sol
747982,20b3edce-53d5-4d2f-bc3c-8bedc5f44c18,PM10 Time Series Forecasting Using Variational Mode Decomposition Informer,392,Mixed-methods,True,,,,,False,False,The study does not integrate qualitative and quantitative research methods; it is a quantitative forecasting-model study.,,0.00,0.00,2026-09-09_10-01-17_pruned_taxonomy_topdown_sol
747982,20b3edce-53d5-4d2f-bc3c-8bedc5f44c18,PM10 Time Series Forecasting Using Variational Mode Decomposition Informer,394,Observational / group comparison designs,True,,,,,False,False,It does not compare health outcomes across groups defined by exposure status.,,0.00,0.00,2026-09-09_10-01-17_pruned_taxonomy_topdown_sol
747982,20b3edce-53d5-4d2f-bc3c-8bedc5f44c18,PM10 Time Series Forecasting Using Variational Mode Decomposition Informer,393,Modelling / simulation,True,,,,,False,True,The study develops and validates a computational time-series model for forecasting PM10 concentrations.,This study proposes a hybrid prediction model to forecast PM concentrations with an aerodynamic diameter of less than 10 µ m (PM10) at a concrete batching plant (CBP) involved in highway construction.,0.00,100.00,2026-09-09_10-01-17_pruned_taxonomy_topdown_sol
747982,20b3edce-53d5-4d2f-bc3c-8bedc5f44c18,PM10 Time Series Forecasting Using Variational Mode Decomposition Informer,390,(Quasi-)Experimental / single-group designs,True,,,,,False,False,No intervention is applied to a single group; the study evaluates a forecasting model using environmental monitoring data.,,0.00,0.00,2026-09-09_10-01-17_pruned_taxonomy_topdown_sol
747982,20b3edce-53d5-4d2f-bc3c-8bedc5f44c18,PM10 Time Series Forecasting Using Variational Mode Decomposition Informer,429,Narrative review,True,,,,,False,False,No annotation with this attribute found: reverting to default,,0.00,0.00,2026-09-09_10-01-17_pruned_taxonomy_topdown_sol
747982,20b3edce-53d5-4d2f-bc3c-8bedc5f44c18,PM10 Time Series Forecasting Using Variational Mode Decomposition Informer,396,Qualitative designs,True,,,,,False,False,"There is no qualitative data collection or analysis of experiences, meanings, or contextual themes.",,0.00,0.00,2026-09-09_10-01-17_pruned_taxonomy_topdown_sol
747982,20b3edce-53d5-4d2f-bc3c-8bedc5f44c18,PM10 Time Series Forecasting Using Variational Mode Decomposition Informer,388,2. Evidence synthesis,True,,,,,False,False,The study develops and validates a particulate-matter forecasting model using site-specific monitoring data; it does not review or synthesize existing literature.,,0.00,0.00,2026-09-09_10-01-17_pruned_taxonomy_topdown_sol
747982,20b3edce-53d5-4d2f-bc3c-8bedc5f44c18,PM10 Time Series Forecasting Using Variational Mode Decomposition Informer,391,Descriptive / single-group designs,True,,,,,False,False,"Although environmental measurements are used, the primary design is predictive modelling rather than a descriptive study of a single group's characteristics or outcome distribution.",,0.00,0.00,2026-09-09_10-01-17_pruned_taxonomy_topdown_sol
747982,20b3edce-53d5-4d2f-bc3c-8bedc5f44c18,PM10 Time Series Forecasting Using Variational Mode Decomposition Informer,427,Health technology assessment (HTA),True,,,,,False,False,No annotation with this attribute found: reverting to default,,0.00,0.00,2026-09-09_10-01-17_pruned_taxonomy_topdown_sol
747982,20b3edce-53d5-4d2f-bc3c-8bedc5f44c18,PM10 Time Series Forecasting Using Variational Mode Decomposition Informer,395,Observational / single-group designs,True,,,,,False,False,"The study uses time-series data to train and evaluate a forecasting model, not to track health outcomes in a single cohort and infer temporal associations.",,0.00,0.00,2026-09-09_10-01-17_pruned_taxonomy_topdown_sol
747982,20b3edce-53d5-4d2f-bc3c-8bedc5f44c18,PM10 Time Series Forecasting Using Variational Mode Decomposition Informer,426,Guideline (clinical or public health),True,,,,,False,False,No annotation with this attribute found: reverting to default,,0.00,0.00,2026-09-09_10-01-17_pruned_taxonomy_topdown_sol
747982,20b3edce-53d5-4d2f-bc3c-8bedc5f44c18,PM10 Time Series Forecasting Using Variational Mode Decomposition Informer,387,1. Primary research,True,,,,,False,True,This is original research that directly analyzes particulate-matter and related environmental data to develop and evaluate a hybrid forecasting model.,The effectiveness of the model was confirmed using data from a CBP associated with a national highway.,0.00,100.00,2026-09-09_10-01-17_pruned_taxonomy_topdown_sol
747982,20b3edce-53d5-4d2f-bc3c-8bedc5f44c18,PM10 Time Series Forecasting Using Variational Mode Decomposition Informer,430,Systematic reviews,True,,,,,False,False,No annotation with this attribute found: reverting to default,,0.00,0.00,2026-09-09_10-01-17_pruned_taxonomy_topdown_sol
747982,20b3edce-53d5-4d2f-bc3c-8bedc5f44c18,PM10 Time Series Forecasting Using Variational Mode Decomposition Informer,397,Z_Other study design,True,,,,,False,False,The primary research design is captured by the specific modelling-design category.,,0.00,0.00,2026-09-09_10-01-17_pruned_taxonomy_topdown_sol
747982,20b3edce-53d5-4d2f-bc3c-8bedc5f44c18,PM10 Time Series Forecasting Using Variational Mode Decomposition Informer,389,(Quasi-)Experimental / group comparison designs,True,,,,,False,False,The comparison between forecasting algorithms is not an experimental intervention-versus-control study involving study groups.,,0.00,0.00,2026-09-09_10-01-17_pruned_taxonomy_topdown_sol
747982,20b3edce-53d5-4d2f-bc3c-8bedc5f44c18,PM10 Time Series Forecasting Using Variational Mode Decomposition Informer,431,Z_Other evidence synthesis type,True,,,,,False,False,No annotation with this attribute found: reverting to default,,0.00,0.00,2026-09-09_10-01-17_pruned_taxonomy_topdown_sol
747982,20b3edce-53d5-4d2f-bc3c-8bedc5f44c18,PM10 Time Series Forecasting Using Variational Mode Decomposition Informer,428,Meta-analysis (unsystematic),True,,,,,False,False,No annotation with this attribute found: reverting to default,,0.00,0.00,2026-09-09_10-01-17_pruned_taxonomy_topdown_sol
747982,20b3edce-53d5-4d2f-bc3c-8bedc5f44c18,PM10 Time Series Forecasting Using Variational Mode Decomposition Informer,117,"1.2. Communicable, maternal, neonatal, and nutritional mortality",True,,,,,False,False,No annotation with this attribute found: reverting to default,,0.00,0.00,2026-09-09_10-01-17_pruned_taxonomy_topdown_sol
747982,20b3edce-53d5-4d2f-bc3c-8bedc5f44c18,PM10 Time Series Forecasting Using Variational Mode Decomposition Informer,196,Chronic respiratory diseases,True,,,,,False,False,No annotation with this attribute found: reverting to default,,0.00,0.00,2026-09-09_10-01-17_pruned_taxonomy_topdown_sol
747982,20b3edce-53d5-4d2f-bc3c-8bedc5f44c18,PM10 Time Series Forecasting Using Variational Mode Decomposition Informer,201,Neoplasms,True,,,,,False,False,No annotation with this attribute found: reverting to default,,0.00,0.00,2026-09-09_10-01-17_pruned_taxonomy_topdown_sol
747982,20b3edce-53d5-4d2f-bc3c-8bedc5f44c18,PM10 Time Series Forecasting Using Variational Mode Decomposition Informer,118,1.3. Non-communicable mortality,True,,,,,False,False,No annotation with this attribute found: reverting to default,,0.00,0.00,2026-09-09_10-01-17_pruned_taxonomy_topdown_sol
747982,20b3edce-53d5-4d2f-bc3c-8bedc5f44c18,PM10 Time Series Forecasting Using Variational Mode Decomposition Informer,138,Respiratory infections and tuberculosis,True,,,,,False,False,No annotation with this attribute found: reverting to default,,0.00,0.00,2026-09-09_10-01-17_pruned_taxonomy_topdown_sol
747982,20b3edce-53d5-4d2f-bc3c-8bedc5f44c18,PM10 Time Series Forecasting Using Variational Mode Decomposition Informer,116,1.1. Total / all-cause mortality (Outcome),True,,,,,False,False,No annotation with this attribute found: reverting to default,,0.00,0.00,2026-09-09_10-01-17_pruned_taxonomy_topdown_sol
747982,20b3edce-53d5-4d2f-bc3c-8bedc5f44c18,PM10 Time Series Forecasting Using Variational Mode Decomposition Informer,204,Skin and subcutaneous diseases,True,,,,,False,False,No annotation with this attribute found: reverting to default,,0.00,0.00,2026-09-09_10-01-17_pruned_taxonomy_topdown_sol
747982,20b3edce-53d5-4d2f-bc3c-8bedc5f44c18,PM10 Time Series Forecasting Using Variational Mode Decomposition Informer,197,Diabetes and kidney diseases,True,,,,,False,False,No annotation with this attribute found: reverting to default,,0.00,0.00,2026-09-09_10-01-17_pruned_taxonomy_topdown_sol
747982,20b3edce-53d5-4d2f-bc3c-8bedc5f44c18,PM10 Time Series Forecasting Using Variational Mode Decomposition Informer,198,Digestive diseases,True,,,,,False,False,No annotation with this attribute found: reverting to default,,0.00,0.00,2026-09-09_10-01-17_pruned_taxonomy_topdown_sol
747982,20b3edce-53d5-4d2f-bc3c-8bedc5f44c18,PM10 Time Series Forecasting Using Variational Mode Decomposition Informer,137,Nutritional deficiencies,True,,,,,False,False,No annotation with this attribute found: reverting to default,,0.00,0.00,2026-09-09_10-01-17_pruned_taxonomy_topdown_sol
747982,20b3edce-53d5-4d2f-bc3c-8bedc5f44c18,PM10 Time Series Forecasting Using Variational Mode Decomposition Informer,134,HIV/AIDS and sexually transmitted infections,True,,,,,False,False,No annotation with this attribute found: reverting to default,,0.00,0.00,2026-09-09_10-01-17_pruned_taxonomy_topdown_sol
747982,20b3edce-53d5-4d2f-bc3c-8bedc5f44c18,PM10 Time Series Forecasting Using Variational Mode Decomposition Informer,203,Sense organ diseases,True,,,,,False,False,No annotation with this attribute found: reverting to default,,0.00,0.00,2026-09-09_10-01-17_pruned_taxonomy_topdown_sol
747982,20b3edce-53d5-4d2f-bc3c-8bedc5f44c18,PM10 Time Series Forecasting Using Variational Mode Decomposition Informer,195,Cardiovascular diseases,True,,,,,False,False,No annotation with this attribute found: reverting to default,,0.00,0.00,2026-09-09_10-01-17_pruned_taxonomy_topdown_sol
747982,20b3edce-53d5-4d2f-bc3c-8bedc5f44c18,PM10 Time Series Forecasting Using Variational Mode Decomposition Informer,289,Transport injuries,True,,,,,False,False,No annotation with this attribute found: reverting to default,,0.00,0.00,2026-09-09_10-01-17_pruned_taxonomy_topdown_sol
747982,20b3edce-53d5-4d2f-bc3c-8bedc5f44c18,PM10 Time Series Forecasting Using Variational Mode Decomposition Informer,113,"2. Communicable, maternal, neonatal, and nutritional diseases",True,,,,,False,False,"The study forecasts particulate matter concentrations and does not investigate communicable, maternal, neonatal, or nutritional diseases.",,0.00,0.00,2026-09-09_10-01-17_pruned_taxonomy_topdown_sol
747982,20b3edce-53d5-4d2f-bc3c-8bedc5f44c18,PM10 Time Series Forecasting Using Variational Mode Decomposition Informer,139,Z_Other infectious diseases,True,,,,,False,False,No annotation with this attribute found: reverting to default,,0.00,0.00,2026-09-09_10-01-17_pruned_taxonomy_topdown_sol
747982,20b3edce-53d5-4d2f-bc3c-8bedc5f44c18,PM10 Time Series Forecasting Using Variational Mode Decomposition Informer,135,Maternal and neonatal disorders,True,,,,,False,False,No annotation with this attribute found: reverting to default,,0.00,0.00,2026-09-09_10-01-17_pruned_taxonomy_topdown_sol
747982,20b3edce-53d5-4d2f-bc3c-8bedc5f44c18,PM10 Time Series Forecasting Using Variational Mode Decomposition Informer,202,Neurological disorders,True,,,,,False,False,No annotation with this attribute found: reverting to default,,0.00,0.00,2026-09-09_10-01-17_pruned_taxonomy_topdown_sol
747982,20b3edce-53d5-4d2f-bc3c-8bedc5f44c18,PM10 Time Series Forecasting Using Variational Mode Decomposition Informer,288,Self-harm and interpersonal violence,True,,,,,False,False,No annotation with this attribute found: reverting to default,,0.00,0.00,2026-09-09_10-01-17_pruned_taxonomy_topdown_sol
747982,20b3edce-53d5-4d2f-bc3c-8bedc5f44c18,PM10 Time Series Forecasting Using Variational Mode Decomposition Informer,206,Z_Other non-communicable diseases,True,,,,,False,False,No annotation with this attribute found: reverting to default,,0.00,0.00,2026-09-09_10-01-17_pruned_taxonomy_topdown_sol
747982,20b3edce-53d5-4d2f-bc3c-8bedc5f44c18,PM10 Time Series Forecasting Using Variational Mode Decomposition Informer,200,Musculoskeletal disorders,True,,,,,False,False,No annotation with this attribute found: reverting to default,,0.00,0.00,2026-09-09_10-01-17_pruned_taxonomy_topdown_sol
747982,20b3edce-53d5-4d2f-bc3c-8bedc5f44c18,PM10 Time Series Forecasting Using Variational Mode Decomposition Informer,133,Enteric infections,True,,,,,False,False,No annotation with this attribute found: reverting to default,,0.00,0.00,2026-09-09_10-01-17_pruned_taxonomy_topdown_sol
747982,20b3edce-53d5-4d2f-bc3c-8bedc5f44c18,PM10 Time Series Forecasting Using Variational Mode Decomposition Informer,114,3. Non-communicable diseases,True,,,,,False,False,"Although particulate matter is relevant to chronic disease risk, the study does not assess any chronic non-communicable disease; its outcome is environmental PM10 concentration.",,0.00,0.00,2026-09-09_10-01-17_pruned_taxonomy_topdown_sol
747982,20b3edce-53d5-4d2f-bc3c-8bedc5f44c18,PM10 Time Series Forecasting Using Variational Mode Decomposition Informer,112,1. Mortality (Outcome),True,,,,,False,False,Mortality or death is not measured or analyzed as a health outcome.,,0.00,0.00,2026-09-09_10-01-17_pruned_taxonomy_topdown_sol
747982,20b3edce-53d5-4d2f-bc3c-8bedc5f44c18,PM10 Time Series Forecasting Using Variational Mode Decomposition Informer,115,4. Injuries,True,,,,,False,False,The study does not examine physical injuries or external causes of bodily harm.,,0.00,0.00,2026-09-09_10-01-17_pruned_taxonomy_topdown_sol
747982,20b3edce-53d5-4d2f-bc3c-8bedc5f44c18,PM10 Time Series Forecasting Using Variational Mode Decomposition Informer,199,Mental disorders,True,,,,,False,False,No annotation with this attribute found: reverting to default,,0.00,0.00,2026-09-09_10-01-17_pruned_taxonomy_topdown_sol
747982,20b3edce-53d5-4d2f-bc3c-8bedc5f44c18,PM10 Time Series Forecasting Using Variational Mode Decomposition Informer,205,Substance use disorders,True,,,,,False,False,No annotation with this attribute found: reverting to default,,0.00,0.00,2026-09-09_10-01-17_pruned_taxonomy_topdown_sol
747982,20b3edce-53d5-4d2f-bc3c-8bedc5f44c18,PM10 Time Series Forecasting Using Variational Mode Decomposition Informer,136,Neglected tropical diseases and malaria,True,,,,,False,False,No annotation with this attribute found: reverting to default,,0.00,0.00,2026-09-09_10-01-17_pruned_taxonomy_topdown_sol
747982,20b3edce-53d5-4d2f-bc3c-8bedc5f44c18,PM10 Time Series Forecasting Using Variational Mode Decomposition Informer,290,Unintentional injuries,True,,,,,False,False,No annotation with this attribute found: reverting to default,,0.00,0.00,2026-09-09_10-01-17_pruned_taxonomy_topdown_sol
10988066,2111d5e5-4ece-442c-a1c7-a5ba9321ee95,Evaluating the Impact of the Spatial Resolution of Digital Elevation Models on Flood Modelling,38,Oil,True,,,,,False,False,The study concerns flood modelling and DEM resolution; it does not examine oil or petroleum products.,,0.00,0.00,2026-09-09_10-01-17_pruned_taxonomy_topdown_sol
10988066,2111d5e5-4ece-442c-a1c7-a5ba9321ee95,Evaluating the Impact of the Spatial Resolution of Digital Elevation Models on Flood Modelling,36,Coal,True,,,,,False,False,"Coal is not a subject, exposure, energy source, or intervention in the study.",,0.00,0.00,2026-09-09_10-01-17_pruned_taxonomy_topdown_sol
10988066,2111d5e5-4ece-442c-a1c7-a5ba9321ee95,Evaluating the Impact of the Spatial Resolution of Digital Elevation Models on Flood Modelling,37,Natural gas,True,,,,,False,False,Natural gas or methane-based fossil fuel use is not discussed.,,0.00,0.00,2026-09-09_10-01-17_pruned_taxonomy_topdown_sol
10988066,2111d5e5-4ece-442c-a1c7-a5ba9321ee95,Evaluating the Impact of the Spatial Resolution of Digital Elevation Models on Flood Modelling,35,(Unspecified) fossil fuels,True,,,,,False,False,"The study does not refer to fossil fuel use or combustion, whether specified or unspecified.",,0.00,0.00,2026-09-09_10-01-17_pruned_taxonomy_topdown_sol
10988066,2111d5e5-4ece-442c-a1c7-a5ba9321ee95,Evaluating the Impact of the Spatial Resolution of Digital Elevation Models on Flood Modelling,21,Nitrous oxide (N₂O),True,,,,,False,False,"The study concerns flood modelling and DEM resolution, not nitrous oxide emissions or impacts.",,0.00,0.00,2026-09-09_10-01-17_pruned_taxonomy_topdown_sol
10988066,2111d5e5-4ece-442c-a1c7-a5ba9321ee95,Evaluating the Impact of the Spatial Resolution of Digital Elevation Models on Flood Modelling,17,(Unspecified) greenhouse gases,True,,,,,False,False,Greenhouse gases are not a subject of the study.,,0.00,0.00,2026-09-09_10-01-17_pruned_taxonomy_topdown_sol
10988066,2111d5e5-4ece-442c-a1c7-a5ba9321ee95,Evaluating the Impact of the Spatial Resolution of Digital Elevation Models on Flood Modelling,24,Tropospheric ozone (O₃),True,,,,,False,False,"The study does not examine ground-level ozone, its precursors, or respiratory effects.",,0.00,0.00,2026-09-09_10-01-17_pruned_taxonomy_topdown_sol
10988066,2111d5e5-4ece-442c-a1c7-a5ba9321ee95,Evaluating the Impact of the Spatial Resolution of Digital Elevation Models on Flood Modelling,18,Carbon dioxide (CO₂),True,,,,,False,False,"Carbon dioxide emissions, concentrations, or effects are not addressed.",,0.00,0.00,2026-09-09_10-01-17_pruned_taxonomy_topdown_sol
10988066,2111d5e5-4ece-442c-a1c7-a5ba9321ee95,Evaluating the Impact of the Spatial Resolution of Digital Elevation Models on Flood Modelling,23,Particulate matter (PM10) / fine particulate matter (PM2.5) / black/organic carbon / sulfate/nitrate aerosols,True,,,,,False,False,Particulate matter and associated health or climate effects are not studied.,,0.00,0.00,2026-09-09_10-01-17_pruned_taxonomy_topdown_sol
10988066,2111d5e5-4ece-442c-a1c7-a5ba9321ee95,Evaluating the Impact of the Spatial Resolution of Digital Elevation Models on Flood Modelling,20,Methane (CH₄),True,,,,,False,False,Methane emissions or impacts are not discussed.,,0.00,0.00,2026-09-09_10-01-17_pruned_taxonomy_topdown_sol
10988066,2111d5e5-4ece-442c-a1c7-a5ba9321ee95,Evaluating the Impact of the Spatial Resolution of Digital Elevation Models on Flood Modelling,22,Ozone-depleting substances / chlorofluorocarbons / hydrochlorofluorocarbons / halons / carbon tetrachloride / methyl chloroform,True,,,,,False,False,Ozone-depleting substances are not part of the study's subject or methods.,,0.00,0.00,2026-09-09_10-01-17_pruned_taxonomy_topdown_sol
10988066,2111d5e5-4ece-442c-a1c7-a5ba9321ee95,Evaluating the Impact of the Spatial Resolution of Digital Elevation Models on Flood Modelling,19,Fluorinated gases / hydrofluorocarbons / perfluorocarbons / sulfur hexafluoride / nitrogen trifluoride,True,,,,,False,False,Synthetic fluorinated greenhouse gases are not examined.,,0.00,0.00,2026-09-09_10-01-17_pruned_taxonomy_topdown_sol
10988066,2111d5e5-4ece-442c-a1c7-a5ba9321ee95,Evaluating the Impact of the Spatial Resolution of Digital Elevation Models on Flood Modelling,29,Extreme snow/ice events,True,,,,,False,False,"The study does not address heavy snow, freezing rain, ice storms, or related frozen-precipitation hazards.",,0.00,0.00,2026-09-09_10-01-17_pruned_taxonomy_topdown_sol
10988066,2111d5e5-4ece-442c-a1c7-a5ba9321ee95,Evaluating the Impact of the Spatial Resolution of Digital Elevation Models on Flood Modelling,34,Z_(Unspecified) extreme weather events,True,,,,,False,False,The study examines the specific hazard of flooding rather than unspecified climate or weather extremes.,,0.00,0.00,2026-09-09_10-01-17_pruned_taxonomy_topdown_sol
10988066,2111d5e5-4ece-442c-a1c7-a5ba9321ee95,Evaluating the Impact of the Spatial Resolution of Digital Elevation Models on Flood Modelling,28,Extreme precipitation,True,,,,,False,False,"Although extreme precipitation can cause floods, the study does not investigate unusually intense or prolonged precipitation.",,0.00,0.00,2026-09-09_10-01-17_pruned_taxonomy_topdown_sol
10988066,2111d5e5-4ece-442c-a1c7-a5ba9321ee95,Evaluating the Impact of the Spatial Resolution of Digital Elevation Models on Flood Modelling,25,Droughts,True,,,,,False,False,"The study does not concern drought, rainfall deficits, soil-moisture deficits, or reduced water availability.",,0.00,0.00,2026-09-09_10-01-17_pruned_taxonomy_topdown_sol
10988066,2111d5e5-4ece-442c-a1c7-a5ba9321ee95,Evaluating the Impact of the Spatial Resolution of Digital Elevation Models on Flood Modelling,26,Extreme cold,True,,,,,False,False,"The study does not address abnormally low temperatures, cold snaps, or associated health risks.",,0.00,0.00,2026-09-09_10-01-17_pruned_taxonomy_topdown_sol
10988066,2111d5e5-4ece-442c-a1c7-a5ba9321ee95,Evaluating the Impact of the Spatial Resolution of Digital Elevation Models on Flood Modelling,32,Storms and severe wind,True,,,,,False,False,"No tropical cyclone, hurricane, typhoon, severe thunderstorm, or hailstorm is studied.",,0.00,0.00,2026-09-09_10-01-17_pruned_taxonomy_topdown_sol
10988066,2111d5e5-4ece-442c-a1c7-a5ba9321ee95,Evaluating the Impact of the Spatial Resolution of Digital Elevation Models on Flood Modelling,27,Extreme heat,True,,,,,False,False,The study does not investigate extreme heat or heatwaves.,,0.00,0.00,2026-09-09_10-01-17_pruned_taxonomy_topdown_sol
10988066,2111d5e5-4ece-442c-a1c7-a5ba9321ee95,Evaluating the Impact of the Spatial Resolution of Digital Elevation Models on Flood Modelling,31,Sand and dust storms,True,,,,,False,False,The study does not concern sand or dust storms.,,0.00,0.00,2026-09-09_10-01-17_pruned_taxonomy_topdown_sol
10988066,2111d5e5-4ece-442c-a1c7-a5ba9321ee95,Evaluating the Impact of the Spatial Resolution of Digital Elevation Models on Flood Modelling,33,Wildfires,True,,,,,False,False,"The study does not concern wildfires, vegetation fires, or wildfire smoke.",,0.00,0.00,2026-09-09_10-01-17_pruned_taxonomy_topdown_sol
10988066,2111d5e5-4ece-442c-a1c7-a5ba9321ee95,Evaluating the Impact of the Spatial Resolution of Digital Elevation Models on Flood Modelling,30,Floods,True,,,,,True,True,"Flooding is the central hazard studied, with emphasis on flood modelling, forecasting, hazard mapping, risk management, and mitigation.","This study investigated the impact of different Digital Elevation Model (DEM) resolutions (1 m UAV, 10 m InSAR, and 30 m SRTM) on flood modelling within the Shiroro floodplain, Nigeria.",0.00,100.00,2026-09-09_10-01-17_pruned_taxonomy_topdown_sol
10988066,2111d5e5-4ece-442c-a1c7-a5ba9321ee95,Evaluating the Impact of the Spatial Resolution of Digital Elevation Models on Flood Modelling,490,Maladaptation,True,,,,,False,False,"The study compares flood-modelling datasets and does not examine adaptation actions that unintentionally increase vulnerability, reduce adaptive capacity, or create new risks.",,0.00,0.00,2026-09-09_10-01-17_pruned_taxonomy_topdown_sol
10988066,2111d5e5-4ece-442c-a1c7-a5ba9321ee95,Evaluating the Impact of the Spatial Resolution of Digital Elevation Models on Flood Modelling,487,Adaptation,True,,,,,True,True,"The study evaluates flood modelling and forecasting tools intended to improve flood-risk management, hazard mapping, mitigation planning, and disaster preparedness, all of which are climate-related adaptation and resilience activities.","These results highlight the critical importance of using high-resolution DEMs, particularly those derived from UAV imagery, for accurate flood modelling and effective flood risk management, as these high-resolution datasets can significantly improve flood forecasting, refine flood hazard maps, and inform targeted flood mitigation measures, ultimately enhancing disaster preparedness and response",0.00,100.00,2026-09-09_10-01-17_pruned_taxonomy_topdown_sol
10988066,2111d5e5-4ece-442c-a1c7-a5ba9321ee95,Evaluating the Impact of the Spatial Resolution of Digital Elevation Models on Flood Modelling,496,Co-Benefits,True,,,,,False,False,No annotation with this attribute found: reverting to default,,0.00,0.00,2026-09-09_10-01-17_pruned_taxonomy_topdown_sol
10988066,2111d5e5-4ece-442c-a1c7-a5ba9321ee95,Evaluating the Impact of the Spatial Resolution of Digital Elevation Models on Flood Modelling,488,Impact,True,,,,,False,True,"The study characterizes and predicts flood levels and flood risk, addressing a climate-related extreme-event hazard affecting a human and natural system.","This study investigated the impact of different Digital Elevation Model (DEM) resolutions (1 m UAV, 10 m InSAR, and 30 m SRTM) on flood modelling within the Shiroro floodplain, Nigeria.",0.00,100.00,2026-09-09_10-01-17_pruned_taxonomy_topdown_sol
10988066,2111d5e5-4ece-442c-a1c7-a5ba9321ee95,Evaluating the Impact of the Spatial Resolution of Digital Elevation Models on Flood Modelling,495,Loss and damage,True,,,,,False,False,The study does not address unavoidable or irreversible climate-change harms remaining after mitigation and adaptation.,,0.00,0.00,2026-09-09_10-01-17_pruned_taxonomy_topdown_sol
10988066,2111d5e5-4ece-442c-a1c7-a5ba9321ee95,Evaluating the Impact of the Spatial Resolution of Digital Elevation Models on Flood Modelling,493,Attribution,True,,,,,False,False,"It models flood levels and evaluates DEM resolution, but does not attribute flooding or associated impacts to anthropogenic climate change.",,0.00,0.00,2026-09-09_10-01-17_pruned_taxonomy_topdown_sol
10988066,2111d5e5-4ece-442c-a1c7-a5ba9321ee95,Evaluating the Impact of the Spatial Resolution of Digital Elevation Models on Flood Modelling,489,Mitigation,True,,,,,False,False,"The study's reference to targeted flood mitigation means reducing flood risk, not reducing greenhouse-gas emissions. It does not concern fossil fuels, emissions sources, or climate-change mitigation strategies.",,0.00,0.00,2026-09-09_10-01-17_pruned_taxonomy_topdown_sol
10988066,2111d5e5-4ece-442c-a1c7-a5ba9321ee95,Evaluating the Impact of the Spatial Resolution of Digital Elevation Models on Flood Modelling,492,Resilience,True,,,,,False,True,"The study aims to strengthen the capacity to anticipate and respond to flooding through improved forecasting, hazard mapping, and risk management, which supports resilience.",ultimately enhancing disaster preparedness and response within the Shiroro floodplain and beyond,0.00,100.00,2026-09-09_10-01-17_pruned_taxonomy_topdown_sol
10988066,2111d5e5-4ece-442c-a1c7-a5ba9321ee95,Evaluating the Impact of the Spatial Resolution of Digital Elevation Models on Flood Modelling,491,Preparedness,True,,,,,True,True,"Flood forecasting, hazard mapping, and advance planning of mitigation measures are central preparedness activities intended to enable effective disaster response.","these high-resolution datasets can significantly improve flood forecasting, refine flood hazard maps, and inform targeted flood mitigation measures, ultimately enhancing disaster preparedness and response",0.00,100.00,2026-09-09_10-01-17_pruned_taxonomy_topdown_sol
10988066,2111d5e5-4ece-442c-a1c7-a5ba9321ee95,Evaluating the Impact of the Spatial Resolution of Digital Elevation Models on Flood Modelling,494,Future impact,True,,,,,False,False,"The study produces flood predictions based on elevation-model resolution, not projections of future climate-change impacts derived from climate models or long-term scenarios.",,0.00,0.00,2026-09-09_10-01-17_pruned_taxonomy_topdown_sol
10988066,2111d5e5-4ece-442c-a1c7-a5ba9321ee95,Evaluating the Impact of the Spatial Resolution of Digital Elevation Models on Flood Modelling,14,Changes in temperature,True,,,,,False,False,The study does not examine temperature conditions or warming trends.,,0.00,0.00,2026-09-09_10-01-17_pruned_taxonomy_topdown_sol
10988066,2111d5e5-4ece-442c-a1c7-a5ba9321ee95,Evaluating the Impact of the Spatial Resolution of Digital Elevation Models on Flood Modelling,9,Changes in humidity,True,,,,,False,False,Atmospheric moisture or humidity is not studied.,,0.00,0.00,2026-09-09_10-01-17_pruned_taxonomy_topdown_sol
10988066,2111d5e5-4ece-442c-a1c7-a5ba9321ee95,Evaluating the Impact of the Spatial Resolution of Digital Elevation Models on Flood Modelling,6,(Unspecified) changes in weather,True,,,,,False,False,The study does not address broad or unspecified changes in weather patterns.,,0.00,0.00,2026-09-09_10-01-17_pruned_taxonomy_topdown_sol
10988066,2111d5e5-4ece-442c-a1c7-a5ba9321ee95,Evaluating the Impact of the Spatial Resolution of Digital Elevation Models on Flood Modelling,13,Changes in season length,True,,,,,False,False,Changes in season duration or timing are not examined.,,0.00,0.00,2026-09-09_10-01-17_pruned_taxonomy_topdown_sol
10988066,2111d5e5-4ece-442c-a1c7-a5ba9321ee95,Evaluating the Impact of the Spatial Resolution of Digital Elevation Models on Flood Modelling,8,Changes in glacier / snow melt,True,,,,,False,False,Glacier or snowpack melting is not discussed.,,0.00,0.00,2026-09-09_10-01-17_pruned_taxonomy_topdown_sol
10988066,2111d5e5-4ece-442c-a1c7-a5ba9321ee95,Evaluating the Impact of the Spatial Resolution of Digital Elevation Models on Flood Modelling,15,Changes in wind speed,True,,,,,False,False,Wind patterns or wind velocity are not part of the study.,,0.00,0.00,2026-09-09_10-01-17_pruned_taxonomy_topdown_sol
10988066,2111d5e5-4ece-442c-a1c7-a5ba9321ee95,Evaluating the Impact of the Spatial Resolution of Digital Elevation Models on Flood Modelling,10,Changes in inland water bodies,True,,,,,False,False,"Although the study models flooding along river channels, it does not investigate climate-driven changes in freshwater levels, availability, or hydrological patterns; its focus is the effect of DEM resolution on model accuracy.",,0.00,0.00,2026-09-09_10-01-17_pruned_taxonomy_topdown_sol
10988066,2111d5e5-4ece-442c-a1c7-a5ba9321ee95,Evaluating the Impact of the Spatial Resolution of Digital Elevation Models on Flood Modelling,11,Changes in precipitation,True,,,,,False,False,"No alteration in rainfall or snowfall amount, timing, or intensity is analyzed.",,0.00,0.00,2026-09-09_10-01-17_pruned_taxonomy_topdown_sol
10988066,2111d5e5-4ece-442c-a1c7-a5ba9321ee95,Evaluating the Impact of the Spatial Resolution of Digital Elevation Models on Flood Modelling,16,Climate variability,True,,,,,False,False,The study does not examine fluctuations in climate conditions over time.,,0.00,0.00,2026-09-09_10-01-17_pruned_taxonomy_topdown_sol
10988066,2111d5e5-4ece-442c-a1c7-a5ba9321ee95,Evaluating the Impact of the Spatial Resolution of Digital Elevation Models on Flood Modelling,7,(Unspecified) climate change,True,,,,,False,False,"Climate change, whether general or mechanism-specific, is not a subject of the study.",,0.00,0.00,2026-09-09_10-01-17_pruned_taxonomy_topdown_sol
10988066,2111d5e5-4ece-442c-a1c7-a5ba9321ee95,Evaluating the Impact of the Spatial Resolution of Digital Elevation Models on Flood Modelling,12,Changes in sea level,True,,,,,False,False,Sea-level rise is not examined; the setting is an inland floodplain.,,0.00,0.00,2026-09-09_10-01-17_pruned_taxonomy_topdown_sol
10988066,2111d5e5-4ece-442c-a1c7-a5ba9321ee95,Evaluating the Impact of the Spatial Resolution of Digital Elevation Models on Flood Modelling,474,"Agriculture, fishing, and forestry (Sector)",True,,,,,False,False,"The study does not examine crop cultivation, livestock, fisheries, aquaculture, or forest management.",,0.00,0.00,2026-09-09_10-01-17_pruned_taxonomy_topdown_sol
10988066,2111d5e5-4ece-442c-a1c7-a5ba9321ee95,Evaluating the Impact of the Spatial Resolution of Digital Elevation Models on Flood Modelling,482,Military (Sector),True,,,,,False,False,"Military personnel, operations, infrastructure, and defense capabilities are not subjects of the study.",,0.00,0.00,2026-09-09_10-01-17_pruned_taxonomy_topdown_sol
10988066,2111d5e5-4ece-442c-a1c7-a5ba9321ee95,Evaluating the Impact of the Spatial Resolution of Digital Elevation Models on Flood Modelling,479,Healthcare (Sector),True,,,,,False,False,"The study does not concern medical care, public health services, or health infrastructure.",,0.00,0.00,2026-09-09_10-01-17_pruned_taxonomy_topdown_sol
10988066,2111d5e5-4ece-442c-a1c7-a5ba9321ee95,Evaluating the Impact of the Spatial Resolution of Digital Elevation Models on Flood Modelling,477,Energy and extractives (Sector),True,,,,,False,False,"Electricity, fuel production, renewable energy, and resource extraction are not examined.",,0.00,0.00,2026-09-09_10-01-17_pruned_taxonomy_topdown_sol
10988066,2111d5e5-4ece-442c-a1c7-a5ba9321ee95,Evaluating the Impact of the Spatial Resolution of Digital Elevation Models on Flood Modelling,484,Social protection (Sector),True,,,,,False,False,"The study does not examine welfare services, social safety nets, or support systems for vulnerable populations.",,0.00,0.00,2026-09-09_10-01-17_pruned_taxonomy_topdown_sol
10988066,2111d5e5-4ece-442c-a1c7-a5ba9321ee95,Evaluating the Impact of the Spatial Resolution of Digital Elevation Models on Flood Modelling,475,Buildings / housing (Sector),True,,,,,False,False,"Although flood mitigation is discussed, residential or commercial buildings, housing, and construction are not study subjects.",,0.00,0.00,2026-09-09_10-01-17_pruned_taxonomy_topdown_sol
10988066,2111d5e5-4ece-442c-a1c7-a5ba9321ee95,Evaluating the Impact of the Spatial Resolution of Digital Elevation Models on Flood Modelling,485,Transportation (Sector),True,,,,,False,False,"The UAV is a data-collection platform rather than the study examining transport infrastructure, vehicles, or logistics as a sector.",,0.00,0.00,2026-09-09_10-01-17_pruned_taxonomy_topdown_sol
10988066,2111d5e5-4ece-442c-a1c7-a5ba9321ee95,Evaluating the Impact of the Spatial Resolution of Digital Elevation Models on Flood Modelling,481,Information and communications technologies (Sector),True,,,,,False,True,"Digital geospatial datasets, UAV imagery, satellite-derived elevation models, and modelling software are central methods and subjects of comparison in the study, making information technology applicable.",Using the Shallow Water Equations (SWE) implemented in MATLAB,0.00,100.00,2026-09-09_10-01-17_pruned_taxonomy_topdown_sol
10988066,2111d5e5-4ece-442c-a1c7-a5ba9321ee95,Evaluating the Impact of the Spatial Resolution of Digital Elevation Models on Flood Modelling,486,"Water, sanitation, and waste management (Sector)",True,,,,,False,False,"The study concerns river flooding, not water supply, sewage treatment, or solid-waste management.",,0.00,0.00,2026-09-09_10-01-17_pruned_taxonomy_topdown_sol
10988066,2111d5e5-4ece-442c-a1c7-a5ba9321ee95,Evaluating the Impact of the Spatial Resolution of Digital Elevation Models on Flood Modelling,478,Finance (Sector),True,,,,,False,False,"Banking, insurance, investment, and climate-finance mechanisms are not addressed.",,0.00,0.00,2026-09-09_10-01-17_pruned_taxonomy_topdown_sol
10988066,2111d5e5-4ece-442c-a1c7-a5ba9321ee95,Evaluating the Impact of the Spatial Resolution of Digital Elevation Models on Flood Modelling,480,"Industry, trade, and services (Sector)",True,,,,,False,False,"The study does not examine manufacturing, retail, wholesale trade, or commercial services.",,0.00,0.00,2026-09-09_10-01-17_pruned_taxonomy_topdown_sol
10988066,2111d5e5-4ece-442c-a1c7-a5ba9321ee95,Evaluating the Impact of the Spatial Resolution of Digital Elevation Models on Flood Modelling,476,Education (Sector),True,,,,,False,False,Formal or informal educational systems and institutions are not study subjects.,,0.00,0.00,2026-09-09_10-01-17_pruned_taxonomy_topdown_sol
10988066,2111d5e5-4ece-442c-a1c7-a5ba9321ee95,Evaluating the Impact of the Spatial Resolution of Digital Elevation Models on Flood Modelling,483,Public administration (Sector),True,,,,,False,False,"Disaster management is mentioned as an application of the modelling, but the operations, services, or workforce of emergency-management agencies or other public-administration institutions are not examined.",effective disaster management,0.00,100.00,2026-09-09_10-01-17_pruned_taxonomy_topdown_sol
10988066,2111d5e5-4ece-442c-a1c7-a5ba9321ee95,Evaluating the Impact of the Spatial Resolution of Digital Elevation Models on Flood Modelling,392,Mixed-methods,True,,,,,False,False,The study does not integrate qualitative and quantitative methods; it is a quantitative flood-modelling analysis.,,0.00,0.00,2026-09-09_10-01-17_pruned_taxonomy_topdown_sol
10988066,2111d5e5-4ece-442c-a1c7-a5ba9321ee95,Evaluating the Impact of the Spatial Resolution of Digital Elevation Models on Flood Modelling,394,Observational / group comparison designs,True,,,,,False,False,"Although DEM products are compared, the study does not observationally compare health outcomes among groups defined by exposure status.",,0.00,0.00,2026-09-09_10-01-17_pruned_taxonomy_topdown_sol
10988066,2111d5e5-4ece-442c-a1c7-a5ba9321ee95,Evaluating the Impact of the Spatial Resolution of Digital Elevation Models on Flood Modelling,393,Modelling / simulation,True,,,,,True,True,The study applies a computational hydrodynamic model to estimate flood levels and compare predictions under different DEM resolutions.,Using the Shallow Water Equations (SWE) implemented in MATLAB to assess flood levels along 12 river channels within the study area,0.00,100.00,2026-09-09_10-01-17_pruned_taxonomy_topdown_sol
10988066,2111d5e5-4ece-442c-a1c7-a5ba9321ee95,Evaluating the Impact of the Spatial Resolution of Digital Elevation Models on Flood Modelling,390,(Quasi-)Experimental / single-group designs,True,,,,,False,False,No intervention is applied to a single group in an uncontrolled experimental design.,,0.00,0.00,2026-09-09_10-01-17_pruned_taxonomy_topdown_sol
10988066,2111d5e5-4ece-442c-a1c7-a5ba9321ee95,Evaluating the Impact of the Spatial Resolution of Digital Elevation Models on Flood Modelling,429,Narrative review,True,,,,,False,False,No annotation with this attribute found: reverting to default,,0.00,0.00,2026-09-09_10-01-17_pruned_taxonomy_topdown_sol
10988066,2111d5e5-4ece-442c-a1c7-a5ba9321ee95,Evaluating the Impact of the Spatial Resolution of Digital Elevation Models on Flood Modelling,396,Qualitative designs,True,,,,,False,False,"The study does not collect or analyze qualitative data about meanings, experiences, or context.",,0.00,0.00,2026-09-09_10-01-17_pruned_taxonomy_topdown_sol
10988066,2111d5e5-4ece-442c-a1c7-a5ba9321ee95,Evaluating the Impact of the Spatial Resolution of Digital Elevation Models on Flood Modelling,388,2. Evidence synthesis,True,,,,,False,False,The study is not a review or synthesis of existing literature; it conducts a direct comparative flood-modelling analysis using multiple DEM datasets.,,0.00,0.00,2026-09-09_10-01-17_pruned_taxonomy_topdown_sol
10988066,2111d5e5-4ece-442c-a1c7-a5ba9321ee95,Evaluating the Impact of the Spatial Resolution of Digital Elevation Models on Flood Modelling,391,Descriptive / single-group designs,True,,,,,False,False,The primary design is modelling rather than a descriptive study of outcome frequency or distribution in a single group.,,0.00,0.00,2026-09-09_10-01-17_pruned_taxonomy_topdown_sol
10988066,2111d5e5-4ece-442c-a1c7-a5ba9321ee95,Evaluating the Impact of the Spatial Resolution of Digital Elevation Models on Flood Modelling,427,Health technology assessment (HTA),True,,,,,False,False,No annotation with this attribute found: reverting to default,,0.00,0.00,2026-09-09_10-01-17_pruned_taxonomy_topdown_sol
10988066,2111d5e5-4ece-442c-a1c7-a5ba9321ee95,Evaluating the Impact of the Spatial Resolution of Digital Elevation Models on Flood Modelling,395,Observational / single-group designs,True,,,,,False,False,The study does not longitudinally track health outcomes in a single group.,,0.00,0.00,2026-09-09_10-01-17_pruned_taxonomy_topdown_sol
10988066,2111d5e5-4ece-442c-a1c7-a5ba9321ee95,Evaluating the Impact of the Spatial Resolution of Digital Elevation Models on Flood Modelling,426,Guideline (clinical or public health),True,,,,,False,False,No annotation with this attribute found: reverting to default,,0.00,0.00,2026-09-09_10-01-17_pruned_taxonomy_topdown_sol
10988066,2111d5e5-4ece-442c-a1c7-a5ba9321ee95,Evaluating the Impact of the Spatial Resolution of Digital Elevation Models on Flood Modelling,387,1. Primary research,True,,,,,True,True,This is original research that directly analyzes geospatial elevation data and model outputs to compare flood-prediction accuracy across DEM resolutions.,"This study investigated the impact of different Digital Elevation Model (DEM) resolutions (1 m UAV, 10 m InSAR, and 30 m SRTM) on flood modelling within the Shiroro floodplain, Nigeria.",0.00,100.00,2026-09-09_10-01-17_pruned_taxonomy_topdown_sol
10988066,2111d5e5-4ece-442c-a1c7-a5ba9321ee95,Evaluating the Impact of the Spatial Resolution of Digital Elevation Models on Flood Modelling,430,Systematic reviews,True,,,,,False,False,No annotation with this attribute found: reverting to default,,0.00,0.00,2026-09-09_10-01-17_pruned_taxonomy_topdown_sol
10988066,2111d5e5-4ece-442c-a1c7-a5ba9321ee95,Evaluating the Impact of the Spatial Resolution of Digital Elevation Models on Flood Modelling,397,Z_Other study design,True,,,,,False,False,"The study is captured by the specific modelling-design category, so the residual other-primary-research category does not apply.",,0.00,0.00,2026-09-09_10-01-17_pruned_taxonomy_topdown_sol
10988066,2111d5e5-4ece-442c-a1c7-a5ba9321ee95,Evaluating the Impact of the Spatial Resolution of Digital Elevation Models on Flood Modelling,389,(Quasi-)Experimental / group comparison designs,True,,,,,False,False,There is no controlled experimental intervention; the comparison concerns outputs generated using different elevation datasets.,,0.00,0.00,2026-09-09_10-01-17_pruned_taxonomy_topdown_sol
10988066,2111d5e5-4ece-442c-a1c7-a5ba9321ee95,Evaluating the Impact of the Spatial Resolution of Digital Elevation Models on Flood Modelling,431,Z_Other evidence synthesis type,True,,,,,False,False,No annotation with this attribute found: reverting to default,,0.00,0.00,2026-09-09_10-01-17_pruned_taxonomy_topdown_sol
10988066,2111d5e5-4ece-442c-a1c7-a5ba9321ee95,Evaluating the Impact of the Spatial Resolution of Digital Elevation Models on Flood Modelling,428,Meta-analysis (unsystematic),True,,,,,False,False,No annotation with this attribute found: reverting to default,,0.00,0.00,2026-09-09_10-01-17_pruned_taxonomy_topdown_sol
10988066,2111d5e5-4ece-442c-a1c7-a5ba9321ee95,Evaluating the Impact of the Spatial Resolution of Digital Elevation Models on Flood Modelling,117,"1.2. Communicable, maternal, neonatal, and nutritional mortality",True,,,,,False,False,No annotation with this attribute found: reverting to default,,0.00,0.00,2026-09-09_10-01-17_pruned_taxonomy_topdown_sol
10988066,2111d5e5-4ece-442c-a1c7-a5ba9321ee95,Evaluating the Impact of the Spatial Resolution of Digital Elevation Models on Flood Modelling,196,Chronic respiratory diseases,True,,,,,False,False,No annotation with this attribute found: reverting to default,,0.00,0.00,2026-09-09_10-01-17_pruned_taxonomy_topdown_sol
10988066,2111d5e5-4ece-442c-a1c7-a5ba9321ee95,Evaluating the Impact of the Spatial Resolution of Digital Elevation Models on Flood Modelling,201,Neoplasms,True,,,,,False,False,No annotation with this attribute found: reverting to default,,0.00,0.00,2026-09-09_10-01-17_pruned_taxonomy_topdown_sol
10988066,2111d5e5-4ece-442c-a1c7-a5ba9321ee95,Evaluating the Impact of the Spatial Resolution of Digital Elevation Models on Flood Modelling,118,1.3. Non-communicable mortality,True,,,,,False,False,No annotation with this attribute found: reverting to default,,0.00,0.00,2026-09-09_10-01-17_pruned_taxonomy_topdown_sol
10988066,2111d5e5-4ece-442c-a1c7-a5ba9321ee95,Evaluating the Impact of the Spatial Resolution of Digital Elevation Models on Flood Modelling,138,Respiratory infections and tuberculosis,True,,,,,False,False,No annotation with this attribute found: reverting to default,,0.00,0.00,2026-09-09_10-01-17_pruned_taxonomy_topdown_sol
10988066,2111d5e5-4ece-442c-a1c7-a5ba9321ee95,Evaluating the Impact of the Spatial Resolution of Digital Elevation Models on Flood Modelling,116,1.1. Total / all-cause mortality (Outcome),True,,,,,False,False,No annotation with this attribute found: reverting to default,,0.00,0.00,2026-09-09_10-01-17_pruned_taxonomy_topdown_sol
10988066,2111d5e5-4ece-442c-a1c7-a5ba9321ee95,Evaluating the Impact of the Spatial Resolution of Digital Elevation Models on Flood Modelling,204,Skin and subcutaneous diseases,True,,,,,False,False,No annotation with this attribute found: reverting to default,,0.00,0.00,2026-09-09_10-01-17_pruned_taxonomy_topdown_sol
10988066,2111d5e5-4ece-442c-a1c7-a5ba9321ee95,Evaluating the Impact of the Spatial Resolution of Digital Elevation Models on Flood Modelling,197,Diabetes and kidney diseases,True,,,,,False,False,No annotation with this attribute found: reverting to default,,0.00,0.00,2026-09-09_10-01-17_pruned_taxonomy_topdown_sol
10988066,2111d5e5-4ece-442c-a1c7-a5ba9321ee95,Evaluating the Impact of the Spatial Resolution of Digital Elevation Models on Flood Modelling,198,Digestive diseases,True,,,,,False,False,No annotation with this attribute found: reverting to default,,0.00,0.00,2026-09-09_10-01-17_pruned_taxonomy_topdown_sol
10988066,2111d5e5-4ece-442c-a1c7-a5ba9321ee95,Evaluating the Impact of the Spatial Resolution of Digital Elevation Models on Flood Modelling,137,Nutritional deficiencies,True,,,,,False,False,No annotation with this attribute found: reverting to default,,0.00,0.00,2026-09-09_10-01-17_pruned_taxonomy_topdown_sol
10988066,2111d5e5-4ece-442c-a1c7-a5ba9321ee95,Evaluating the Impact of the Spatial Resolution of Digital Elevation Models on Flood Modelling,134,HIV/AIDS and sexually transmitted infections,True,,,,,False,False,No annotation with this attribute found: reverting to default,,0.00,0.00,2026-09-09_10-01-17_pruned_taxonomy_topdown_sol
10988066,2111d5e5-4ece-442c-a1c7-a5ba9321ee95,Evaluating the Impact of the Spatial Resolution of Digital Elevation Models on Flood Modelling,203,Sense organ diseases,True,,,,,False,False,No annotation with this attribute found: reverting to default,,0.00,0.00,2026-09-09_10-01-17_pruned_taxonomy_topdown_sol
10988066,2111d5e5-4ece-442c-a1c7-a5ba9321ee95,Evaluating the Impact of the Spatial Resolution of Digital Elevation Models on Flood Modelling,195,Cardiovascular diseases,True,,,,,False,False,No annotation with this attribute found: reverting to default,,0.00,0.00,2026-09-09_10-01-17_pruned_taxonomy_topdown_sol
10988066,2111d5e5-4ece-442c-a1c7-a5ba9321ee95,Evaluating the Impact of the Spatial Resolution of Digital Elevation Models on Flood Modelling,289,Transport injuries,True,,,,,False,False,No annotation with this attribute found: reverting to default,,0.00,0.00,2026-09-09_10-01-17_pruned_taxonomy_topdown_sol
10988066,2111d5e5-4ece-442c-a1c7-a5ba9321ee95,Evaluating the Impact of the Spatial Resolution of Digital Elevation Models on Flood Modelling,113,"2. Communicable, maternal, neonatal, and nutritional diseases",True,,,,,False,False,"The study concerns flood modelling and disaster management, not infectious, maternal, neonatal, or nutritional diseases.",,0.00,0.00,2026-09-09_10-01-17_pruned_taxonomy_topdown_sol
10988066,2111d5e5-4ece-442c-a1c7-a5ba9321ee95,Evaluating the Impact of the Spatial Resolution of Digital Elevation Models on Flood Modelling,139,Z_Other infectious diseases,True,,,,,False,False,No annotation with this attribute found: reverting to default,,0.00,0.00,2026-09-09_10-01-17_pruned_taxonomy_topdown_sol
10988066,2111d5e5-4ece-442c-a1c7-a5ba9321ee95,Evaluating the Impact of the Spatial Resolution of Digital Elevation Models on Flood Modelling,135,Maternal and neonatal disorders,True,,,,,False,False,No annotation with this attribute found: reverting to default,,0.00,0.00,2026-09-09_10-01-17_pruned_taxonomy_topdown_sol
10988066,2111d5e5-4ece-442c-a1c7-a5ba9321ee95,Evaluating the Impact of the Spatial Resolution of Digital Elevation Models on Flood Modelling,202,Neurological disorders,True,,,,,False,False,No annotation with this attribute found: reverting to default,,0.00,0.00,2026-09-09_10-01-17_pruned_taxonomy_topdown_sol
10988066,2111d5e5-4ece-442c-a1c7-a5ba9321ee95,Evaluating the Impact of the Spatial Resolution of Digital Elevation Models on Flood Modelling,288,Self-harm and interpersonal violence,True,,,,,False,False,No annotation with this attribute found: reverting to default,,0.00,0.00,2026-09-09_10-01-17_pruned_taxonomy_topdown_sol
10988066,2111d5e5-4ece-442c-a1c7-a5ba9321ee95,Evaluating the Impact of the Spatial Resolution of Digital Elevation Models on Flood Modelling,206,Z_Other non-communicable diseases,True,,,,,False,False,No annotation with this attribute found: reverting to default,,0.00,0.00,2026-09-09_10-01-17_pruned_taxonomy_topdown_sol
10988066,2111d5e5-4ece-442c-a1c7-a5ba9321ee95,Evaluating the Impact of the Spatial Resolution of Digital Elevation Models on Flood Modelling,200,Musculoskeletal disorders,True,,,,,False,False,No annotation with this attribute found: reverting to default,,0.00,0.00,2026-09-09_10-01-17_pruned_taxonomy_topdown_sol
10988066,2111d5e5-4ece-442c-a1c7-a5ba9321ee95,Evaluating the Impact of the Spatial Resolution of Digital Elevation Models on Flood Modelling,133,Enteric infections,True,,,,,False,False,No annotation with this attribute found: reverting to default,,0.00,0.00,2026-09-09_10-01-17_pruned_taxonomy_topdown_sol
10988066,2111d5e5-4ece-442c-a1c7-a5ba9321ee95,Evaluating the Impact of the Spatial Resolution of Digital Elevation Models on Flood Modelling,114,3. Non-communicable diseases,True,,,,,False,False,No chronic non-infectious disease or related health outcome is studied.,,0.00,0.00,2026-09-09_10-01-17_pruned_taxonomy_topdown_sol
10988066,2111d5e5-4ece-442c-a1c7-a5ba9321ee95,Evaluating the Impact of the Spatial Resolution of Digital Elevation Models on Flood Modelling,112,1. Mortality (Outcome),True,,,,,False,False,Mortality is not assessed as an outcome; the study evaluates flood prediction accuracy and risk mapping.,,0.00,0.00,2026-09-09_10-01-17_pruned_taxonomy_topdown_sol
10988066,2111d5e5-4ece-442c-a1c7-a5ba9321ee95,Evaluating the Impact of the Spatial Resolution of Digital Elevation Models on Flood Modelling,115,4. Injuries,True,,,,,False,False,"Although flood hazards and disaster response are discussed, the study does not examine bodily injury or other physical harm as a health outcome.",,0.00,0.00,2026-09-09_10-01-17_pruned_taxonomy_topdown_sol
10988066,2111d5e5-4ece-442c-a1c7-a5ba9321ee95,Evaluating the Impact of the Spatial Resolution of Digital Elevation Models on Flood Modelling,199,Mental disorders,True,,,,,False,False,No annotation with this attribute found: reverting to default,,0.00,0.00,2026-09-09_10-01-17_pruned_taxonomy_topdown_sol
10988066,2111d5e5-4ece-442c-a1c7-a5ba9321ee95,Evaluating the Impact of the Spatial Resolution of Digital Elevation Models on Flood Modelling,205,Substance use disorders,True,,,,,False,False,No annotation with this attribute found: reverting to default,,0.00,0.00,2026-09-09_10-01-17_pruned_taxonomy_topdown_sol
10988066,2111d5e5-4ece-442c-a1c7-a5ba9321ee95,Evaluating the Impact of the Spatial Resolution of Digital Elevation Models on Flood Modelling,136,Neglected tropical diseases and malaria,True,,,,,False,False,No annotation with this attribute found: reverting to default,,0.00,0.00,2026-09-09_10-01-17_pruned_taxonomy_topdown_sol
10988066,2111d5e5-4ece-442c-a1c7-a5ba9321ee95,Evaluating the Impact of the Spatial Resolution of Digital Elevation Models on Flood Modelling,290,Unintentional injuries,True,,,,,False,False,No annotation with this attribute found: reverting to default,,0.00,0.00,2026-09-09_10-01-17_pruned_taxonomy_topdown_sol
207894680,2617a3ba-840b-4954-abaa-2d0e34197ae1,Antibiotic Resistant Escherichia coli (E. coli) in Minneopa Creek Collected During Two Storm Events in 2017,38,Oil,True,,,,,False,False,The study concerns E. coli contamination and antibiotic resistance in streams; oil or petroleum products are not a subject or exposure.,,0.00,0.00,2026-09-09_10-01-17_pruned_taxonomy_topdown_sol
207894680,2617a3ba-840b-4954-abaa-2d0e34197ae1,Antibiotic Resistant Escherichia coli (E. coli) in Minneopa Creek Collected During Two Storm Events in 2017,36,Coal,True,,,,,False,False,"Coal use, combustion, emissions, or related pollution are not addressed.",,0.00,0.00,2026-09-09_10-01-17_pruned_taxonomy_topdown_sol
207894680,2617a3ba-840b-4954-abaa-2d0e34197ae1,Antibiotic Resistant Escherichia coli (E. coli) in Minneopa Creek Collected During Two Storm Events in 2017,37,Natural gas,True,,,,,False,False,"Natural gas use, methane leakage, or gas combustion is not addressed.",,0.00,0.00,2026-09-09_10-01-17_pruned_taxonomy_topdown_sol
207894680,2617a3ba-840b-4954-abaa-2d0e34197ae1,Antibiotic Resistant Escherichia coli (E. coli) in Minneopa Creek Collected During Two Storm Events in 2017,35,(Unspecified) fossil fuels,True,,,,,False,False,The study does not discuss fossil fuels generally or fossil-fuel use or combustion.,,0.00,0.00,2026-09-09_10-01-17_pruned_taxonomy_topdown_sol
207894680,2617a3ba-840b-4954-abaa-2d0e34197ae1,Antibiotic Resistant Escherichia coli (E. coli) in Minneopa Creek Collected During Two Storm Events in 2017,21,Nitrous oxide (N₂O),True,,,,,False,False,"The study concerns E. coli contamination and antibiotic resistance in surface water, not nitrous oxide emissions; agricultural manure is mentioned only as a possible source of microbial contamination.",,0.00,0.00,2026-09-09_10-01-17_pruned_taxonomy_topdown_sol
207894680,2617a3ba-840b-4954-abaa-2d0e34197ae1,Antibiotic Resistant Escherichia coli (E. coli) in Minneopa Creek Collected During Two Storm Events in 2017,17,(Unspecified) greenhouse gases,True,,,,,False,False,Greenhouse gases as a collective category are not studied or discussed.,,0.00,0.00,2026-09-09_10-01-17_pruned_taxonomy_topdown_sol
207894680,2617a3ba-840b-4954-abaa-2d0e34197ae1,Antibiotic Resistant Escherichia coli (E. coli) in Minneopa Creek Collected During Two Storm Events in 2017,24,Tropospheric ozone (O₃),True,,,,,False,False,"The study does not examine ground-level ozone, its photochemical formation, or ozone-related respiratory effects.",,0.00,0.00,2026-09-09_10-01-17_pruned_taxonomy_topdown_sol
207894680,2617a3ba-840b-4954-abaa-2d0e34197ae1,Antibiotic Resistant Escherichia coli (E. coli) in Minneopa Creek Collected During Two Storm Events in 2017,18,Carbon dioxide (CO₂),True,,,,,False,False,"Carbon dioxide is not an exposure, emission, or subject of the study.",,0.00,0.00,2026-09-09_10-01-17_pruned_taxonomy_topdown_sol
207894680,2617a3ba-840b-4954-abaa-2d0e34197ae1,Antibiotic Resistant Escherichia coli (E. coli) in Minneopa Creek Collected During Two Storm Events in 2017,23,Particulate matter (PM10) / fine particulate matter (PM2.5) / black/organic carbon / sulfate/nitrate aerosols,True,,,,,False,False,The study examines waterborne bacteria rather than airborne particulate matter such as PM10 or PM2.5.,,0.00,0.00,2026-09-09_10-01-17_pruned_taxonomy_topdown_sol
207894680,2617a3ba-840b-4954-abaa-2d0e34197ae1,Antibiotic Resistant Escherichia coli (E. coli) in Minneopa Creek Collected During Two Storm Events in 2017,20,Methane (CH₄),True,,,,,False,False,"Methane is not studied; references to feedlots and manure concern possible sources of E. coli contamination, not greenhouse gas emissions.",,0.00,0.00,2026-09-09_10-01-17_pruned_taxonomy_topdown_sol
207894680,2617a3ba-840b-4954-abaa-2d0e34197ae1,Antibiotic Resistant Escherichia coli (E. coli) in Minneopa Creek Collected During Two Storm Events in 2017,22,Ozone-depleting substances / chlorofluorocarbons / hydrochlorofluorocarbons / halons / carbon tetrachloride / methyl chloroform,True,,,,,False,False,Ozone-depleting substances and their climate or health effects are not addressed.,,0.00,0.00,2026-09-09_10-01-17_pruned_taxonomy_topdown_sol
207894680,2617a3ba-840b-4954-abaa-2d0e34197ae1,Antibiotic Resistant Escherichia coli (E. coli) in Minneopa Creek Collected During Two Storm Events in 2017,19,Fluorinated gases / hydrofluorocarbons / perfluorocarbons / sulfur hexafluoride / nitrogen trifluoride,True,,,,,False,False,Synthetic fluorinated greenhouse gases are not mentioned or studied.,,0.00,0.00,2026-09-09_10-01-17_pruned_taxonomy_topdown_sol
207894680,2617a3ba-840b-4954-abaa-2d0e34197ae1,Antibiotic Resistant Escherichia coli (E. coli) in Minneopa Creek Collected During Two Storm Events in 2017,29,Extreme snow/ice events,True,,,,,False,False,"The study does not concern heavy snow, freezing rain, ice storms, or other severe snow and ice conditions.",,0.00,0.00,2026-09-09_10-01-17_pruned_taxonomy_topdown_sol
207894680,2617a3ba-840b-4954-abaa-2d0e34197ae1,Antibiotic Resistant Escherichia coli (E. coli) in Minneopa Creek Collected During Two Storm Events in 2017,34,Z_(Unspecified) extreme weather events,True,,,,,False,False,"Although two storms are mentioned, the study does not frame them as unspecified extreme weather or climate extremes.",,0.00,0.00,2026-09-09_10-01-17_pruned_taxonomy_topdown_sol
207894680,2617a3ba-840b-4954-abaa-2d0e34197ae1,Antibiotic Resistant Escherichia coli (E. coli) in Minneopa Creek Collected During Two Storm Events in 2017,28,Extreme precipitation,True,,,,,False,False,"Rainfall during storm sampling is relevant to the monitoring design, but the abstract does not characterize it as unusually intense, prolonged, or extreme precipitation.","E. coli levels were monitored at several sites along Minneopa Creek during storms on June 28 and August 9, 2017 where rainfall was 0.68 and 1.56 inches, respectively.",0.00,100.00,2026-09-09_10-01-17_pruned_taxonomy_topdown_sol
207894680,2617a3ba-840b-4954-abaa-2d0e34197ae1,Antibiotic Resistant Escherichia coli (E. coli) in Minneopa Creek Collected During Two Storm Events in 2017,25,Droughts,True,,,,,False,False,The study does not examine drought or prolonged water deficit.,,0.00,0.00,2026-09-09_10-01-17_pruned_taxonomy_topdown_sol
207894680,2617a3ba-840b-4954-abaa-2d0e34197ae1,Antibiotic Resistant Escherichia coli (E. coli) in Minneopa Creek Collected During Two Storm Events in 2017,26,Extreme cold,True,,,,,False,False,No episodes of abnormally low temperature are studied.,,0.00,0.00,2026-09-09_10-01-17_pruned_taxonomy_topdown_sol
207894680,2617a3ba-840b-4954-abaa-2d0e34197ae1,Antibiotic Resistant Escherichia coli (E. coli) in Minneopa Creek Collected During Two Storm Events in 2017,32,Storms and severe wind,True,,,,,True,False,The referenced storms are not identified as intense or severe meteorological events such as cyclones or severe thunderstorms.,"E. coli levels were monitored at several sites along Minneopa Creek during storms on June 28 and August 9, 2017",0.00,100.00,2026-09-09_10-01-17_pruned_taxonomy_topdown_sol
207894680,2617a3ba-840b-4954-abaa-2d0e34197ae1,Antibiotic Resistant Escherichia coli (E. coli) in Minneopa Creek Collected During Two Storm Events in 2017,27,Extreme heat,True,,,,,False,False,The study does not address extreme heat or heatwaves.,,0.00,0.00,2026-09-09_10-01-17_pruned_taxonomy_topdown_sol
207894680,2617a3ba-840b-4954-abaa-2d0e34197ae1,Antibiotic Resistant Escherichia coli (E. coli) in Minneopa Creek Collected During Two Storm Events in 2017,31,Sand and dust storms,True,,,,,False,False,Sand and dust storms are not discussed.,,0.00,0.00,2026-09-09_10-01-17_pruned_taxonomy_topdown_sol
207894680,2617a3ba-840b-4954-abaa-2d0e34197ae1,Antibiotic Resistant Escherichia coli (E. coli) in Minneopa Creek Collected During Two Storm Events in 2017,33,Wildfires,True,,,,,False,False,Wildfires and wildfire smoke are not subjects of the study.,,0.00,0.00,2026-09-09_10-01-17_pruned_taxonomy_topdown_sol
207894680,2617a3ba-840b-4954-abaa-2d0e34197ae1,Antibiotic Resistant Escherichia coli (E. coli) in Minneopa Creek Collected During Two Storm Events in 2017,30,Floods,True,,,,,False,False,"The study examines storm-associated E. coli contamination in streams, but it does not report inundation, river overflow, flash flooding, or another type of flood.",,0.00,0.00,2026-09-09_10-01-17_pruned_taxonomy_topdown_sol
207894680,2617a3ba-840b-4954-abaa-2d0e34197ae1,Antibiotic Resistant Escherichia coli (E. coli) in Minneopa Creek Collected During Two Storm Events in 2017,490,Maladaptation,True,,,,,False,False,No annotation with this attribute found: reverting to default,,0.00,0.00,2026-09-09_10-01-17_pruned_taxonomy_topdown_sol
207894680,2617a3ba-840b-4954-abaa-2d0e34197ae1,Antibiotic Resistant Escherichia coli (E. coli) in Minneopa Creek Collected During Two Storm Events in 2017,487,Adaptation,True,,,,,False,False,"The study monitors water contamination during rainfall events but does not concern adaptation, preparedness, climate-risk management, or resilience.",,0.00,0.00,2026-09-09_10-01-17_pruned_taxonomy_topdown_sol
207894680,2617a3ba-840b-4954-abaa-2d0e34197ae1,Antibiotic Resistant Escherichia coli (E. coli) in Minneopa Creek Collected During Two Storm Events in 2017,496,Co-Benefits,True,,,,,False,False,No annotation with this attribute found: reverting to default,,0.00,0.00,2026-09-09_10-01-17_pruned_taxonomy_topdown_sol
207894680,2617a3ba-840b-4954-abaa-2d0e34197ae1,Antibiotic Resistant Escherichia coli (E. coli) in Minneopa Creek Collected During Two Storm Events in 2017,488,Impact,True,,,,,True,True,"The study examines potentially harmful waterborne E. coli contamination in the context of storms and rainfall, a climatic driver that can affect pathogen exposure and water quality.","E. coli levels were monitored at several sites along Minneopa Creek during storms on June 28 and August 9, 2017 where rainfall was 0.68 and 1.56 inches, respectively.",0.00,100.00,2026-09-09_10-01-17_pruned_taxonomy_topdown_sol
207894680,2617a3ba-840b-4954-abaa-2d0e34197ae1,Antibiotic Resistant Escherichia coli (E. coli) in Minneopa Creek Collected During Two Storm Events in 2017,495,Loss and damage,True,,,,,False,False,"The study concerns present-day E. coli contamination and antibiotic resistance in Minnesota streams, not unavoidable or irreversible climate-change-related loss and damage.",,0.00,0.00,2026-09-09_10-01-17_pruned_taxonomy_topdown_sol
207894680,2617a3ba-840b-4954-abaa-2d0e34197ae1,Antibiotic Resistant Escherichia coli (E. coli) in Minneopa Creek Collected During Two Storm Events in 2017,493,Attribution,True,,,,,False,False,The study does not assess or establish any causal contribution of climate change to the observed water quality or antibiotic-resistance findings.,,0.00,0.00,2026-09-09_10-01-17_pruned_taxonomy_topdown_sol
207894680,2617a3ba-840b-4954-abaa-2d0e34197ae1,Antibiotic Resistant Escherichia coli (E. coli) in Minneopa Creek Collected During Two Storm Events in 2017,489,Mitigation,True,,,,,False,False,"The study does not examine greenhouse-gas emissions, fossil fuels, their associated harms, or strategies for reducing emissions.",,0.00,0.00,2026-09-09_10-01-17_pruned_taxonomy_topdown_sol
207894680,2617a3ba-840b-4954-abaa-2d0e34197ae1,Antibiotic Resistant Escherichia coli (E. coli) in Minneopa Creek Collected During Two Storm Events in 2017,492,Resilience,True,,,,,False,False,No annotation with this attribute found: reverting to default,,0.00,0.00,2026-09-09_10-01-17_pruned_taxonomy_topdown_sol
207894680,2617a3ba-840b-4954-abaa-2d0e34197ae1,Antibiotic Resistant Escherichia coli (E. coli) in Minneopa Creek Collected During Two Storm Events in 2017,491,Preparedness,True,,,,,False,False,No annotation with this attribute found: reverting to default,,0.00,0.00,2026-09-09_10-01-17_pruned_taxonomy_topdown_sol
207894680,2617a3ba-840b-4954-abaa-2d0e34197ae1,Antibiotic Resistant Escherichia coli (E. coli) in Minneopa Creek Collected During Two Storm Events in 2017,494,Future impact,True,,,,,False,False,The study reports observed monitoring results from 2017 storms and does not model or project future climate-related effects under scenarios.,,0.00,0.00,2026-09-09_10-01-17_pruned_taxonomy_topdown_sol
207894680,2617a3ba-840b-4954-abaa-2d0e34197ae1,Antibiotic Resistant Escherichia coli (E. coli) in Minneopa Creek Collected During Two Storm Events in 2017,14,Changes in temperature,True,,,,,False,False,The study does not examine long-term temperature changes or warming trends.,,0.00,0.00,2026-09-09_10-01-17_pruned_taxonomy_topdown_sol
207894680,2617a3ba-840b-4954-abaa-2d0e34197ae1,Antibiotic Resistant Escherichia coli (E. coli) in Minneopa Creek Collected During Two Storm Events in 2017,9,Changes in humidity,True,,,,,False,False,Atmospheric moisture or humidity changes are not studied.,,0.00,0.00,2026-09-09_10-01-17_pruned_taxonomy_topdown_sol
207894680,2617a3ba-840b-4954-abaa-2d0e34197ae1,Antibiotic Resistant Escherichia coli (E. coli) in Minneopa Creek Collected During Two Storm Events in 2017,6,(Unspecified) changes in weather,True,,,,,False,False,The study does not address general changes or variability in weather patterns.,,0.00,0.00,2026-09-09_10-01-17_pruned_taxonomy_topdown_sol
207894680,2617a3ba-840b-4954-abaa-2d0e34197ae1,Antibiotic Resistant Escherichia coli (E. coli) in Minneopa Creek Collected During Two Storm Events in 2017,13,Changes in season length,True,,,,,False,False,Changes in season duration or seasonal timing are not examined.,,0.00,0.00,2026-09-09_10-01-17_pruned_taxonomy_topdown_sol
207894680,2617a3ba-840b-4954-abaa-2d0e34197ae1,Antibiotic Resistant Escherichia coli (E. coli) in Minneopa Creek Collected During Two Storm Events in 2017,8,Changes in glacier / snow melt,True,,,,,False,False,Glacier or snowpack melting is not discussed.,,0.00,0.00,2026-09-09_10-01-17_pruned_taxonomy_topdown_sol
207894680,2617a3ba-840b-4954-abaa-2d0e34197ae1,Antibiotic Resistant Escherichia coli (E. coli) in Minneopa Creek Collected During Two Storm Events in 2017,15,Changes in wind speed,True,,,,,False,False,The study does not investigate changes in wind patterns or velocity.,,0.00,0.00,2026-09-09_10-01-17_pruned_taxonomy_topdown_sol
207894680,2617a3ba-840b-4954-abaa-2d0e34197ae1,Antibiotic Resistant Escherichia coli (E. coli) in Minneopa Creek Collected During Two Storm Events in 2017,10,Changes in inland water bodies,True,,,,,False,False,"Although conducted in a stream, the study concerns E. coli contamination and antibiotic resistance rather than climate-driven changes in water levels, availability, river flow, or hydrological patterns.",,0.00,0.00,2026-09-09_10-01-17_pruned_taxonomy_topdown_sol
207894680,2617a3ba-840b-4954-abaa-2d0e34197ae1,Antibiotic Resistant Escherichia coli (E. coli) in Minneopa Creek Collected During Two Storm Events in 2017,11,Changes in precipitation,True,,,,,True,False,"Rainfall amounts for two storms describe sampling conditions; the study does not examine an alteration or climate-driven shift in rainfall amount, timing, or intensity.","E. coli levels were monitored at several sites along Minneopa Creek during storms on June 28 and August 9, 2017 where rainfall was 0.68 and 1.56 inches, respectively.",0.00,100.00,2026-09-09_10-01-17_pruned_taxonomy_topdown_sol
207894680,2617a3ba-840b-4954-abaa-2d0e34197ae1,Antibiotic Resistant Escherichia coli (E. coli) in Minneopa Creek Collected During Two Storm Events in 2017,16,Climate variability,True,,,,,False,False,"The study does not assess fluctuations in climate conditions over months, years, or decades.",,0.00,0.00,2026-09-09_10-01-17_pruned_taxonomy_topdown_sol
207894680,2617a3ba-840b-4954-abaa-2d0e34197ae1,Antibiotic Resistant Escherichia coli (E. coli) in Minneopa Creek Collected During Two Storm Events in 2017,7,(Unspecified) climate change,True,,,,,False,False,"Climate change, whether general or linked to a specific mechanism, is not a subject of the study.",,0.00,0.00,2026-09-09_10-01-17_pruned_taxonomy_topdown_sol
207894680,2617a3ba-840b-4954-abaa-2d0e34197ae1,Antibiotic Resistant Escherichia coli (E. coli) in Minneopa Creek Collected During Two Storm Events in 2017,12,Changes in sea level,True,,,,,False,False,Sea-level rise and its drivers or impacts are not discussed.,,0.00,0.00,2026-09-09_10-01-17_pruned_taxonomy_topdown_sol
207894680,2617a3ba-840b-4954-abaa-2d0e34197ae1,Antibiotic Resistant Escherichia coli (E. coli) in Minneopa Creek Collected During Two Storm Events in 2017,474,"Agriculture, fishing, and forestry (Sector)",True,,,,,False,True,"Agricultural activities, including feedlots and manure or biosolids application to fields, are identified as relevant sources of the contamination investigated.","Potential sources of E. coli contamination include wildlife, failing septic systems, feedlots, wastewater treatment plant effluents, and agricultural application of manure and treated biosolids to fields.",0.00,100.00,2026-09-09_10-01-17_pruned_taxonomy_topdown_sol
207894680,2617a3ba-840b-4954-abaa-2d0e34197ae1,Antibiotic Resistant Escherichia coli (E. coli) in Minneopa Creek Collected During Two Storm Events in 2017,482,Military (Sector),True,,,,,False,False,"The study does not concern armed forces, defense operations, military personnel, or military infrastructure.",,0.00,0.00,2026-09-09_10-01-17_pruned_taxonomy_topdown_sol
207894680,2617a3ba-840b-4954-abaa-2d0e34197ae1,Antibiotic Resistant Escherichia coli (E. coli) in Minneopa Creek Collected During Two Storm Events in 2017,479,Healthcare (Sector),True,,,,,False,False,"Although the study discusses human-health risks and medically important antibiotics, it does not examine healthcare delivery, public health services, or health infrastructure.",,0.00,0.00,2026-09-09_10-01-17_pruned_taxonomy_topdown_sol
207894680,2617a3ba-840b-4954-abaa-2d0e34197ae1,Antibiotic Resistant Escherichia coli (E. coli) in Minneopa Creek Collected During Two Storm Events in 2017,477,Energy and extractives (Sector),True,,,,,False,False,"Electricity, fuels, renewable energy, and resource extraction are not subjects of the study.",,0.00,0.00,2026-09-09_10-01-17_pruned_taxonomy_topdown_sol
207894680,2617a3ba-840b-4954-abaa-2d0e34197ae1,Antibiotic Resistant Escherichia coli (E. coli) in Minneopa Creek Collected During Two Storm Events in 2017,484,Social protection (Sector),True,,,,,False,False,"The study does not address welfare services, social safety nets, or social protection systems.",,0.00,0.00,2026-09-09_10-01-17_pruned_taxonomy_topdown_sol
207894680,2617a3ba-840b-4954-abaa-2d0e34197ae1,Antibiotic Resistant Escherichia coli (E. coli) in Minneopa Creek Collected During Two Storm Events in 2017,475,Buildings / housing (Sector),True,,,,,False,False,"A brief reference to failing septic systems does not make buildings, housing, or construction a substantive sectoral focus.",,0.00,0.00,2026-09-09_10-01-17_pruned_taxonomy_topdown_sol
207894680,2617a3ba-840b-4954-abaa-2d0e34197ae1,Antibiotic Resistant Escherichia coli (E. coli) in Minneopa Creek Collected During Two Storm Events in 2017,485,Transportation (Sector),True,,,,,False,False,"The study does not concern transportation infrastructure, vehicles, or logistics.",,0.00,0.00,2026-09-09_10-01-17_pruned_taxonomy_topdown_sol
207894680,2617a3ba-840b-4954-abaa-2d0e34197ae1,Antibiotic Resistant Escherichia coli (E. coli) in Minneopa Creek Collected During Two Storm Events in 2017,481,Information and communications technologies (Sector),True,,,,,False,False,"Telecommunications, digital infrastructure, and information technology are not examined.",,0.00,0.00,2026-09-09_10-01-17_pruned_taxonomy_topdown_sol
207894680,2617a3ba-840b-4954-abaa-2d0e34197ae1,Antibiotic Resistant Escherichia coli (E. coli) in Minneopa Creek Collected During Two Storm Events in 2017,486,"Water, sanitation, and waste management (Sector)",True,,,,,True,True,"The investigation focuses on microbial water impairment and identifies sewage-related systems, including septic systems and wastewater treatment effluent, as potential contamination sources.","Potential sources of E. coli contamination include wildlife, failing septic systems, feedlots, wastewater treatment plant effluents, and agricultural application of manure and treated biosolids to fields.",0.00,100.00,2026-09-09_10-01-17_pruned_taxonomy_topdown_sol
207894680,2617a3ba-840b-4954-abaa-2d0e34197ae1,Antibiotic Resistant Escherichia coli (E. coli) in Minneopa Creek Collected During Two Storm Events in 2017,478,Finance (Sector),True,,,,,False,False,"No banking, insurance, investment, or finance mechanisms are discussed.",,0.00,0.00,2026-09-09_10-01-17_pruned_taxonomy_topdown_sol
207894680,2617a3ba-840b-4954-abaa-2d0e34197ae1,Antibiotic Resistant Escherichia coli (E. coli) in Minneopa Creek Collected During Two Storm Events in 2017,480,"Industry, trade, and services (Sector)",True,,,,,False,False,"Manufacturing, trade, retail, and commercial services are not subjects of the study.",,0.00,0.00,2026-09-09_10-01-17_pruned_taxonomy_topdown_sol
207894680,2617a3ba-840b-4954-abaa-2d0e34197ae1,Antibiotic Resistant Escherichia coli (E. coli) in Minneopa Creek Collected During Two Storm Events in 2017,476,Education (Sector),True,,,,,False,False,"The study does not examine schools, universities, vocational institutions, or education systems.",,0.00,0.00,2026-09-09_10-01-17_pruned_taxonomy_topdown_sol
207894680,2617a3ba-840b-4954-abaa-2d0e34197ae1,Antibiotic Resistant Escherichia coli (E. coli) in Minneopa Creek Collected During Two Storm Events in 2017,483,Public administration (Sector),True,,,,,False,False,"A state water-quality standard and state park are mentioned, but the operations, services, or workforce of public administration are not being examined.",,0.00,0.00,2026-09-09_10-01-17_pruned_taxonomy_topdown_sol
207894680,2617a3ba-840b-4954-abaa-2d0e34197ae1,Antibiotic Resistant Escherichia coli (E. coli) in Minneopa Creek Collected During Two Storm Events in 2017,392,Mixed-methods,True,,,,,False,False,The study reports quantitative environmental monitoring and laboratory testing only; no qualitative data collection or integrated mixed-methods analysis is described.,,0.00,0.00,2026-09-09_10-01-17_pruned_taxonomy_topdown_sol
207894680,2617a3ba-840b-4954-abaa-2d0e34197ae1,Antibiotic Resistant Escherichia coli (E. coli) in Minneopa Creek Collected During Two Storm Events in 2017,394,Observational / group comparison designs,True,,,,,False,False,"Although samples were collected from several locations and dates, the study does not define exposure groups and compare their health outcomes.",,0.00,0.00,2026-09-09_10-01-17_pruned_taxonomy_topdown_sol
207894680,2617a3ba-840b-4954-abaa-2d0e34197ae1,Antibiotic Resistant Escherichia coli (E. coli) in Minneopa Creek Collected During Two Storm Events in 2017,393,Modelling / simulation,True,,,,,False,False,"No mathematical, statistical, or computational model is used to simulate systems, project outcomes, or estimate scenario-based impacts.",,0.00,0.00,2026-09-09_10-01-17_pruned_taxonomy_topdown_sol
207894680,2617a3ba-840b-4954-abaa-2d0e34197ae1,Antibiotic Resistant Escherichia coli (E. coli) in Minneopa Creek Collected During Two Storm Events in 2017,390,(Quasi-)Experimental / single-group designs,True,,,,,False,False,No intervention was applied to a single group; the investigators monitored water and tested bacterial isolates.,,0.00,0.00,2026-09-09_10-01-17_pruned_taxonomy_topdown_sol
207894680,2617a3ba-840b-4954-abaa-2d0e34197ae1,Antibiotic Resistant Escherichia coli (E. coli) in Minneopa Creek Collected During Two Storm Events in 2017,429,Narrative review,True,,,,,False,False,No annotation with this attribute found: reverting to default,,0.00,0.00,2026-09-09_10-01-17_pruned_taxonomy_topdown_sol
207894680,2617a3ba-840b-4954-abaa-2d0e34197ae1,Antibiotic Resistant Escherichia coli (E. coli) in Minneopa Creek Collected During Two Storm Events in 2017,396,Qualitative designs,True,,,,,False,False,"The study does not use qualitative methods to examine experiences, meanings, or contextual factors.",,0.00,0.00,2026-09-09_10-01-17_pruned_taxonomy_topdown_sol
207894680,2617a3ba-840b-4954-abaa-2d0e34197ae1,Antibiotic Resistant Escherichia coli (E. coli) in Minneopa Creek Collected During Two Storm Events in 2017,388,2. Evidence synthesis,True,,,,,False,False,The study does not review or synthesize existing literature; it reports direct environmental monitoring and laboratory testing.,,0.00,0.00,2026-09-09_10-01-17_pruned_taxonomy_topdown_sol
207894680,2617a3ba-840b-4954-abaa-2d0e34197ae1,Antibiotic Resistant Escherichia coli (E. coli) in Minneopa Creek Collected During Two Storm Events in 2017,391,Descriptive / single-group designs,True,,,,,True,True,"This is primarily a descriptive environmental surveillance study reporting the distribution and frequency of E. coli contamination and antibiotic resistance across sampled sites and dates, without an intervention or defined exposure-group comparison.","E. coli levels were monitored at several sites along Minneopa Creek during storms on June 28 and August 9, 2017",0.00,100.00,2026-09-09_10-01-17_pruned_taxonomy_topdown_sol
207894680,2617a3ba-840b-4954-abaa-2d0e34197ae1,Antibiotic Resistant Escherichia coli (E. coli) in Minneopa Creek Collected During Two Storm Events in 2017,427,Health technology assessment (HTA),True,,,,,False,False,No annotation with this attribute found: reverting to default,,0.00,0.00,2026-09-09_10-01-17_pruned_taxonomy_topdown_sol
207894680,2617a3ba-840b-4954-abaa-2d0e34197ae1,Antibiotic Resistant Escherichia coli (E. coli) in Minneopa Creek Collected During Two Storm Events in 2017,395,Observational / single-group designs,True,,,,,False,False,"Sampling occurred on two storm dates, but the study does not track health outcomes longitudinally or analyze temporal patterns in a cohort or single group to infer associations.",,0.00,0.00,2026-09-09_10-01-17_pruned_taxonomy_topdown_sol
207894680,2617a3ba-840b-4954-abaa-2d0e34197ae1,Antibiotic Resistant Escherichia coli (E. coli) in Minneopa Creek Collected During Two Storm Events in 2017,426,Guideline (clinical or public health),True,,,,,False,False,No annotation with this attribute found: reverting to default,,0.00,0.00,2026-09-09_10-01-17_pruned_taxonomy_topdown_sol
207894680,2617a3ba-840b-4954-abaa-2d0e34197ae1,Antibiotic Resistant Escherichia coli (E. coli) in Minneopa Creek Collected During Two Storm Events in 2017,387,1. Primary research,True,,,,,True,True,This is original research collecting water samples and directly analyzing E. coli levels and antibiotic resistance.,"E. coli levels were monitored at several sites along Minneopa Creek during storms on June 28 and August 9, 2017... E. coli were tested for resistance to 8 antibiotics... using the Kirby-Bauer disk diffusion assay.",0.00,68.54,2026-09-09_10-01-17_pruned_taxonomy_topdown_sol
207894680,2617a3ba-840b-4954-abaa-2d0e34197ae1,Antibiotic Resistant Escherichia coli (E. coli) in Minneopa Creek Collected During Two Storm Events in 2017,430,Systematic reviews,True,,,,,False,False,No annotation with this attribute found: reverting to default,,0.00,0.00,2026-09-09_10-01-17_pruned_taxonomy_topdown_sol
207894680,2617a3ba-840b-4954-abaa-2d0e34197ae1,Antibiotic Resistant Escherichia coli (E. coli) in Minneopa Creek Collected During Two Storm Events in 2017,397,Z_Other study design,True,,,,,False,False,"The primary research is adequately captured by the descriptive study category, so an uncategorized design label is unnecessary.",,0.00,0.00,2026-09-09_10-01-17_pruned_taxonomy_topdown_sol
207894680,2617a3ba-840b-4954-abaa-2d0e34197ae1,Antibiotic Resistant Escherichia coli (E. coli) in Minneopa Creek Collected During Two Storm Events in 2017,389,(Quasi-)Experimental / group comparison designs,True,,,,,False,False,There is no intervention group or concurrent control/comparison group.,,0.00,0.00,2026-09-09_10-01-17_pruned_taxonomy_topdown_sol
207894680,2617a3ba-840b-4954-abaa-2d0e34197ae1,Antibiotic Resistant Escherichia coli (E. coli) in Minneopa Creek Collected During Two Storm Events in 2017,431,Z_Other evidence synthesis type,True,,,,,False,False,No annotation with this attribute found: reverting to default,,0.00,0.00,2026-09-09_10-01-17_pruned_taxonomy_topdown_sol
207894680,2617a3ba-840b-4954-abaa-2d0e34197ae1,Antibiotic Resistant Escherichia coli (E. coli) in Minneopa Creek Collected During Two Storm Events in 2017,428,Meta-analysis (unsystematic),True,,,,,False,False,No annotation with this attribute found: reverting to default,,0.00,0.00,2026-09-09_10-01-17_pruned_taxonomy_topdown_sol
207894680,2617a3ba-840b-4954-abaa-2d0e34197ae1,Antibiotic Resistant Escherichia coli (E. coli) in Minneopa Creek Collected During Two Storm Events in 2017,117,"1.2. Communicable, maternal, neonatal, and nutritional mortality",True,,,,,False,False,No annotation with this attribute found: reverting to default,,0.00,0.00,2026-09-09_10-01-17_pruned_taxonomy_topdown_sol
207894680,2617a3ba-840b-4954-abaa-2d0e34197ae1,Antibiotic Resistant Escherichia coli (E. coli) in Minneopa Creek Collected During Two Storm Events in 2017,196,Chronic respiratory diseases,True,,,,,False,False,No annotation with this attribute found: reverting to default,,0.00,0.00,2026-09-09_10-01-17_pruned_taxonomy_topdown_sol
207894680,2617a3ba-840b-4954-abaa-2d0e34197ae1,Antibiotic Resistant Escherichia coli (E. coli) in Minneopa Creek Collected During Two Storm Events in 2017,201,Neoplasms,True,,,,,False,False,No annotation with this attribute found: reverting to default,,0.00,0.00,2026-09-09_10-01-17_pruned_taxonomy_topdown_sol
207894680,2617a3ba-840b-4954-abaa-2d0e34197ae1,Antibiotic Resistant Escherichia coli (E. coli) in Minneopa Creek Collected During Two Storm Events in 2017,118,1.3. Non-communicable mortality,True,,,,,False,False,No annotation with this attribute found: reverting to default,,0.00,0.00,2026-09-09_10-01-17_pruned_taxonomy_topdown_sol
207894680,2617a3ba-840b-4954-abaa-2d0e34197ae1,Antibiotic Resistant Escherichia coli (E. coli) in Minneopa Creek Collected During Two Storm Events in 2017,138,Respiratory infections and tuberculosis,True,,,,,False,False,The study does not examine respiratory tract infections.,,0.00,0.00,2026-09-09_10-01-17_pruned_taxonomy_topdown_sol
207894680,2617a3ba-840b-4954-abaa-2d0e34197ae1,Antibiotic Resistant Escherichia coli (E. coli) in Minneopa Creek Collected During Two Storm Events in 2017,116,1.1. Total / all-cause mortality (Outcome),True,,,,,False,False,No annotation with this attribute found: reverting to default,,0.00,0.00,2026-09-09_10-01-17_pruned_taxonomy_topdown_sol
207894680,2617a3ba-840b-4954-abaa-2d0e34197ae1,Antibiotic Resistant Escherichia coli (E. coli) in Minneopa Creek Collected During Two Storm Events in 2017,204,Skin and subcutaneous diseases,True,,,,,False,False,No annotation with this attribute found: reverting to default,,0.00,0.00,2026-09-09_10-01-17_pruned_taxonomy_topdown_sol
207894680,2617a3ba-840b-4954-abaa-2d0e34197ae1,Antibiotic Resistant Escherichia coli (E. coli) in Minneopa Creek Collected During Two Storm Events in 2017,197,Diabetes and kidney diseases,True,,,,,False,False,No annotation with this attribute found: reverting to default,,0.00,0.00,2026-09-09_10-01-17_pruned_taxonomy_topdown_sol
207894680,2617a3ba-840b-4954-abaa-2d0e34197ae1,Antibiotic Resistant Escherichia coli (E. coli) in Minneopa Creek Collected During Two Storm Events in 2017,198,Digestive diseases,True,,,,,False,False,No annotation with this attribute found: reverting to default,,0.00,0.00,2026-09-09_10-01-17_pruned_taxonomy_topdown_sol
207894680,2617a3ba-840b-4954-abaa-2d0e34197ae1,Antibiotic Resistant Escherichia coli (E. coli) in Minneopa Creek Collected During Two Storm Events in 2017,137,Nutritional deficiencies,True,,,,,False,False,The study does not address malnutrition or macro- or micronutrient deficiencies.,,0.00,0.00,2026-09-09_10-01-17_pruned_taxonomy_topdown_sol
207894680,2617a3ba-840b-4954-abaa-2d0e34197ae1,Antibiotic Resistant Escherichia coli (E. coli) in Minneopa Creek Collected During Two Storm Events in 2017,134,HIV/AIDS and sexually transmitted infections,True,,,,,False,False,The study does not concern sexually transmitted or blood-borne infections.,,0.00,0.00,2026-09-09_10-01-17_pruned_taxonomy_topdown_sol
207894680,2617a3ba-840b-4954-abaa-2d0e34197ae1,Antibiotic Resistant Escherichia coli (E. coli) in Minneopa Creek Collected During Two Storm Events in 2017,203,Sense organ diseases,True,,,,,False,False,No annotation with this attribute found: reverting to default,,0.00,0.00,2026-09-09_10-01-17_pruned_taxonomy_topdown_sol
207894680,2617a3ba-840b-4954-abaa-2d0e34197ae1,Antibiotic Resistant Escherichia coli (E. coli) in Minneopa Creek Collected During Two Storm Events in 2017,195,Cardiovascular diseases,True,,,,,False,False,No annotation with this attribute found: reverting to default,,0.00,0.00,2026-09-09_10-01-17_pruned_taxonomy_topdown_sol
207894680,2617a3ba-840b-4954-abaa-2d0e34197ae1,Antibiotic Resistant Escherichia coli (E. coli) in Minneopa Creek Collected During Two Storm Events in 2017,289,Transport injuries,True,,,,,False,False,No annotation with this attribute found: reverting to default,,0.00,0.00,2026-09-09_10-01-17_pruned_taxonomy_topdown_sol
207894680,2617a3ba-840b-4954-abaa-2d0e34197ae1,Antibiotic Resistant Escherichia coli (E. coli) in Minneopa Creek Collected During Two Storm Events in 2017,113,"2. Communicable, maternal, neonatal, and nutritional diseases",True,,,,,False,True,"The study focuses on E. coli contamination, potential waterborne pathogens, and antimicrobial resistance, placing it within infectious disease-related conditions.",E. coli is used to indicate the potential presence of waterborne pathogens that can be harmful to human health.,0.00,100.00,2026-09-09_10-01-17_pruned_taxonomy_topdown_sol
207894680,2617a3ba-840b-4954-abaa-2d0e34197ae1,Antibiotic Resistant Escherichia coli (E. coli) in Minneopa Creek Collected During Two Storm Events in 2017,139,Z_Other infectious diseases,True,,,,,False,False,"Although antimicrobial resistance is studied, the organism and exposure pathway of interest are fecal E. coli in water, which fit the enteric infection category rather than other infectious diseases.",,0.00,0.00,2026-09-09_10-01-17_pruned_taxonomy_topdown_sol
207894680,2617a3ba-840b-4954-abaa-2d0e34197ae1,Antibiotic Resistant Escherichia coli (E. coli) in Minneopa Creek Collected During Two Storm Events in 2017,135,Maternal and neonatal disorders,True,,,,,False,False,"The study does not address pregnancy, childbirth, neonatal conditions, or related complications.",,0.00,0.00,2026-09-09_10-01-17_pruned_taxonomy_topdown_sol
207894680,2617a3ba-840b-4954-abaa-2d0e34197ae1,Antibiotic Resistant Escherichia coli (E. coli) in Minneopa Creek Collected During Two Storm Events in 2017,202,Neurological disorders,True,,,,,False,False,No annotation with this attribute found: reverting to default,,0.00,0.00,2026-09-09_10-01-17_pruned_taxonomy_topdown_sol
207894680,2617a3ba-840b-4954-abaa-2d0e34197ae1,Antibiotic Resistant Escherichia coli (E. coli) in Minneopa Creek Collected During Two Storm Events in 2017,288,Self-harm and interpersonal violence,True,,,,,False,False,No annotation with this attribute found: reverting to default,,0.00,0.00,2026-09-09_10-01-17_pruned_taxonomy_topdown_sol
207894680,2617a3ba-840b-4954-abaa-2d0e34197ae1,Antibiotic Resistant Escherichia coli (E. coli) in Minneopa Creek Collected During Two Storm Events in 2017,206,Z_Other non-communicable diseases,True,,,,,False,False,No annotation with this attribute found: reverting to default,,0.00,0.00,2026-09-09_10-01-17_pruned_taxonomy_topdown_sol
207894680,2617a3ba-840b-4954-abaa-2d0e34197ae1,Antibiotic Resistant Escherichia coli (E. coli) in Minneopa Creek Collected During Two Storm Events in 2017,200,Musculoskeletal disorders,True,,,,,False,False,No annotation with this attribute found: reverting to default,,0.00,0.00,2026-09-09_10-01-17_pruned_taxonomy_topdown_sol
207894680,2617a3ba-840b-4954-abaa-2d0e34197ae1,Antibiotic Resistant Escherichia coli (E. coli) in Minneopa Creek Collected During Two Storm Events in 2017,133,Enteric infections,True,,,,,False,True,"The study focuses on fecal E. coli contamination and antibiotic resistance in streams, representing potential exposure to enteric pathogens through contaminated water.",E. coli is used to indicate the potential presence of waterborne pathogens that can be harmful to human health.,0.00,100.00,2026-09-09_10-01-17_pruned_taxonomy_topdown_sol
207894680,2617a3ba-840b-4954-abaa-2d0e34197ae1,Antibiotic Resistant Escherichia coli (E. coli) in Minneopa Creek Collected During Two Storm Events in 2017,114,3. Non-communicable diseases,True,,,,,False,False,The study does not examine chronic non-infectious diseases.,,0.00,0.00,2026-09-09_10-01-17_pruned_taxonomy_topdown_sol
207894680,2617a3ba-840b-4954-abaa-2d0e34197ae1,Antibiotic Resistant Escherichia coli (E. coli) in Minneopa Creek Collected During Two Storm Events in 2017,112,1. Mortality (Outcome),True,,,,,False,False,Death or mortality is not assessed as a health outcome.,,0.00,0.00,2026-09-09_10-01-17_pruned_taxonomy_topdown_sol
207894680,2617a3ba-840b-4954-abaa-2d0e34197ae1,Antibiotic Resistant Escherichia coli (E. coli) in Minneopa Creek Collected During Two Storm Events in 2017,115,4. Injuries,True,,,,,False,False,The study does not concern physical injuries or harm from external causes.,,0.00,0.00,2026-09-09_10-01-17_pruned_taxonomy_topdown_sol
207894680,2617a3ba-840b-4954-abaa-2d0e34197ae1,Antibiotic Resistant Escherichia coli (E. coli) in Minneopa Creek Collected During Two Storm Events in 2017,199,Mental disorders,True,,,,,False,False,No annotation with this attribute found: reverting to default,,0.00,0.00,2026-09-09_10-01-17_pruned_taxonomy_topdown_sol
207894680,2617a3ba-840b-4954-abaa-2d0e34197ae1,Antibiotic Resistant Escherichia coli (E. coli) in Minneopa Creek Collected During Two Storm Events in 2017,205,Substance use disorders,True,,,,,False,False,No annotation with this attribute found: reverting to default,,0.00,0.00,2026-09-09_10-01-17_pruned_taxonomy_topdown_sol
207894680,2617a3ba-840b-4954-abaa-2d0e34197ae1,Antibiotic Resistant Escherichia coli (E. coli) in Minneopa Creek Collected During Two Storm Events in 2017,136,Neglected tropical diseases and malaria,True,,,,,False,False,The study does not examine neglected tropical diseases or infectious diseases defined by their disproportionate burden in tropical and subtropical low-income settings.,,0.00,0.00,2026-09-09_10-01-17_pruned_taxonomy_topdown_sol
207894680,2617a3ba-840b-4954-abaa-2d0e34197ae1,Antibiotic Resistant Escherichia coli (E. coli) in Minneopa Creek Collected During Two Storm Events in 2017,290,Unintentional injuries,True,,,,,False,False,No annotation with this attribute found: reverting to default,,0.00,0.00,2026-09-09_10-01-17_pruned_taxonomy_topdown_sol
9392410,3d1b69c4-4443-473d-9757-2025bed395e1,TRANSPORTATION AND QUALITY OF LIFE,38,Oil,True,,,,,False,False,"The study focuses on automobile dependency and urban transportation quality of life, not specifically on petroleum products or oil combustion.",,0.00,0.00,2026-09-09_10-01-17_pruned_taxonomy_topdown_sol
9392410,3d1b69c4-4443-473d-9757-2025bed395e1,TRANSPORTATION AND QUALITY OF LIFE,36,Coal,True,,,,,False,False,"Coal is not discussed as an energy source, exposure, or subject of the study.",,0.00,0.00,2026-09-09_10-01-17_pruned_taxonomy_topdown_sol
9392410,3d1b69c4-4443-473d-9757-2025bed395e1,TRANSPORTATION AND QUALITY OF LIFE,37,Natural gas,True,,,,,False,False,"Natural gas is not discussed as an energy source, exposure, or subject of the study.",,0.00,0.00,2026-09-09_10-01-17_pruned_taxonomy_topdown_sol
9392410,3d1b69c4-4443-473d-9757-2025bed395e1,TRANSPORTATION AND QUALITY OF LIFE,35,(Unspecified) fossil fuels,True,,,,,False,False,"Although environmental pollution from automobile dependency is mentioned, the abstract does not address fossil fuel use or combustion as a substantive topic.",,0.00,0.00,2026-09-09_10-01-17_pruned_taxonomy_topdown_sol
9392410,3d1b69c4-4443-473d-9757-2025bed395e1,TRANSPORTATION AND QUALITY OF LIFE,21,Nitrous oxide (N₂O),True,,,,,False,False,The study does not discuss nitrous oxide emissions or agricultural emission sources.,,0.00,0.00,2026-09-09_10-01-17_pruned_taxonomy_topdown_sol
9392410,3d1b69c4-4443-473d-9757-2025bed395e1,TRANSPORTATION AND QUALITY OF LIFE,17,(Unspecified) greenhouse gases,True,,,,,False,False,"Although environmental pollution from transport is mentioned, greenhouse gases are not identified collectively as a subject of the study.",,0.00,0.00,2026-09-09_10-01-17_pruned_taxonomy_topdown_sol
9392410,3d1b69c4-4443-473d-9757-2025bed395e1,TRANSPORTATION AND QUALITY OF LIFE,24,Tropospheric ozone (O₃),True,,,,,False,False,Ground-level ozone or its photochemical formation is not discussed.,,0.00,0.00,2026-09-09_10-01-17_pruned_taxonomy_topdown_sol
9392410,3d1b69c4-4443-473d-9757-2025bed395e1,TRANSPORTATION AND QUALITY OF LIFE,18,Carbon dioxide (CO₂),True,,,,,False,False,"Carbon dioxide is not specified as an exposure, emission, or focus.",,0.00,0.00,2026-09-09_10-01-17_pruned_taxonomy_topdown_sol
9392410,3d1b69c4-4443-473d-9757-2025bed395e1,TRANSPORTATION AND QUALITY OF LIFE,23,Particulate matter (PM10) / fine particulate matter (PM2.5) / black/organic carbon / sulfate/nitrate aerosols,True,,,,,True,False,"Particulate matter, including PM10 or PM2.5, is not discussed.",,0.00,0.00,2026-09-09_10-01-17_pruned_taxonomy_topdown_sol
9392410,3d1b69c4-4443-473d-9757-2025bed395e1,TRANSPORTATION AND QUALITY OF LIFE,20,Methane (CH₄),True,,,,,False,False,Methane and its emission sources are not addressed.,,0.00,0.00,2026-09-09_10-01-17_pruned_taxonomy_topdown_sol
9392410,3d1b69c4-4443-473d-9757-2025bed395e1,TRANSPORTATION AND QUALITY OF LIFE,22,Ozone-depleting substances / chlorofluorocarbons / hydrochlorofluorocarbons / halons / carbon tetrachloride / methyl chloroform,True,,,,,False,False,Ozone-depleting substances are not discussed.,,0.00,0.00,2026-09-09_10-01-17_pruned_taxonomy_topdown_sol
9392410,3d1b69c4-4443-473d-9757-2025bed395e1,TRANSPORTATION AND QUALITY OF LIFE,19,Fluorinated gases / hydrofluorocarbons / perfluorocarbons / sulfur hexafluoride / nitrogen trifluoride,True,,,,,False,False,Synthetic greenhouse gases used in refrigeration or industry are not discussed.,,0.00,0.00,2026-09-09_10-01-17_pruned_taxonomy_topdown_sol
9392410,3d1b69c4-4443-473d-9757-2025bed395e1,TRANSPORTATION AND QUALITY OF LIFE,29,Extreme snow/ice events,True,,,,,False,False,"The study concerns urban transportation and automobile dependency in Malaysia, not severe snow or ice conditions.",,0.00,0.00,2026-09-09_10-01-17_pruned_taxonomy_topdown_sol
9392410,3d1b69c4-4443-473d-9757-2025bed395e1,TRANSPORTATION AND QUALITY OF LIFE,34,Z_(Unspecified) extreme weather events,True,,,,,False,False,The study does not examine unspecified extreme weather or climate extremes.,,0.00,0.00,2026-09-09_10-01-17_pruned_taxonomy_topdown_sol
9392410,3d1b69c4-4443-473d-9757-2025bed395e1,TRANSPORTATION AND QUALITY OF LIFE,28,Extreme precipitation,True,,,,,False,False,The study does not address unusually intense or prolonged precipitation.,,0.00,0.00,2026-09-09_10-01-17_pruned_taxonomy_topdown_sol
9392410,3d1b69c4-4443-473d-9757-2025bed395e1,TRANSPORTATION AND QUALITY OF LIFE,25,Droughts,True,,,,,False,False,The study does not examine drought or prolonged water deficits.,,0.00,0.00,2026-09-09_10-01-17_pruned_taxonomy_topdown_sol
9392410,3d1b69c4-4443-473d-9757-2025bed395e1,TRANSPORTATION AND QUALITY OF LIFE,26,Extreme cold,True,,,,,False,False,The study does not concern episodes of abnormally low temperature.,,0.00,0.00,2026-09-09_10-01-17_pruned_taxonomy_topdown_sol
9392410,3d1b69c4-4443-473d-9757-2025bed395e1,TRANSPORTATION AND QUALITY OF LIFE,32,Storms and severe wind,True,,,,,False,False,"The study does not address cyclones, hurricanes, typhoons, severe thunderstorms, hailstorms, or similar storms.",,0.00,0.00,2026-09-09_10-01-17_pruned_taxonomy_topdown_sol
9392410,3d1b69c4-4443-473d-9757-2025bed395e1,TRANSPORTATION AND QUALITY OF LIFE,27,Extreme heat,True,,,,,False,False,The study does not examine extreme heat or heatwaves.,,0.00,0.00,2026-09-09_10-01-17_pruned_taxonomy_topdown_sol
9392410,3d1b69c4-4443-473d-9757-2025bed395e1,TRANSPORTATION AND QUALITY OF LIFE,31,Sand and dust storms,True,,,,,False,False,The study does not concern sand or dust storms.,,0.00,0.00,2026-09-09_10-01-17_pruned_taxonomy_topdown_sol
9392410,3d1b69c4-4443-473d-9757-2025bed395e1,TRANSPORTATION AND QUALITY OF LIFE,33,Wildfires,True,,,,,False,False,The study does not address wildfires or their smoke-related impacts.,,0.00,0.00,2026-09-09_10-01-17_pruned_taxonomy_topdown_sol
9392410,3d1b69c4-4443-473d-9757-2025bed395e1,TRANSPORTATION AND QUALITY OF LIFE,30,Floods,True,,,,,False,False,The study does not examine flooding or inundation.,,0.00,0.00,2026-09-09_10-01-17_pruned_taxonomy_topdown_sol
9392410,3d1b69c4-4443-473d-9757-2025bed395e1,TRANSPORTATION AND QUALITY OF LIFE,490,Maladaptation,True,,,,,False,False,No annotation with this attribute found: reverting to default,,0.00,0.00,2026-09-09_10-01-17_pruned_taxonomy_topdown_sol
9392410,3d1b69c4-4443-473d-9757-2025bed395e1,TRANSPORTATION AND QUALITY OF LIFE,487,Adaptation,True,,,,,False,False,"The study proposes urban transport strategies, but not as adjustments to climate variables, climate-related extreme events, or climate risks.",,0.00,0.00,2026-09-09_10-01-17_pruned_taxonomy_topdown_sol
9392410,3d1b69c4-4443-473d-9757-2025bed395e1,TRANSPORTATION AND QUALITY OF LIFE,496,Co-Benefits,True,,,,,False,False,No annotation with this attribute found: reverting to default,,0.00,0.00,2026-09-09_10-01-17_pruned_taxonomy_topdown_sol
9392410,3d1b69c4-4443-473d-9757-2025bed395e1,TRANSPORTATION AND QUALITY OF LIFE,488,Impact,True,,,,,False,False,"It examines the quality-of-life impacts of automobile dependency, with no climate variable or climate-related extreme event identified as a driver.",,0.00,0.00,2026-09-09_10-01-17_pruned_taxonomy_topdown_sol
9392410,3d1b69c4-4443-473d-9757-2025bed395e1,TRANSPORTATION AND QUALITY OF LIFE,495,Loss and damage,True,,,,,False,False,No annotation with this attribute found: reverting to default,,0.00,0.00,2026-09-09_10-01-17_pruned_taxonomy_topdown_sol
9392410,3d1b69c4-4443-473d-9757-2025bed395e1,TRANSPORTATION AND QUALITY OF LIFE,493,Attribution,True,,,,,False,False,No annotation with this attribute found: reverting to default,,0.00,0.00,2026-09-09_10-01-17_pruned_taxonomy_topdown_sol
9392410,3d1b69c4-4443-473d-9757-2025bed395e1,TRANSPORTATION AND QUALITY OF LIFE,489,Mitigation,True,,,,,True,False,"Although private vehicle use and environmental pollution are discussed, the study does not specifically concern greenhouse-gas emissions, fossil fuels, or strategies framed as reducing such emissions.",,0.00,0.00,2026-09-09_10-01-17_pruned_taxonomy_topdown_sol
9392410,3d1b69c4-4443-473d-9757-2025bed395e1,TRANSPORTATION AND QUALITY OF LIFE,492,Resilience,True,,,,,False,False,No annotation with this attribute found: reverting to default,,0.00,0.00,2026-09-09_10-01-17_pruned_taxonomy_topdown_sol
9392410,3d1b69c4-4443-473d-9757-2025bed395e1,TRANSPORTATION AND QUALITY OF LIFE,491,Preparedness,True,,,,,False,False,No annotation with this attribute found: reverting to default,,0.00,0.00,2026-09-09_10-01-17_pruned_taxonomy_topdown_sol
9392410,3d1b69c4-4443-473d-9757-2025bed395e1,TRANSPORTATION AND QUALITY OF LIFE,494,Future impact,True,,,,,False,False,No annotation with this attribute found: reverting to default,,0.00,0.00,2026-09-09_10-01-17_pruned_taxonomy_topdown_sol
9392410,3d1b69c4-4443-473d-9757-2025bed395e1,TRANSPORTATION AND QUALITY OF LIFE,14,Changes in temperature,True,,,,,False,False,"The study does not examine temperature trends, warming, or temperature-related effects.",,0.00,0.00,2026-09-09_10-01-17_pruned_taxonomy_topdown_sol
9392410,3d1b69c4-4443-473d-9757-2025bed395e1,TRANSPORTATION AND QUALITY OF LIFE,9,Changes in humidity,True,,,,,False,False,Atmospheric moisture or humidity is not discussed.,,0.00,0.00,2026-09-09_10-01-17_pruned_taxonomy_topdown_sol
9392410,3d1b69c4-4443-473d-9757-2025bed395e1,TRANSPORTATION AND QUALITY OF LIFE,6,(Unspecified) changes in weather,True,,,,,False,False,The study does not address general weather changes or weather variability.,,0.00,0.00,2026-09-09_10-01-17_pruned_taxonomy_topdown_sol
9392410,3d1b69c4-4443-473d-9757-2025bed395e1,TRANSPORTATION AND QUALITY OF LIFE,13,Changes in season length,True,,,,,False,False,Changes in season duration or timing are not examined.,,0.00,0.00,2026-09-09_10-01-17_pruned_taxonomy_topdown_sol
9392410,3d1b69c4-4443-473d-9757-2025bed395e1,TRANSPORTATION AND QUALITY OF LIFE,8,Changes in glacier / snow melt,True,,,,,False,False,Glacier or snowpack melting is not part of the study.,,0.00,0.00,2026-09-09_10-01-17_pruned_taxonomy_topdown_sol
9392410,3d1b69c4-4443-473d-9757-2025bed395e1,TRANSPORTATION AND QUALITY OF LIFE,15,Changes in wind speed,True,,,,,False,False,The study does not examine changes in wind patterns or velocity.,,0.00,0.00,2026-09-09_10-01-17_pruned_taxonomy_topdown_sol
9392410,3d1b69c4-4443-473d-9757-2025bed395e1,TRANSPORTATION AND QUALITY OF LIFE,10,Changes in inland water bodies,True,,,,,False,False,"Freshwater availability, lake or river levels, and hydrological changes are not discussed.",,0.00,0.00,2026-09-09_10-01-17_pruned_taxonomy_topdown_sol
9392410,3d1b69c4-4443-473d-9757-2025bed395e1,TRANSPORTATION AND QUALITY OF LIFE,11,Changes in precipitation,True,,,,,False,False,Changes in rainfall or snowfall are not examined.,,0.00,0.00,2026-09-09_10-01-17_pruned_taxonomy_topdown_sol
9392410,3d1b69c4-4443-473d-9757-2025bed395e1,TRANSPORTATION AND QUALITY OF LIFE,16,Climate variability,True,,,,,False,False,"The study focuses on urban transportation and quality of life, not fluctuations in climate conditions.",,0.00,0.00,2026-09-09_10-01-17_pruned_taxonomy_topdown_sol
9392410,3d1b69c4-4443-473d-9757-2025bed395e1,TRANSPORTATION AND QUALITY OF LIFE,7,(Unspecified) climate change,True,,,,,False,False,Climate change is not a subject of the study; environmental pollution is mentioned only as an impact of automobile dependency.,,0.00,0.00,2026-09-09_10-01-17_pruned_taxonomy_topdown_sol
9392410,3d1b69c4-4443-473d-9757-2025bed395e1,TRANSPORTATION AND QUALITY OF LIFE,12,Changes in sea level,True,,,,,False,False,Sea-level rise and its coastal impacts are not discussed.,,0.00,0.00,2026-09-09_10-01-17_pruned_taxonomy_topdown_sol
9392410,3d1b69c4-4443-473d-9757-2025bed395e1,TRANSPORTATION AND QUALITY OF LIFE,474,"Agriculture, fishing, and forestry (Sector)",True,,,,,False,False,"Agriculture, forestry, fisheries, and related activities are not subjects of the chapter.",,0.00,0.00,2026-09-09_10-01-17_pruned_taxonomy_topdown_sol
9392410,3d1b69c4-4443-473d-9757-2025bed395e1,TRANSPORTATION AND QUALITY OF LIFE,482,Military (Sector),True,,,,,False,False,The military and defense sector is not discussed.,,0.00,0.00,2026-09-09_10-01-17_pruned_taxonomy_topdown_sol
9392410,3d1b69c4-4443-473d-9757-2025bed395e1,TRANSPORTATION AND QUALITY OF LIFE,479,Healthcare (Sector),True,,,,,False,False,"Although quality of life and accident rates are mentioned, the study does not examine healthcare, public health services, or health infrastructure.",,0.00,0.00,2026-09-09_10-01-17_pruned_taxonomy_topdown_sol
9392410,3d1b69c4-4443-473d-9757-2025bed395e1,TRANSPORTATION AND QUALITY OF LIFE,477,Energy and extractives (Sector),True,,,,,False,False,"The study does not focus on energy generation, fuel production, or resource extraction.",,0.00,0.00,2026-09-09_10-01-17_pruned_taxonomy_topdown_sol
9392410,3d1b69c4-4443-473d-9757-2025bed395e1,TRANSPORTATION AND QUALITY OF LIFE,484,Social protection (Sector),True,,,,,False,False,"Social protection, welfare services, and safety-net systems are not examined.",,0.00,0.00,2026-09-09_10-01-17_pruned_taxonomy_topdown_sol
9392410,3d1b69c4-4443-473d-9757-2025bed395e1,TRANSPORTATION AND QUALITY OF LIFE,475,Buildings / housing (Sector),True,,,,,False,False,"Urban land use and sprawl are noted as impacts of automobile dependence, but buildings, housing, and construction are not genuine subjects of the chapter.",,0.00,0.00,2026-09-09_10-01-17_pruned_taxonomy_topdown_sol
9392410,3d1b69c4-4443-473d-9757-2025bed395e1,TRANSPORTATION AND QUALITY OF LIFE,485,Transportation (Sector),True,,,,,True,True,"The chapter directly examines Malaysia's urban transport system, particularly private vehicles, public transportation, automobile dependence, and strategies for a balanced system.","This chapter will discuss Malaysia's urban transportation in general, focusing on the struggle between private and public transportation usage",0.00,100.00,2026-09-09_10-01-17_pruned_taxonomy_topdown_sol
9392410,3d1b69c4-4443-473d-9757-2025bed395e1,TRANSPORTATION AND QUALITY OF LIFE,481,Information and communications technologies (Sector),True,,,,,False,False,"Telecommunications, information technology, and digital infrastructure are not discussed.",,0.00,0.00,2026-09-09_10-01-17_pruned_taxonomy_topdown_sol
9392410,3d1b69c4-4443-473d-9757-2025bed395e1,TRANSPORTATION AND QUALITY OF LIFE,486,"Water, sanitation, and waste management (Sector)",True,,,,,False,False,"Water supply, sewage treatment, and solid-waste management are not subjects of the chapter.",,0.00,0.00,2026-09-09_10-01-17_pruned_taxonomy_topdown_sol
9392410,3d1b69c4-4443-473d-9757-2025bed395e1,TRANSPORTATION AND QUALITY OF LIFE,478,Finance (Sector),True,,,,,False,False,"The study does not examine banking, insurance, investment, or financial services.",,0.00,0.00,2026-09-09_10-01-17_pruned_taxonomy_topdown_sol
9392410,3d1b69c4-4443-473d-9757-2025bed395e1,TRANSPORTATION AND QUALITY OF LIFE,480,"Industry, trade, and services (Sector)",True,,,,,False,False,"Manufacturing, trade, retail, and commercial services are not examined as sectors.",,0.00,0.00,2026-09-09_10-01-17_pruned_taxonomy_topdown_sol
9392410,3d1b69c4-4443-473d-9757-2025bed395e1,TRANSPORTATION AND QUALITY OF LIFE,476,Education (Sector),True,,,,,False,False,"Schools, universities, vocational institutions, and education systems are not subjects of the chapter.",,0.00,0.00,2026-09-09_10-01-17_pruned_taxonomy_topdown_sol
9392410,3d1b69c4-4443-473d-9757-2025bed395e1,TRANSPORTATION AND QUALITY OF LIFE,483,Public administration (Sector),True,,,,,False,False,"Potential transport strategies are discussed, but the operations, services, or workforce of public administration are not themselves a subject of study.",,0.00,0.00,2026-09-09_10-01-17_pruned_taxonomy_topdown_sol
9392410,3d1b69c4-4443-473d-9757-2025bed395e1,TRANSPORTATION AND QUALITY OF LIFE,392,Mixed-methods,True,,,,,False,False,No annotation with this attribute found: reverting to default,,0.00,0.00,2026-09-09_10-01-17_pruned_taxonomy_topdown_sol
9392410,3d1b69c4-4443-473d-9757-2025bed395e1,TRANSPORTATION AND QUALITY OF LIFE,394,Observational / group comparison designs,True,,,,,False,False,No annotation with this attribute found: reverting to default,,0.00,0.00,2026-09-09_10-01-17_pruned_taxonomy_topdown_sol
9392410,3d1b69c4-4443-473d-9757-2025bed395e1,TRANSPORTATION AND QUALITY OF LIFE,393,Modelling / simulation,True,,,,,False,False,No annotation with this attribute found: reverting to default,,0.00,0.00,2026-09-09_10-01-17_pruned_taxonomy_topdown_sol
9392410,3d1b69c4-4443-473d-9757-2025bed395e1,TRANSPORTATION AND QUALITY OF LIFE,390,(Quasi-)Experimental / single-group designs,True,,,,,False,False,No annotation with this attribute found: reverting to default,,0.00,0.00,2026-09-09_10-01-17_pruned_taxonomy_topdown_sol
9392410,3d1b69c4-4443-473d-9757-2025bed395e1,TRANSPORTATION AND QUALITY OF LIFE,429,Narrative review,True,,,,,False,True,"The chapter provides a broad, interpretive discussion of urban transportation, automobile dependency, and possible strategies without reporting explicit, reproducible review methods, making it a narrative/non-systematic review.","This chapter will discuss Malaysia's urban transportation in general, focusing on the struggle between private and public transportation usage and the impacts of automobile dependency towards the urban dwellers’ Quality of Life; as well as putting forward possible strategies and measures",0.00,100.00,2026-09-09_10-01-17_pruned_taxonomy_topdown_sol
9392410,3d1b69c4-4443-473d-9757-2025bed395e1,TRANSPORTATION AND QUALITY OF LIFE,396,Qualitative designs,True,,,,,False,False,No annotation with this attribute found: reverting to default,,0.00,0.00,2026-09-09_10-01-17_pruned_taxonomy_topdown_sol
9392410,3d1b69c4-4443-473d-9757-2025bed395e1,TRANSPORTATION AND QUALITY OF LIFE,388,2. Evidence synthesis,True,,,,,True,True,The chapter provides a narrative discussion and synthesis of urban transportation issues and strategies rather than reporting newly collected data.,"This chapter will discuss Malaysia's urban transportation in general, focusing on the struggle between private and public transportation usage and the impacts of automobile dependency towards the urban dwellers’ Quality of Life; as well as putting forward possible strategies and measures",0.00,100.00,2026-09-09_10-01-17_pruned_taxonomy_topdown_sol
9392410,3d1b69c4-4443-473d-9757-2025bed395e1,TRANSPORTATION AND QUALITY OF LIFE,391,Descriptive / single-group designs,True,,,,,False,False,No annotation with this attribute found: reverting to default,,0.00,0.00,2026-09-09_10-01-17_pruned_taxonomy_topdown_sol
9392410,3d1b69c4-4443-473d-9757-2025bed395e1,TRANSPORTATION AND QUALITY OF LIFE,427,Health technology assessment (HTA),True,,,,,False,False,"The chapter is not a formal health technology assessment and does not comprehensively evaluate a specific health technology through clinical, economic, ethical, social, and organisational dimensions.",,0.00,0.00,2026-09-09_10-01-17_pruned_taxonomy_topdown_sol
9392410,3d1b69c4-4443-473d-9757-2025bed395e1,TRANSPORTATION AND QUALITY OF LIFE,395,Observational / single-group designs,True,,,,,False,False,No annotation with this attribute found: reverting to default,,0.00,0.00,2026-09-09_10-01-17_pruned_taxonomy_topdown_sol
9392410,3d1b69c4-4443-473d-9757-2025bed395e1,TRANSPORTATION AND QUALITY OF LIFE,426,Guideline (clinical or public health),True,,,,,False,False,"Although possible strategies and measures are discussed, the chapter is not presented as a systematically developed clinical or public health guideline with formal recommendations.",,0.00,0.00,2026-09-09_10-01-17_pruned_taxonomy_topdown_sol
9392410,3d1b69c4-4443-473d-9757-2025bed395e1,TRANSPORTATION AND QUALITY OF LIFE,387,1. Primary research,True,,,,,False,False,No collection or analysis of original primary data is described; the work is presented as a general discussion chapter.,,0.00,0.00,2026-09-09_10-01-17_pruned_taxonomy_topdown_sol
9392410,3d1b69c4-4443-473d-9757-2025bed395e1,TRANSPORTATION AND QUALITY OF LIFE,430,Systematic reviews,True,,,,,False,False,"No explicit, reproducible methods for searching, selecting, appraising, or synthesising primary studies are described.",,0.00,0.00,2026-09-09_10-01-17_pruned_taxonomy_topdown_sol
9392410,3d1b69c4-4443-473d-9757-2025bed395e1,TRANSPORTATION AND QUALITY OF LIFE,397,Z_Other study design,True,,,,,False,False,No annotation with this attribute found: reverting to default,,0.00,0.00,2026-09-09_10-01-17_pruned_taxonomy_topdown_sol
9392410,3d1b69c4-4443-473d-9757-2025bed395e1,TRANSPORTATION AND QUALITY OF LIFE,389,(Quasi-)Experimental / group comparison designs,True,,,,,False,False,No annotation with this attribute found: reverting to default,,0.00,0.00,2026-09-09_10-01-17_pruned_taxonomy_topdown_sol
9392410,3d1b69c4-4443-473d-9757-2025bed395e1,TRANSPORTATION AND QUALITY OF LIFE,431,Z_Other evidence synthesis type,True,,,,,True,False,The work is best classified as a narrative discussion/review rather than an otherwise uncategorised evidence-synthesis type.,,0.00,0.00,2026-09-09_10-01-17_pruned_taxonomy_topdown_sol
9392410,3d1b69c4-4443-473d-9757-2025bed395e1,TRANSPORTATION AND QUALITY OF LIFE,428,Meta-analysis (unsystematic),True,,,,,False,False,The chapter does not report an advanced quantitative synthesis of existing studies.,,0.00,0.00,2026-09-09_10-01-17_pruned_taxonomy_topdown_sol
9392410,3d1b69c4-4443-473d-9757-2025bed395e1,TRANSPORTATION AND QUALITY OF LIFE,117,"1.2. Communicable, maternal, neonatal, and nutritional mortality",True,,,,,False,False,No annotation with this attribute found: reverting to default,,0.00,0.00,2026-09-09_10-01-17_pruned_taxonomy_topdown_sol
9392410,3d1b69c4-4443-473d-9757-2025bed395e1,TRANSPORTATION AND QUALITY OF LIFE,196,Chronic respiratory diseases,True,,,,,False,False,No annotation with this attribute found: reverting to default,,0.00,0.00,2026-09-09_10-01-17_pruned_taxonomy_topdown_sol
9392410,3d1b69c4-4443-473d-9757-2025bed395e1,TRANSPORTATION AND QUALITY OF LIFE,201,Neoplasms,True,,,,,False,False,No annotation with this attribute found: reverting to default,,0.00,0.00,2026-09-09_10-01-17_pruned_taxonomy_topdown_sol
9392410,3d1b69c4-4443-473d-9757-2025bed395e1,TRANSPORTATION AND QUALITY OF LIFE,118,1.3. Non-communicable mortality,True,,,,,False,False,No annotation with this attribute found: reverting to default,,0.00,0.00,2026-09-09_10-01-17_pruned_taxonomy_topdown_sol
9392410,3d1b69c4-4443-473d-9757-2025bed395e1,TRANSPORTATION AND QUALITY OF LIFE,138,Respiratory infections and tuberculosis,True,,,,,False,False,No annotation with this attribute found: reverting to default,,0.00,0.00,2026-09-09_10-01-17_pruned_taxonomy_topdown_sol
9392410,3d1b69c4-4443-473d-9757-2025bed395e1,TRANSPORTATION AND QUALITY OF LIFE,116,1.1. Total / all-cause mortality (Outcome),True,,,,,False,False,No annotation with this attribute found: reverting to default,,0.00,0.00,2026-09-09_10-01-17_pruned_taxonomy_topdown_sol
9392410,3d1b69c4-4443-473d-9757-2025bed395e1,TRANSPORTATION AND QUALITY OF LIFE,204,Skin and subcutaneous diseases,True,,,,,False,False,No annotation with this attribute found: reverting to default,,0.00,0.00,2026-09-09_10-01-17_pruned_taxonomy_topdown_sol
9392410,3d1b69c4-4443-473d-9757-2025bed395e1,TRANSPORTATION AND QUALITY OF LIFE,197,Diabetes and kidney diseases,True,,,,,False,False,No annotation with this attribute found: reverting to default,,0.00,0.00,2026-09-09_10-01-17_pruned_taxonomy_topdown_sol
9392410,3d1b69c4-4443-473d-9757-2025bed395e1,TRANSPORTATION AND QUALITY OF LIFE,198,Digestive diseases,True,,,,,False,False,No annotation with this attribute found: reverting to default,,0.00,0.00,2026-09-09_10-01-17_pruned_taxonomy_topdown_sol
9392410,3d1b69c4-4443-473d-9757-2025bed395e1,TRANSPORTATION AND QUALITY OF LIFE,137,Nutritional deficiencies,True,,,,,False,False,No annotation with this attribute found: reverting to default,,0.00,0.00,2026-09-09_10-01-17_pruned_taxonomy_topdown_sol
9392410,3d1b69c4-4443-473d-9757-2025bed395e1,TRANSPORTATION AND QUALITY OF LIFE,134,HIV/AIDS and sexually transmitted infections,True,,,,,False,False,No annotation with this attribute found: reverting to default,,0.00,0.00,2026-09-09_10-01-17_pruned_taxonomy_topdown_sol
9392410,3d1b69c4-4443-473d-9757-2025bed395e1,TRANSPORTATION AND QUALITY OF LIFE,203,Sense organ diseases,True,,,,,False,False,No annotation with this attribute found: reverting to default,,0.00,0.00,2026-09-09_10-01-17_pruned_taxonomy_topdown_sol
9392410,3d1b69c4-4443-473d-9757-2025bed395e1,TRANSPORTATION AND QUALITY OF LIFE,195,Cardiovascular diseases,True,,,,,False,False,No annotation with this attribute found: reverting to default,,0.00,0.00,2026-09-09_10-01-17_pruned_taxonomy_topdown_sol
9392410,3d1b69c4-4443-473d-9757-2025bed395e1,TRANSPORTATION AND QUALITY OF LIFE,289,Transport injuries,True,,,,,True,False,No annotation with this attribute found: reverting to default,,0.00,0.00,2026-09-09_10-01-17_pruned_taxonomy_topdown_sol
9392410,3d1b69c4-4443-473d-9757-2025bed395e1,TRANSPORTATION AND QUALITY OF LIFE,113,"2. Communicable, maternal, neonatal, and nutritional diseases",True,,,,,False,False,"The chapter does not address infectious, maternal, neonatal, or nutritional diseases.",,0.00,0.00,2026-09-09_10-01-17_pruned_taxonomy_topdown_sol
9392410,3d1b69c4-4443-473d-9757-2025bed395e1,TRANSPORTATION AND QUALITY OF LIFE,139,Z_Other infectious diseases,True,,,,,False,False,No annotation with this attribute found: reverting to default,,0.00,0.00,2026-09-09_10-01-17_pruned_taxonomy_topdown_sol
9392410,3d1b69c4-4443-473d-9757-2025bed395e1,TRANSPORTATION AND QUALITY OF LIFE,135,Maternal and neonatal disorders,True,,,,,False,False,No annotation with this attribute found: reverting to default,,0.00,0.00,2026-09-09_10-01-17_pruned_taxonomy_topdown_sol
9392410,3d1b69c4-4443-473d-9757-2025bed395e1,TRANSPORTATION AND QUALITY OF LIFE,202,Neurological disorders,True,,,,,False,False,No annotation with this attribute found: reverting to default,,0.00,0.00,2026-09-09_10-01-17_pruned_taxonomy_topdown_sol
9392410,3d1b69c4-4443-473d-9757-2025bed395e1,TRANSPORTATION AND QUALITY OF LIFE,288,Self-harm and interpersonal violence,True,,,,,False,False,No annotation with this attribute found: reverting to default,,0.00,0.00,2026-09-09_10-01-17_pruned_taxonomy_topdown_sol
9392410,3d1b69c4-4443-473d-9757-2025bed395e1,TRANSPORTATION AND QUALITY OF LIFE,206,Z_Other non-communicable diseases,True,,,,,False,False,No annotation with this attribute found: reverting to default,,0.00,0.00,2026-09-09_10-01-17_pruned_taxonomy_topdown_sol
9392410,3d1b69c4-4443-473d-9757-2025bed395e1,TRANSPORTATION AND QUALITY OF LIFE,200,Musculoskeletal disorders,True,,,,,False,False,No annotation with this attribute found: reverting to default,,0.00,0.00,2026-09-09_10-01-17_pruned_taxonomy_topdown_sol
9392410,3d1b69c4-4443-473d-9757-2025bed395e1,TRANSPORTATION AND QUALITY OF LIFE,133,Enteric infections,True,,,,,False,False,No annotation with this attribute found: reverting to default,,0.00,0.00,2026-09-09_10-01-17_pruned_taxonomy_topdown_sol
9392410,3d1b69c4-4443-473d-9757-2025bed395e1,TRANSPORTATION AND QUALITY OF LIFE,114,3. Non-communicable diseases,True,,,,,False,False,No chronic non-communicable disease is examined as a health outcome; environmental pollution is mentioned only as a transportation impact.,,0.00,0.00,2026-09-09_10-01-17_pruned_taxonomy_topdown_sol
9392410,3d1b69c4-4443-473d-9757-2025bed395e1,TRANSPORTATION AND QUALITY OF LIFE,112,1. Mortality (Outcome),True,,,,,False,False,Mortality or death is not studied as an outcome.,,0.00,0.00,2026-09-09_10-01-17_pruned_taxonomy_topdown_sol
9392410,3d1b69c4-4443-473d-9757-2025bed395e1,TRANSPORTATION AND QUALITY OF LIFE,115,4. Injuries,True,,,,,True,False,"Although higher accident rates are listed among the negative effects of automobile dependency, bodily injury is not examined as a substantive outcome; the chapter broadly concerns transportation and urban quality of life.","Automobile dependency has always been viewed as a potential threat to Malaysia’s urban areas, as it contributes to the increase in traffic congestion, higher accidents rate",0.00,100.00,2026-09-09_10-01-17_pruned_taxonomy_topdown_sol
9392410,3d1b69c4-4443-473d-9757-2025bed395e1,TRANSPORTATION AND QUALITY OF LIFE,199,Mental disorders,True,,,,,False,False,No annotation with this attribute found: reverting to default,,0.00,0.00,2026-09-09_10-01-17_pruned_taxonomy_topdown_sol
9392410,3d1b69c4-4443-473d-9757-2025bed395e1,TRANSPORTATION AND QUALITY OF LIFE,205,Substance use disorders,True,,,,,False,False,No annotation with this attribute found: reverting to default,,0.00,0.00,2026-09-09_10-01-17_pruned_taxonomy_topdown_sol
9392410,3d1b69c4-4443-473d-9757-2025bed395e1,TRANSPORTATION AND QUALITY OF LIFE,136,Neglected tropical diseases and malaria,True,,,,,False,False,No annotation with this attribute found: reverting to default,,0.00,0.00,2026-09-09_10-01-17_pruned_taxonomy_topdown_sol
9392410,3d1b69c4-4443-473d-9757-2025bed395e1,TRANSPORTATION AND QUALITY OF LIFE,290,Unintentional injuries,True,,,,,False,False,No annotation with this attribute found: reverting to default,,0.00,0.00,2026-09-09_10-01-17_pruned_taxonomy_topdown_sol
22339,3d63f91c-fdd7-45c1-be82-a5252d727499,Significance of dietary sulphur and sulphate reducing bacteria in lactating dairy cattle: A review,38,Oil,True,,,,,False,False,The study concerns dietary sulphur in animal nutrition and does not address oil or petroleum products.,,0.00,0.00,2026-09-09_10-01-17_pruned_taxonomy_topdown_sol
22339,3d63f91c-fdd7-45c1-be82-a5252d727499,Significance of dietary sulphur and sulphate reducing bacteria in lactating dairy cattle: A review,36,Coal,True,,,,,False,False,"Coal is not a subject, exposure, or energy source discussed in the study.",,0.00,0.00,2026-09-09_10-01-17_pruned_taxonomy_topdown_sol
22339,3d63f91c-fdd7-45c1-be82-a5252d727499,Significance of dietary sulphur and sulphate reducing bacteria in lactating dairy cattle: A review,37,Natural gas,True,,,,,False,False,"The methane mentioned is associated with rumen digestion and dairy cattle emissions, not fossil natural gas used for energy.","Controlled amount of sulphur in dairy cattle can improve their performance in context of milk, digestion with the help of sulphate reducing bacteria, methane gas emission",0.00,100.00,2026-09-09_10-01-17_pruned_taxonomy_topdown_sol
22339,3d63f91c-fdd7-45c1-be82-a5252d727499,Significance of dietary sulphur and sulphate reducing bacteria in lactating dairy cattle: A review,35,(Unspecified) fossil fuels,True,,,,,False,False,"The study does not discuss fossil fuel use or combustion, either generally or by specific fuel type.",,0.00,0.00,2026-09-09_10-01-17_pruned_taxonomy_topdown_sol
22339,3d63f91c-fdd7-45c1-be82-a5252d727499,Significance of dietary sulphur and sulphate reducing bacteria in lactating dairy cattle: A review,21,Nitrous oxide (N₂O),True,,,,,False,False,The study does not concern nitrous oxide; it discusses sulfur nutrition and methane emissions in dairy cattle.,,0.00,0.00,2026-09-09_10-01-17_pruned_taxonomy_topdown_sol
22339,3d63f91c-fdd7-45c1-be82-a5252d727499,Significance of dietary sulphur and sulphate reducing bacteria in lactating dairy cattle: A review,17,(Unspecified) greenhouse gases,True,,,,,False,False,Greenhouse gases are not discussed collectively; only methane is specifically mentioned.,,0.00,0.00,2026-09-09_10-01-17_pruned_taxonomy_topdown_sol
22339,3d63f91c-fdd7-45c1-be82-a5252d727499,Significance of dietary sulphur and sulphate reducing bacteria in lactating dairy cattle: A review,24,Tropospheric ozone (O₃),True,,,,,False,False,Ground-level ozone is not a subject of the study.,,0.00,0.00,2026-09-09_10-01-17_pruned_taxonomy_topdown_sol
22339,3d63f91c-fdd7-45c1-be82-a5252d727499,Significance of dietary sulphur and sulphate reducing bacteria in lactating dairy cattle: A review,18,Carbon dioxide (CO₂),True,,,,,False,False,Carbon dioxide is not discussed.,,0.00,0.00,2026-09-09_10-01-17_pruned_taxonomy_topdown_sol
22339,3d63f91c-fdd7-45c1-be82-a5252d727499,Significance of dietary sulphur and sulphate reducing bacteria in lactating dairy cattle: A review,23,Particulate matter (PM10) / fine particulate matter (PM2.5) / black/organic carbon / sulfate/nitrate aerosols,True,,,,,False,False,"Particulate matter, including PM10 or PM2.5, is not discussed.",,0.00,0.00,2026-09-09_10-01-17_pruned_taxonomy_topdown_sol
22339,3d63f91c-fdd7-45c1-be82-a5252d727499,Significance of dietary sulphur and sulphate reducing bacteria in lactating dairy cattle: A review,20,Methane (CH₄),True,,,,,True,True,Methane emissions from dairy cattle are an explicit outcome related to controlled dietary sulfur.,"Controlled amount of sulphur in dairy cattle can improve their performance in context of milk, digestion with the help of sulphate reducing bacteria, methane gas emission",0.00,100.00,2026-09-09_10-01-17_pruned_taxonomy_topdown_sol
22339,3d63f91c-fdd7-45c1-be82-a5252d727499,Significance of dietary sulphur and sulphate reducing bacteria in lactating dairy cattle: A review,22,Ozone-depleting substances / chlorofluorocarbons / hydrochlorofluorocarbons / halons / carbon tetrachloride / methyl chloroform,True,,,,,False,False,Ozone-depleting substances are not discussed.,,0.00,0.00,2026-09-09_10-01-17_pruned_taxonomy_topdown_sol
22339,3d63f91c-fdd7-45c1-be82-a5252d727499,Significance of dietary sulphur and sulphate reducing bacteria in lactating dairy cattle: A review,19,Fluorinated gases / hydrofluorocarbons / perfluorocarbons / sulfur hexafluoride / nitrogen trifluoride,True,,,,,False,False,Synthetic fluorinated greenhouse gases are not discussed.,,0.00,0.00,2026-09-09_10-01-17_pruned_taxonomy_topdown_sol
22339,3d63f91c-fdd7-45c1-be82-a5252d727499,Significance of dietary sulphur and sulphate reducing bacteria in lactating dairy cattle: A review,29,Extreme snow/ice events,True,,,,,False,False,"The study concerns sulfur nutrition in dairy cattle, not severe snow or ice conditions.",,0.00,0.00,2026-09-09_10-01-17_pruned_taxonomy_topdown_sol
22339,3d63f91c-fdd7-45c1-be82-a5252d727499,Significance of dietary sulphur and sulphate reducing bacteria in lactating dairy cattle: A review,34,Z_(Unspecified) extreme weather events,True,,,,,False,False,No unspecified extreme weather or climate event is discussed.,,0.00,0.00,2026-09-09_10-01-17_pruned_taxonomy_topdown_sol
22339,3d63f91c-fdd7-45c1-be82-a5252d727499,Significance of dietary sulphur and sulphate reducing bacteria in lactating dairy cattle: A review,28,Extreme precipitation,True,,,,,False,False,The study does not address extreme precipitation.,,0.00,0.00,2026-09-09_10-01-17_pruned_taxonomy_topdown_sol
22339,3d63f91c-fdd7-45c1-be82-a5252d727499,Significance of dietary sulphur and sulphate reducing bacteria in lactating dairy cattle: A review,25,Droughts,True,,,,,False,False,The study does not examine drought or prolonged water deficit.,,0.00,0.00,2026-09-09_10-01-17_pruned_taxonomy_topdown_sol
22339,3d63f91c-fdd7-45c1-be82-a5252d727499,Significance of dietary sulphur and sulphate reducing bacteria in lactating dairy cattle: A review,26,Extreme cold,True,,,,,False,False,The study does not concern abnormally low temperatures or cold-related health effects.,,0.00,0.00,2026-09-09_10-01-17_pruned_taxonomy_topdown_sol
22339,3d63f91c-fdd7-45c1-be82-a5252d727499,Significance of dietary sulphur and sulphate reducing bacteria in lactating dairy cattle: A review,32,Storms and severe wind,True,,,,,False,False,"No cyclone, hurricane, typhoon, severe thunderstorm, or hailstorm is studied.",,0.00,0.00,2026-09-09_10-01-17_pruned_taxonomy_topdown_sol
22339,3d63f91c-fdd7-45c1-be82-a5252d727499,Significance of dietary sulphur and sulphate reducing bacteria in lactating dairy cattle: A review,27,Extreme heat,True,,,,,False,False,The study does not address extreme heat or heatwaves.,,0.00,0.00,2026-09-09_10-01-17_pruned_taxonomy_topdown_sol
22339,3d63f91c-fdd7-45c1-be82-a5252d727499,Significance of dietary sulphur and sulphate reducing bacteria in lactating dairy cattle: A review,31,Sand and dust storms,True,,,,,False,False,Sand and dust storms are not discussed.,,0.00,0.00,2026-09-09_10-01-17_pruned_taxonomy_topdown_sol
22339,3d63f91c-fdd7-45c1-be82-a5252d727499,Significance of dietary sulphur and sulphate reducing bacteria in lactating dairy cattle: A review,33,Wildfires,True,,,,,False,False,The study does not concern wildfires or wildfire smoke.,,0.00,0.00,2026-09-09_10-01-17_pruned_taxonomy_topdown_sol
22339,3d63f91c-fdd7-45c1-be82-a5252d727499,Significance of dietary sulphur and sulphate reducing bacteria in lactating dairy cattle: A review,30,Floods,True,,,,,False,False,"Flooding is not an exposure, setting, or outcome of the study.",,0.00,0.00,2026-09-09_10-01-17_pruned_taxonomy_topdown_sol
22339,3d63f91c-fdd7-45c1-be82-a5252d727499,Significance of dietary sulphur and sulphate reducing bacteria in lactating dairy cattle: A review,490,Maladaptation,True,,,,,False,False,No annotation with this attribute found: reverting to default,,0.00,0.00,2026-09-09_10-01-17_pruned_taxonomy_topdown_sol
22339,3d63f91c-fdd7-45c1-be82-a5252d727499,Significance of dietary sulphur and sulphate reducing bacteria in lactating dairy cattle: A review,487,Adaptation,True,,,,,False,False,"The study concerns sulphur supplementation in dairy cattle nutrition, not adjustment to climate hazards, climate-risk management, or resilience.",,0.00,0.00,2026-09-09_10-01-17_pruned_taxonomy_topdown_sol
22339,3d63f91c-fdd7-45c1-be82-a5252d727499,Significance of dietary sulphur and sulphate reducing bacteria in lactating dairy cattle: A review,496,Co-Benefits,True,,,,,False,True,"Controlled sulphur supplementation is described as affecting methane emissions while also improving dairy cattle performance, milk production, and digestion. These productivity and animal-health benefits are additional benefits associated with a potential greenhouse-gas mitigation action.","Controlled amount of sulphur in dairy cattle can improve their performance in context of milk, digestion with the help of sulphate reducing bacteria, methane gas emission",0.00,100.00,2026-09-09_10-01-17_pruned_taxonomy_topdown_sol
22339,3d63f91c-fdd7-45c1-be82-a5252d727499,Significance of dietary sulphur and sulphate reducing bacteria in lactating dairy cattle: A review,488,Impact,True,,,,,False,False,"No climate variable or climate-related extreme event is studied as a driver of effects on health, ecosystems, economies, or society.",,0.00,0.00,2026-09-09_10-01-17_pruned_taxonomy_topdown_sol
22339,3d63f91c-fdd7-45c1-be82-a5252d727499,Significance of dietary sulphur and sulphate reducing bacteria in lactating dairy cattle: A review,495,Loss and damage,True,,,,,False,False,No annotation with this attribute found: reverting to default,,0.00,0.00,2026-09-09_10-01-17_pruned_taxonomy_topdown_sol
22339,3d63f91c-fdd7-45c1-be82-a5252d727499,Significance of dietary sulphur and sulphate reducing bacteria in lactating dairy cattle: A review,493,Attribution,True,,,,,False,False,No annotation with this attribute found: reverting to default,,0.00,0.00,2026-09-09_10-01-17_pruned_taxonomy_topdown_sol
22339,3d63f91c-fdd7-45c1-be82-a5252d727499,Significance of dietary sulphur and sulphate reducing bacteria in lactating dairy cattle: A review,489,Mitigation,True,,,,,True,True,"The study considers dietary sulphur management in relation to methane emissions from dairy cattle. Because methane is a greenhouse gas, livestock dietary measures affecting its emission fall within climate-change mitigation.","Controlled amount of sulphur in dairy cattle can improve their performance in context of milk, digestion with the help of sulphate reducing bacteria, methane gas emission",0.00,100.00,2026-09-09_10-01-17_pruned_taxonomy_topdown_sol
22339,3d63f91c-fdd7-45c1-be82-a5252d727499,Significance of dietary sulphur and sulphate reducing bacteria in lactating dairy cattle: A review,492,Resilience,True,,,,,False,False,No annotation with this attribute found: reverting to default,,0.00,0.00,2026-09-09_10-01-17_pruned_taxonomy_topdown_sol
22339,3d63f91c-fdd7-45c1-be82-a5252d727499,Significance of dietary sulphur and sulphate reducing bacteria in lactating dairy cattle: A review,491,Preparedness,True,,,,,False,False,No annotation with this attribute found: reverting to default,,0.00,0.00,2026-09-09_10-01-17_pruned_taxonomy_topdown_sol
22339,3d63f91c-fdd7-45c1-be82-a5252d727499,Significance of dietary sulphur and sulphate reducing bacteria in lactating dairy cattle: A review,494,Future impact,True,,,,,False,False,No annotation with this attribute found: reverting to default,,0.00,0.00,2026-09-09_10-01-17_pruned_taxonomy_topdown_sol
22339,3d63f91c-fdd7-45c1-be82-a5252d727499,Significance of dietary sulphur and sulphate reducing bacteria in lactating dairy cattle: A review,14,Changes in temperature,True,,,,,False,False,The study concerns dietary sulphur in dairy cattle and does not examine temperature conditions or warming trends.,,0.00,0.00,2026-09-09_10-01-17_pruned_taxonomy_topdown_sol
22339,3d63f91c-fdd7-45c1-be82-a5252d727499,Significance of dietary sulphur and sulphate reducing bacteria in lactating dairy cattle: A review,9,Changes in humidity,True,,,,,False,False,Atmospheric moisture or humidity is not studied.,,0.00,0.00,2026-09-09_10-01-17_pruned_taxonomy_topdown_sol
22339,3d63f91c-fdd7-45c1-be82-a5252d727499,Significance of dietary sulphur and sulphate reducing bacteria in lactating dairy cattle: A review,6,(Unspecified) changes in weather,True,,,,,False,False,The study does not address general weather patterns or weather variability.,,0.00,0.00,2026-09-09_10-01-17_pruned_taxonomy_topdown_sol
22339,3d63f91c-fdd7-45c1-be82-a5252d727499,Significance of dietary sulphur and sulphate reducing bacteria in lactating dairy cattle: A review,13,Changes in season length,True,,,,,False,False,Changes in season duration or timing are not discussed.,,0.00,0.00,2026-09-09_10-01-17_pruned_taxonomy_topdown_sol
22339,3d63f91c-fdd7-45c1-be82-a5252d727499,Significance of dietary sulphur and sulphate reducing bacteria in lactating dairy cattle: A review,8,Changes in glacier / snow melt,True,,,,,False,False,Glacier or snowpack melting is not examined.,,0.00,0.00,2026-09-09_10-01-17_pruned_taxonomy_topdown_sol
22339,3d63f91c-fdd7-45c1-be82-a5252d727499,Significance of dietary sulphur and sulphate reducing bacteria in lactating dairy cattle: A review,15,Changes in wind speed,True,,,,,False,False,The study does not concern wind patterns or wind velocity.,,0.00,0.00,2026-09-09_10-01-17_pruned_taxonomy_topdown_sol
22339,3d63f91c-fdd7-45c1-be82-a5252d727499,Significance of dietary sulphur and sulphate reducing bacteria in lactating dairy cattle: A review,10,Changes in inland water bodies,True,,,,,False,False,"No climate-driven changes in freshwater availability, levels, flows, or hydrological patterns are studied.",,0.00,0.00,2026-09-09_10-01-17_pruned_taxonomy_topdown_sol
22339,3d63f91c-fdd7-45c1-be82-a5252d727499,Significance of dietary sulphur and sulphate reducing bacteria in lactating dairy cattle: A review,11,Changes in precipitation,True,,,,,False,False,The study does not examine changes in rainfall or snowfall.,,0.00,0.00,2026-09-09_10-01-17_pruned_taxonomy_topdown_sol
22339,3d63f91c-fdd7-45c1-be82-a5252d727499,Significance of dietary sulphur and sulphate reducing bacteria in lactating dairy cattle: A review,16,Climate variability,True,,,,,False,False,Fluctuations in climate conditions over time are not part of the study.,,0.00,0.00,2026-09-09_10-01-17_pruned_taxonomy_topdown_sol
22339,3d63f91c-fdd7-45c1-be82-a5252d727499,Significance of dietary sulphur and sulphate reducing bacteria in lactating dairy cattle: A review,7,(Unspecified) climate change,True,,,,,False,False,Climate change is not a subject of the study; methane emissions are mentioned only as an aspect of sulphur supplementation in cattle.,,0.00,0.00,2026-09-09_10-01-17_pruned_taxonomy_topdown_sol
22339,3d63f91c-fdd7-45c1-be82-a5252d727499,Significance of dietary sulphur and sulphate reducing bacteria in lactating dairy cattle: A review,12,Changes in sea level,True,,,,,False,False,Sea-level rise and its drivers or effects are not discussed.,,0.00,0.00,2026-09-09_10-01-17_pruned_taxonomy_topdown_sol
22339,3d63f91c-fdd7-45c1-be82-a5252d727499,Significance of dietary sulphur and sulphate reducing bacteria in lactating dairy cattle: A review,474,"Agriculture, fishing, and forestry (Sector)",True,,,,,True,True,"The study focuses on animal nutrition and dairy cattle performance, which are subjects of livestock rearing within the agriculture sector.","Controlled amount of sulphur in dairy cattle can improve their performance in context of milk, digestion",0.00,100.00,2026-09-09_10-01-17_pruned_taxonomy_topdown_sol
22339,3d63f91c-fdd7-45c1-be82-a5252d727499,Significance of dietary sulphur and sulphate reducing bacteria in lactating dairy cattle: A review,482,Military (Sector),True,,,,,False,False,"The study does not concern armed forces, defense capabilities, military operations, or military infrastructure.",,0.00,0.00,2026-09-09_10-01-17_pruned_taxonomy_topdown_sol
22339,3d63f91c-fdd7-45c1-be82-a5252d727499,Significance of dietary sulphur and sulphate reducing bacteria in lactating dairy cattle: A review,479,Healthcare (Sector),True,,,,,False,False,"Although biological and adverse health effects in animals are discussed, the study is not about medical care, public health services, or health infrastructure.",,0.00,0.00,2026-09-09_10-01-17_pruned_taxonomy_topdown_sol
22339,3d63f91c-fdd7-45c1-be82-a5252d727499,Significance of dietary sulphur and sulphate reducing bacteria in lactating dairy cattle: A review,477,Energy and extractives (Sector),True,,,,,False,False,"The mention of methane gas emissions in cattle digestion does not make energy production, fuel systems, or resource extraction a subject of the study.",,0.00,0.00,2026-09-09_10-01-17_pruned_taxonomy_topdown_sol
22339,3d63f91c-fdd7-45c1-be82-a5252d727499,Significance of dietary sulphur and sulphate reducing bacteria in lactating dairy cattle: A review,484,Social protection (Sector),True,,,,,False,False,"The study does not examine social safety nets, welfare services, or support systems for vulnerable populations.",,0.00,0.00,2026-09-09_10-01-17_pruned_taxonomy_topdown_sol
22339,3d63f91c-fdd7-45c1-be82-a5252d727499,Significance of dietary sulphur and sulphate reducing bacteria in lactating dairy cattle: A review,475,Buildings / housing (Sector),True,,,,,False,False,"Buildings, housing, and construction are not subjects of the study.",,0.00,0.00,2026-09-09_10-01-17_pruned_taxonomy_topdown_sol
22339,3d63f91c-fdd7-45c1-be82-a5252d727499,Significance of dietary sulphur and sulphate reducing bacteria in lactating dairy cattle: A review,485,Transportation (Sector),True,,,,,False,False,"The study does not concern transportation systems, vehicles, transport infrastructure, or logistics.",,0.00,0.00,2026-09-09_10-01-17_pruned_taxonomy_topdown_sol
22339,3d63f91c-fdd7-45c1-be82-a5252d727499,Significance of dietary sulphur and sulphate reducing bacteria in lactating dairy cattle: A review,481,Information and communications technologies (Sector),True,,,,,False,False,"Telecommunications, information technology, digital infrastructure, and connectivity are not discussed.",,0.00,0.00,2026-09-09_10-01-17_pruned_taxonomy_topdown_sol
22339,3d63f91c-fdd7-45c1-be82-a5252d727499,Significance of dietary sulphur and sulphate reducing bacteria in lactating dairy cattle: A review,486,"Water, sanitation, and waste management (Sector)",True,,,,,False,False,"The study does not address water supply, sewage treatment, or solid waste management.",,0.00,0.00,2026-09-09_10-01-17_pruned_taxonomy_topdown_sol
22339,3d63f91c-fdd7-45c1-be82-a5252d727499,Significance of dietary sulphur and sulphate reducing bacteria in lactating dairy cattle: A review,478,Finance (Sector),True,,,,,False,False,"Banking, insurance, investment, and other financial services are not subjects of the study.",,0.00,0.00,2026-09-09_10-01-17_pruned_taxonomy_topdown_sol
22339,3d63f91c-fdd7-45c1-be82-a5252d727499,Significance of dietary sulphur and sulphate reducing bacteria in lactating dairy cattle: A review,480,"Industry, trade, and services (Sector)",True,,,,,False,False,"The study focuses on livestock nutrition rather than manufacturing, trade, retail, wholesale, or commercial services.",,0.00,0.00,2026-09-09_10-01-17_pruned_taxonomy_topdown_sol
22339,3d63f91c-fdd7-45c1-be82-a5252d727499,Significance of dietary sulphur and sulphate reducing bacteria in lactating dairy cattle: A review,476,Education (Sector),True,,,,,False,False,Formal or informal education systems and educational institutions are not examined.,,0.00,0.00,2026-09-09_10-01-17_pruned_taxonomy_topdown_sol
22339,3d63f91c-fdd7-45c1-be82-a5252d727499,Significance of dietary sulphur and sulphate reducing bacteria in lactating dairy cattle: A review,483,Public administration (Sector),True,,,,,False,False,"The operations, services, or workforce of public administration are not subjects of the study.",,0.00,0.00,2026-09-09_10-01-17_pruned_taxonomy_topdown_sol
22339,3d63f91c-fdd7-45c1-be82-a5252d727499,Significance of dietary sulphur and sulphate reducing bacteria in lactating dairy cattle: A review,392,Mixed-methods,True,,,,,False,False,No annotation with this attribute found: reverting to default,,0.00,0.00,2026-09-09_10-01-17_pruned_taxonomy_topdown_sol
22339,3d63f91c-fdd7-45c1-be82-a5252d727499,Significance of dietary sulphur and sulphate reducing bacteria in lactating dairy cattle: A review,394,Observational / group comparison designs,True,,,,,False,False,No annotation with this attribute found: reverting to default,,0.00,0.00,2026-09-09_10-01-17_pruned_taxonomy_topdown_sol
22339,3d63f91c-fdd7-45c1-be82-a5252d727499,Significance of dietary sulphur and sulphate reducing bacteria in lactating dairy cattle: A review,393,Modelling / simulation,True,,,,,False,False,No annotation with this attribute found: reverting to default,,0.00,0.00,2026-09-09_10-01-17_pruned_taxonomy_topdown_sol
22339,3d63f91c-fdd7-45c1-be82-a5252d727499,Significance of dietary sulphur and sulphate reducing bacteria in lactating dairy cattle: A review,390,(Quasi-)Experimental / single-group designs,True,,,,,False,False,No annotation with this attribute found: reverting to default,,0.00,0.00,2026-09-09_10-01-17_pruned_taxonomy_topdown_sol
22339,3d63f91c-fdd7-45c1-be82-a5252d727499,Significance of dietary sulphur and sulphate reducing bacteria in lactating dairy cattle: A review,429,Narrative review,True,,,,,True,True,"The context provides a broad, interpretive overview of sulphur in animal nutrition and discusses benefits and harms without reporting explicit, reproducible review methods, consistent with a narrative review.",Sulphur is an important mineral for animal nutrition as it is integral component of many biologically active compounds,0.00,100.00,2026-09-09_10-01-17_pruned_taxonomy_topdown_sol
22339,3d63f91c-fdd7-45c1-be82-a5252d727499,Significance of dietary sulphur and sulphate reducing bacteria in lactating dairy cattle: A review,396,Qualitative designs,True,,,,,False,False,No annotation with this attribute found: reverting to default,,0.00,0.00,2026-09-09_10-01-17_pruned_taxonomy_topdown_sol
22339,3d63f91c-fdd7-45c1-be82-a5252d727499,Significance of dietary sulphur and sulphate reducing bacteria in lactating dairy cattle: A review,388,2. Evidence synthesis,True,,,,,True,True,"The passage provides a broad narrative synthesis of established knowledge about sulphur in animal nutrition, including its biological roles, benefits, and harms, without describing collection or analysis of new data.",Sulphur is an important mineral for animal nutrition as it is integral component of many biologically active compounds,0.00,100.00,2026-09-09_10-01-17_pruned_taxonomy_topdown_sol
22339,3d63f91c-fdd7-45c1-be82-a5252d727499,Significance of dietary sulphur and sulphate reducing bacteria in lactating dairy cattle: A review,391,Descriptive / single-group designs,True,,,,,False,False,No annotation with this attribute found: reverting to default,,0.00,0.00,2026-09-09_10-01-17_pruned_taxonomy_topdown_sol
22339,3d63f91c-fdd7-45c1-be82-a5252d727499,Significance of dietary sulphur and sulphate reducing bacteria in lactating dairy cattle: A review,427,Health technology assessment (HTA),True,,,,,False,False,"This is not a policy-oriented health technology assessment and does not evaluate clinical effectiveness, cost-effectiveness, or wider ethical, social, legal, and organisational implications.",,0.00,0.00,2026-09-09_10-01-17_pruned_taxonomy_topdown_sol
22339,3d63f91c-fdd7-45c1-be82-a5252d727499,Significance of dietary sulphur and sulphate reducing bacteria in lactating dairy cattle: A review,395,Observational / single-group designs,True,,,,,False,False,No annotation with this attribute found: reverting to default,,0.00,0.00,2026-09-09_10-01-17_pruned_taxonomy_topdown_sol
22339,3d63f91c-fdd7-45c1-be82-a5252d727499,Significance of dietary sulphur and sulphate reducing bacteria in lactating dairy cattle: A review,426,Guideline (clinical or public health),True,,,,,False,False,The context does not present systematically developed recommendations or identify itself as a clinical or public health practice guideline.,,0.00,0.00,2026-09-09_10-01-17_pruned_taxonomy_topdown_sol
22339,3d63f91c-fdd7-45c1-be82-a5252d727499,Significance of dietary sulphur and sulphate reducing bacteria in lactating dairy cattle: A review,387,1. Primary research,True,,,,,False,False,"No original experiment, observational dataset, sampling procedure, or primary-data analysis is described.",,0.00,0.00,2026-09-09_10-01-17_pruned_taxonomy_topdown_sol
22339,3d63f91c-fdd7-45c1-be82-a5252d727499,Significance of dietary sulphur and sulphate reducing bacteria in lactating dairy cattle: A review,430,Systematic reviews,True,,,,,False,False,"No systematic search, study-selection, appraisal, or evidence-synthesis methods are described.",,0.00,0.00,2026-09-09_10-01-17_pruned_taxonomy_topdown_sol
22339,3d63f91c-fdd7-45c1-be82-a5252d727499,Significance of dietary sulphur and sulphate reducing bacteria in lactating dairy cattle: A review,397,Z_Other study design,True,,,,,False,False,No annotation with this attribute found: reverting to default,,0.00,0.00,2026-09-09_10-01-17_pruned_taxonomy_topdown_sol
22339,3d63f91c-fdd7-45c1-be82-a5252d727499,Significance of dietary sulphur and sulphate reducing bacteria in lactating dairy cattle: A review,389,(Quasi-)Experimental / group comparison designs,True,,,,,False,False,No annotation with this attribute found: reverting to default,,0.00,0.00,2026-09-09_10-01-17_pruned_taxonomy_topdown_sol
22339,3d63f91c-fdd7-45c1-be82-a5252d727499,Significance of dietary sulphur and sulphate reducing bacteria in lactating dairy cattle: A review,431,Z_Other evidence synthesis type,True,,,,,False,False,The apparent evidence synthesis is adequately captured as a narrative review rather than another unspecified synthesis type.,,0.00,0.00,2026-09-09_10-01-17_pruned_taxonomy_topdown_sol
22339,3d63f91c-fdd7-45c1-be82-a5252d727499,Significance of dietary sulphur and sulphate reducing bacteria in lactating dairy cattle: A review,428,Meta-analysis (unsystematic),True,,,,,False,False,No advanced quantitative synthesis of existing studies is reported.,,0.00,0.00,2026-09-09_10-01-17_pruned_taxonomy_topdown_sol
22339,3d63f91c-fdd7-45c1-be82-a5252d727499,Significance of dietary sulphur and sulphate reducing bacteria in lactating dairy cattle: A review,117,"1.2. Communicable, maternal, neonatal, and nutritional mortality",True,,,,,False,False,No annotation with this attribute found: reverting to default,,0.00,0.00,2026-09-09_10-01-17_pruned_taxonomy_topdown_sol
22339,3d63f91c-fdd7-45c1-be82-a5252d727499,Significance of dietary sulphur and sulphate reducing bacteria in lactating dairy cattle: A review,196,Chronic respiratory diseases,True,,,,,False,False,No annotation with this attribute found: reverting to default,,0.00,0.00,2026-09-09_10-01-17_pruned_taxonomy_topdown_sol
22339,3d63f91c-fdd7-45c1-be82-a5252d727499,Significance of dietary sulphur and sulphate reducing bacteria in lactating dairy cattle: A review,201,Neoplasms,True,,,,,False,False,No annotation with this attribute found: reverting to default,,0.00,0.00,2026-09-09_10-01-17_pruned_taxonomy_topdown_sol
22339,3d63f91c-fdd7-45c1-be82-a5252d727499,Significance of dietary sulphur and sulphate reducing bacteria in lactating dairy cattle: A review,118,1.3. Non-communicable mortality,True,,,,,False,False,No annotation with this attribute found: reverting to default,,0.00,0.00,2026-09-09_10-01-17_pruned_taxonomy_topdown_sol
22339,3d63f91c-fdd7-45c1-be82-a5252d727499,Significance of dietary sulphur and sulphate reducing bacteria in lactating dairy cattle: A review,138,Respiratory infections and tuberculosis,True,,,,,False,False,No annotation with this attribute found: reverting to default,,0.00,0.00,2026-09-09_10-01-17_pruned_taxonomy_topdown_sol
22339,3d63f91c-fdd7-45c1-be82-a5252d727499,Significance of dietary sulphur and sulphate reducing bacteria in lactating dairy cattle: A review,116,1.1. Total / all-cause mortality (Outcome),True,,,,,False,False,No annotation with this attribute found: reverting to default,,0.00,0.00,2026-09-09_10-01-17_pruned_taxonomy_topdown_sol
22339,3d63f91c-fdd7-45c1-be82-a5252d727499,Significance of dietary sulphur and sulphate reducing bacteria in lactating dairy cattle: A review,204,Skin and subcutaneous diseases,True,,,,,False,False,No annotation with this attribute found: reverting to default,,0.00,0.00,2026-09-09_10-01-17_pruned_taxonomy_topdown_sol
22339,3d63f91c-fdd7-45c1-be82-a5252d727499,Significance of dietary sulphur and sulphate reducing bacteria in lactating dairy cattle: A review,197,Diabetes and kidney diseases,True,,,,,False,False,No annotation with this attribute found: reverting to default,,0.00,0.00,2026-09-09_10-01-17_pruned_taxonomy_topdown_sol
22339,3d63f91c-fdd7-45c1-be82-a5252d727499,Significance of dietary sulphur and sulphate reducing bacteria in lactating dairy cattle: A review,198,Digestive diseases,True,,,,,False,False,No annotation with this attribute found: reverting to default,,0.00,0.00,2026-09-09_10-01-17_pruned_taxonomy_topdown_sol
22339,3d63f91c-fdd7-45c1-be82-a5252d727499,Significance of dietary sulphur and sulphate reducing bacteria in lactating dairy cattle: A review,137,Nutritional deficiencies,True,,,,,False,False,No annotation with this attribute found: reverting to default,,0.00,0.00,2026-09-09_10-01-17_pruned_taxonomy_topdown_sol
22339,3d63f91c-fdd7-45c1-be82-a5252d727499,Significance of dietary sulphur and sulphate reducing bacteria in lactating dairy cattle: A review,134,HIV/AIDS and sexually transmitted infections,True,,,,,False,False,No annotation with this attribute found: reverting to default,,0.00,0.00,2026-09-09_10-01-17_pruned_taxonomy_topdown_sol
22339,3d63f91c-fdd7-45c1-be82-a5252d727499,Significance of dietary sulphur and sulphate reducing bacteria in lactating dairy cattle: A review,203,Sense organ diseases,True,,,,,False,False,No annotation with this attribute found: reverting to default,,0.00,0.00,2026-09-09_10-01-17_pruned_taxonomy_topdown_sol
22339,3d63f91c-fdd7-45c1-be82-a5252d727499,Significance of dietary sulphur and sulphate reducing bacteria in lactating dairy cattle: A review,195,Cardiovascular diseases,True,,,,,False,False,No annotation with this attribute found: reverting to default,,0.00,0.00,2026-09-09_10-01-17_pruned_taxonomy_topdown_sol
22339,3d63f91c-fdd7-45c1-be82-a5252d727499,Significance of dietary sulphur and sulphate reducing bacteria in lactating dairy cattle: A review,289,Transport injuries,True,,,,,False,False,No annotation with this attribute found: reverting to default,,0.00,0.00,2026-09-09_10-01-17_pruned_taxonomy_topdown_sol
22339,3d63f91c-fdd7-45c1-be82-a5252d727499,Significance of dietary sulphur and sulphate reducing bacteria in lactating dairy cattle: A review,113,"2. Communicable, maternal, neonatal, and nutritional diseases",True,,,,,False,False,"The context concerns sulphur nutrition in dairy cattle and does not study infectious, maternal, neonatal, or nutritional diseases as a GBD health outcome.",,0.00,0.00,2026-09-09_10-01-17_pruned_taxonomy_topdown_sol
22339,3d63f91c-fdd7-45c1-be82-a5252d727499,Significance of dietary sulphur and sulphate reducing bacteria in lactating dairy cattle: A review,139,Z_Other infectious diseases,True,,,,,False,False,No annotation with this attribute found: reverting to default,,0.00,0.00,2026-09-09_10-01-17_pruned_taxonomy_topdown_sol
22339,3d63f91c-fdd7-45c1-be82-a5252d727499,Significance of dietary sulphur and sulphate reducing bacteria in lactating dairy cattle: A review,135,Maternal and neonatal disorders,True,,,,,False,False,No annotation with this attribute found: reverting to default,,0.00,0.00,2026-09-09_10-01-17_pruned_taxonomy_topdown_sol
22339,3d63f91c-fdd7-45c1-be82-a5252d727499,Significance of dietary sulphur and sulphate reducing bacteria in lactating dairy cattle: A review,202,Neurological disorders,True,,,,,False,False,No annotation with this attribute found: reverting to default,,0.00,0.00,2026-09-09_10-01-17_pruned_taxonomy_topdown_sol
22339,3d63f91c-fdd7-45c1-be82-a5252d727499,Significance of dietary sulphur and sulphate reducing bacteria in lactating dairy cattle: A review,288,Self-harm and interpersonal violence,True,,,,,False,False,No annotation with this attribute found: reverting to default,,0.00,0.00,2026-09-09_10-01-17_pruned_taxonomy_topdown_sol
22339,3d63f91c-fdd7-45c1-be82-a5252d727499,Significance of dietary sulphur and sulphate reducing bacteria in lactating dairy cattle: A review,206,Z_Other non-communicable diseases,True,,,,,False,False,No annotation with this attribute found: reverting to default,,0.00,0.00,2026-09-09_10-01-17_pruned_taxonomy_topdown_sol
22339,3d63f91c-fdd7-45c1-be82-a5252d727499,Significance of dietary sulphur and sulphate reducing bacteria in lactating dairy cattle: A review,200,Musculoskeletal disorders,True,,,,,False,False,No annotation with this attribute found: reverting to default,,0.00,0.00,2026-09-09_10-01-17_pruned_taxonomy_topdown_sol
22339,3d63f91c-fdd7-45c1-be82-a5252d727499,Significance of dietary sulphur and sulphate reducing bacteria in lactating dairy cattle: A review,133,Enteric infections,True,,,,,False,False,No annotation with this attribute found: reverting to default,,0.00,0.00,2026-09-09_10-01-17_pruned_taxonomy_topdown_sol
22339,3d63f91c-fdd7-45c1-be82-a5252d727499,Significance of dietary sulphur and sulphate reducing bacteria in lactating dairy cattle: A review,114,3. Non-communicable diseases,True,,,,,False,False,No chronic non-infectious disease is a subject or outcome of the context.,,0.00,0.00,2026-09-09_10-01-17_pruned_taxonomy_topdown_sol
22339,3d63f91c-fdd7-45c1-be82-a5252d727499,Significance of dietary sulphur and sulphate reducing bacteria in lactating dairy cattle: A review,112,1. Mortality (Outcome),True,,,,,False,False,Death or mortality is not reported or examined as an outcome.,,0.00,0.00,2026-09-09_10-01-17_pruned_taxonomy_topdown_sol
22339,3d63f91c-fdd7-45c1-be82-a5252d727499,Significance of dietary sulphur and sulphate reducing bacteria in lactating dairy cattle: A review,115,4. Injuries,True,,,,,False,False,The context mentions possible harmful effects from excessive sulphur but does not examine bodily injury from external causes.,,0.00,0.00,2026-09-09_10-01-17_pruned_taxonomy_topdown_sol
22339,3d63f91c-fdd7-45c1-be82-a5252d727499,Significance of dietary sulphur and sulphate reducing bacteria in lactating dairy cattle: A review,199,Mental disorders,True,,,,,False,False,No annotation with this attribute found: reverting to default,,0.00,0.00,2026-09-09_10-01-17_pruned_taxonomy_topdown_sol
22339,3d63f91c-fdd7-45c1-be82-a5252d727499,Significance of dietary sulphur and sulphate reducing bacteria in lactating dairy cattle: A review,205,Substance use disorders,True,,,,,False,False,No annotation with this attribute found: reverting to default,,0.00,0.00,2026-09-09_10-01-17_pruned_taxonomy_topdown_sol
22339,3d63f91c-fdd7-45c1-be82-a5252d727499,Significance of dietary sulphur and sulphate reducing bacteria in lactating dairy cattle: A review,136,Neglected tropical diseases and malaria,True,,,,,False,False,No annotation with this attribute found: reverting to default,,0.00,0.00,2026-09-09_10-01-17_pruned_taxonomy_topdown_sol
22339,3d63f91c-fdd7-45c1-be82-a5252d727499,Significance of dietary sulphur and sulphate reducing bacteria in lactating dairy cattle: A review,290,Unintentional injuries,True,,,,,False,False,No annotation with this attribute found: reverting to default,,0.00,0.00,2026-09-09_10-01-17_pruned_taxonomy_topdown_sol
45858,498f8d2f-abbb-4a08-ba43-4c51d576a32c,Constructed Wetlands Lessons from Three Middle East Countries : The Effect of Plants and Filter Media on CW Performance,38,Oil,True,,,,,False,False,"The study concerns constructed wetlands, wastewater treatment and reuse, and water scarcity; it does not address oil or petroleum products.",,0.00,0.00,2026-09-09_10-01-17_pruned_taxonomy_topdown_sol
45858,498f8d2f-abbb-4a08-ba43-4c51d576a32c,Constructed Wetlands Lessons from Three Middle East Countries : The Effect of Plants and Filter Media on CW Performance,36,Coal,True,,,,,False,False,"Coal is not a subject, exposure, or energy source discussed in the study.",,0.00,0.00,2026-09-09_10-01-17_pruned_taxonomy_topdown_sol
45858,498f8d2f-abbb-4a08-ba43-4c51d576a32c,Constructed Wetlands Lessons from Three Middle East Countries : The Effect of Plants and Filter Media on CW Performance,37,Natural gas,True,,,,,False,False,Natural gas or methane-based fossil fuel use is not discussed.,,0.00,0.00,2026-09-09_10-01-17_pruned_taxonomy_topdown_sol
45858,498f8d2f-abbb-4a08-ba43-4c51d576a32c,Constructed Wetlands Lessons from Three Middle East Countries : The Effect of Plants and Filter Media on CW Performance,35,(Unspecified) fossil fuels,True,,,,,False,False,"The study does not refer to fossil fuel use or combustion, either generally or by a specific fuel type.",,0.00,0.00,2026-09-09_10-01-17_pruned_taxonomy_topdown_sol
45858,498f8d2f-abbb-4a08-ba43-4c51d576a32c,Constructed Wetlands Lessons from Three Middle East Countries : The Effect of Plants and Filter Media on CW Performance,21,Nitrous oxide (N₂O),True,,,,,False,False,"The study concerns constructed wetlands, wastewater reuse, water scarcity, and agriculture; nitrous oxide is not a subject or measured emission.",,0.00,0.00,2026-09-09_10-01-17_pruned_taxonomy_topdown_sol
45858,498f8d2f-abbb-4a08-ba43-4c51d576a32c,Constructed Wetlands Lessons from Three Middle East Countries : The Effect of Plants and Filter Media on CW Performance,17,(Unspecified) greenhouse gases,True,,,,,False,False,Greenhouse gases are not discussed collectively or examined as an exposure or outcome.,,0.00,0.00,2026-09-09_10-01-17_pruned_taxonomy_topdown_sol
45858,498f8d2f-abbb-4a08-ba43-4c51d576a32c,Constructed Wetlands Lessons from Three Middle East Countries : The Effect of Plants and Filter Media on CW Performance,24,Tropospheric ozone (O₃),True,,,,,False,False,Ground-level ozone and its respiratory health effects are not addressed.,,0.00,0.00,2026-09-09_10-01-17_pruned_taxonomy_topdown_sol
45858,498f8d2f-abbb-4a08-ba43-4c51d576a32c,Constructed Wetlands Lessons from Three Middle East Countries : The Effect of Plants and Filter Media on CW Performance,18,Carbon dioxide (CO₂),True,,,,,False,False,"Carbon dioxide emissions, concentrations, or climate effects are not a focus of the study.",,0.00,0.00,2026-09-09_10-01-17_pruned_taxonomy_topdown_sol
45858,498f8d2f-abbb-4a08-ba43-4c51d576a32c,Constructed Wetlands Lessons from Three Middle East Countries : The Effect of Plants and Filter Media on CW Performance,23,Particulate matter (PM10) / fine particulate matter (PM2.5) / black/organic carbon / sulfate/nitrate aerosols,True,,,,,False,False,"The study does not address particulate matter, air pollution, or related respiratory and cardiovascular effects.",,0.00,0.00,2026-09-09_10-01-17_pruned_taxonomy_topdown_sol
45858,498f8d2f-abbb-4a08-ba43-4c51d576a32c,Constructed Wetlands Lessons from Three Middle East Countries : The Effect of Plants and Filter Media on CW Performance,20,Methane (CH₄),True,,,,,False,False,Methane emissions or climate impacts are not discussed as part of the wastewater treatment research.,,0.00,0.00,2026-09-09_10-01-17_pruned_taxonomy_topdown_sol
45858,498f8d2f-abbb-4a08-ba43-4c51d576a32c,Constructed Wetlands Lessons from Three Middle East Countries : The Effect of Plants and Filter Media on CW Performance,22,Ozone-depleting substances / chlorofluorocarbons / hydrochlorofluorocarbons / halons / carbon tetrachloride / methyl chloroform,True,,,,,False,False,No ozone-depleting substances or Montreal Protocol-related chemicals are examined.,,0.00,0.00,2026-09-09_10-01-17_pruned_taxonomy_topdown_sol
45858,498f8d2f-abbb-4a08-ba43-4c51d576a32c,Constructed Wetlands Lessons from Three Middle East Countries : The Effect of Plants and Filter Media on CW Performance,19,Fluorinated gases / hydrofluorocarbons / perfluorocarbons / sulfur hexafluoride / nitrogen trifluoride,True,,,,,False,False,Synthetic fluorinated greenhouse gases used in industrial applications are not relevant to the study's wastewater reuse focus.,,0.00,0.00,2026-09-09_10-01-17_pruned_taxonomy_topdown_sol
45858,498f8d2f-abbb-4a08-ba43-4c51d576a32c,Constructed Wetlands Lessons from Three Middle East Countries : The Effect of Plants and Filter Media on CW Performance,29,Extreme snow/ice events,True,,,,,False,False,The study does not concern severe snow or ice conditions.,,0.00,0.00,2026-09-09_10-01-17_pruned_taxonomy_topdown_sol
45858,498f8d2f-abbb-4a08-ba43-4c51d576a32c,Constructed Wetlands Lessons from Three Middle East Countries : The Effect of Plants and Filter Media on CW Performance,34,Z_(Unspecified) extreme weather events,True,,,,,False,False,No unspecified extreme weather or climate-extreme event is studied.,,0.00,0.00,2026-09-09_10-01-17_pruned_taxonomy_topdown_sol
45858,498f8d2f-abbb-4a08-ba43-4c51d576a32c,Constructed Wetlands Lessons from Three Middle East Countries : The Effect of Plants and Filter Media on CW Performance,28,Extreme precipitation,True,,,,,False,False,The study does not address extreme precipitation.,,0.00,0.00,2026-09-09_10-01-17_pruned_taxonomy_topdown_sol
45858,498f8d2f-abbb-4a08-ba43-4c51d576a32c,Constructed Wetlands Lessons from Three Middle East Countries : The Effect of Plants and Filter Media on CW Performance,25,Droughts,True,,,,,False,False,The study concerns chronic water scarcity and wastewater reuse rather than a defined drought event or prolonged meteorological water deficit.,"Water scarcity is an on-going issue in the Middle East region, and wastewater treatment and reuse could relieve much of this water scarcity.",0.00,100.00,2026-09-09_10-01-17_pruned_taxonomy_topdown_sol
45858,498f8d2f-abbb-4a08-ba43-4c51d576a32c,Constructed Wetlands Lessons from Three Middle East Countries : The Effect of Plants and Filter Media on CW Performance,26,Extreme cold,True,,,,,False,False,The study does not concern abnormally low temperatures.,,0.00,0.00,2026-09-09_10-01-17_pruned_taxonomy_topdown_sol
45858,498f8d2f-abbb-4a08-ba43-4c51d576a32c,Constructed Wetlands Lessons from Three Middle East Countries : The Effect of Plants and Filter Media on CW Performance,32,Storms and severe wind,True,,,,,False,False,"No cyclones, severe thunderstorms, hailstorms, or comparable storms are discussed.",,0.00,0.00,2026-09-09_10-01-17_pruned_taxonomy_topdown_sol
45858,498f8d2f-abbb-4a08-ba43-4c51d576a32c,Constructed Wetlands Lessons from Three Middle East Countries : The Effect of Plants and Filter Media on CW Performance,27,Extreme heat,True,,,,,False,False,The study does not address extreme heat or heatwaves.,,0.00,0.00,2026-09-09_10-01-17_pruned_taxonomy_topdown_sol
45858,498f8d2f-abbb-4a08-ba43-4c51d576a32c,Constructed Wetlands Lessons from Three Middle East Countries : The Effect of Plants and Filter Media on CW Performance,31,Sand and dust storms,True,,,,,False,False,The study does not concern sand or dust storms.,,0.00,0.00,2026-09-09_10-01-17_pruned_taxonomy_topdown_sol
45858,498f8d2f-abbb-4a08-ba43-4c51d576a32c,Constructed Wetlands Lessons from Three Middle East Countries : The Effect of Plants and Filter Media on CW Performance,33,Wildfires,True,,,,,False,False,The study does not concern wildfires.,,0.00,0.00,2026-09-09_10-01-17_pruned_taxonomy_topdown_sol
45858,498f8d2f-abbb-4a08-ba43-4c51d576a32c,Constructed Wetlands Lessons from Three Middle East Countries : The Effect of Plants and Filter Media on CW Performance,30,Floods,True,,,,,False,False,The study does not address flooding or temporary inundation.,,0.00,0.00,2026-09-09_10-01-17_pruned_taxonomy_topdown_sol
45858,498f8d2f-abbb-4a08-ba43-4c51d576a32c,Constructed Wetlands Lessons from Three Middle East Countries : The Effect of Plants and Filter Media on CW Performance,490,Maladaptation,True,,,,,False,False,"The study presents constructed wetlands as beneficial for water reuse and does not examine unintended increases in vulnerability, exposure, or other maladaptive outcomes.",,0.00,0.00,2026-09-09_10-01-17_pruned_taxonomy_topdown_sol
45858,498f8d2f-abbb-4a08-ba43-4c51d576a32c,Constructed Wetlands Lessons from Three Middle East Countries : The Effect of Plants and Filter Media on CW Performance,487,Adaptation,True,,,,,True,True,"The study evaluates constructed wetlands and wastewater reuse as practical measures for coping with water scarcity and supporting agricultural production, which falls within adaptation and water-stress management.",The results suggest that CWs can indeed offer an effective way to aleviate water scarcity and improve agriculture production in the rural areas in the Middle East.,0.00,100.00,2026-09-09_10-01-17_pruned_taxonomy_topdown_sol
45858,498f8d2f-abbb-4a08-ba43-4c51d576a32c,Constructed Wetlands Lessons from Three Middle East Countries : The Effect of Plants and Filter Media on CW Performance,496,Co-Benefits,True,,,,,False,False,No annotation with this attribute found: reverting to default,,0.00,0.00,2026-09-09_10-01-17_pruned_taxonomy_topdown_sol
45858,498f8d2f-abbb-4a08-ba43-4c51d576a32c,Constructed Wetlands Lessons from Three Middle East Countries : The Effect of Plants and Filter Media on CW Performance,488,Impact,True,,,,,False,False,"Although water scarcity is central to the study, the abstract does not characterize it as an effect of temperature, precipitation, drought, or another climate variable or climate-related event.",,0.00,0.00,2026-09-09_10-01-17_pruned_taxonomy_topdown_sol
45858,498f8d2f-abbb-4a08-ba43-4c51d576a32c,Constructed Wetlands Lessons from Three Middle East Countries : The Effect of Plants and Filter Media on CW Performance,495,Loss and damage,True,,,,,False,False,No annotation with this attribute found: reverting to default,,0.00,0.00,2026-09-09_10-01-17_pruned_taxonomy_topdown_sol
45858,498f8d2f-abbb-4a08-ba43-4c51d576a32c,Constructed Wetlands Lessons from Three Middle East Countries : The Effect of Plants and Filter Media on CW Performance,493,Attribution,True,,,,,False,False,No annotation with this attribute found: reverting to default,,0.00,0.00,2026-09-09_10-01-17_pruned_taxonomy_topdown_sol
45858,498f8d2f-abbb-4a08-ba43-4c51d576a32c,Constructed Wetlands Lessons from Three Middle East Countries : The Effect of Plants and Filter Media on CW Performance,489,Mitigation,True,,,,,False,False,"The study does not concern greenhouse-gas emissions, fossil fuels, their harms, or strategies intended to reduce emissions.",,0.00,0.00,2026-09-09_10-01-17_pruned_taxonomy_topdown_sol
45858,498f8d2f-abbb-4a08-ba43-4c51d576a32c,Constructed Wetlands Lessons from Three Middle East Countries : The Effect of Plants and Filter Media on CW Performance,492,Resilience,True,,,,,True,True,"Decentralized wastewater treatment and reuse are examined as ways to strengthen rural communities' capacity to cope with persistent water scarcity and sustain agricultural production, which constitutes resilience to an environmental stress.",The results suggest that CWs can indeed offer an effective way to aleviate water scarcity and improve agriculture production in the rural areas in the Middle East.,0.00,100.00,2026-09-09_10-01-17_pruned_taxonomy_topdown_sol
45858,498f8d2f-abbb-4a08-ba43-4c51d576a32c,Constructed Wetlands Lessons from Three Middle East Countries : The Effect of Plants and Filter Media on CW Performance,491,Preparedness,True,,,,,False,False,"Although the study develops and tests a measure for addressing ongoing water scarcity, it does not focus on advance planning or capacity-building for effective responses to future climate-related events.",,0.00,0.00,2026-09-09_10-01-17_pruned_taxonomy_topdown_sol
45858,498f8d2f-abbb-4a08-ba43-4c51d576a32c,Constructed Wetlands Lessons from Three Middle East Countries : The Effect of Plants and Filter Media on CW Performance,494,Future impact,True,,,,,False,False,No annotation with this attribute found: reverting to default,,0.00,0.00,2026-09-09_10-01-17_pruned_taxonomy_topdown_sol
45858,498f8d2f-abbb-4a08-ba43-4c51d576a32c,Constructed Wetlands Lessons from Three Middle East Countries : The Effect of Plants and Filter Media on CW Performance,14,Changes in temperature,True,,,,,False,False,The study does not examine long-term temperature shifts or warming trends.,,0.00,0.00,2026-09-09_10-01-17_pruned_taxonomy_topdown_sol
45858,498f8d2f-abbb-4a08-ba43-4c51d576a32c,Constructed Wetlands Lessons from Three Middle East Countries : The Effect of Plants and Filter Media on CW Performance,9,Changes in humidity,True,,,,,False,False,Changes in atmospheric moisture or humidity are not studied.,,0.00,0.00,2026-09-09_10-01-17_pruned_taxonomy_topdown_sol
45858,498f8d2f-abbb-4a08-ba43-4c51d576a32c,Constructed Wetlands Lessons from Three Middle East Countries : The Effect of Plants and Filter Media on CW Performance,6,(Unspecified) changes in weather,True,,,,,False,False,The study does not address general weather-pattern changes or weather variability.,,0.00,0.00,2026-09-09_10-01-17_pruned_taxonomy_topdown_sol
45858,498f8d2f-abbb-4a08-ba43-4c51d576a32c,Constructed Wetlands Lessons from Three Middle East Countries : The Effect of Plants and Filter Media on CW Performance,13,Changes in season length,True,,,,,False,False,No changes in season duration or timing are discussed.,,0.00,0.00,2026-09-09_10-01-17_pruned_taxonomy_topdown_sol
45858,498f8d2f-abbb-4a08-ba43-4c51d576a32c,Constructed Wetlands Lessons from Three Middle East Countries : The Effect of Plants and Filter Media on CW Performance,8,Changes in glacier / snow melt,True,,,,,False,False,Glacier or snowpack melting is not examined.,,0.00,0.00,2026-09-09_10-01-17_pruned_taxonomy_topdown_sol
45858,498f8d2f-abbb-4a08-ba43-4c51d576a32c,Constructed Wetlands Lessons from Three Middle East Countries : The Effect of Plants and Filter Media on CW Performance,15,Changes in wind speed,True,,,,,False,False,The study does not address changes in wind patterns or velocity.,,0.00,0.00,2026-09-09_10-01-17_pruned_taxonomy_topdown_sol
45858,498f8d2f-abbb-4a08-ba43-4c51d576a32c,Constructed Wetlands Lessons from Three Middle East Countries : The Effect of Plants and Filter Media on CW Performance,10,Changes in inland water bodies,True,,,,,False,False,"Water scarcity is central to the study, but it is not presented as a climate-driven change in freshwater levels, availability, or hydrological patterns. The focus is wastewater treatment and reuse through constructed wetlands.","Water scarcity is an on-going issue in the Middle East region, and wastewater treatment and reuse could relieve much of this water scarcity.",0.00,100.00,2026-09-09_10-01-17_pruned_taxonomy_topdown_sol
45858,498f8d2f-abbb-4a08-ba43-4c51d576a32c,Constructed Wetlands Lessons from Three Middle East Countries : The Effect of Plants and Filter Media on CW Performance,11,Changes in precipitation,True,,,,,False,False,"No alterations in rainfall or snowfall amount, timing, or intensity are discussed.",,0.00,0.00,2026-09-09_10-01-17_pruned_taxonomy_topdown_sol
45858,498f8d2f-abbb-4a08-ba43-4c51d576a32c,Constructed Wetlands Lessons from Three Middle East Countries : The Effect of Plants and Filter Media on CW Performance,16,Climate variability,True,,,,,False,False,"The study does not examine fluctuations in climate conditions over months, years, or decades.",,0.00,0.00,2026-09-09_10-01-17_pruned_taxonomy_topdown_sol
45858,498f8d2f-abbb-4a08-ba43-4c51d576a32c,Constructed Wetlands Lessons from Three Middle East Countries : The Effect of Plants and Filter Media on CW Performance,7,(Unspecified) climate change,True,,,,,False,False,"Climate change, whether general or mechanism-specific, is not identified as a subject of the study.",,0.00,0.00,2026-09-09_10-01-17_pruned_taxonomy_topdown_sol
45858,498f8d2f-abbb-4a08-ba43-4c51d576a32c,Constructed Wetlands Lessons from Three Middle East Countries : The Effect of Plants and Filter Media on CW Performance,12,Changes in sea level,True,,,,,False,False,Sea-level rise and its drivers or consequences are not discussed.,,0.00,0.00,2026-09-09_10-01-17_pruned_taxonomy_topdown_sol
45858,498f8d2f-abbb-4a08-ba43-4c51d576a32c,Constructed Wetlands Lessons from Three Middle East Countries : The Effect of Plants and Filter Media on CW Performance,474,"Agriculture, fishing, and forestry (Sector)",True,,,,,True,True,Agriculture is a substantive beneficiary and application of wastewater reuse in rural areas.,The results suggest that CWs can indeed offer an effective way to aleviate water scarcity and improve agriculture production in the rural areas in the Middle East.,0.00,100.00,2026-09-09_10-01-17_pruned_taxonomy_topdown_sol
45858,498f8d2f-abbb-4a08-ba43-4c51d576a32c,Constructed Wetlands Lessons from Three Middle East Countries : The Effect of Plants and Filter Media on CW Performance,482,Military (Sector),True,,,,,False,False,"The study does not concern armed forces, defense operations, military personnel, or military infrastructure.",,0.00,0.00,2026-09-09_10-01-17_pruned_taxonomy_topdown_sol
45858,498f8d2f-abbb-4a08-ba43-4c51d576a32c,Constructed Wetlands Lessons from Three Middle East Countries : The Effect of Plants and Filter Media on CW Performance,479,Healthcare (Sector),True,,,,,False,False,"The study does not examine medical care, public health services, or health infrastructure.",,0.00,0.00,2026-09-09_10-01-17_pruned_taxonomy_topdown_sol
45858,498f8d2f-abbb-4a08-ba43-4c51d576a32c,Constructed Wetlands Lessons from Three Middle East Countries : The Effect of Plants and Filter Media on CW Performance,477,Energy and extractives (Sector),True,,,,,False,False,"Electricity, fuels, renewable energy, and resource extraction are not subjects of the study.",,0.00,0.00,2026-09-09_10-01-17_pruned_taxonomy_topdown_sol
45858,498f8d2f-abbb-4a08-ba43-4c51d576a32c,Constructed Wetlands Lessons from Three Middle East Countries : The Effect of Plants and Filter Media on CW Performance,484,Social protection (Sector),True,,,,,False,False,"The study does not address welfare services, social safety nets, or social protection systems.",,0.00,0.00,2026-09-09_10-01-17_pruned_taxonomy_topdown_sol
45858,498f8d2f-abbb-4a08-ba43-4c51d576a32c,Constructed Wetlands Lessons from Three Middle East Countries : The Effect of Plants and Filter Media on CW Performance,475,Buildings / housing (Sector),True,,,,,False,False,"Although constructed wetlands are built infrastructure, the study is not about residential or commercial buildings, housing, or the construction sector.",,0.00,0.00,2026-09-09_10-01-17_pruned_taxonomy_topdown_sol
45858,498f8d2f-abbb-4a08-ba43-4c51d576a32c,Constructed Wetlands Lessons from Three Middle East Countries : The Effect of Plants and Filter Media on CW Performance,485,Transportation (Sector),True,,,,,False,False,"The study does not concern transportation systems, vehicles, transport infrastructure, or logistics.",,0.00,0.00,2026-09-09_10-01-17_pruned_taxonomy_topdown_sol
45858,498f8d2f-abbb-4a08-ba43-4c51d576a32c,Constructed Wetlands Lessons from Three Middle East Countries : The Effect of Plants and Filter Media on CW Performance,481,Information and communications technologies (Sector),True,,,,,False,False,"Telecommunications, digital infrastructure, and information technology are not examined.",,0.00,0.00,2026-09-09_10-01-17_pruned_taxonomy_topdown_sol
45858,498f8d2f-abbb-4a08-ba43-4c51d576a32c,Constructed Wetlands Lessons from Three Middle East Countries : The Effect of Plants and Filter Media on CW Performance,486,"Water, sanitation, and waste management (Sector)",True,,,,,True,True,"The central subject is wastewater treatment and reuse through constructed wetlands, directly within the water supply and sewage-treatment sector.","This chapter describes the building, testing and adaptation of constructed wetlands in Israel, Jordan and Palestine.",0.00,100.00,2026-09-09_10-01-17_pruned_taxonomy_topdown_sol
45858,498f8d2f-abbb-4a08-ba43-4c51d576a32c,Constructed Wetlands Lessons from Three Middle East Countries : The Effect of Plants and Filter Media on CW Performance,478,Finance (Sector),True,,,,,False,False,"The study does not address banking, insurance, investment, or finance mechanisms.",,0.00,0.00,2026-09-09_10-01-17_pruned_taxonomy_topdown_sol
45858,498f8d2f-abbb-4a08-ba43-4c51d576a32c,Constructed Wetlands Lessons from Three Middle East Countries : The Effect of Plants and Filter Media on CW Performance,480,"Industry, trade, and services (Sector)",True,,,,,False,False,"Manufacturing, trade, retail, and commercial services are not substantive subjects of the study.",,0.00,0.00,2026-09-09_10-01-17_pruned_taxonomy_topdown_sol
45858,498f8d2f-abbb-4a08-ba43-4c51d576a32c,Constructed Wetlands Lessons from Three Middle East Countries : The Effect of Plants and Filter Media on CW Performance,476,Education (Sector),True,,,,,False,False,"The study does not concern schools, universities, vocational institutions, or education systems.",,0.00,0.00,2026-09-09_10-01-17_pruned_taxonomy_topdown_sol
45858,498f8d2f-abbb-4a08-ba43-4c51d576a32c,Constructed Wetlands Lessons from Three Middle East Countries : The Effect of Plants and Filter Media on CW Performance,483,Public administration (Sector),True,,,,,False,False,"The study mentions regional wastewater practices but does not examine public-administration operations, services, or workforce.",,0.00,0.00,2026-09-09_10-01-17_pruned_taxonomy_topdown_sol
45858,498f8d2f-abbb-4a08-ba43-4c51d576a32c,Constructed Wetlands Lessons from Three Middle East Countries : The Effect of Plants and Filter Media on CW Performance,392,Mixed-methods,True,,,,,False,False,The chapter does not report an integrated quantitative and qualitative research design.,,0.00,0.00,2026-09-09_10-01-17_pruned_taxonomy_topdown_sol
45858,498f8d2f-abbb-4a08-ba43-4c51d576a32c,Constructed Wetlands Lessons from Three Middle East Countries : The Effect of Plants and Filter Media on CW Performance,394,Observational / group comparison designs,True,,,,,False,False,It does not describe an observational comparison of naturally exposed and unexposed groups.,,0.00,0.00,2026-09-09_10-01-17_pruned_taxonomy_topdown_sol
45858,498f8d2f-abbb-4a08-ba43-4c51d576a32c,Constructed Wetlands Lessons from Three Middle East Countries : The Effect of Plants and Filter Media on CW Performance,393,Modelling / simulation,True,,,,,False,False,"No mathematical, statistical, computational, or scenario-based modelling is described.",,0.00,0.00,2026-09-09_10-01-17_pruned_taxonomy_topdown_sol
45858,498f8d2f-abbb-4a08-ba43-4c51d576a32c,Constructed Wetlands Lessons from Three Middle East Countries : The Effect of Plants and Filter Media on CW Performance,390,(Quasi-)Experimental / single-group designs,True,,,,,False,False,"Although constructed wetlands were implemented and tested, the abstract refers to different wetland types, media, and plant conditions rather than a single intervention group without comparison.",,0.00,0.00,2026-09-09_10-01-17_pruned_taxonomy_topdown_sol
45858,498f8d2f-abbb-4a08-ba43-4c51d576a32c,Constructed Wetlands Lessons from Three Middle East Countries : The Effect of Plants and Filter Media on CW Performance,429,Narrative review,True,,,,,False,False,No annotation with this attribute found: reverting to default,,0.00,0.00,2026-09-09_10-01-17_pruned_taxonomy_topdown_sol
45858,498f8d2f-abbb-4a08-ba43-4c51d576a32c,Constructed Wetlands Lessons from Three Middle East Countries : The Effect of Plants and Filter Media on CW Performance,396,Qualitative designs,True,,,,,False,False,"No qualitative methods for examining experiences, meanings, or contextual perspectives are reported.",,0.00,0.00,2026-09-09_10-01-17_pruned_taxonomy_topdown_sol
45858,498f8d2f-abbb-4a08-ba43-4c51d576a32c,Constructed Wetlands Lessons from Three Middle East Countries : The Effect of Plants and Filter Media on CW Performance,388,2. Evidence synthesis,True,,,,,False,False,"The chapter reports the building, testing, and adaptation of constructed wetlands rather than synthesizing existing studies or literature.",,0.00,0.00,2026-09-09_10-01-17_pruned_taxonomy_topdown_sol
45858,498f8d2f-abbb-4a08-ba43-4c51d576a32c,Constructed Wetlands Lessons from Three Middle East Countries : The Effect of Plants and Filter Media on CW Performance,391,Descriptive / single-group designs,True,,,,,True,False,The work goes beyond describing a single unmanipulated group by building and testing wastewater-treatment interventions.,,0.00,0.00,2026-09-09_10-01-17_pruned_taxonomy_topdown_sol
45858,498f8d2f-abbb-4a08-ba43-4c51d576a32c,Constructed Wetlands Lessons from Three Middle East Countries : The Effect of Plants and Filter Media on CW Performance,427,Health technology assessment (HTA),True,,,,,False,False,No annotation with this attribute found: reverting to default,,0.00,0.00,2026-09-09_10-01-17_pruned_taxonomy_topdown_sol
45858,498f8d2f-abbb-4a08-ba43-4c51d576a32c,Constructed Wetlands Lessons from Three Middle East Countries : The Effect of Plants and Filter Media on CW Performance,395,Observational / single-group designs,True,,,,,False,False,"The maturation process implies temporal observation, but the work is fundamentally an intervention-testing study rather than an observational single-group longitudinal design.",,0.00,0.00,2026-09-09_10-01-17_pruned_taxonomy_topdown_sol
45858,498f8d2f-abbb-4a08-ba43-4c51d576a32c,Constructed Wetlands Lessons from Three Middle East Countries : The Effect of Plants and Filter Media on CW Performance,426,Guideline (clinical or public health),True,,,,,False,False,No annotation with this attribute found: reverting to default,,0.00,0.00,2026-09-09_10-01-17_pruned_taxonomy_topdown_sol
45858,498f8d2f-abbb-4a08-ba43-4c51d576a32c,Constructed Wetlands Lessons from Three Middle East Countries : The Effect of Plants and Filter Media on CW Performance,387,1. Primary research,True,,,,,True,True,"The study involves direct development and testing of constructed wetlands and reports resulting findings, indicating original primary research.","This chapter describes the building, testing and adaptation of constructed wetlands in Israel, Jordan and Palestine.",0.00,100.00,2026-09-09_10-01-17_pruned_taxonomy_topdown_sol
45858,498f8d2f-abbb-4a08-ba43-4c51d576a32c,Constructed Wetlands Lessons from Three Middle East Countries : The Effect of Plants and Filter Media on CW Performance,430,Systematic reviews,True,,,,,False,False,No annotation with this attribute found: reverting to default,,0.00,0.00,2026-09-09_10-01-17_pruned_taxonomy_topdown_sol
45858,498f8d2f-abbb-4a08-ba43-4c51d576a32c,Constructed Wetlands Lessons from Three Middle East Countries : The Effect of Plants and Filter Media on CW Performance,397,Z_Other study design,True,,,,,False,False,"The research is reasonably captured as an experimental evaluation of constructed wetland interventions, so an uncategorized primary design is unnecessary.",,0.00,0.00,2026-09-09_10-01-17_pruned_taxonomy_topdown_sol
45858,498f8d2f-abbb-4a08-ba43-4c51d576a32c,Constructed Wetlands Lessons from Three Middle East Countries : The Effect of Plants and Filter Media on CW Performance,389,(Quasi-)Experimental / group comparison designs,True,,,,,False,True,"The study builds and tests constructed wetland interventions while examining alternative wetland types, media, and plant-related configurations, indicating an experimental design with comparison conditions.","This chapter describes the building, testing and adaptation of constructed wetlands in Israel, Jordan and Palestine. We describe and discuss different types of CWs, the use of different media, and the importance of plants vs water loss through transpiration.",0.00,100.00,2026-09-09_10-01-17_pruned_taxonomy_topdown_sol
45858,498f8d2f-abbb-4a08-ba43-4c51d576a32c,Constructed Wetlands Lessons from Three Middle East Countries : The Effect of Plants and Filter Media on CW Performance,431,Z_Other evidence synthesis type,True,,,,,False,False,No annotation with this attribute found: reverting to default,,0.00,0.00,2026-09-09_10-01-17_pruned_taxonomy_topdown_sol
45858,498f8d2f-abbb-4a08-ba43-4c51d576a32c,Constructed Wetlands Lessons from Three Middle East Countries : The Effect of Plants and Filter Media on CW Performance,428,Meta-analysis (unsystematic),True,,,,,False,False,No annotation with this attribute found: reverting to default,,0.00,0.00,2026-09-09_10-01-17_pruned_taxonomy_topdown_sol
45858,498f8d2f-abbb-4a08-ba43-4c51d576a32c,Constructed Wetlands Lessons from Three Middle East Countries : The Effect of Plants and Filter Media on CW Performance,117,"1.2. Communicable, maternal, neonatal, and nutritional mortality",True,,,,,False,False,No annotation with this attribute found: reverting to default,,0.00,0.00,2026-09-09_10-01-17_pruned_taxonomy_topdown_sol
45858,498f8d2f-abbb-4a08-ba43-4c51d576a32c,Constructed Wetlands Lessons from Three Middle East Countries : The Effect of Plants and Filter Media on CW Performance,196,Chronic respiratory diseases,True,,,,,False,False,No annotation with this attribute found: reverting to default,,0.00,0.00,2026-09-09_10-01-17_pruned_taxonomy_topdown_sol
45858,498f8d2f-abbb-4a08-ba43-4c51d576a32c,Constructed Wetlands Lessons from Three Middle East Countries : The Effect of Plants and Filter Media on CW Performance,201,Neoplasms,True,,,,,False,False,No annotation with this attribute found: reverting to default,,0.00,0.00,2026-09-09_10-01-17_pruned_taxonomy_topdown_sol
45858,498f8d2f-abbb-4a08-ba43-4c51d576a32c,Constructed Wetlands Lessons from Three Middle East Countries : The Effect of Plants and Filter Media on CW Performance,118,1.3. Non-communicable mortality,True,,,,,False,False,No annotation with this attribute found: reverting to default,,0.00,0.00,2026-09-09_10-01-17_pruned_taxonomy_topdown_sol
45858,498f8d2f-abbb-4a08-ba43-4c51d576a32c,Constructed Wetlands Lessons from Three Middle East Countries : The Effect of Plants and Filter Media on CW Performance,138,Respiratory infections and tuberculosis,True,,,,,False,False,No annotation with this attribute found: reverting to default,,0.00,0.00,2026-09-09_10-01-17_pruned_taxonomy_topdown_sol
45858,498f8d2f-abbb-4a08-ba43-4c51d576a32c,Constructed Wetlands Lessons from Three Middle East Countries : The Effect of Plants and Filter Media on CW Performance,116,1.1. Total / all-cause mortality (Outcome),True,,,,,False,False,No annotation with this attribute found: reverting to default,,0.00,0.00,2026-09-09_10-01-17_pruned_taxonomy_topdown_sol
45858,498f8d2f-abbb-4a08-ba43-4c51d576a32c,Constructed Wetlands Lessons from Three Middle East Countries : The Effect of Plants and Filter Media on CW Performance,204,Skin and subcutaneous diseases,True,,,,,False,False,No annotation with this attribute found: reverting to default,,0.00,0.00,2026-09-09_10-01-17_pruned_taxonomy_topdown_sol
45858,498f8d2f-abbb-4a08-ba43-4c51d576a32c,Constructed Wetlands Lessons from Three Middle East Countries : The Effect of Plants and Filter Media on CW Performance,197,Diabetes and kidney diseases,True,,,,,False,False,No annotation with this attribute found: reverting to default,,0.00,0.00,2026-09-09_10-01-17_pruned_taxonomy_topdown_sol
45858,498f8d2f-abbb-4a08-ba43-4c51d576a32c,Constructed Wetlands Lessons from Three Middle East Countries : The Effect of Plants and Filter Media on CW Performance,198,Digestive diseases,True,,,,,False,False,No annotation with this attribute found: reverting to default,,0.00,0.00,2026-09-09_10-01-17_pruned_taxonomy_topdown_sol
45858,498f8d2f-abbb-4a08-ba43-4c51d576a32c,Constructed Wetlands Lessons from Three Middle East Countries : The Effect of Plants and Filter Media on CW Performance,137,Nutritional deficiencies,True,,,,,False,False,No annotation with this attribute found: reverting to default,,0.00,0.00,2026-09-09_10-01-17_pruned_taxonomy_topdown_sol
45858,498f8d2f-abbb-4a08-ba43-4c51d576a32c,Constructed Wetlands Lessons from Three Middle East Countries : The Effect of Plants and Filter Media on CW Performance,134,HIV/AIDS and sexually transmitted infections,True,,,,,False,False,No annotation with this attribute found: reverting to default,,0.00,0.00,2026-09-09_10-01-17_pruned_taxonomy_topdown_sol
45858,498f8d2f-abbb-4a08-ba43-4c51d576a32c,Constructed Wetlands Lessons from Three Middle East Countries : The Effect of Plants and Filter Media on CW Performance,203,Sense organ diseases,True,,,,,False,False,No annotation with this attribute found: reverting to default,,0.00,0.00,2026-09-09_10-01-17_pruned_taxonomy_topdown_sol
45858,498f8d2f-abbb-4a08-ba43-4c51d576a32c,Constructed Wetlands Lessons from Three Middle East Countries : The Effect of Plants and Filter Media on CW Performance,195,Cardiovascular diseases,True,,,,,False,False,No annotation with this attribute found: reverting to default,,0.00,0.00,2026-09-09_10-01-17_pruned_taxonomy_topdown_sol
45858,498f8d2f-abbb-4a08-ba43-4c51d576a32c,Constructed Wetlands Lessons from Three Middle East Countries : The Effect of Plants and Filter Media on CW Performance,289,Transport injuries,True,,,,,False,False,No annotation with this attribute found: reverting to default,,0.00,0.00,2026-09-09_10-01-17_pruned_taxonomy_topdown_sol
45858,498f8d2f-abbb-4a08-ba43-4c51d576a32c,Constructed Wetlands Lessons from Three Middle East Countries : The Effect of Plants and Filter Media on CW Performance,113,"2. Communicable, maternal, neonatal, and nutritional diseases",True,,,,,False,False,"The chapter focuses on constructed wetlands, wastewater reuse, water scarcity, and agricultural production; it does not examine infectious, maternal, neonatal, or nutritional diseases.",,0.00,0.00,2026-09-09_10-01-17_pruned_taxonomy_topdown_sol
45858,498f8d2f-abbb-4a08-ba43-4c51d576a32c,Constructed Wetlands Lessons from Three Middle East Countries : The Effect of Plants and Filter Media on CW Performance,139,Z_Other infectious diseases,True,,,,,False,False,No annotation with this attribute found: reverting to default,,0.00,0.00,2026-09-09_10-01-17_pruned_taxonomy_topdown_sol
45858,498f8d2f-abbb-4a08-ba43-4c51d576a32c,Constructed Wetlands Lessons from Three Middle East Countries : The Effect of Plants and Filter Media on CW Performance,135,Maternal and neonatal disorders,True,,,,,False,False,No annotation with this attribute found: reverting to default,,0.00,0.00,2026-09-09_10-01-17_pruned_taxonomy_topdown_sol
45858,498f8d2f-abbb-4a08-ba43-4c51d576a32c,Constructed Wetlands Lessons from Three Middle East Countries : The Effect of Plants and Filter Media on CW Performance,202,Neurological disorders,True,,,,,False,False,No annotation with this attribute found: reverting to default,,0.00,0.00,2026-09-09_10-01-17_pruned_taxonomy_topdown_sol
45858,498f8d2f-abbb-4a08-ba43-4c51d576a32c,Constructed Wetlands Lessons from Three Middle East Countries : The Effect of Plants and Filter Media on CW Performance,288,Self-harm and interpersonal violence,True,,,,,False,False,No annotation with this attribute found: reverting to default,,0.00,0.00,2026-09-09_10-01-17_pruned_taxonomy_topdown_sol
45858,498f8d2f-abbb-4a08-ba43-4c51d576a32c,Constructed Wetlands Lessons from Three Middle East Countries : The Effect of Plants and Filter Media on CW Performance,206,Z_Other non-communicable diseases,True,,,,,False,False,No annotation with this attribute found: reverting to default,,0.00,0.00,2026-09-09_10-01-17_pruned_taxonomy_topdown_sol
45858,498f8d2f-abbb-4a08-ba43-4c51d576a32c,Constructed Wetlands Lessons from Three Middle East Countries : The Effect of Plants and Filter Media on CW Performance,200,Musculoskeletal disorders,True,,,,,False,False,No annotation with this attribute found: reverting to default,,0.00,0.00,2026-09-09_10-01-17_pruned_taxonomy_topdown_sol
45858,498f8d2f-abbb-4a08-ba43-4c51d576a32c,Constructed Wetlands Lessons from Three Middle East Countries : The Effect of Plants and Filter Media on CW Performance,133,Enteric infections,True,,,,,False,False,No annotation with this attribute found: reverting to default,,0.00,0.00,2026-09-09_10-01-17_pruned_taxonomy_topdown_sol
45858,498f8d2f-abbb-4a08-ba43-4c51d576a32c,Constructed Wetlands Lessons from Three Middle East Countries : The Effect of Plants and Filter Media on CW Performance,114,3. Non-communicable diseases,True,,,,,False,False,No chronic non-infectious disease is studied as an outcome or substantive focus.,,0.00,0.00,2026-09-09_10-01-17_pruned_taxonomy_topdown_sol
45858,498f8d2f-abbb-4a08-ba43-4c51d576a32c,Constructed Wetlands Lessons from Three Middle East Countries : The Effect of Plants and Filter Media on CW Performance,112,1. Mortality (Outcome),True,,,,,False,False,Mortality or death is not assessed as a health outcome.,,0.00,0.00,2026-09-09_10-01-17_pruned_taxonomy_topdown_sol
45858,498f8d2f-abbb-4a08-ba43-4c51d576a32c,Constructed Wetlands Lessons from Three Middle East Countries : The Effect of Plants and Filter Media on CW Performance,115,4. Injuries,True,,,,,False,False,The chapter does not concern physical injuries or harm from external causes.,,0.00,0.00,2026-09-09_10-01-17_pruned_taxonomy_topdown_sol
45858,498f8d2f-abbb-4a08-ba43-4c51d576a32c,Constructed Wetlands Lessons from Three Middle East Countries : The Effect of Plants and Filter Media on CW Performance,199,Mental disorders,True,,,,,False,False,No annotation with this attribute found: reverting to default,,0.00,0.00,2026-09-09_10-01-17_pruned_taxonomy_topdown_sol
45858,498f8d2f-abbb-4a08-ba43-4c51d576a32c,Constructed Wetlands Lessons from Three Middle East Countries : The Effect of Plants and Filter Media on CW Performance,205,Substance use disorders,True,,,,,False,False,No annotation with this attribute found: reverting to default,,0.00,0.00,2026-09-09_10-01-17_pruned_taxonomy_topdown_sol
45858,498f8d2f-abbb-4a08-ba43-4c51d576a32c,Constructed Wetlands Lessons from Three Middle East Countries : The Effect of Plants and Filter Media on CW Performance,136,Neglected tropical diseases and malaria,True,,,,,False,False,No annotation with this attribute found: reverting to default,,0.00,0.00,2026-09-09_10-01-17_pruned_taxonomy_topdown_sol
45858,498f8d2f-abbb-4a08-ba43-4c51d576a32c,Constructed Wetlands Lessons from Three Middle East Countries : The Effect of Plants and Filter Media on CW Performance,290,Unintentional injuries,True,,,,,False,False,No annotation with this attribute found: reverting to default,,0.00,0.00,2026-09-09_10-01-17_pruned_taxonomy_topdown_sol
1743198,4df7c95b-fafb-48bc-9a49-02c8a0a567cd,塑化建材、2-乙基己醇及微生物共存環境與病態大樓症候群的關係,38,Oil,True,,,,,False,False,"The study concerns indoor emissions from plastic building materials and sick building syndrome, not oil or petroleum products as an energy source or fuel.",,0.00,0.00,2026-09-09_10-01-17_pruned_taxonomy_topdown_sol
1743198,4df7c95b-fafb-48bc-9a49-02c8a0a567cd,塑化建材、2-乙基己醇及微生物共存環境與病態大樓症候群的關係,36,Coal,True,,,,,False,False,"Coal is not a subject, exposure, or energy source examined in the study.",,0.00,0.00,2026-09-09_10-01-17_pruned_taxonomy_topdown_sol
1743198,4df7c95b-fafb-48bc-9a49-02c8a0a567cd,塑化建材、2-乙基己醇及微生物共存環境與病態大樓症候群的關係,37,Natural gas,True,,,,,False,False,Natural gas or methane fuel use is not discussed or investigated.,,0.00,0.00,2026-09-09_10-01-17_pruned_taxonomy_topdown_sol
1743198,4df7c95b-fafb-48bc-9a49-02c8a0a567cd,塑化建材、2-乙基己醇及微生物共存環境與病態大樓症候群的關係,35,(Unspecified) fossil fuels,True,,,,,False,False,"The study does not refer to fossil fuel use or combustion generally; it focuses on plastic carpet, 2-ethyl-1-hexanol, microorganisms, ventilation, and indoor environmental conditions.",,0.00,0.00,2026-09-09_10-01-17_pruned_taxonomy_topdown_sol
1743198,4df7c95b-fafb-48bc-9a49-02c8a0a567cd,塑化建材、2-乙基己醇及微生物共存環境與病態大樓症候群的關係,21,Nitrous oxide (N₂O),True,,,,,False,False,"The study does not examine nitrous oxide; it concerns indoor air quality, building materials, microorganisms, and sick building syndrome.",,0.00,0.00,2026-09-09_10-01-17_pruned_taxonomy_topdown_sol
1743198,4df7c95b-fafb-48bc-9a49-02c8a0a567cd,塑化建材、2-乙基己醇及微生物共存環境與病態大樓症候群的關係,17,(Unspecified) greenhouse gases,True,,,,,False,False,Greenhouse gases as a collective category are not a subject of the study.,,0.00,0.00,2026-09-09_10-01-17_pruned_taxonomy_topdown_sol
1743198,4df7c95b-fafb-48bc-9a49-02c8a0a567cd,塑化建材、2-乙基己醇及微生物共存環境與病態大樓症候群的關係,24,Tropospheric ozone (O₃),True,,,,,False,False,Ground-level ozone is not investigated as an exposure or outcome.,,0.00,0.00,2026-09-09_10-01-17_pruned_taxonomy_topdown_sol
1743198,4df7c95b-fafb-48bc-9a49-02c8a0a567cd,塑化建材、2-乙基己醇及微生物共存環境與病態大樓症候群的關係,18,Carbon dioxide (CO₂),True,,,,,False,False,Carbon dioxide is not examined in the study.,,0.00,0.00,2026-09-09_10-01-17_pruned_taxonomy_topdown_sol
1743198,4df7c95b-fafb-48bc-9a49-02c8a0a567cd,塑化建材、2-乙基己醇及微生物共存環境與病態大樓症候群的關係,23,Particulate matter (PM10) / fine particulate matter (PM2.5) / black/organic carbon / sulfate/nitrate aerosols,True,,,,,False,False,"The study measures total suspended particulates, but does not specifically address PM10, PM2.5, or fine particulate components within the scope of this concept.",,0.00,0.00,2026-09-09_10-01-17_pruned_taxonomy_topdown_sol
1743198,4df7c95b-fafb-48bc-9a49-02c8a0a567cd,塑化建材、2-乙基己醇及微生物共存環境與病態大樓症候群的關係,20,Methane (CH₄),True,,,,,False,False,Methane is not examined in the study.,,0.00,0.00,2026-09-09_10-01-17_pruned_taxonomy_topdown_sol
1743198,4df7c95b-fafb-48bc-9a49-02c8a0a567cd,塑化建材、2-乙基己醇及微生物共存環境與病態大樓症候群的關係,22,Ozone-depleting substances / chlorofluorocarbons / hydrochlorofluorocarbons / halons / carbon tetrachloride / methyl chloroform,True,,,,,False,False,Ozone-depleting substances are not a subject of the study.,,0.00,0.00,2026-09-09_10-01-17_pruned_taxonomy_topdown_sol
1743198,4df7c95b-fafb-48bc-9a49-02c8a0a567cd,塑化建材、2-乙基己醇及微生物共存環境與病態大樓症候群的關係,19,Fluorinated gases / hydrofluorocarbons / perfluorocarbons / sulfur hexafluoride / nitrogen trifluoride,True,,,,,False,False,"Synthetic fluorinated greenhouse gases used in refrigeration, electronics, or industrial applications are not examined.",,0.00,0.00,2026-09-09_10-01-17_pruned_taxonomy_topdown_sol
1743198,4df7c95b-fafb-48bc-9a49-02c8a0a567cd,塑化建材、2-乙基己醇及微生物共存環境與病態大樓症候群的關係,29,Extreme snow/ice events,True,,,,,False,False,"The study does not examine severe snow, freezing rain, ice storms, or related disruptions.",,0.00,0.00,2026-09-09_10-01-17_pruned_taxonomy_topdown_sol
1743198,4df7c95b-fafb-48bc-9a49-02c8a0a567cd,塑化建材、2-乙基己醇及微生物共存環境與病態大樓症候群的關係,34,Z_(Unspecified) extreme weather events,True,,,,,False,False,"The study concerns indoor environmental conditions and sick building syndrome, not unspecified extreme weather events.",,0.00,0.00,2026-09-09_10-01-17_pruned_taxonomy_topdown_sol
1743198,4df7c95b-fafb-48bc-9a49-02c8a0a567cd,塑化建材、2-乙基己醇及微生物共存環境與病態大樓症候群的關係,28,Extreme precipitation,True,,,,,False,False,No unusually intense or prolonged precipitation is studied.,,0.00,0.00,2026-09-09_10-01-17_pruned_taxonomy_topdown_sol
1743198,4df7c95b-fafb-48bc-9a49-02c8a0a567cd,塑化建材、2-乙基己醇及微生物共存環境與病態大樓症候群的關係,25,Droughts,True,,,,,False,False,The study does not address drought or prolonged water deficits.,,0.00,0.00,2026-09-09_10-01-17_pruned_taxonomy_topdown_sol
1743198,4df7c95b-fafb-48bc-9a49-02c8a0a567cd,塑化建材、2-乙基己醇及微生物共存環境與病態大樓症候群的關係,26,Extreme cold,True,,,,,False,False,"Although a winter vacation sampling period is mentioned, the study does not investigate abnormally low temperatures or cold events.",,0.00,0.00,2026-09-09_10-01-17_pruned_taxonomy_topdown_sol
1743198,4df7c95b-fafb-48bc-9a49-02c8a0a567cd,塑化建材、2-乙基己醇及微生物共存環境與病態大樓症候群的關係,32,Storms and severe wind,True,,,,,False,False,"No cyclones, hurricanes, typhoons, severe thunderstorms, or hailstorms are examined.",,0.00,0.00,2026-09-09_10-01-17_pruned_taxonomy_topdown_sol
1743198,4df7c95b-fafb-48bc-9a49-02c8a0a567cd,塑化建材、2-乙基己醇及微生物共存環境與病態大樓症候群的關係,27,Extreme heat,True,,,,,False,False,"Indoor temperature is measured as a factor affecting 2-ethyl-1-hexanol concentrations, but abnormal heat or heatwaves are not a subject of the study.",,0.00,0.00,2026-09-09_10-01-17_pruned_taxonomy_topdown_sol
1743198,4df7c95b-fafb-48bc-9a49-02c8a0a567cd,塑化建材、2-乙基己醇及微生物共存環境與病態大樓症候群的關係,31,Sand and dust storms,True,,,,,False,False,The study does not examine wind-driven sand or dust storms; total suspended particulates are measured only as an indoor environmental factor.,,0.00,0.00,2026-09-09_10-01-17_pruned_taxonomy_topdown_sol
1743198,4df7c95b-fafb-48bc-9a49-02c8a0a567cd,塑化建材、2-乙基己醇及微生物共存環境與病態大樓症候群的關係,33,Wildfires,True,,,,,False,False,Wildfires or wildfire smoke are not discussed.,,0.00,0.00,2026-09-09_10-01-17_pruned_taxonomy_topdown_sol
1743198,4df7c95b-fafb-48bc-9a49-02c8a0a567cd,塑化建材、2-乙基己醇及微生物共存環境與病態大樓症候群的關係,30,Floods,True,,,,,False,False,The study does not concern flooding or temporary inundation.,,0.00,0.00,2026-09-09_10-01-17_pruned_taxonomy_topdown_sol
1743198,4df7c95b-fafb-48bc-9a49-02c8a0a567cd,塑化建材、2-乙基己醇及微生物共存環境與病態大樓症候群的關係,490,Maladaptation,True,,,,,False,False,No annotation with this attribute found: reverting to default,,0.00,0.00,2026-09-09_10-01-17_pruned_taxonomy_topdown_sol
1743198,4df7c95b-fafb-48bc-9a49-02c8a0a567cd,塑化建材、2-乙基己醇及微生物共存環境與病態大樓症候群的關係,487,Adaptation,True,,,,,False,False,"The study examines indoor environmental quality and sick building syndrome; it does not concern adjustment, preparedness, forecasting, or resilience to climate variability or climate-related extremes.",,0.00,0.00,2026-09-09_10-01-17_pruned_taxonomy_topdown_sol
1743198,4df7c95b-fafb-48bc-9a49-02c8a0a567cd,塑化建材、2-乙基己醇及微生物共存環境與病態大樓症候群的關係,496,Co-Benefits,True,,,,,False,False,No annotation with this attribute found: reverting to default,,0.00,0.00,2026-09-09_10-01-17_pruned_taxonomy_topdown_sol
1743198,4df7c95b-fafb-48bc-9a49-02c8a0a567cd,塑化建材、2-乙基己醇及微生物共存環境與病態大樓症候群的關係,488,Impact,True,,,,,False,False,"Temperature and humidity are measured as indoor building conditions affecting chemical concentrations, not as climatic drivers or climate-related hazards. The principal exposures are plastic building materials, 2-ethyl-1-hexanol, microorganisms, and ventilation.","This study aims at disclosing sick building syndrome associated with 2-ethyl-1-hexanol, microorganisms and other factors such as ventilation, temperature, humidity, total volatile organic compounds and total suspended particulates",0.00,100.00,2026-09-09_10-01-17_pruned_taxonomy_topdown_sol
1743198,4df7c95b-fafb-48bc-9a49-02c8a0a567cd,塑化建材、2-乙基己醇及微生物共存環境與病態大樓症候群的關係,495,Loss and damage,True,,,,,False,False,No annotation with this attribute found: reverting to default,,0.00,0.00,2026-09-09_10-01-17_pruned_taxonomy_topdown_sol
1743198,4df7c95b-fafb-48bc-9a49-02c8a0a567cd,塑化建材、2-乙基己醇及微生物共存環境與病態大樓症候群的關係,493,Attribution,True,,,,,False,False,No annotation with this attribute found: reverting to default,,0.00,0.00,2026-09-09_10-01-17_pruned_taxonomy_topdown_sol
1743198,4df7c95b-fafb-48bc-9a49-02c8a0a567cd,塑化建材、2-乙基己醇及微生物共存環境與病態大樓症候群的關係,489,Mitigation,True,,,,,False,False,"The study does not address greenhouse-gas emissions, fossil-fuel-related harm, or measures intended to reduce emissions.",,0.00,0.00,2026-09-09_10-01-17_pruned_taxonomy_topdown_sol
1743198,4df7c95b-fafb-48bc-9a49-02c8a0a567cd,塑化建材、2-乙基己醇及微生物共存環境與病態大樓症候群的關係,492,Resilience,True,,,,,False,False,No annotation with this attribute found: reverting to default,,0.00,0.00,2026-09-09_10-01-17_pruned_taxonomy_topdown_sol
1743198,4df7c95b-fafb-48bc-9a49-02c8a0a567cd,塑化建材、2-乙基己醇及微生物共存環境與病態大樓症候群的關係,491,Preparedness,True,,,,,False,False,No annotation with this attribute found: reverting to default,,0.00,0.00,2026-09-09_10-01-17_pruned_taxonomy_topdown_sol
1743198,4df7c95b-fafb-48bc-9a49-02c8a0a567cd,塑化建材、2-乙基己醇及微生物共存環境與病態大樓症候群的關係,494,Future impact,True,,,,,False,False,No annotation with this attribute found: reverting to default,,0.00,0.00,2026-09-09_10-01-17_pruned_taxonomy_topdown_sol
1743198,4df7c95b-fafb-48bc-9a49-02c8a0a567cd,塑化建材、2-乙基己醇及微生物共存環境與病態大樓症候群的關係,14,Changes in temperature,True,,,,,False,False,"Indoor temperature was measured as a building-environment factor, but the study does not concern long-term temperature shifts, warming trends, or climate-related extremes.",temperature and microorganisms in indoor [environments] would affect the concentration of 2-ethyl-1-hexanol,0.00,82.24,2026-09-09_10-01-17_pruned_taxonomy_topdown_sol
1743198,4df7c95b-fafb-48bc-9a49-02c8a0a567cd,塑化建材、2-乙基己醇及微生物共存環境與病態大樓症候群的關係,9,Changes in humidity,True,,,,,False,False,"Humidity was measured indoors, but the study does not examine shifts in atmospheric moisture levels or their climate-related health effects.","other environmental factors such as temperature, humidity, total volatile organic compounds and total suspended particulates were measured",0.00,100.00,2026-09-09_10-01-17_pruned_taxonomy_topdown_sol
1743198,4df7c95b-fafb-48bc-9a49-02c8a0a567cd,塑化建材、2-乙基己醇及微生物共存環境與病態大樓症候群的關係,6,(Unspecified) changes in weather,True,,,,,False,False,"The study does not address general weather patterns or weather variability; it focuses on indoor building materials, pollutants, ventilation, and sick building syndrome.",,0.00,0.00,2026-09-09_10-01-17_pruned_taxonomy_topdown_sol
1743198,4df7c95b-fafb-48bc-9a49-02c8a0a567cd,塑化建材、2-乙基己醇及微生物共存環境與病態大樓症候群的關係,13,Changes in season length,True,,,,,False,False,"There is no analysis of changing season duration, earlier spring, or extended summers.",,0.00,0.00,2026-09-09_10-01-17_pruned_taxonomy_topdown_sol
1743198,4df7c95b-fafb-48bc-9a49-02c8a0a567cd,塑化建材、2-乙基己醇及微生物共存環境與病態大樓症候群的關係,8,Changes in glacier / snow melt,True,,,,,False,False,Glacier or snowpack melting and its effects are not studied.,,0.00,0.00,2026-09-09_10-01-17_pruned_taxonomy_topdown_sol
1743198,4df7c95b-fafb-48bc-9a49-02c8a0a567cd,塑化建材、2-乙基己醇及微生物共存環境與病態大樓症候群的關係,15,Changes in wind speed,True,,,,,False,False,"Ventilation is an indoor building condition, not an alteration in climatic wind patterns or velocity.",,0.00,0.00,2026-09-09_10-01-17_pruned_taxonomy_topdown_sol
1743198,4df7c95b-fafb-48bc-9a49-02c8a0a567cd,塑化建材、2-乙基己醇及微生物共存環境與病態大樓症候群的關係,10,Changes in inland water bodies,True,,,,,False,False,"The study does not examine climate-driven changes in rivers, lakes, water availability, or hydrological patterns.",,0.00,0.00,2026-09-09_10-01-17_pruned_taxonomy_topdown_sol
1743198,4df7c95b-fafb-48bc-9a49-02c8a0a567cd,塑化建材、2-乙基己醇及微生物共存環境與病態大樓症候群的關係,11,Changes in precipitation,True,,,,,False,False,"No changes in rainfall or snowfall amount, timing, or intensity are investigated.",,0.00,0.00,2026-09-09_10-01-17_pruned_taxonomy_topdown_sol
1743198,4df7c95b-fafb-48bc-9a49-02c8a0a567cd,塑化建材、2-乙基己醇及微生物共存環境與病態大樓症候群的關係,16,Climate variability,True,,,,,False,False,"The two sampling periods provide study timing, but the research does not assess climate fluctuations over months, years, or decades.","During two sampling periods, schooling time and winter vacation",0.00,100.00,2026-09-09_10-01-17_pruned_taxonomy_topdown_sol
1743198,4df7c95b-fafb-48bc-9a49-02c8a0a567cd,塑化建材、2-乙基己醇及微生物共存環境與病態大樓症候群的關係,7,(Unspecified) climate change,True,,,,,False,False,Climate change is not a subject of the study; its focus is indoor environmental exposure and sick building syndrome.,,0.00,0.00,2026-09-09_10-01-17_pruned_taxonomy_topdown_sol
1743198,4df7c95b-fafb-48bc-9a49-02c8a0a567cd,塑化建材、2-乙基己醇及微生物共存環境與病態大樓症候群的關係,12,Changes in sea level,True,,,,,False,False,Sea-level rise and associated coastal impacts are not addressed.,,0.00,0.00,2026-09-09_10-01-17_pruned_taxonomy_topdown_sol
1743198,4df7c95b-fafb-48bc-9a49-02c8a0a567cd,塑化建材、2-乙基己醇及微生物共存環境與病態大樓症候群的關係,474,"Agriculture, fishing, and forestry (Sector)",True,,,,,False,False,"The study does not concern crop cultivation, livestock, fisheries, aquaculture, or forestry.",,0.00,0.00,2026-09-09_10-01-17_pruned_taxonomy_topdown_sol
1743198,4df7c95b-fafb-48bc-9a49-02c8a0a567cd,塑化建材、2-乙基己醇及微生物共存環境與病態大樓症候群的關係,482,Military (Sector),True,,,,,False,False,"Military personnel, operations, infrastructure, and defense capabilities are not studied.",,0.00,0.00,2026-09-09_10-01-17_pruned_taxonomy_topdown_sol
1743198,4df7c95b-fafb-48bc-9a49-02c8a0a567cd,塑化建材、2-乙基己醇及微生物共存環境與病態大樓症候群的關係,479,Healthcare (Sector),True,,,,,False,False,"Although the study examines sick building syndrome, it does not examine healthcare delivery, public health services, or health infrastructure as a sector.",,0.00,0.00,2026-09-09_10-01-17_pruned_taxonomy_topdown_sol
1743198,4df7c95b-fafb-48bc-9a49-02c8a0a567cd,塑化建材、2-乙基己醇及微生物共存環境與病態大樓症候群的關係,477,Energy and extractives (Sector),True,,,,,False,False,"Energy generation, fuels, renewable systems, and resource extraction are not subjects of the study.",,0.00,0.00,2026-09-09_10-01-17_pruned_taxonomy_topdown_sol
1743198,4df7c95b-fafb-48bc-9a49-02c8a0a567cd,塑化建材、2-乙基己醇及微生物共存環境與病態大樓症候群的關係,484,Social protection (Sector),True,,,,,False,False,"The study does not address welfare services, social safety nets, or other social-protection systems.",,0.00,0.00,2026-09-09_10-01-17_pruned_taxonomy_topdown_sol
1743198,4df7c95b-fafb-48bc-9a49-02c8a0a567cd,塑化建材、2-乙基己醇及微生物共存環境與病態大樓症候群的關係,475,Buildings / housing (Sector),True,,,,,False,True,"The study focuses on indoor building conditions and materials—including plastic carpet, room characteristics, and ventilation—as determinants of sick building syndrome.","The possible health effect caused by plastic building materials that are getting popular in indoor environment, have been noticed.",0.00,100.00,2026-09-09_10-01-17_pruned_taxonomy_topdown_sol
1743198,4df7c95b-fafb-48bc-9a49-02c8a0a567cd,塑化建材、2-乙基己醇及微生物共存環境與病態大樓症候群的關係,485,Transportation (Sector),True,,,,,False,False,"No transport system, vehicle, transport infrastructure, or logistics operation is examined.",,0.00,0.00,2026-09-09_10-01-17_pruned_taxonomy_topdown_sol
1743198,4df7c95b-fafb-48bc-9a49-02c8a0a567cd,塑化建材、2-乙基己醇及微生物共存環境與病態大樓症候群的關係,481,Information and communications technologies (Sector),True,,,,,False,False,"Telecommunications, information technology, and digital infrastructure are not involved.",,0.00,0.00,2026-09-09_10-01-17_pruned_taxonomy_topdown_sol
1743198,4df7c95b-fafb-48bc-9a49-02c8a0a567cd,塑化建材、2-乙基己醇及微生物共存環境與病態大樓症候群的關係,486,"Water, sanitation, and waste management (Sector)",True,,,,,False,False,"The study does not concern water supply, sewage treatment, or solid waste management.",,0.00,0.00,2026-09-09_10-01-17_pruned_taxonomy_topdown_sol
1743198,4df7c95b-fafb-48bc-9a49-02c8a0a567cd,塑化建材、2-乙基己醇及微生物共存環境與病態大樓症候群的關係,478,Finance (Sector),True,,,,,False,False,"Banking, insurance, investment, and other financial services are not subjects of the study.",,0.00,0.00,2026-09-09_10-01-17_pruned_taxonomy_topdown_sol
1743198,4df7c95b-fafb-48bc-9a49-02c8a0a567cd,塑化建材、2-乙基己醇及微生物共存環境與病態大樓症候群的關係,480,"Industry, trade, and services (Sector)",True,,,,,False,False,"Plastic building materials are examined as indoor exposures, but manufacturing, trade, retail, or commercial services are not themselves studied.",,0.00,0.00,2026-09-09_10-01-17_pruned_taxonomy_topdown_sol
1743198,4df7c95b-fafb-48bc-9a49-02c8a0a567cd,塑化建材、2-乙基己醇及微生物共存環境與病態大樓症候群的關係,476,Education (Sector),True,,,,,False,True,"The investigation is situated in educational facilities, specifically classrooms, and compares conditions during schooling time and winter vacation.",concentrations of 2-ethyl-1-hexanol in small classrooms significantly high,0.00,100.00,2026-09-09_10-01-17_pruned_taxonomy_topdown_sol
1743198,4df7c95b-fafb-48bc-9a49-02c8a0a567cd,塑化建材、2-乙基己醇及微生物共存環境與病態大樓症候群的關係,483,Public administration (Sector),True,,,,,False,False,"The operations, services, or workforce of public administration are not examined.",,0.00,0.00,2026-09-09_10-01-17_pruned_taxonomy_topdown_sol
1743198,4df7c95b-fafb-48bc-9a49-02c8a0a567cd,塑化建材、2-乙基己醇及微生物共存環境與病態大樓症候群的關係,392,Mixed-methods,True,,,,,False,False,"The study uses quantitative questionnaire, exposure measurements, and statistical analyses; no qualitative data collection or analysis is described.",,0.00,0.00,2026-09-09_10-01-17_pruned_taxonomy_topdown_sol
1743198,4df7c95b-fafb-48bc-9a49-02c8a0a567cd,塑化建材、2-乙基己醇及微生物共存環境與病態大樓症候群的關係,394,Observational / group comparison designs,True,,,,,False,True,"This is an observational comparative study assessing outcomes and environmental measurements across naturally occurring exposure conditions, such as rooms with versus without plastic carpet.",The mean concentration of 2-ethyl-1-hexanol in room installed with carpet was 65.1 μg/m3 that was significantly higher than in room without plastic carpet (p<0.01).,0.00,100.00,2026-09-09_10-01-17_pruned_taxonomy_topdown_sol
1743198,4df7c95b-fafb-48bc-9a49-02c8a0a567cd,塑化建材、2-乙基己醇及微生物共存環境與病態大樓症候群的關係,393,Modelling / simulation,True,,,,,False,False,"Regression and correlation analyses are reported, but the study does not use a simulation, projection, scenario, or systems model.",,0.00,0.00,2026-09-09_10-01-17_pruned_taxonomy_topdown_sol
1743198,4df7c95b-fafb-48bc-9a49-02c8a0a567cd,塑化建材、2-乙基己醇及微生物共存環境與病態大樓症候群的關係,390,(Quasi-)Experimental / single-group designs,True,,,,,False,False,No intervention was experimentally applied to a single group.,,0.00,0.00,2026-09-09_10-01-17_pruned_taxonomy_topdown_sol
1743198,4df7c95b-fafb-48bc-9a49-02c8a0a567cd,塑化建材、2-乙基己醇及微生物共存環境與病態大樓症候群的關係,429,Narrative review,True,,,,,False,False,No annotation with this attribute found: reverting to default,,0.00,0.00,2026-09-09_10-01-17_pruned_taxonomy_topdown_sol
1743198,4df7c95b-fafb-48bc-9a49-02c8a0a567cd,塑化建材、2-乙基己醇及微生物共存環境與病態大樓症候群的關係,396,Qualitative designs,True,,,,,False,False,The questionnaire findings and environmental measurements are analyzed quantitatively; no qualitative exploration of experiences or meanings is described.,,0.00,0.00,2026-09-09_10-01-17_pruned_taxonomy_topdown_sol
1743198,4df7c95b-fafb-48bc-9a49-02c8a0a567cd,塑化建材、2-乙基己醇及微生物共存環境與病態大樓症候群的關係,388,2. Evidence synthesis,True,,,,,False,False,"The study does not review or synthesize existing literature; it reports directly collected questionnaire, environmental sampling, and instrumental measurement data.",,0.00,0.00,2026-09-09_10-01-17_pruned_taxonomy_topdown_sol
1743198,4df7c95b-fafb-48bc-9a49-02c8a0a567cd,塑化建材、2-乙基己醇及微生物共存環境與病態大樓症候群的關係,391,Descriptive / single-group designs,True,,,,,False,False,"Although prevalence is reported, the study is not limited to description of a single group; it analytically compares exposure conditions and examines associations with sick building syndrome.",,0.00,0.00,2026-09-09_10-01-17_pruned_taxonomy_topdown_sol
1743198,4df7c95b-fafb-48bc-9a49-02c8a0a567cd,塑化建材、2-乙基己醇及微生物共存環境與病態大樓症候群的關係,427,Health technology assessment (HTA),True,,,,,False,False,No annotation with this attribute found: reverting to default,,0.00,0.00,2026-09-09_10-01-17_pruned_taxonomy_topdown_sol
1743198,4df7c95b-fafb-48bc-9a49-02c8a0a567cd,塑化建材、2-乙基己醇及微生物共存環境與病態大樓症候群的關係,395,Observational / single-group designs,True,,,,,False,False,"Two sampling periods are mentioned, but the study does not track health outcomes longitudinally in a single cohort to infer associations from temporal patterns.","During two sampling periods, schooling time and winter vacation",0.00,100.00,2026-09-09_10-01-17_pruned_taxonomy_topdown_sol
1743198,4df7c95b-fafb-48bc-9a49-02c8a0a567cd,塑化建材、2-乙基己醇及微生物共存環境與病態大樓症候群的關係,426,Guideline (clinical or public health),True,,,,,False,False,No annotation with this attribute found: reverting to default,,0.00,0.00,2026-09-09_10-01-17_pruned_taxonomy_topdown_sol
1743198,4df7c95b-fafb-48bc-9a49-02c8a0a567cd,塑化建材、2-乙基己醇及微生物共存環境與病態大樓症候群的關係,387,1. Primary research,True,,,,,False,True,"This is original primary research involving participant questionnaires, biological and chemical sampling, direct environmental measurements, and statistical analysis.","A questionnaire survey was administrated for investigating prevalence of sick building syndrome; 2-ethyl-1-hexanol and microorganisms (bacteria, fungi) were sampled and analyzed; other environmental factors such as temperature, humidity, total volatile organic compounds and total suspended particulates were measured by direct-reading instruments.",0.00,100.00,2026-09-09_10-01-17_pruned_taxonomy_topdown_sol
1743198,4df7c95b-fafb-48bc-9a49-02c8a0a567cd,塑化建材、2-乙基己醇及微生物共存環境與病態大樓症候群的關係,430,Systematic reviews,True,,,,,False,False,No annotation with this attribute found: reverting to default,,0.00,0.00,2026-09-09_10-01-17_pruned_taxonomy_topdown_sol
1743198,4df7c95b-fafb-48bc-9a49-02c8a0a567cd,塑化建材、2-乙基己醇及微生物共存環境與病態大樓症候群的關係,397,Z_Other study design,True,,,,,False,False,The study is captured by the specified observational comparative design category.,,0.00,0.00,2026-09-09_10-01-17_pruned_taxonomy_topdown_sol
1743198,4df7c95b-fafb-48bc-9a49-02c8a0a567cd,塑化建材、2-乙基己醇及微生物共存環境與病態大樓症候群的關係,389,(Quasi-)Experimental / group comparison designs,True,,,,,False,False,"The carpet and environmental exposure conditions were observed rather than experimentally assigned, so this is not a controlled intervention study.",,0.00,0.00,2026-09-09_10-01-17_pruned_taxonomy_topdown_sol
1743198,4df7c95b-fafb-48bc-9a49-02c8a0a567cd,塑化建材、2-乙基己醇及微生物共存環境與病態大樓症候群的關係,431,Z_Other evidence synthesis type,True,,,,,False,False,No annotation with this attribute found: reverting to default,,0.00,0.00,2026-09-09_10-01-17_pruned_taxonomy_topdown_sol
1743198,4df7c95b-fafb-48bc-9a49-02c8a0a567cd,塑化建材、2-乙基己醇及微生物共存環境與病態大樓症候群的關係,428,Meta-analysis (unsystematic),True,,,,,False,False,No annotation with this attribute found: reverting to default,,0.00,0.00,2026-09-09_10-01-17_pruned_taxonomy_topdown_sol
1743198,4df7c95b-fafb-48bc-9a49-02c8a0a567cd,塑化建材、2-乙基己醇及微生物共存環境與病態大樓症候群的關係,117,"1.2. Communicable, maternal, neonatal, and nutritional mortality",True,,,,,False,False,No annotation with this attribute found: reverting to default,,0.00,0.00,2026-09-09_10-01-17_pruned_taxonomy_topdown_sol
1743198,4df7c95b-fafb-48bc-9a49-02c8a0a567cd,塑化建材、2-乙基己醇及微生物共存環境與病態大樓症候群的關係,196,Chronic respiratory diseases,True,,,,,False,False,"The study concerns sick building syndrome and transient mucous membrane irritation, not long-term obstructive, restrictive, inflammatory, or parenchymal lung disease.","Major uncomfortable complaints were mucous membrane irritation involved in uncomfortable eyes, nose and throat.",0.00,100.00,2026-09-09_10-01-17_pruned_taxonomy_topdown_sol
1743198,4df7c95b-fafb-48bc-9a49-02c8a0a567cd,塑化建材、2-乙基己醇及微生物共存環境與病態大樓症候群的關係,201,Neoplasms,True,,,,,False,False,Cancer or benign tumours are not studied.,,0.00,0.00,2026-09-09_10-01-17_pruned_taxonomy_topdown_sol
1743198,4df7c95b-fafb-48bc-9a49-02c8a0a567cd,塑化建材、2-乙基己醇及微生物共存環境與病態大樓症候群的關係,118,1.3. Non-communicable mortality,True,,,,,False,False,No annotation with this attribute found: reverting to default,,0.00,0.00,2026-09-09_10-01-17_pruned_taxonomy_topdown_sol
1743198,4df7c95b-fafb-48bc-9a49-02c8a0a567cd,塑化建材、2-乙基己醇及微生物共存環境與病態大樓症候群的關係,138,Respiratory infections and tuberculosis,True,,,,,False,False,No annotation with this attribute found: reverting to default,,0.00,0.00,2026-09-09_10-01-17_pruned_taxonomy_topdown_sol
1743198,4df7c95b-fafb-48bc-9a49-02c8a0a567cd,塑化建材、2-乙基己醇及微生物共存環境與病態大樓症候群的關係,116,1.1. Total / all-cause mortality (Outcome),True,,,,,False,False,No annotation with this attribute found: reverting to default,,0.00,0.00,2026-09-09_10-01-17_pruned_taxonomy_topdown_sol
1743198,4df7c95b-fafb-48bc-9a49-02c8a0a567cd,塑化建材、2-乙基己醇及微生物共存環境與病態大樓症候群的關係,204,Skin and subcutaneous diseases,True,,,,,False,False,No disease of the skin or subcutaneous tissue is a study focus.,,0.00,0.00,2026-09-09_10-01-17_pruned_taxonomy_topdown_sol
1743198,4df7c95b-fafb-48bc-9a49-02c8a0a567cd,塑化建材、2-乙基己醇及微生物共存環境與病態大樓症候群的關係,197,Diabetes and kidney diseases,True,,,,,False,False,Neither diabetes mellitus nor kidney disease is addressed.,,0.00,0.00,2026-09-09_10-01-17_pruned_taxonomy_topdown_sol
1743198,4df7c95b-fafb-48bc-9a49-02c8a0a567cd,塑化建材、2-乙基己醇及微生物共存環境與病態大樓症候群的關係,198,Digestive diseases,True,,,,,False,False,"The study does not investigate non-infectious gastrointestinal, liver, gallbladder, or pancreatic disease.",,0.00,0.00,2026-09-09_10-01-17_pruned_taxonomy_topdown_sol
1743198,4df7c95b-fafb-48bc-9a49-02c8a0a567cd,塑化建材、2-乙基己醇及微生物共存環境與病態大樓症候群的關係,137,Nutritional deficiencies,True,,,,,False,False,No annotation with this attribute found: reverting to default,,0.00,0.00,2026-09-09_10-01-17_pruned_taxonomy_topdown_sol
1743198,4df7c95b-fafb-48bc-9a49-02c8a0a567cd,塑化建材、2-乙基己醇及微生物共存環境與病態大樓症候群的關係,134,HIV/AIDS and sexually transmitted infections,True,,,,,False,False,No annotation with this attribute found: reverting to default,,0.00,0.00,2026-09-09_10-01-17_pruned_taxonomy_topdown_sol
1743198,4df7c95b-fafb-48bc-9a49-02c8a0a567cd,塑化建材、2-乙基己醇及微生物共存環境與病態大樓症候群的關係,203,Sense organ diseases,True,,,,,False,False,"Eye discomfort is reported as part of transient mucous membrane irritation, but the study is not about a disease causing visual impairment, blindness, hearing loss, or other established vision/hearing disorder.","Major uncomfortable complaints were mucous membrane irritation involved in uncomfortable eyes, nose and throat.",0.00,100.00,2026-09-09_10-01-17_pruned_taxonomy_topdown_sol
1743198,4df7c95b-fafb-48bc-9a49-02c8a0a567cd,塑化建材、2-乙基己醇及微生物共存環境與病態大樓症候群的關係,195,Cardiovascular diseases,True,,,,,False,False,No cardiovascular or circulatory disease is investigated.,,0.00,0.00,2026-09-09_10-01-17_pruned_taxonomy_topdown_sol
1743198,4df7c95b-fafb-48bc-9a49-02c8a0a567cd,塑化建材、2-乙基己醇及微生物共存環境與病態大樓症候群的關係,289,Transport injuries,True,,,,,False,False,No annotation with this attribute found: reverting to default,,0.00,0.00,2026-09-09_10-01-17_pruned_taxonomy_topdown_sol
1743198,4df7c95b-fafb-48bc-9a49-02c8a0a567cd,塑化建材、2-乙基己醇及微生物共存環境與病態大樓症候群的關係,113,"2. Communicable, maternal, neonatal, and nutritional diseases",True,,,,,False,False,"Microorganisms were measured as indoor environmental factors, but the study does not investigate infectious disease or maternal, neonatal, or nutritional conditions.","microorganisms (bacteria, fungi) were sampled and analyzed",0.00,100.00,2026-09-09_10-01-17_pruned_taxonomy_topdown_sol
1743198,4df7c95b-fafb-48bc-9a49-02c8a0a567cd,塑化建材、2-乙基己醇及微生物共存環境與病態大樓症候群的關係,139,Z_Other infectious diseases,True,,,,,False,False,No annotation with this attribute found: reverting to default,,0.00,0.00,2026-09-09_10-01-17_pruned_taxonomy_topdown_sol
1743198,4df7c95b-fafb-48bc-9a49-02c8a0a567cd,塑化建材、2-乙基己醇及微生物共存環境與病態大樓症候群的關係,135,Maternal and neonatal disorders,True,,,,,False,False,No annotation with this attribute found: reverting to default,,0.00,0.00,2026-09-09_10-01-17_pruned_taxonomy_topdown_sol
1743198,4df7c95b-fafb-48bc-9a49-02c8a0a567cd,塑化建材、2-乙基己醇及微生物共存環境與病態大樓症候群的關係,202,Neurological disorders,True,,,,,False,False,"No disease of the brain, spinal cord, or peripheral nervous system is a focus.",,0.00,0.00,2026-09-09_10-01-17_pruned_taxonomy_topdown_sol
1743198,4df7c95b-fafb-48bc-9a49-02c8a0a567cd,塑化建材、2-乙基己醇及微生物共存環境與病態大樓症候群的關係,288,Self-harm and interpersonal violence,True,,,,,False,False,No annotation with this attribute found: reverting to default,,0.00,0.00,2026-09-09_10-01-17_pruned_taxonomy_topdown_sol
1743198,4df7c95b-fafb-48bc-9a49-02c8a0a567cd,塑化建材、2-乙基己醇及微生物共存環境與病態大樓症候群的關係,206,Z_Other non-communicable diseases,True,,,,,False,False,"Although sick building syndrome is an environmentally associated symptom complex, the abstract does not identify a congenital, genitourinary, haematological, or other defined miscellaneous GBD non-communicable disease.","This study aims at disclosing sick building syndrome associated with 2-ethyl-1-hexanol, microorganisms and other factors such as ventilation, temperature, humidity, total volatile organic compounds and total suspended particulates",0.00,100.00,2026-09-09_10-01-17_pruned_taxonomy_topdown_sol
1743198,4df7c95b-fafb-48bc-9a49-02c8a0a567cd,塑化建材、2-乙基己醇及微生物共存環境與病態大樓症候群的關係,200,Musculoskeletal disorders,True,,,,,False,False,"No bone, joint, muscle, or connective-tissue disease is studied.",,0.00,0.00,2026-09-09_10-01-17_pruned_taxonomy_topdown_sol
1743198,4df7c95b-fafb-48bc-9a49-02c8a0a567cd,塑化建材、2-乙基己醇及微生物共存環境與病態大樓症候群的關係,133,Enteric infections,True,,,,,False,False,No annotation with this attribute found: reverting to default,,0.00,0.00,2026-09-09_10-01-17_pruned_taxonomy_topdown_sol
1743198,4df7c95b-fafb-48bc-9a49-02c8a0a567cd,塑化建材、2-乙基己醇及微生物共存環境與病態大樓症候群的關係,114,3. Non-communicable diseases,True,,,,,False,True,"The principal health outcome is sick building syndrome, a non-infectious condition associated with indoor environmental exposures and manifested by symptoms such as mucous membrane irritation.","This study aims at disclosing sick building syndrome associated with 2-ethyl-1-hexanol, microorganisms and other factors",0.00,100.00,2026-09-09_10-01-17_pruned_taxonomy_topdown_sol
1743198,4df7c95b-fafb-48bc-9a49-02c8a0a567cd,塑化建材、2-乙基己醇及微生物共存環境與病態大樓症候群的關係,112,1. Mortality (Outcome),True,,,,,False,False,"The study assesses symptom and syndrome prevalence, not death or cause-specific mortality.",,0.00,0.00,2026-09-09_10-01-17_pruned_taxonomy_topdown_sol
1743198,4df7c95b-fafb-48bc-9a49-02c8a0a567cd,塑化建材、2-乙基己醇及微生物共存環境與病態大樓症候群的關係,115,4. Injuries,True,,,,,False,False,"No bodily injury from an external cause, violence, self-harm, conflict, or other physical trauma is studied.",,0.00,0.00,2026-09-09_10-01-17_pruned_taxonomy_topdown_sol
1743198,4df7c95b-fafb-48bc-9a49-02c8a0a567cd,塑化建材、2-乙基己醇及微生物共存環境與病態大樓症候群的關係,199,Mental disorders,True,,,,,False,False,"The study does not address a clinically significant mental disorder involving cognition, emotion regulation, or behaviour.",,0.00,0.00,2026-09-09_10-01-17_pruned_taxonomy_topdown_sol
1743198,4df7c95b-fafb-48bc-9a49-02c8a0a567cd,塑化建材、2-乙基己醇及微生物共存環境與病態大樓症候群的關係,205,Substance use disorders,True,,,,,False,False,Alcohol or drug use disorders are not addressed.,,0.00,0.00,2026-09-09_10-01-17_pruned_taxonomy_topdown_sol
1743198,4df7c95b-fafb-48bc-9a49-02c8a0a567cd,塑化建材、2-乙基己醇及微生物共存環境與病態大樓症候群的關係,136,Neglected tropical diseases and malaria,True,,,,,False,False,No annotation with this attribute found: reverting to default,,0.00,0.00,2026-09-09_10-01-17_pruned_taxonomy_topdown_sol
1743198,4df7c95b-fafb-48bc-9a49-02c8a0a567cd,塑化建材、2-乙基己醇及微生物共存環境與病態大樓症候群的關係,290,Unintentional injuries,True,,,,,False,False,No annotation with this attribute found: reverting to default,,0.00,0.00,2026-09-09_10-01-17_pruned_taxonomy_topdown_sol
93858,4e7da8ca-0c90-4755-b2ec-a66c21d44711,Acute effects of air pollution on respiratory health of 50-70 yr old adults,38,Oil,True,,,,,False,False,The study examines ambient air pollutants and respiratory health but does not identify oil or petroleum products as an exposure or pollution source.,,0.00,0.00,2026-09-09_10-01-17_pruned_taxonomy_topdown_sol
93858,4e7da8ca-0c90-4755-b2ec-a66c21d44711,Acute effects of air pollution on respiratory health of 50-70 yr old adults,36,Coal,True,,,,,False,False,Coal use or combustion is not identified as a subject or source of the measured air pollution.,,0.00,0.00,2026-09-09_10-01-17_pruned_taxonomy_topdown_sol
93858,4e7da8ca-0c90-4755-b2ec-a66c21d44711,Acute effects of air pollution on respiratory health of 50-70 yr old adults,37,Natural gas,True,,,,,False,False,"Natural gas or methane use is not discussed as an exposure, energy source, or cause of pollution.",,0.00,0.00,2026-09-09_10-01-17_pruned_taxonomy_topdown_sol
93858,4e7da8ca-0c90-4755-b2ec-a66c21d44711,Acute effects of air pollution on respiratory health of 50-70 yr old adults,35,(Unspecified) fossil fuels,True,,,,,False,False,"Although several combustion-related pollutants are measured, the study does not refer to fossil fuel use or combustion generally; its focus is ambient air pollution and respiratory health.",,0.00,0.00,2026-09-09_10-01-17_pruned_taxonomy_topdown_sol
93858,4e7da8ca-0c90-4755-b2ec-a66c21d44711,Acute effects of air pollution on respiratory health of 50-70 yr old adults,21,Nitrous oxide (N₂O),True,,,,,False,False,"The study measures nitrogen dioxide (NO2), not nitrous oxide (N2O).",,0.00,0.00,2026-09-09_10-01-17_pruned_taxonomy_topdown_sol
93858,4e7da8ca-0c90-4755-b2ec-a66c21d44711,Acute effects of air pollution on respiratory health of 50-70 yr old adults,17,(Unspecified) greenhouse gases,True,,,,,False,False,"The study concerns health effects of specific ambient air pollutants, not greenhouse gases collectively.",,0.00,0.00,2026-09-09_10-01-17_pruned_taxonomy_topdown_sol
93858,4e7da8ca-0c90-4755-b2ec-a66c21d44711,Acute effects of air pollution on respiratory health of 50-70 yr old adults,24,Tropospheric ozone (O₃),True,,,,,False,False,Ground-level ozone is not measured or examined in the study.,,0.00,0.00,2026-09-09_10-01-17_pruned_taxonomy_topdown_sol
93858,4e7da8ca-0c90-4755-b2ec-a66c21d44711,Acute effects of air pollution on respiratory health of 50-70 yr old adults,18,Carbon dioxide (CO₂),True,,,,,False,False,Carbon dioxide is not an exposure or focus of the study.,,0.00,0.00,2026-09-09_10-01-17_pruned_taxonomy_topdown_sol
93858,4e7da8ca-0c90-4755-b2ec-a66c21d44711,Acute effects of air pollution on respiratory health of 50-70 yr old adults,23,Particulate matter (PM10) / fine particulate matter (PM2.5) / black/organic carbon / sulfate/nitrate aerosols,True,,,,,True,True,PM10 and particle-related pollutants are central exposures assessed for associations with respiratory health.,"Daily measurements of particles with a 50% cut-off aerodynamic diameter of 10 microm (PM10), black smoke (BS), sulphate",0.00,100.00,2026-09-09_10-01-17_pruned_taxonomy_topdown_sol
93858,4e7da8ca-0c90-4755-b2ec-a66c21d44711,Acute effects of air pollution on respiratory health of 50-70 yr old adults,20,Methane (CH₄),True,,,,,False,False,Methane is not discussed or assessed.,,0.00,0.00,2026-09-09_10-01-17_pruned_taxonomy_topdown_sol
93858,4e7da8ca-0c90-4755-b2ec-a66c21d44711,Acute effects of air pollution on respiratory health of 50-70 yr old adults,22,Ozone-depleting substances / chlorofluorocarbons / hydrochlorofluorocarbons / halons / carbon tetrachloride / methyl chloroform,True,,,,,False,False,Ozone-depleting substances are not discussed or assessed.,,0.00,0.00,2026-09-09_10-01-17_pruned_taxonomy_topdown_sol
93858,4e7da8ca-0c90-4755-b2ec-a66c21d44711,Acute effects of air pollution on respiratory health of 50-70 yr old adults,19,Fluorinated gases / hydrofluorocarbons / perfluorocarbons / sulfur hexafluoride / nitrogen trifluoride,True,,,,,False,False,Synthetic fluorinated greenhouse gases are not discussed or assessed.,,0.00,0.00,2026-09-09_10-01-17_pruned_taxonomy_topdown_sol
93858,4e7da8ca-0c90-4755-b2ec-a66c21d44711,Acute effects of air pollution on respiratory health of 50-70 yr old adults,29,Extreme snow/ice events,True,,,,,False,False,"The study took place during winter but did not examine severe snowfall, freezing rain, ice storms, or related disruptions.",,0.00,0.00,2026-09-09_10-01-17_pruned_taxonomy_topdown_sol
93858,4e7da8ca-0c90-4755-b2ec-a66c21d44711,Acute effects of air pollution on respiratory health of 50-70 yr old adults,34,Z_(Unspecified) extreme weather events,True,,,,,False,False,"The study concerns routine air pollution exposure and respiratory health, not unspecified extreme weather or climate extremes.",,0.00,0.00,2026-09-09_10-01-17_pruned_taxonomy_topdown_sol
93858,4e7da8ca-0c90-4755-b2ec-a66c21d44711,Acute effects of air pollution on respiratory health of 50-70 yr old adults,28,Extreme precipitation,True,,,,,False,False,No unusually intense or prolonged precipitation event was studied.,,0.00,0.00,2026-09-09_10-01-17_pruned_taxonomy_topdown_sol
93858,4e7da8ca-0c90-4755-b2ec-a66c21d44711,Acute effects of air pollution on respiratory health of 50-70 yr old adults,25,Droughts,True,,,,,False,False,Drought or prolonged water deficit was not an exposure or focus of the study.,,0.00,0.00,2026-09-09_10-01-17_pruned_taxonomy_topdown_sol
93858,4e7da8ca-0c90-4755-b2ec-a66c21d44711,Acute effects of air pollution on respiratory health of 50-70 yr old adults,26,Extreme cold,True,,,,,False,False,"Winter identifies the observation period, but the study did not investigate abnormally low temperatures, cold snaps, or their health effects.","During three consecutive winters starting in 1992/1993, peak expiratory flow (PEF) and respiratory symptoms were registered in a daily diary.",0.00,100.00,2026-09-09_10-01-17_pruned_taxonomy_topdown_sol
93858,4e7da8ca-0c90-4755-b2ec-a66c21d44711,Acute effects of air pollution on respiratory health of 50-70 yr old adults,32,Storms and severe wind,True,,,,,False,False,"No cyclone, hurricane, typhoon, severe thunderstorm, hailstorm, or comparable intense storm was studied.",,0.00,0.00,2026-09-09_10-01-17_pruned_taxonomy_topdown_sol
93858,4e7da8ca-0c90-4755-b2ec-a66c21d44711,Acute effects of air pollution on respiratory health of 50-70 yr old adults,27,Extreme heat,True,,,,,False,False,The study did not examine high temperatures or heatwaves.,,0.00,0.00,2026-09-09_10-01-17_pruned_taxonomy_topdown_sol
93858,4e7da8ca-0c90-4755-b2ec-a66c21d44711,Acute effects of air pollution on respiratory health of 50-70 yr old adults,31,Sand and dust storms,True,,,,,False,False,"Although particulate air pollution was measured, it was not attributed to sand or dust storms.",,0.00,0.00,2026-09-09_10-01-17_pruned_taxonomy_topdown_sol
93858,4e7da8ca-0c90-4755-b2ec-a66c21d44711,Acute effects of air pollution on respiratory health of 50-70 yr old adults,33,Wildfires,True,,,,,False,False,Wildfires or wildfire smoke were not discussed as sources of the measured air pollution.,,0.00,0.00,2026-09-09_10-01-17_pruned_taxonomy_topdown_sol
93858,4e7da8ca-0c90-4755-b2ec-a66c21d44711,Acute effects of air pollution on respiratory health of 50-70 yr old adults,30,Floods,True,,,,,False,False,"Flooding was not an exposure, event, or outcome in the study.",,0.00,0.00,2026-09-09_10-01-17_pruned_taxonomy_topdown_sol
93858,4e7da8ca-0c90-4755-b2ec-a66c21d44711,Acute effects of air pollution on respiratory health of 50-70 yr old adults,490,Maladaptation,True,,,,,False,False,No annotation with this attribute found: reverting to default,,0.00,0.00,2026-09-09_10-01-17_pruned_taxonomy_topdown_sol
93858,4e7da8ca-0c90-4755-b2ec-a66c21d44711,Acute effects of air pollution on respiratory health of 50-70 yr old adults,487,Adaptation,True,,,,,False,False,"The study does not concern adjustment, forecasting, preparedness, risk management, or resilience in response to climate variables or climate-related extreme events.",,0.00,0.00,2026-09-09_10-01-17_pruned_taxonomy_topdown_sol
93858,4e7da8ca-0c90-4755-b2ec-a66c21d44711,Acute effects of air pollution on respiratory health of 50-70 yr old adults,496,Co-Benefits,True,,,,,False,False,No annotation with this attribute found: reverting to default,,0.00,0.00,2026-09-09_10-01-17_pruned_taxonomy_topdown_sol
93858,4e7da8ca-0c90-4755-b2ec-a66c21d44711,Acute effects of air pollution on respiratory health of 50-70 yr old adults,488,Impact,True,,,,,True,False,"The study assesses respiratory effects of ambient air pollutants, but no climate variable or climate-related extreme event is identified as a driver or modifier of exposure.",,0.00,0.00,2026-09-09_10-01-17_pruned_taxonomy_topdown_sol
93858,4e7da8ca-0c90-4755-b2ec-a66c21d44711,Acute effects of air pollution on respiratory health of 50-70 yr old adults,495,Loss and damage,True,,,,,False,False,No annotation with this attribute found: reverting to default,,0.00,0.00,2026-09-09_10-01-17_pruned_taxonomy_topdown_sol
93858,4e7da8ca-0c90-4755-b2ec-a66c21d44711,Acute effects of air pollution on respiratory health of 50-70 yr old adults,493,Attribution,True,,,,,False,False,No annotation with this attribute found: reverting to default,,0.00,0.00,2026-09-09_10-01-17_pruned_taxonomy_topdown_sol
93858,4e7da8ca-0c90-4755-b2ec-a66c21d44711,Acute effects of air pollution on respiratory health of 50-70 yr old adults,489,Mitigation,True,,,,,False,False,"Although combustion-related pollutants are measured, the study does not identify greenhouse-gas emissions or fossil-fuel production or combustion as the source of harm, nor does it examine an emissions-reduction strategy.",,0.00,0.00,2026-09-09_10-01-17_pruned_taxonomy_topdown_sol
93858,4e7da8ca-0c90-4755-b2ec-a66c21d44711,Acute effects of air pollution on respiratory health of 50-70 yr old adults,492,Resilience,True,,,,,False,False,No annotation with this attribute found: reverting to default,,0.00,0.00,2026-09-09_10-01-17_pruned_taxonomy_topdown_sol
93858,4e7da8ca-0c90-4755-b2ec-a66c21d44711,Acute effects of air pollution on respiratory health of 50-70 yr old adults,491,Preparedness,True,,,,,False,False,No annotation with this attribute found: reverting to default,,0.00,0.00,2026-09-09_10-01-17_pruned_taxonomy_topdown_sol
93858,4e7da8ca-0c90-4755-b2ec-a66c21d44711,Acute effects of air pollution on respiratory health of 50-70 yr old adults,494,Future impact,True,,,,,False,False,No annotation with this attribute found: reverting to default,,0.00,0.00,2026-09-09_10-01-17_pruned_taxonomy_topdown_sol
93858,4e7da8ca-0c90-4755-b2ec-a66c21d44711,Acute effects of air pollution on respiratory health of 50-70 yr old adults,14,Changes in temperature,True,,,,,False,False,"The study examines short-term air pollution exposure and respiratory health, not long-term changes in temperature.",,0.00,0.00,2026-09-09_10-01-17_pruned_taxonomy_topdown_sol
93858,4e7da8ca-0c90-4755-b2ec-a66c21d44711,Acute effects of air pollution on respiratory health of 50-70 yr old adults,9,Changes in humidity,True,,,,,False,False,Atmospheric moisture or humidity is not an exposure or focus of the study.,,0.00,0.00,2026-09-09_10-01-17_pruned_taxonomy_topdown_sol
93858,4e7da8ca-0c90-4755-b2ec-a66c21d44711,Acute effects of air pollution on respiratory health of 50-70 yr old adults,6,(Unspecified) changes in weather,True,,,,,False,False,The study does not investigate general weather changes or weather variability.,,0.00,0.00,2026-09-09_10-01-17_pruned_taxonomy_topdown_sol
93858,4e7da8ca-0c90-4755-b2ec-a66c21d44711,Acute effects of air pollution on respiratory health of 50-70 yr old adults,13,Changes in season length,True,,,,,False,False,"Although measurements occurred during winter, the study does not examine shifts in season duration or timing.",,0.00,0.00,2026-09-09_10-01-17_pruned_taxonomy_topdown_sol
93858,4e7da8ca-0c90-4755-b2ec-a66c21d44711,Acute effects of air pollution on respiratory health of 50-70 yr old adults,8,Changes in glacier / snow melt,True,,,,,False,False,Glacier or snowpack melting is not addressed.,,0.00,0.00,2026-09-09_10-01-17_pruned_taxonomy_topdown_sol
93858,4e7da8ca-0c90-4755-b2ec-a66c21d44711,Acute effects of air pollution on respiratory health of 50-70 yr old adults,15,Changes in wind speed,True,,,,,False,False,Wind patterns or changes in wind velocity are not studied.,,0.00,0.00,2026-09-09_10-01-17_pruned_taxonomy_topdown_sol
93858,4e7da8ca-0c90-4755-b2ec-a66c21d44711,Acute effects of air pollution on respiratory health of 50-70 yr old adults,10,Changes in inland water bodies,True,,,,,False,False,"The study does not concern climate-driven changes in freshwater systems, hydrology, or water availability.",,0.00,0.00,2026-09-09_10-01-17_pruned_taxonomy_topdown_sol
93858,4e7da8ca-0c90-4755-b2ec-a66c21d44711,Acute effects of air pollution on respiratory health of 50-70 yr old adults,11,Changes in precipitation,True,,,,,False,False,Changes in rainfall or snowfall are not addressed.,,0.00,0.00,2026-09-09_10-01-17_pruned_taxonomy_topdown_sol
93858,4e7da8ca-0c90-4755-b2ec-a66c21d44711,Acute effects of air pollution on respiratory health of 50-70 yr old adults,16,Climate variability,True,,,,,False,False,"The study examines daily air pollution concentrations and respiratory outcomes rather than fluctuations in climate conditions over months, years, or decades.",,0.00,0.00,2026-09-09_10-01-17_pruned_taxonomy_topdown_sol
93858,4e7da8ca-0c90-4755-b2ec-a66c21d44711,Acute effects of air pollution on respiratory health of 50-70 yr old adults,7,(Unspecified) climate change,True,,,,,False,False,Climate change is not a subject of the study; its focus is the respiratory effects of urban and nonurban air pollution.,,0.00,0.00,2026-09-09_10-01-17_pruned_taxonomy_topdown_sol
93858,4e7da8ca-0c90-4755-b2ec-a66c21d44711,Acute effects of air pollution on respiratory health of 50-70 yr old adults,12,Changes in sea level,True,,,,,False,False,Sea-level rise is not addressed.,,0.00,0.00,2026-09-09_10-01-17_pruned_taxonomy_topdown_sol
93858,4e7da8ca-0c90-4755-b2ec-a66c21d44711,Acute effects of air pollution on respiratory health of 50-70 yr old adults,474,"Agriculture, fishing, and forestry (Sector)",True,,,,,False,False,"The study does not examine agriculture, livestock, fisheries, aquaculture, or forestry.",,0.00,0.00,2026-09-09_10-01-17_pruned_taxonomy_topdown_sol
93858,4e7da8ca-0c90-4755-b2ec-a66c21d44711,Acute effects of air pollution on respiratory health of 50-70 yr old adults,482,Military (Sector),True,,,,,False,False,"The military sector, its personnel, infrastructure, and operations are not studied.",,0.00,0.00,2026-09-09_10-01-17_pruned_taxonomy_topdown_sol
93858,4e7da8ca-0c90-4755-b2ec-a66c21d44711,Acute effects of air pollution on respiratory health of 50-70 yr old adults,479,Healthcare (Sector),True,,,,,False,False,"Although the study investigates respiratory health, it does not examine healthcare delivery, public health services, facilities, infrastructure, or the health-sector workforce.",Subjects were selected from the general population with a screening questionnaire.,0.00,100.00,2026-09-09_10-01-17_pruned_taxonomy_topdown_sol
93858,4e7da8ca-0c90-4755-b2ec-a66c21d44711,Acute effects of air pollution on respiratory health of 50-70 yr old adults,477,Energy and extractives (Sector),True,,,,,False,False,"The study measures ambient air pollutants but does not examine energy generation, fuel production, or resource extraction as a sector.",,0.00,0.00,2026-09-09_10-01-17_pruned_taxonomy_topdown_sol
93858,4e7da8ca-0c90-4755-b2ec-a66c21d44711,Acute effects of air pollution on respiratory health of 50-70 yr old adults,484,Social protection (Sector),True,,,,,False,False,"Social protection, welfare services, and safety-net systems are not subjects of the study.",,0.00,0.00,2026-09-09_10-01-17_pruned_taxonomy_topdown_sol
93858,4e7da8ca-0c90-4755-b2ec-a66c21d44711,Acute effects of air pollution on respiratory health of 50-70 yr old adults,475,Buildings / housing (Sector),True,,,,,False,False,"Urban and nonurban residence is used as a population setting, but buildings, housing provision, and construction are not examined.",living in urban and nonurban areas in the Netherlands,0.00,100.00,2026-09-09_10-01-17_pruned_taxonomy_topdown_sol
93858,4e7da8ca-0c90-4755-b2ec-a66c21d44711,Acute effects of air pollution on respiratory health of 50-70 yr old adults,485,Transportation (Sector),True,,,,,False,False,"The study does not investigate transportation systems, infrastructure, vehicles, or logistics; it also does not attribute the measured pollution specifically to transport.",,0.00,0.00,2026-09-09_10-01-17_pruned_taxonomy_topdown_sol
93858,4e7da8ca-0c90-4755-b2ec-a66c21d44711,Acute effects of air pollution on respiratory health of 50-70 yr old adults,481,Information and communications technologies (Sector),True,,,,,False,False,"Telecommunications, digital infrastructure, and information technology are not studied.",,0.00,0.00,2026-09-09_10-01-17_pruned_taxonomy_topdown_sol
93858,4e7da8ca-0c90-4755-b2ec-a66c21d44711,Acute effects of air pollution on respiratory health of 50-70 yr old adults,486,"Water, sanitation, and waste management (Sector)",True,,,,,False,False,"Water supply, sewage treatment, and solid-waste management are not subjects of the study.",,0.00,0.00,2026-09-09_10-01-17_pruned_taxonomy_topdown_sol
93858,4e7da8ca-0c90-4755-b2ec-a66c21d44711,Acute effects of air pollution on respiratory health of 50-70 yr old adults,478,Finance (Sector),True,,,,,False,False,"Banking, insurance, investment, and other financial services or mechanisms are not examined.",,0.00,0.00,2026-09-09_10-01-17_pruned_taxonomy_topdown_sol
93858,4e7da8ca-0c90-4755-b2ec-a66c21d44711,Acute effects of air pollution on respiratory health of 50-70 yr old adults,480,"Industry, trade, and services (Sector)",True,,,,,False,False,"Manufacturing, commerce, retail, wholesale trade, and commercial services are not studied.",,0.00,0.00,2026-09-09_10-01-17_pruned_taxonomy_topdown_sol
93858,4e7da8ca-0c90-4755-b2ec-a66c21d44711,Acute effects of air pollution on respiratory health of 50-70 yr old adults,476,Education (Sector),True,,,,,False,False,Formal or informal education systems and institutions are not subjects of the study.,,0.00,0.00,2026-09-09_10-01-17_pruned_taxonomy_topdown_sol
93858,4e7da8ca-0c90-4755-b2ec-a66c21d44711,Acute effects of air pollution on respiratory health of 50-70 yr old adults,483,Public administration (Sector),True,,,,,False,False,"The study does not examine the operations, services, functions, or workforce of public administration.",,0.00,0.00,2026-09-09_10-01-17_pruned_taxonomy_topdown_sol
93858,4e7da8ca-0c90-4755-b2ec-a66c21d44711,Acute effects of air pollution on respiratory health of 50-70 yr old adults,392,Mixed-methods,True,,,,,False,False,The study uses quantitative repeated measurements only; no qualitative component is described.,,0.00,0.00,2026-09-09_10-01-17_pruned_taxonomy_topdown_sol
93858,4e7da8ca-0c90-4755-b2ec-a66c21d44711,Acute effects of air pollution on respiratory health of 50-70 yr old adults,394,Observational / group comparison designs,True,,,,,True,True,This is an observational analytic study comparing respiratory outcomes across varying pollution exposures and population subgroups without randomized exposure allocation.,The aim of this study was to investigate the association between daily changes in respiratory health and air pollution in 489 adults,0.00,100.00,2026-09-09_10-01-17_pruned_taxonomy_topdown_sol
93858,4e7da8ca-0c90-4755-b2ec-a66c21d44711,Acute effects of air pollution on respiratory health of 50-70 yr old adults,393,Modelling / simulation,True,,,,,False,False,"Although effect estimates were calculated, the study did not simulate systems, project future outcomes, or estimate scenario-based impacts using a modelling design.",,0.00,0.00,2026-09-09_10-01-17_pruned_taxonomy_topdown_sol
93858,4e7da8ca-0c90-4755-b2ec-a66c21d44711,Acute effects of air pollution on respiratory health of 50-70 yr old adults,390,(Quasi-)Experimental / single-group designs,True,,,,,False,False,No intervention was applied to a single group.,,0.00,0.00,2026-09-09_10-01-17_pruned_taxonomy_topdown_sol
93858,4e7da8ca-0c90-4755-b2ec-a66c21d44711,Acute effects of air pollution on respiratory health of 50-70 yr old adults,429,Narrative review,True,,,,,False,False,No annotation with this attribute found: reverting to default,,0.00,0.00,2026-09-09_10-01-17_pruned_taxonomy_topdown_sol
93858,4e7da8ca-0c90-4755-b2ec-a66c21d44711,Acute effects of air pollution on respiratory health of 50-70 yr old adults,396,Qualitative designs,True,,,,,False,False,"The study did not collect or analyze qualitative data about meanings, experiences, or context.",,0.00,0.00,2026-09-09_10-01-17_pruned_taxonomy_topdown_sol
93858,4e7da8ca-0c90-4755-b2ec-a66c21d44711,Acute effects of air pollution on respiratory health of 50-70 yr old adults,388,2. Evidence synthesis,True,,,,,False,False,This is not a review or evidence synthesis; it reports a longitudinal panel study with direct collection of respiratory-health and air-pollution measurements.,,0.00,0.00,2026-09-09_10-01-17_pruned_taxonomy_topdown_sol
93858,4e7da8ca-0c90-4755-b2ec-a66c21d44711,Acute effects of air pollution on respiratory health of 50-70 yr old adults,391,Descriptive / single-group designs,True,,,,,False,False,"The study was designed to assess exposure–outcome associations over time and across subgroups, rather than merely describe outcomes in one group.",,0.00,0.00,2026-09-09_10-01-17_pruned_taxonomy_topdown_sol
93858,4e7da8ca-0c90-4755-b2ec-a66c21d44711,Acute effects of air pollution on respiratory health of 50-70 yr old adults,427,Health technology assessment (HTA),True,,,,,False,False,No annotation with this attribute found: reverting to default,,0.00,0.00,2026-09-09_10-01-17_pruned_taxonomy_topdown_sol
93858,4e7da8ca-0c90-4755-b2ec-a66c21d44711,Acute effects of air pollution on respiratory health of 50-70 yr old adults,395,Observational / single-group designs,True,,,,,False,False,"Despite repeated follow-up, this was not solely a single-group temporal study: it evaluated varying pollution exposures and compared urban/nonurban and symptomatic/nonsymptomatic groups.","In symptomatic subjects from urban areas, PM10, BS, sulphate and SO2 concentrations were associated with the prevalence of large decrements in morning PEF",0.00,100.00,2026-09-09_10-01-17_pruned_taxonomy_topdown_sol
93858,4e7da8ca-0c90-4755-b2ec-a66c21d44711,Acute effects of air pollution on respiratory health of 50-70 yr old adults,426,Guideline (clinical or public health),True,,,,,False,False,No annotation with this attribute found: reverting to default,,0.00,0.00,2026-09-09_10-01-17_pruned_taxonomy_topdown_sol
93858,4e7da8ca-0c90-4755-b2ec-a66c21d44711,Acute effects of air pollution on respiratory health of 50-70 yr old adults,387,1. Primary research,True,,,,,True,True,"The researchers collected and analyzed original daily diary, lung-function, symptom, and air-pollution data from 489 adults, making this a primary research study.","During three consecutive winters starting in 1992/1993, peak expiratory flow (PEF) and respiratory symptoms were registered in a daily diary. Daily measurements of particles with a 50% cut-off aerodynamic diameter of 10 microm (PM10), black smoke (BS), sulphate, sulphur dioxide (SO2) and nitrogen dioxide (NO2) were conducted.",0.00,100.00,2026-09-09_10-01-17_pruned_taxonomy_topdown_sol
93858,4e7da8ca-0c90-4755-b2ec-a66c21d44711,Acute effects of air pollution on respiratory health of 50-70 yr old adults,430,Systematic reviews,True,,,,,False,False,No annotation with this attribute found: reverting to default,,0.00,0.00,2026-09-09_10-01-17_pruned_taxonomy_topdown_sol
93858,4e7da8ca-0c90-4755-b2ec-a66c21d44711,Acute effects of air pollution on respiratory health of 50-70 yr old adults,397,Z_Other study design,True,,,,,False,False,The design is captured by the specified observational comparative category.,,0.00,0.00,2026-09-09_10-01-17_pruned_taxonomy_topdown_sol
93858,4e7da8ca-0c90-4755-b2ec-a66c21d44711,Acute effects of air pollution on respiratory health of 50-70 yr old adults,389,(Quasi-)Experimental / group comparison designs,True,,,,,False,False,There was no researcher-assigned intervention or experimental control group.,,0.00,0.00,2026-09-09_10-01-17_pruned_taxonomy_topdown_sol
93858,4e7da8ca-0c90-4755-b2ec-a66c21d44711,Acute effects of air pollution on respiratory health of 50-70 yr old adults,431,Z_Other evidence synthesis type,True,,,,,False,False,No annotation with this attribute found: reverting to default,,0.00,0.00,2026-09-09_10-01-17_pruned_taxonomy_topdown_sol
93858,4e7da8ca-0c90-4755-b2ec-a66c21d44711,Acute effects of air pollution on respiratory health of 50-70 yr old adults,428,Meta-analysis (unsystematic),True,,,,,False,False,No annotation with this attribute found: reverting to default,,0.00,0.00,2026-09-09_10-01-17_pruned_taxonomy_topdown_sol
93858,4e7da8ca-0c90-4755-b2ec-a66c21d44711,Acute effects of air pollution on respiratory health of 50-70 yr old adults,117,"1.2. Communicable, maternal, neonatal, and nutritional mortality",True,,,,,False,False,No annotation with this attribute found: reverting to default,,0.00,0.00,2026-09-09_10-01-17_pruned_taxonomy_topdown_sol
93858,4e7da8ca-0c90-4755-b2ec-a66c21d44711,Acute effects of air pollution on respiratory health of 50-70 yr old adults,196,Chronic respiratory diseases,True,,,,,True,True,"The study focuses on respiratory function and symptoms, particularly among adults with chronic respiratory symptoms, making chronic respiratory disease a central health domain.","association between daily changes in respiratory health and air pollution in 489 adults, aged 50-70 yrs, with and without chronic respiratory symptoms",0.00,100.00,2026-09-09_10-01-17_pruned_taxonomy_topdown_sol
93858,4e7da8ca-0c90-4755-b2ec-a66c21d44711,Acute effects of air pollution on respiratory health of 50-70 yr old adults,201,Neoplasms,True,,,,,False,False,Cancer or other neoplastic disease is not studied.,,0.00,0.00,2026-09-09_10-01-17_pruned_taxonomy_topdown_sol
93858,4e7da8ca-0c90-4755-b2ec-a66c21d44711,Acute effects of air pollution on respiratory health of 50-70 yr old adults,118,1.3. Non-communicable mortality,True,,,,,False,False,No annotation with this attribute found: reverting to default,,0.00,0.00,2026-09-09_10-01-17_pruned_taxonomy_topdown_sol
93858,4e7da8ca-0c90-4755-b2ec-a66c21d44711,Acute effects of air pollution on respiratory health of 50-70 yr old adults,138,Respiratory infections and tuberculosis,True,,,,,False,False,No annotation with this attribute found: reverting to default,,0.00,0.00,2026-09-09_10-01-17_pruned_taxonomy_topdown_sol
93858,4e7da8ca-0c90-4755-b2ec-a66c21d44711,Acute effects of air pollution on respiratory health of 50-70 yr old adults,116,1.1. Total / all-cause mortality (Outcome),True,,,,,False,False,No annotation with this attribute found: reverting to default,,0.00,0.00,2026-09-09_10-01-17_pruned_taxonomy_topdown_sol
93858,4e7da8ca-0c90-4755-b2ec-a66c21d44711,Acute effects of air pollution on respiratory health of 50-70 yr old adults,204,Skin and subcutaneous diseases,True,,,,,False,False,Skin or subcutaneous tissue disease is not studied.,,0.00,0.00,2026-09-09_10-01-17_pruned_taxonomy_topdown_sol
93858,4e7da8ca-0c90-4755-b2ec-a66c21d44711,Acute effects of air pollution on respiratory health of 50-70 yr old adults,197,Diabetes and kidney diseases,True,,,,,False,False,Diabetes mellitus and kidney disease are not studied.,,0.00,0.00,2026-09-09_10-01-17_pruned_taxonomy_topdown_sol
93858,4e7da8ca-0c90-4755-b2ec-a66c21d44711,Acute effects of air pollution on respiratory health of 50-70 yr old adults,198,Digestive diseases,True,,,,,False,False,"Digestive, liver, gallbladder, or pancreatic disease is not studied.",,0.00,0.00,2026-09-09_10-01-17_pruned_taxonomy_topdown_sol
93858,4e7da8ca-0c90-4755-b2ec-a66c21d44711,Acute effects of air pollution on respiratory health of 50-70 yr old adults,137,Nutritional deficiencies,True,,,,,False,False,No annotation with this attribute found: reverting to default,,0.00,0.00,2026-09-09_10-01-17_pruned_taxonomy_topdown_sol
93858,4e7da8ca-0c90-4755-b2ec-a66c21d44711,Acute effects of air pollution on respiratory health of 50-70 yr old adults,134,HIV/AIDS and sexually transmitted infections,True,,,,,False,False,No annotation with this attribute found: reverting to default,,0.00,0.00,2026-09-09_10-01-17_pruned_taxonomy_topdown_sol
93858,4e7da8ca-0c90-4755-b2ec-a66c21d44711,Acute effects of air pollution on respiratory health of 50-70 yr old adults,203,Sense organ diseases,True,,,,,False,False,Vision and hearing disorders are not studied.,,0.00,0.00,2026-09-09_10-01-17_pruned_taxonomy_topdown_sol
93858,4e7da8ca-0c90-4755-b2ec-a66c21d44711,Acute effects of air pollution on respiratory health of 50-70 yr old adults,195,Cardiovascular diseases,True,,,,,False,False,Cardiovascular or circulatory disease is not an outcome or population focus.,,0.00,0.00,2026-09-09_10-01-17_pruned_taxonomy_topdown_sol
93858,4e7da8ca-0c90-4755-b2ec-a66c21d44711,Acute effects of air pollution on respiratory health of 50-70 yr old adults,289,Transport injuries,True,,,,,False,False,No annotation with this attribute found: reverting to default,,0.00,0.00,2026-09-09_10-01-17_pruned_taxonomy_topdown_sol
93858,4e7da8ca-0c90-4755-b2ec-a66c21d44711,Acute effects of air pollution on respiratory health of 50-70 yr old adults,113,"2. Communicable, maternal, neonatal, and nutritional diseases",True,,,,,False,False,"The study does not examine infectious diseases or maternal, neonatal, or nutritional conditions.",,0.00,0.00,2026-09-09_10-01-17_pruned_taxonomy_topdown_sol
93858,4e7da8ca-0c90-4755-b2ec-a66c21d44711,Acute effects of air pollution on respiratory health of 50-70 yr old adults,139,Z_Other infectious diseases,True,,,,,False,False,No annotation with this attribute found: reverting to default,,0.00,0.00,2026-09-09_10-01-17_pruned_taxonomy_topdown_sol
93858,4e7da8ca-0c90-4755-b2ec-a66c21d44711,Acute effects of air pollution on respiratory health of 50-70 yr old adults,135,Maternal and neonatal disorders,True,,,,,False,False,No annotation with this attribute found: reverting to default,,0.00,0.00,2026-09-09_10-01-17_pruned_taxonomy_topdown_sol
93858,4e7da8ca-0c90-4755-b2ec-a66c21d44711,Acute effects of air pollution on respiratory health of 50-70 yr old adults,202,Neurological disorders,True,,,,,False,False,Neurological disease is not studied.,,0.00,0.00,2026-09-09_10-01-17_pruned_taxonomy_topdown_sol
93858,4e7da8ca-0c90-4755-b2ec-a66c21d44711,Acute effects of air pollution on respiratory health of 50-70 yr old adults,288,Self-harm and interpersonal violence,True,,,,,False,False,No annotation with this attribute found: reverting to default,,0.00,0.00,2026-09-09_10-01-17_pruned_taxonomy_topdown_sol
93858,4e7da8ca-0c90-4755-b2ec-a66c21d44711,Acute effects of air pollution on respiratory health of 50-70 yr old adults,206,Z_Other non-communicable diseases,True,,,,,False,False,"No congenital, genitourinary, hematological, or other miscellaneous non-communicable disease is a study focus.",,0.00,0.00,2026-09-09_10-01-17_pruned_taxonomy_topdown_sol
93858,4e7da8ca-0c90-4755-b2ec-a66c21d44711,Acute effects of air pollution on respiratory health of 50-70 yr old adults,200,Musculoskeletal disorders,True,,,,,False,False,Musculoskeletal or connective tissue disease is not studied.,,0.00,0.00,2026-09-09_10-01-17_pruned_taxonomy_topdown_sol
93858,4e7da8ca-0c90-4755-b2ec-a66c21d44711,Acute effects of air pollution on respiratory health of 50-70 yr old adults,133,Enteric infections,True,,,,,False,False,No annotation with this attribute found: reverting to default,,0.00,0.00,2026-09-09_10-01-17_pruned_taxonomy_topdown_sol
93858,4e7da8ca-0c90-4755-b2ec-a66c21d44711,Acute effects of air pollution on respiratory health of 50-70 yr old adults,114,3. Non-communicable diseases,True,,,,,True,True,"The study focuses on air-pollution-related changes in respiratory health, particularly among adults with chronic respiratory symptoms, which fall within non-communicable respiratory conditions.","489 adults, aged 50-70 yrs, with and without chronic respiratory symptoms",0.00,100.00,2026-09-09_10-01-17_pruned_taxonomy_topdown_sol
93858,4e7da8ca-0c90-4755-b2ec-a66c21d44711,Acute effects of air pollution on respiratory health of 50-70 yr old adults,112,1. Mortality (Outcome),True,,,,,False,False,Mortality or death is not assessed; the outcomes are respiratory symptoms and peak expiratory flow decrements.,,0.00,0.00,2026-09-09_10-01-17_pruned_taxonomy_topdown_sol
93858,4e7da8ca-0c90-4755-b2ec-a66c21d44711,Acute effects of air pollution on respiratory health of 50-70 yr old adults,115,4. Injuries,True,,,,,False,False,"The study does not examine physical injuries or harm caused by accidents, violence, self-harm, or conflict.",,0.00,0.00,2026-09-09_10-01-17_pruned_taxonomy_topdown_sol
93858,4e7da8ca-0c90-4755-b2ec-a66c21d44711,Acute effects of air pollution on respiratory health of 50-70 yr old adults,199,Mental disorders,True,,,,,False,False,Mental disorders are not studied.,,0.00,0.00,2026-09-09_10-01-17_pruned_taxonomy_topdown_sol
93858,4e7da8ca-0c90-4755-b2ec-a66c21d44711,Acute effects of air pollution on respiratory health of 50-70 yr old adults,205,Substance use disorders,True,,,,,False,False,Alcohol or drug use disorders are not studied.,,0.00,0.00,2026-09-09_10-01-17_pruned_taxonomy_topdown_sol
93858,4e7da8ca-0c90-4755-b2ec-a66c21d44711,Acute effects of air pollution on respiratory health of 50-70 yr old adults,136,Neglected tropical diseases and malaria,True,,,,,False,False,No annotation with this attribute found: reverting to default,,0.00,0.00,2026-09-09_10-01-17_pruned_taxonomy_topdown_sol
93858,4e7da8ca-0c90-4755-b2ec-a66c21d44711,Acute effects of air pollution on respiratory health of 50-70 yr old adults,290,Unintentional injuries,True,,,,,False,False,No annotation with this attribute found: reverting to default,,0.00,0.00,2026-09-09_10-01-17_pruned_taxonomy_topdown_sol
3169228412,51e1a4ac-6b13-465b-963c-ec3c9228c2c4,A Hybrid Convolutional Neural Network-Temporal Attention Mechanism Approach for Real-Time Prediction of Soil Moisture and Temperature in Precision Agriculture,38,Oil,True,,,,,False,False,The study concerns AI- and IoT-enabled precision agriculture and irrigation optimization; it does not examine oil or petroleum products.,,0.00,0.00,2026-09-09_10-01-17_pruned_taxonomy_topdown_sol
3169228412,51e1a4ac-6b13-465b-963c-ec3c9228c2c4,A Hybrid Convolutional Neural Network-Temporal Attention Mechanism Approach for Real-Time Prediction of Soil Moisture and Temperature in Precision Agriculture,36,Coal,True,,,,,False,False,"Coal is not a subject, exposure, energy source, or intervention discussed in the study.",,0.00,0.00,2026-09-09_10-01-17_pruned_taxonomy_topdown_sol
3169228412,51e1a4ac-6b13-465b-963c-ec3c9228c2c4,A Hybrid Convolutional Neural Network-Temporal Attention Mechanism Approach for Real-Time Prediction of Soil Moisture and Temperature in Precision Agriculture,37,Natural gas,True,,,,,False,False,Natural gas or methane-based fossil fuel use is not discussed in the study.,,0.00,0.00,2026-09-09_10-01-17_pruned_taxonomy_topdown_sol
3169228412,51e1a4ac-6b13-465b-963c-ec3c9228c2c4,A Hybrid Convolutional Neural Network-Temporal Attention Mechanism Approach for Real-Time Prediction of Soil Moisture and Temperature in Precision Agriculture,35,(Unspecified) fossil fuels,True,,,,,False,False,"The study does not refer to fossil fuel use or combustion, either generally or by a specific fuel type.",,0.00,0.00,2026-09-09_10-01-17_pruned_taxonomy_topdown_sol
3169228412,51e1a4ac-6b13-465b-963c-ec3c9228c2c4,A Hybrid Convolutional Neural Network-Temporal Attention Mechanism Approach for Real-Time Prediction of Soil Moisture and Temperature in Precision Agriculture,21,Nitrous oxide (N₂O),True,,,,,False,False,"The study concerns AI-based soil temperature, moisture forecasting, and irrigation optimization; it does not examine nitrous oxide emissions. Fertilizer conservation is only a general benefit.",,0.00,0.00,2026-09-09_10-01-17_pruned_taxonomy_topdown_sol
3169228412,51e1a4ac-6b13-465b-963c-ec3c9228c2c4,A Hybrid Convolutional Neural Network-Temporal Attention Mechanism Approach for Real-Time Prediction of Soil Moisture and Temperature in Precision Agriculture,17,(Unspecified) greenhouse gases,True,,,,,False,False,"Greenhouse gases as a collective category are not an exposure, outcome, or substantive focus of the study.",,0.00,0.00,2026-09-09_10-01-17_pruned_taxonomy_topdown_sol
3169228412,51e1a4ac-6b13-465b-963c-ec3c9228c2c4,A Hybrid Convolutional Neural Network-Temporal Attention Mechanism Approach for Real-Time Prediction of Soil Moisture and Temperature in Precision Agriculture,24,Tropospheric ozone (O₃),True,,,,,False,False,"The study does not investigate ground-level ozone, its formation, air quality, or respiratory health effects.",,0.00,0.00,2026-09-09_10-01-17_pruned_taxonomy_topdown_sol
3169228412,51e1a4ac-6b13-465b-963c-ec3c9228c2c4,A Hybrid Convolutional Neural Network-Temporal Attention Mechanism Approach for Real-Time Prediction of Soil Moisture and Temperature in Precision Agriculture,18,Carbon dioxide (CO₂),True,,,,,False,False,Carbon dioxide emissions or concentrations are not examined in the study.,,0.00,0.00,2026-09-09_10-01-17_pruned_taxonomy_topdown_sol
3169228412,51e1a4ac-6b13-465b-963c-ec3c9228c2c4,A Hybrid Convolutional Neural Network-Temporal Attention Mechanism Approach for Real-Time Prediction of Soil Moisture and Temperature in Precision Agriculture,23,Particulate matter (PM10) / fine particulate matter (PM2.5) / black/organic carbon / sulfate/nitrate aerosols,True,,,,,False,False,"The study does not address particulate matter, aerosols, air pollution, or related health pathways.",,0.00,0.00,2026-09-09_10-01-17_pruned_taxonomy_topdown_sol
3169228412,51e1a4ac-6b13-465b-963c-ec3c9228c2c4,A Hybrid Convolutional Neural Network-Temporal Attention Mechanism Approach for Real-Time Prediction of Soil Moisture and Temperature in Precision Agriculture,20,Methane (CH₄),True,,,,,False,False,"Methane emissions are not studied, despite the agricultural setting.",,0.00,0.00,2026-09-09_10-01-17_pruned_taxonomy_topdown_sol
3169228412,51e1a4ac-6b13-465b-963c-ec3c9228c2c4,A Hybrid Convolutional Neural Network-Temporal Attention Mechanism Approach for Real-Time Prediction of Soil Moisture and Temperature in Precision Agriculture,22,Ozone-depleting substances / chlorofluorocarbons / hydrochlorofluorocarbons / halons / carbon tetrachloride / methyl chloroform,True,,,,,False,False,Ozone-depleting substances and their climate or health impacts are not discussed or assessed.,,0.00,0.00,2026-09-09_10-01-17_pruned_taxonomy_topdown_sol
3169228412,51e1a4ac-6b13-465b-963c-ec3c9228c2c4,A Hybrid Convolutional Neural Network-Temporal Attention Mechanism Approach for Real-Time Prediction of Soil Moisture and Temperature in Precision Agriculture,19,Fluorinated gases / hydrofluorocarbons / perfluorocarbons / sulfur hexafluoride / nitrogen trifluoride,True,,,,,False,False,Synthetic fluorinated greenhouse gases are not a subject of the study.,,0.00,0.00,2026-09-09_10-01-17_pruned_taxonomy_topdown_sol
3169228412,51e1a4ac-6b13-465b-963c-ec3c9228c2c4,A Hybrid Convolutional Neural Network-Temporal Attention Mechanism Approach for Real-Time Prediction of Soil Moisture and Temperature in Precision Agriculture,29,Extreme snow/ice events,True,,,,,False,False,"The study does not examine severe snowfall, freezing rain, ice storms, or related impacts.",,0.00,0.00,2026-09-09_10-01-17_pruned_taxonomy_topdown_sol
3169228412,51e1a4ac-6b13-465b-963c-ec3c9228c2c4,A Hybrid Convolutional Neural Network-Temporal Attention Mechanism Approach for Real-Time Prediction of Soil Moisture and Temperature in Precision Agriculture,34,Z_(Unspecified) extreme weather events,True,,,,,True,False,Extreme weather is mentioned only as a general potential benefit of the system; unidentified extreme events are not a substantive exposure or focus of the study.,improve crop resilience against extreme weather conditions,0.00,100.00,2026-09-09_10-01-17_pruned_taxonomy_topdown_sol
3169228412,51e1a4ac-6b13-465b-963c-ec3c9228c2c4,A Hybrid Convolutional Neural Network-Temporal Attention Mechanism Approach for Real-Time Prediction of Soil Moisture and Temperature in Precision Agriculture,28,Extreme precipitation,True,,,,,False,False,The study does not investigate unusually intense or prolonged precipitation.,,0.00,0.00,2026-09-09_10-01-17_pruned_taxonomy_topdown_sol
3169228412,51e1a4ac-6b13-465b-963c-ec3c9228c2c4,A Hybrid Convolutional Neural Network-Temporal Attention Mechanism Approach for Real-Time Prediction of Soil Moisture and Temperature in Precision Agriculture,25,Droughts,True,,,,,False,False,"Although soil moisture and irrigation are central topics, the study does not identify prolonged drought or abnormal water deficit as an event or exposure.",real time crop soil temperature and Soil Moisture prognosis,0.00,100.00,2026-09-09_10-01-17_pruned_taxonomy_topdown_sol
3169228412,51e1a4ac-6b13-465b-963c-ec3c9228c2c4,A Hybrid Convolutional Neural Network-Temporal Attention Mechanism Approach for Real-Time Prediction of Soil Moisture and Temperature in Precision Agriculture,26,Extreme cold,True,,,,,False,False,No episodes of abnormally low temperature or their effects are studied.,,0.00,0.00,2026-09-09_10-01-17_pruned_taxonomy_topdown_sol
3169228412,51e1a4ac-6b13-465b-963c-ec3c9228c2c4,A Hybrid Convolutional Neural Network-Temporal Attention Mechanism Approach for Real-Time Prediction of Soil Moisture and Temperature in Precision Agriculture,32,Storms and severe wind,True,,,,,False,False,"The study does not concern cyclones, hurricanes, typhoons, thunderstorms, hailstorms, or other specified severe storms.",,0.00,0.00,2026-09-09_10-01-17_pruned_taxonomy_topdown_sol
3169228412,51e1a4ac-6b13-465b-963c-ec3c9228c2c4,A Hybrid Convolutional Neural Network-Temporal Attention Mechanism Approach for Real-Time Prediction of Soil Moisture and Temperature in Precision Agriculture,27,Extreme heat,True,,,,,False,False,"Soil temperature prediction is studied, but no abnormally high-temperature episode or heatwave is identified.",real time crop soil temperature and Soil Moisture prognosis,0.00,100.00,2026-09-09_10-01-17_pruned_taxonomy_topdown_sol
3169228412,51e1a4ac-6b13-465b-963c-ec3c9228c2c4,A Hybrid Convolutional Neural Network-Temporal Attention Mechanism Approach for Real-Time Prediction of Soil Moisture and Temperature in Precision Agriculture,31,Sand and dust storms,True,,,,,False,False,Sand and dust storms are not discussed.,,0.00,0.00,2026-09-09_10-01-17_pruned_taxonomy_topdown_sol
3169228412,51e1a4ac-6b13-465b-963c-ec3c9228c2c4,A Hybrid Convolutional Neural Network-Temporal Attention Mechanism Approach for Real-Time Prediction of Soil Moisture and Temperature in Precision Agriculture,33,Wildfires,True,,,,,False,False,Wildfires or vegetation-fire smoke are not part of the study.,,0.00,0.00,2026-09-09_10-01-17_pruned_taxonomy_topdown_sol
3169228412,51e1a4ac-6b13-465b-963c-ec3c9228c2c4,A Hybrid Convolutional Neural Network-Temporal Attention Mechanism Approach for Real-Time Prediction of Soil Moisture and Temperature in Precision Agriculture,30,Floods,True,,,,,False,False,"The study does not examine inundation, flooding, or flood-related impacts.",,0.00,0.00,2026-09-09_10-01-17_pruned_taxonomy_topdown_sol
3169228412,51e1a4ac-6b13-465b-963c-ec3c9228c2c4,A Hybrid Convolutional Neural Network-Temporal Attention Mechanism Approach for Real-Time Prediction of Soil Moisture and Temperature in Precision Agriculture,490,Maladaptation,True,,,,,False,False,"The study presents precision agriculture as beneficial and does not examine unintended harms, increased vulnerability, reduced adaptive capacity, or new risks caused by an adaptation action.",,0.00,0.00,2026-09-09_10-01-17_pruned_taxonomy_topdown_sol
3169228412,51e1a4ac-6b13-465b-963c-ec3c9228c2c4,A Hybrid Convolutional Neural Network-Temporal Attention Mechanism Approach for Real-Time Prediction of Soil Moisture and Temperature in Precision Agriculture,487,Adaptation,True,,,,,True,True,"The study develops real-time soil-temperature and moisture forecasting and irrigation-optimization tools to help farms manage environmental variability and strengthen resilience to extreme weather, which constitutes climate adaptation.","Experimental outcome confirms enhanced real-time prediction capability allowing farmers to optimize irrigation schedules, reduce resource waste, and improve crop resilience against extreme weather conditions.",0.00,100.00,2026-09-09_10-01-17_pruned_taxonomy_topdown_sol
3169228412,51e1a4ac-6b13-465b-963c-ec3c9228c2c4,A Hybrid Convolutional Neural Network-Temporal Attention Mechanism Approach for Real-Time Prediction of Soil Moisture and Temperature in Precision Agriculture,496,Co-Benefits,True,,,,,False,False,No annotation with this attribute found: reverting to default,,0.00,0.00,2026-09-09_10-01-17_pruned_taxonomy_topdown_sol
3169228412,51e1a4ac-6b13-465b-963c-ec3c9228c2c4,A Hybrid Convolutional Neural Network-Temporal Attention Mechanism Approach for Real-Time Prediction of Soil Moisture and Temperature in Precision Agriculture,488,Impact,True,,,,,False,False,"Although extreme weather and environmental variables are mentioned, the study does not characterize or measure their effects on health, ecosystems, economies, or society; its primary focus is an agricultural management and prediction system.",,0.00,0.00,2026-09-09_10-01-17_pruned_taxonomy_topdown_sol
3169228412,51e1a4ac-6b13-465b-963c-ec3c9228c2c4,A Hybrid Convolutional Neural Network-Temporal Attention Mechanism Approach for Real-Time Prediction of Soil Moisture and Temperature in Precision Agriculture,495,Loss and damage,True,,,,,False,False,No annotation with this attribute found: reverting to default,,0.00,0.00,2026-09-09_10-01-17_pruned_taxonomy_topdown_sol
3169228412,51e1a4ac-6b13-465b-963c-ec3c9228c2c4,A Hybrid Convolutional Neural Network-Temporal Attention Mechanism Approach for Real-Time Prediction of Soil Moisture and Temperature in Precision Agriculture,493,Attribution,True,,,,,False,False,No annotation with this attribute found: reverting to default,,0.00,0.00,2026-09-09_10-01-17_pruned_taxonomy_topdown_sol
3169228412,51e1a4ac-6b13-465b-963c-ec3c9228c2c4,A Hybrid Convolutional Neural Network-Temporal Attention Mechanism Approach for Real-Time Prediction of Soil Moisture and Temperature in Precision Agriculture,489,Mitigation,True,,,,,False,False,"The study does not address greenhouse-gas emissions, fossil fuels, or strategies intended to reduce emissions.",,0.00,0.00,2026-09-09_10-01-17_pruned_taxonomy_topdown_sol
3169228412,51e1a4ac-6b13-465b-963c-ec3c9228c2c4,A Hybrid Convolutional Neural Network-Temporal Attention Mechanism Approach for Real-Time Prediction of Soil Moisture and Temperature in Precision Agriculture,492,Resilience,True,,,,,True,True,Improving agricultural resilience to extreme weather is an explicit intended outcome of the AI-supported irrigation and farm-management system.,improve crop resilience against extreme weather conditions,0.00,100.00,2026-09-09_10-01-17_pruned_taxonomy_topdown_sol
3169228412,51e1a4ac-6b13-465b-963c-ec3c9228c2c4,A Hybrid Convolutional Neural Network-Temporal Attention Mechanism Approach for Real-Time Prediction of Soil Moisture and Temperature in Precision Agriculture,491,Preparedness,True,,,,,False,True,"The predictive monitoring and decision-support system helps farmers anticipate environmental conditions and optimize irrigation in advance, thereby supporting preparedness for extreme weather and related agricultural impacts.",real time crop soil temperature and Soil Moisture prognosis,0.00,100.00,2026-09-09_10-01-17_pruned_taxonomy_topdown_sol
3169228412,51e1a4ac-6b13-465b-963c-ec3c9228c2c4,A Hybrid Convolutional Neural Network-Temporal Attention Mechanism Approach for Real-Time Prediction of Soil Moisture and Temperature in Precision Agriculture,494,Future impact,True,,,,,False,False,No annotation with this attribute found: reverting to default,,0.00,0.00,2026-09-09_10-01-17_pruned_taxonomy_topdown_sol
3169228412,51e1a4ac-6b13-465b-963c-ec3c9228c2c4,A Hybrid Convolutional Neural Network-Temporal Attention Mechanism Approach for Real-Time Prediction of Soil Moisture and Temperature in Precision Agriculture,14,Changes in temperature,True,,,,,True,False,"The study predicts crop-soil temperature but does not examine long-term shifts in atmospheric temperature, warming trends, or temperature extremes.",real time crop soil temperature and Soil Moisture prognosis,0.00,100.00,2026-09-09_10-01-17_pruned_taxonomy_topdown_sol
3169228412,51e1a4ac-6b13-465b-963c-ec3c9228c2c4,A Hybrid Convolutional Neural Network-Temporal Attention Mechanism Approach for Real-Time Prediction of Soil Moisture and Temperature in Precision Agriculture,9,Changes in humidity,True,,,,,False,False,"Soil moisture is studied, not atmospheric humidity or shifts in atmospheric moisture.",,0.00,0.00,2026-09-09_10-01-17_pruned_taxonomy_topdown_sol
3169228412,51e1a4ac-6b13-465b-963c-ec3c9228c2c4,A Hybrid Convolutional Neural Network-Temporal Attention Mechanism Approach for Real-Time Prediction of Soil Moisture and Temperature in Precision Agriculture,6,(Unspecified) changes in weather,True,,,,,False,False,Extreme weather is mentioned only as a general benefit of the system; broad weather-pattern changes are not an exposure or substantive study focus.,improve crop resilience against extreme weather conditions,0.00,100.00,2026-09-09_10-01-17_pruned_taxonomy_topdown_sol
3169228412,51e1a4ac-6b13-465b-963c-ec3c9228c2c4,A Hybrid Convolutional Neural Network-Temporal Attention Mechanism Approach for Real-Time Prediction of Soil Moisture and Temperature in Precision Agriculture,13,Changes in season length,True,,,,,False,False,"The study does not examine changes in season duration, onset, or timing.",,0.00,0.00,2026-09-09_10-01-17_pruned_taxonomy_topdown_sol
3169228412,51e1a4ac-6b13-465b-963c-ec3c9228c2c4,A Hybrid Convolutional Neural Network-Temporal Attention Mechanism Approach for Real-Time Prediction of Soil Moisture and Temperature in Precision Agriculture,8,Changes in glacier / snow melt,True,,,,,False,False,Glacier or snowpack melting is not discussed.,,0.00,0.00,2026-09-09_10-01-17_pruned_taxonomy_topdown_sol
3169228412,51e1a4ac-6b13-465b-963c-ec3c9228c2c4,A Hybrid Convolutional Neural Network-Temporal Attention Mechanism Approach for Real-Time Prediction of Soil Moisture and Temperature in Precision Agriculture,15,Changes in wind speed,True,,,,,False,False,The study does not assess wind patterns or wind velocity.,,0.00,0.00,2026-09-09_10-01-17_pruned_taxonomy_topdown_sol
3169228412,51e1a4ac-6b13-465b-963c-ec3c9228c2c4,A Hybrid Convolutional Neural Network-Temporal Attention Mechanism Approach for Real-Time Prediction of Soil Moisture and Temperature in Precision Agriculture,10,Changes in inland water bodies,True,,,,,False,False,"The work concerns irrigation efficiency and soil-moisture prediction, not climate-driven changes in rivers, lakes, water availability, or hydrological patterns.","optimize irrigation schedules, reduce resource waste",0.00,100.00,2026-09-09_10-01-17_pruned_taxonomy_topdown_sol
3169228412,51e1a4ac-6b13-465b-963c-ec3c9228c2c4,A Hybrid Convolutional Neural Network-Temporal Attention Mechanism Approach for Real-Time Prediction of Soil Moisture and Temperature in Precision Agriculture,11,Changes in precipitation,True,,,,,False,False,"No changes in rainfall or snowfall amount, timing, or intensity are examined.",,0.00,0.00,2026-09-09_10-01-17_pruned_taxonomy_topdown_sol
3169228412,51e1a4ac-6b13-465b-963c-ec3c9228c2c4,A Hybrid Convolutional Neural Network-Temporal Attention Mechanism Approach for Real-Time Prediction of Soil Moisture and Temperature in Precision Agriculture,16,Climate variability,True,,,,,False,False,"Long-term sensor data are used for model prediction, but the study does not investigate climate variability around long-term averages.",IoT sensors gather long term environmental data,0.00,100.00,2026-09-09_10-01-17_pruned_taxonomy_topdown_sol
3169228412,51e1a4ac-6b13-465b-963c-ec3c9228c2c4,A Hybrid Convolutional Neural Network-Temporal Attention Mechanism Approach for Real-Time Prediction of Soil Moisture and Temperature in Precision Agriculture,7,(Unspecified) climate change,True,,,,,False,False,Climate change in general is not a substantive subject of the study; the focus is an AI and IoT system for precision agriculture.,,0.00,0.00,2026-09-09_10-01-17_pruned_taxonomy_topdown_sol
3169228412,51e1a4ac-6b13-465b-963c-ec3c9228c2c4,A Hybrid Convolutional Neural Network-Temporal Attention Mechanism Approach for Real-Time Prediction of Soil Moisture and Temperature in Precision Agriculture,12,Changes in sea level,True,,,,,False,False,Sea-level rise is not discussed.,,0.00,0.00,2026-09-09_10-01-17_pruned_taxonomy_topdown_sol
3169228412,51e1a4ac-6b13-465b-963c-ec3c9228c2c4,A Hybrid Convolutional Neural Network-Temporal Attention Mechanism Approach for Real-Time Prediction of Soil Moisture and Temperature in Precision Agriculture,474,"Agriculture, fishing, and forestry (Sector)",True,,,,,True,True,"The study is fundamentally about crop farming and precision agriculture, including soil monitoring, irrigation optimization, and farm management.",The study develops an AI-powered system for intelligent farm management to support sustainable and Smart Irrigation Optimization is used for efficient agricultural practices.,0.00,100.00,2026-09-09_10-01-17_pruned_taxonomy_topdown_sol
3169228412,51e1a4ac-6b13-465b-963c-ec3c9228c2c4,A Hybrid Convolutional Neural Network-Temporal Attention Mechanism Approach for Real-Time Prediction of Soil Moisture and Temperature in Precision Agriculture,482,Military (Sector),True,,,,,False,False,"The study does not concern armed forces, defense capabilities, military operations, or military infrastructure.",,0.00,0.00,2026-09-09_10-01-17_pruned_taxonomy_topdown_sol
3169228412,51e1a4ac-6b13-465b-963c-ec3c9228c2c4,A Hybrid Convolutional Neural Network-Temporal Attention Mechanism Approach for Real-Time Prediction of Soil Moisture and Temperature in Precision Agriculture,479,Healthcare (Sector),True,,,,,False,False,"No medical care, public health service, healthcare infrastructure, or preventive health system is studied.",,0.00,0.00,2026-09-09_10-01-17_pruned_taxonomy_topdown_sol
3169228412,51e1a4ac-6b13-465b-963c-ec3c9228c2c4,A Hybrid Convolutional Neural Network-Temporal Attention Mechanism Approach for Real-Time Prediction of Soil Moisture and Temperature in Precision Agriculture,477,Energy and extractives (Sector),True,,,,,False,False,"The study does not examine electricity generation, fuel production, renewable energy systems, or resource extraction.",,0.00,0.00,2026-09-09_10-01-17_pruned_taxonomy_topdown_sol
3169228412,51e1a4ac-6b13-465b-963c-ec3c9228c2c4,A Hybrid Convolutional Neural Network-Temporal Attention Mechanism Approach for Real-Time Prediction of Soil Moisture and Temperature in Precision Agriculture,484,Social protection (Sector),True,,,,,False,False,"The study does not concern welfare services, social safety nets, or support systems protecting vulnerable populations from social or economic risks.",,0.00,0.00,2026-09-09_10-01-17_pruned_taxonomy_topdown_sol
3169228412,51e1a4ac-6b13-465b-963c-ec3c9228c2c4,A Hybrid Convolutional Neural Network-Temporal Attention Mechanism Approach for Real-Time Prediction of Soil Moisture and Temperature in Precision Agriculture,475,Buildings / housing (Sector),True,,,,,False,False,"Residential or commercial buildings, housing provision, and construction are not subjects of the study.",,0.00,0.00,2026-09-09_10-01-17_pruned_taxonomy_topdown_sol
3169228412,51e1a4ac-6b13-465b-963c-ec3c9228c2c4,A Hybrid Convolutional Neural Network-Temporal Attention Mechanism Approach for Real-Time Prediction of Soil Moisture and Temperature in Precision Agriculture,485,Transportation (Sector),True,,,,,False,False,"The study does not address transport infrastructure, vehicles, or logistics operations.",,0.00,0.00,2026-09-09_10-01-17_pruned_taxonomy_topdown_sol
3169228412,51e1a4ac-6b13-465b-963c-ec3c9228c2c4,A Hybrid Convolutional Neural Network-Temporal Attention Mechanism Approach for Real-Time Prediction of Soil Moisture and Temperature in Precision Agriculture,481,Information and communications technologies (Sector),True,,,,,False,True,"Digital technology is a central component of the study: it develops an AI and IoT system using sensors, software models, edge hardware, and connectivity for real-time agricultural decision support.",This work presents hybrid CNN-TAM (Convolutional Neural Network–Temporal Attention Mechanism) model running on Edge AI devices for real time crop soil temperature and Soil Moisture prognosis.,0.00,100.00,2026-09-09_10-01-17_pruned_taxonomy_topdown_sol
3169228412,51e1a4ac-6b13-465b-963c-ec3c9228c2c4,A Hybrid Convolutional Neural Network-Temporal Attention Mechanism Approach for Real-Time Prediction of Soil Moisture and Temperature in Precision Agriculture,486,"Water, sanitation, and waste management (Sector)",True,,,,,False,False,"Although irrigation efficiency and water conservation are outcomes, the study does not examine the water-supply, sewage-treatment, or solid-waste-management sector.",,0.00,0.00,2026-09-09_10-01-17_pruned_taxonomy_topdown_sol
3169228412,51e1a4ac-6b13-465b-963c-ec3c9228c2c4,A Hybrid Convolutional Neural Network-Temporal Attention Mechanism Approach for Real-Time Prediction of Soil Moisture and Temperature in Precision Agriculture,478,Finance (Sector),True,,,,,False,False,"The study does not concern banking, insurance, investment, or finance mechanisms; describing the system as cost-effective is insufficient.",,0.00,0.00,2026-09-09_10-01-17_pruned_taxonomy_topdown_sol
3169228412,51e1a4ac-6b13-465b-963c-ec3c9228c2c4,A Hybrid Convolutional Neural Network-Temporal Attention Mechanism Approach for Real-Time Prediction of Soil Moisture and Temperature in Precision Agriculture,480,"Industry, trade, and services (Sector)",True,,,,,False,False,"Manufacturing, retail, wholesale trade, and commercial services are not substantive subjects of the study.",,0.00,0.00,2026-09-09_10-01-17_pruned_taxonomy_topdown_sol
3169228412,51e1a4ac-6b13-465b-963c-ec3c9228c2c4,A Hybrid Convolutional Neural Network-Temporal Attention Mechanism Approach for Real-Time Prediction of Soil Moisture and Temperature in Precision Agriculture,476,Education (Sector),True,,,,,False,False,"The study does not address schools, universities, vocational institutions, or formal or informal education systems.",,0.00,0.00,2026-09-09_10-01-17_pruned_taxonomy_topdown_sol
3169228412,51e1a4ac-6b13-465b-963c-ec3c9228c2c4,A Hybrid Convolutional Neural Network-Temporal Attention Mechanism Approach for Real-Time Prediction of Soil Moisture and Temperature in Precision Agriculture,483,Public administration (Sector),True,,,,,False,False,"Public-administration operations, services, institutions, and workforces are not examined.",,0.00,0.00,2026-09-09_10-01-17_pruned_taxonomy_topdown_sol
3169228412,51e1a4ac-6b13-465b-963c-ec3c9228c2c4,A Hybrid Convolutional Neural Network-Temporal Attention Mechanism Approach for Real-Time Prediction of Soil Moisture and Temperature in Precision Agriculture,392,Mixed-methods,True,,,,,False,False,"The study reports computational model development and performance evaluation, with no qualitative data collection or integration of qualitative and quantitative methods.",,0.00,0.00,2026-09-09_10-01-17_pruned_taxonomy_topdown_sol
3169228412,51e1a4ac-6b13-465b-963c-ec3c9228c2c4,A Hybrid Convolutional Neural Network-Temporal Attention Mechanism Approach for Real-Time Prediction of Soil Moisture and Temperature in Precision Agriculture,394,Observational / group comparison designs,True,,,,,False,False,It does not compare health outcomes across groups defined by exposure status.,,0.00,0.00,2026-09-09_10-01-17_pruned_taxonomy_topdown_sol
3169228412,51e1a4ac-6b13-465b-963c-ec3c9228c2c4,A Hybrid Convolutional Neural Network-Temporal Attention Mechanism Approach for Real-Time Prediction of Soil Moisture and Temperature in Precision Agriculture,393,Modelling / simulation,True,,,,,True,True,The study develops and evaluates a computational predictive model using environmental sensor data and benchmarks it against several conventional models.,This work presents hybrid CNN-TAM (Convolutional Neural Network–Temporal Attention Mechanism) model running on Edge AI devices for real time crop soil temperature and Soil Moisture prognosis.,0.00,100.00,2026-09-09_10-01-17_pruned_taxonomy_topdown_sol
3169228412,51e1a4ac-6b13-465b-963c-ec3c9228c2c4,A Hybrid Convolutional Neural Network-Temporal Attention Mechanism Approach for Real-Time Prediction of Soil Moisture and Temperature in Precision Agriculture,390,(Quasi-)Experimental / single-group designs,True,,,,,False,False,No intervention is applied to a single participant or population group; the work instead evaluates an AI prediction system.,,0.00,0.00,2026-09-09_10-01-17_pruned_taxonomy_topdown_sol
3169228412,51e1a4ac-6b13-465b-963c-ec3c9228c2c4,A Hybrid Convolutional Neural Network-Temporal Attention Mechanism Approach for Real-Time Prediction of Soil Moisture and Temperature in Precision Agriculture,429,Narrative review,True,,,,,False,False,No annotation with this attribute found: reverting to default,,0.00,0.00,2026-09-09_10-01-17_pruned_taxonomy_topdown_sol
3169228412,51e1a4ac-6b13-465b-963c-ec3c9228c2c4,A Hybrid Convolutional Neural Network-Temporal Attention Mechanism Approach for Real-Time Prediction of Soil Moisture and Temperature in Precision Agriculture,396,Qualitative designs,True,,,,,False,False,"The study does not use qualitative methods to investigate experiences, meanings, or contextual factors.",,0.00,0.00,2026-09-09_10-01-17_pruned_taxonomy_topdown_sol
3169228412,51e1a4ac-6b13-465b-963c-ec3c9228c2c4,A Hybrid Convolutional Neural Network-Temporal Attention Mechanism Approach for Real-Time Prediction of Soil Moisture and Temperature in Precision Agriculture,388,2. Evidence synthesis,True,,,,,False,False,The study develops and experimentally evaluates a new hybrid CNN-TAM system using directly collected IoT sensor data; it is not a review or synthesis of existing literature.,,0.00,0.00,2026-09-09_10-01-17_pruned_taxonomy_topdown_sol
3169228412,51e1a4ac-6b13-465b-963c-ec3c9228c2c4,A Hybrid Convolutional Neural Network-Temporal Attention Mechanism Approach for Real-Time Prediction of Soil Moisture and Temperature in Precision Agriculture,391,Descriptive / single-group designs,True,,,,,False,False,"Although environmental sensor data are collected, the primary design is predictive computational modelling rather than descriptive characterization of a single group.",,0.00,0.00,2026-09-09_10-01-17_pruned_taxonomy_topdown_sol
3169228412,51e1a4ac-6b13-465b-963c-ec3c9228c2c4,A Hybrid Convolutional Neural Network-Temporal Attention Mechanism Approach for Real-Time Prediction of Soil Moisture and Temperature in Precision Agriculture,427,Health technology assessment (HTA),True,,,,,False,False,No annotation with this attribute found: reverting to default,,0.00,0.00,2026-09-09_10-01-17_pruned_taxonomy_topdown_sol
3169228412,51e1a4ac-6b13-465b-963c-ec3c9228c2c4,A Hybrid Convolutional Neural Network-Temporal Attention Mechanism Approach for Real-Time Prediction of Soil Moisture and Temperature in Precision Agriculture,395,Observational / single-group designs,True,,,,,False,False,"Long-term data provide inputs for model training and prediction, but the study is not an observational single-group longitudinal design focused on temporal outcome patterns.",IoT sensors gather long term environmental data which is preprocessed to remove noise and extract meaningful spatial and temporal features.,0.00,100.00,2026-09-09_10-01-17_pruned_taxonomy_topdown_sol
3169228412,51e1a4ac-6b13-465b-963c-ec3c9228c2c4,A Hybrid Convolutional Neural Network-Temporal Attention Mechanism Approach for Real-Time Prediction of Soil Moisture and Temperature in Precision Agriculture,426,Guideline (clinical or public health),True,,,,,False,False,No annotation with this attribute found: reverting to default,,0.00,0.00,2026-09-09_10-01-17_pruned_taxonomy_topdown_sol
3169228412,51e1a4ac-6b13-465b-963c-ec3c9228c2c4,A Hybrid Convolutional Neural Network-Temporal Attention Mechanism Approach for Real-Time Prediction of Soil Moisture and Temperature in Precision Agriculture,387,1. Primary research,True,,,,,True,True,"This is original research that collects and analyzes environmental sensor data, develops a predictive model, compares it with conventional methods, and reports experimental outcomes.",IoT sensors gather long term environmental data which is preprocessed to remove noise and extract meaningful spatial and temporal features.,0.00,100.00,2026-09-09_10-01-17_pruned_taxonomy_topdown_sol
3169228412,51e1a4ac-6b13-465b-963c-ec3c9228c2c4,A Hybrid Convolutional Neural Network-Temporal Attention Mechanism Approach for Real-Time Prediction of Soil Moisture and Temperature in Precision Agriculture,430,Systematic reviews,True,,,,,False,False,No annotation with this attribute found: reverting to default,,0.00,0.00,2026-09-09_10-01-17_pruned_taxonomy_topdown_sol
3169228412,51e1a4ac-6b13-465b-963c-ec3c9228c2c4,A Hybrid Convolutional Neural Network-Temporal Attention Mechanism Approach for Real-Time Prediction of Soil Moisture and Temperature in Precision Agriculture,397,Z_Other study design,True,,,,,False,False,The study is captured by the specific computational modelling category.,,0.00,0.00,2026-09-09_10-01-17_pruned_taxonomy_topdown_sol
3169228412,51e1a4ac-6b13-465b-963c-ec3c9228c2c4,A Hybrid Convolutional Neural Network-Temporal Attention Mechanism Approach for Real-Time Prediction of Soil Moisture and Temperature in Precision Agriculture,389,(Quasi-)Experimental / group comparison designs,True,,,,,False,False,The comparisons are between predictive algorithms rather than intervention and control groups in an experimental study.,"The proposed hybrid model surpasses the conventional methods like Linear Regression, Random Forest, LSTM, and independent CNN with the lowest RMSE (1.7).",0.00,100.00,2026-09-09_10-01-17_pruned_taxonomy_topdown_sol
3169228412,51e1a4ac-6b13-465b-963c-ec3c9228c2c4,A Hybrid Convolutional Neural Network-Temporal Attention Mechanism Approach for Real-Time Prediction of Soil Moisture and Temperature in Precision Agriculture,431,Z_Other evidence synthesis type,True,,,,,False,False,No annotation with this attribute found: reverting to default,,0.00,0.00,2026-09-09_10-01-17_pruned_taxonomy_topdown_sol
3169228412,51e1a4ac-6b13-465b-963c-ec3c9228c2c4,A Hybrid Convolutional Neural Network-Temporal Attention Mechanism Approach for Real-Time Prediction of Soil Moisture and Temperature in Precision Agriculture,428,Meta-analysis (unsystematic),True,,,,,False,False,No annotation with this attribute found: reverting to default,,0.00,0.00,2026-09-09_10-01-17_pruned_taxonomy_topdown_sol
3169228412,51e1a4ac-6b13-465b-963c-ec3c9228c2c4,A Hybrid Convolutional Neural Network-Temporal Attention Mechanism Approach for Real-Time Prediction of Soil Moisture and Temperature in Precision Agriculture,117,"1.2. Communicable, maternal, neonatal, and nutritional mortality",True,,,,,False,False,No annotation with this attribute found: reverting to default,,0.00,0.00,2026-09-09_10-01-17_pruned_taxonomy_topdown_sol
3169228412,51e1a4ac-6b13-465b-963c-ec3c9228c2c4,A Hybrid Convolutional Neural Network-Temporal Attention Mechanism Approach for Real-Time Prediction of Soil Moisture and Temperature in Precision Agriculture,196,Chronic respiratory diseases,True,,,,,False,False,No annotation with this attribute found: reverting to default,,0.00,0.00,2026-09-09_10-01-17_pruned_taxonomy_topdown_sol
3169228412,51e1a4ac-6b13-465b-963c-ec3c9228c2c4,A Hybrid Convolutional Neural Network-Temporal Attention Mechanism Approach for Real-Time Prediction of Soil Moisture and Temperature in Precision Agriculture,201,Neoplasms,True,,,,,False,False,No annotation with this attribute found: reverting to default,,0.00,0.00,2026-09-09_10-01-17_pruned_taxonomy_topdown_sol
3169228412,51e1a4ac-6b13-465b-963c-ec3c9228c2c4,A Hybrid Convolutional Neural Network-Temporal Attention Mechanism Approach for Real-Time Prediction of Soil Moisture and Temperature in Precision Agriculture,118,1.3. Non-communicable mortality,True,,,,,False,False,No annotation with this attribute found: reverting to default,,0.00,0.00,2026-09-09_10-01-17_pruned_taxonomy_topdown_sol
3169228412,51e1a4ac-6b13-465b-963c-ec3c9228c2c4,A Hybrid Convolutional Neural Network-Temporal Attention Mechanism Approach for Real-Time Prediction of Soil Moisture and Temperature in Precision Agriculture,138,Respiratory infections and tuberculosis,True,,,,,False,False,No annotation with this attribute found: reverting to default,,0.00,0.00,2026-09-09_10-01-17_pruned_taxonomy_topdown_sol
3169228412,51e1a4ac-6b13-465b-963c-ec3c9228c2c4,A Hybrid Convolutional Neural Network-Temporal Attention Mechanism Approach for Real-Time Prediction of Soil Moisture and Temperature in Precision Agriculture,116,1.1. Total / all-cause mortality (Outcome),True,,,,,False,False,No annotation with this attribute found: reverting to default,,0.00,0.00,2026-09-09_10-01-17_pruned_taxonomy_topdown_sol
3169228412,51e1a4ac-6b13-465b-963c-ec3c9228c2c4,A Hybrid Convolutional Neural Network-Temporal Attention Mechanism Approach for Real-Time Prediction of Soil Moisture and Temperature in Precision Agriculture,204,Skin and subcutaneous diseases,True,,,,,False,False,No annotation with this attribute found: reverting to default,,0.00,0.00,2026-09-09_10-01-17_pruned_taxonomy_topdown_sol
3169228412,51e1a4ac-6b13-465b-963c-ec3c9228c2c4,A Hybrid Convolutional Neural Network-Temporal Attention Mechanism Approach for Real-Time Prediction of Soil Moisture and Temperature in Precision Agriculture,197,Diabetes and kidney diseases,True,,,,,False,False,No annotation with this attribute found: reverting to default,,0.00,0.00,2026-09-09_10-01-17_pruned_taxonomy_topdown_sol
3169228412,51e1a4ac-6b13-465b-963c-ec3c9228c2c4,A Hybrid Convolutional Neural Network-Temporal Attention Mechanism Approach for Real-Time Prediction of Soil Moisture and Temperature in Precision Agriculture,198,Digestive diseases,True,,,,,False,False,No annotation with this attribute found: reverting to default,,0.00,0.00,2026-09-09_10-01-17_pruned_taxonomy_topdown_sol
3169228412,51e1a4ac-6b13-465b-963c-ec3c9228c2c4,A Hybrid Convolutional Neural Network-Temporal Attention Mechanism Approach for Real-Time Prediction of Soil Moisture and Temperature in Precision Agriculture,137,Nutritional deficiencies,True,,,,,False,False,No annotation with this attribute found: reverting to default,,0.00,0.00,2026-09-09_10-01-17_pruned_taxonomy_topdown_sol
3169228412,51e1a4ac-6b13-465b-963c-ec3c9228c2c4,A Hybrid Convolutional Neural Network-Temporal Attention Mechanism Approach for Real-Time Prediction of Soil Moisture and Temperature in Precision Agriculture,134,HIV/AIDS and sexually transmitted infections,True,,,,,False,False,No annotation with this attribute found: reverting to default,,0.00,0.00,2026-09-09_10-01-17_pruned_taxonomy_topdown_sol
3169228412,51e1a4ac-6b13-465b-963c-ec3c9228c2c4,A Hybrid Convolutional Neural Network-Temporal Attention Mechanism Approach for Real-Time Prediction of Soil Moisture and Temperature in Precision Agriculture,203,Sense organ diseases,True,,,,,False,False,No annotation with this attribute found: reverting to default,,0.00,0.00,2026-09-09_10-01-17_pruned_taxonomy_topdown_sol
3169228412,51e1a4ac-6b13-465b-963c-ec3c9228c2c4,A Hybrid Convolutional Neural Network-Temporal Attention Mechanism Approach for Real-Time Prediction of Soil Moisture and Temperature in Precision Agriculture,195,Cardiovascular diseases,True,,,,,False,False,No annotation with this attribute found: reverting to default,,0.00,0.00,2026-09-09_10-01-17_pruned_taxonomy_topdown_sol
3169228412,51e1a4ac-6b13-465b-963c-ec3c9228c2c4,A Hybrid Convolutional Neural Network-Temporal Attention Mechanism Approach for Real-Time Prediction of Soil Moisture and Temperature in Precision Agriculture,289,Transport injuries,True,,,,,False,False,No annotation with this attribute found: reverting to default,,0.00,0.00,2026-09-09_10-01-17_pruned_taxonomy_topdown_sol
3169228412,51e1a4ac-6b13-465b-963c-ec3c9228c2c4,A Hybrid Convolutional Neural Network-Temporal Attention Mechanism Approach for Real-Time Prediction of Soil Moisture and Temperature in Precision Agriculture,113,"2. Communicable, maternal, neonatal, and nutritional diseases",True,,,,,False,False,"The study concerns AI-enabled precision agriculture and soil temperature/moisture forecasting, not infectious, maternal, neonatal, or nutritional diseases.",,0.00,0.00,2026-09-09_10-01-17_pruned_taxonomy_topdown_sol
3169228412,51e1a4ac-6b13-465b-963c-ec3c9228c2c4,A Hybrid Convolutional Neural Network-Temporal Attention Mechanism Approach for Real-Time Prediction of Soil Moisture and Temperature in Precision Agriculture,139,Z_Other infectious diseases,True,,,,,False,False,No annotation with this attribute found: reverting to default,,0.00,0.00,2026-09-09_10-01-17_pruned_taxonomy_topdown_sol
3169228412,51e1a4ac-6b13-465b-963c-ec3c9228c2c4,A Hybrid Convolutional Neural Network-Temporal Attention Mechanism Approach for Real-Time Prediction of Soil Moisture and Temperature in Precision Agriculture,135,Maternal and neonatal disorders,True,,,,,False,False,No annotation with this attribute found: reverting to default,,0.00,0.00,2026-09-09_10-01-17_pruned_taxonomy_topdown_sol
3169228412,51e1a4ac-6b13-465b-963c-ec3c9228c2c4,A Hybrid Convolutional Neural Network-Temporal Attention Mechanism Approach for Real-Time Prediction of Soil Moisture and Temperature in Precision Agriculture,202,Neurological disorders,True,,,,,False,False,No annotation with this attribute found: reverting to default,,0.00,0.00,2026-09-09_10-01-17_pruned_taxonomy_topdown_sol
3169228412,51e1a4ac-6b13-465b-963c-ec3c9228c2c4,A Hybrid Convolutional Neural Network-Temporal Attention Mechanism Approach for Real-Time Prediction of Soil Moisture and Temperature in Precision Agriculture,288,Self-harm and interpersonal violence,True,,,,,False,False,No annotation with this attribute found: reverting to default,,0.00,0.00,2026-09-09_10-01-17_pruned_taxonomy_topdown_sol
3169228412,51e1a4ac-6b13-465b-963c-ec3c9228c2c4,A Hybrid Convolutional Neural Network-Temporal Attention Mechanism Approach for Real-Time Prediction of Soil Moisture and Temperature in Precision Agriculture,206,Z_Other non-communicable diseases,True,,,,,False,False,No annotation with this attribute found: reverting to default,,0.00,0.00,2026-09-09_10-01-17_pruned_taxonomy_topdown_sol
3169228412,51e1a4ac-6b13-465b-963c-ec3c9228c2c4,A Hybrid Convolutional Neural Network-Temporal Attention Mechanism Approach for Real-Time Prediction of Soil Moisture and Temperature in Precision Agriculture,200,Musculoskeletal disorders,True,,,,,False,False,No annotation with this attribute found: reverting to default,,0.00,0.00,2026-09-09_10-01-17_pruned_taxonomy_topdown_sol
3169228412,51e1a4ac-6b13-465b-963c-ec3c9228c2c4,A Hybrid Convolutional Neural Network-Temporal Attention Mechanism Approach for Real-Time Prediction of Soil Moisture and Temperature in Precision Agriculture,133,Enteric infections,True,,,,,False,False,No annotation with this attribute found: reverting to default,,0.00,0.00,2026-09-09_10-01-17_pruned_taxonomy_topdown_sol
3169228412,51e1a4ac-6b13-465b-963c-ec3c9228c2c4,A Hybrid Convolutional Neural Network-Temporal Attention Mechanism Approach for Real-Time Prediction of Soil Moisture and Temperature in Precision Agriculture,114,3. Non-communicable diseases,True,,,,,False,False,No chronic non-infectious disease or related human health outcome is studied.,,0.00,0.00,2026-09-09_10-01-17_pruned_taxonomy_topdown_sol
3169228412,51e1a4ac-6b13-465b-963c-ec3c9228c2c4,A Hybrid Convolutional Neural Network-Temporal Attention Mechanism Approach for Real-Time Prediction of Soil Moisture and Temperature in Precision Agriculture,112,1. Mortality (Outcome),True,,,,,False,False,"Mortality is not assessed as an outcome; the reported outcomes concern prediction accuracy, irrigation, resource use, and crop resilience.",,0.00,0.00,2026-09-09_10-01-17_pruned_taxonomy_topdown_sol
3169228412,51e1a4ac-6b13-465b-963c-ec3c9228c2c4,A Hybrid Convolutional Neural Network-Temporal Attention Mechanism Approach for Real-Time Prediction of Soil Moisture and Temperature in Precision Agriculture,115,4. Injuries,True,,,,,False,False,The study does not examine physical injuries or harm from external causes.,,0.00,0.00,2026-09-09_10-01-17_pruned_taxonomy_topdown_sol
3169228412,51e1a4ac-6b13-465b-963c-ec3c9228c2c4,A Hybrid Convolutional Neural Network-Temporal Attention Mechanism Approach for Real-Time Prediction of Soil Moisture and Temperature in Precision Agriculture,199,Mental disorders,True,,,,,False,False,No annotation with this attribute found: reverting to default,,0.00,0.00,2026-09-09_10-01-17_pruned_taxonomy_topdown_sol
3169228412,51e1a4ac-6b13-465b-963c-ec3c9228c2c4,A Hybrid Convolutional Neural Network-Temporal Attention Mechanism Approach for Real-Time Prediction of Soil Moisture and Temperature in Precision Agriculture,205,Substance use disorders,True,,,,,False,False,No annotation with this attribute found: reverting to default,,0.00,0.00,2026-09-09_10-01-17_pruned_taxonomy_topdown_sol
3169228412,51e1a4ac-6b13-465b-963c-ec3c9228c2c4,A Hybrid Convolutional Neural Network-Temporal Attention Mechanism Approach for Real-Time Prediction of Soil Moisture and Temperature in Precision Agriculture,136,Neglected tropical diseases and malaria,True,,,,,False,False,No annotation with this attribute found: reverting to default,,0.00,0.00,2026-09-09_10-01-17_pruned_taxonomy_topdown_sol
3169228412,51e1a4ac-6b13-465b-963c-ec3c9228c2c4,A Hybrid Convolutional Neural Network-Temporal Attention Mechanism Approach for Real-Time Prediction of Soil Moisture and Temperature in Precision Agriculture,290,Unintentional injuries,True,,,,,False,False,No annotation with this attribute found: reverting to default,,0.00,0.00,2026-09-09_10-01-17_pruned_taxonomy_topdown_sol
6572,666d0a09-e21a-4000-9239-4aa1c714f9b4,Disaster and Emergency Crisis Management Communication,38,Oil,True,,,,,False,False,The passage concerns disaster and emergency crisis communication and hurricane preparedness; it does not address oil or petroleum products.,,0.00,0.00,2026-09-09_10-01-17_pruned_taxonomy_topdown_sol
6572,666d0a09-e21a-4000-9239-4aa1c714f9b4,Disaster and Emergency Crisis Management Communication,36,Coal,True,,,,,False,False,"Coal is not discussed as an energy source, exposure, or study focus.",,0.00,0.00,2026-09-09_10-01-17_pruned_taxonomy_topdown_sol
6572,666d0a09-e21a-4000-9239-4aa1c714f9b4,Disaster and Emergency Crisis Management Communication,37,Natural gas,True,,,,,False,False,Natural gas or methane-based fossil fuel use is not discussed.,,0.00,0.00,2026-09-09_10-01-17_pruned_taxonomy_topdown_sol
6572,666d0a09-e21a-4000-9239-4aa1c714f9b4,Disaster and Emergency Crisis Management Communication,35,(Unspecified) fossil fuels,True,,,,,False,False,"The passage does not refer to fossil fuel use or combustion, either generally or by a specific fuel type.",,0.00,0.00,2026-09-09_10-01-17_pruned_taxonomy_topdown_sol
6572,666d0a09-e21a-4000-9239-4aa1c714f9b4,Disaster and Emergency Crisis Management Communication,21,Nitrous oxide (N₂O),True,,,,,False,False,The study concerns disaster and emergency crisis communication and does not address nitrous oxide emissions.,,0.00,0.00,2026-09-09_10-01-17_pruned_taxonomy_topdown_sol
6572,666d0a09-e21a-4000-9239-4aa1c714f9b4,Disaster and Emergency Crisis Management Communication,17,(Unspecified) greenhouse gases,True,,,,,False,False,Greenhouse gases as a collective category are not a subject of the study.,,0.00,0.00,2026-09-09_10-01-17_pruned_taxonomy_topdown_sol
6572,666d0a09-e21a-4000-9239-4aa1c714f9b4,Disaster and Emergency Crisis Management Communication,24,Tropospheric ozone (O₃),True,,,,,False,False,"The study does not examine ground-level ozone, its formation, or related respiratory health effects.",,0.00,0.00,2026-09-09_10-01-17_pruned_taxonomy_topdown_sol
6572,666d0a09-e21a-4000-9239-4aa1c714f9b4,Disaster and Emergency Crisis Management Communication,18,Carbon dioxide (CO₂),True,,,,,False,False,Carbon dioxide emissions or effects are not discussed.,,0.00,0.00,2026-09-09_10-01-17_pruned_taxonomy_topdown_sol
6572,666d0a09-e21a-4000-9239-4aa1c714f9b4,Disaster and Emergency Crisis Management Communication,23,Particulate matter (PM10) / fine particulate matter (PM2.5) / black/organic carbon / sulfate/nitrate aerosols,True,,,,,False,False,Particulate matter or its health and climate effects are not addressed.,,0.00,0.00,2026-09-09_10-01-17_pruned_taxonomy_topdown_sol
6572,666d0a09-e21a-4000-9239-4aa1c714f9b4,Disaster and Emergency Crisis Management Communication,20,Methane (CH₄),True,,,,,False,False,Methane emissions are not a subject of the study.,,0.00,0.00,2026-09-09_10-01-17_pruned_taxonomy_topdown_sol
6572,666d0a09-e21a-4000-9239-4aa1c714f9b4,Disaster and Emergency Crisis Management Communication,22,Ozone-depleting substances / chlorofluorocarbons / hydrochlorofluorocarbons / halons / carbon tetrachloride / methyl chloroform,True,,,,,False,False,The study does not concern ozone-depleting substances or Montreal Protocol regulation.,,0.00,0.00,2026-09-09_10-01-17_pruned_taxonomy_topdown_sol
6572,666d0a09-e21a-4000-9239-4aa1c714f9b4,Disaster and Emergency Crisis Management Communication,19,Fluorinated gases / hydrofluorocarbons / perfluorocarbons / sulfur hexafluoride / nitrogen trifluoride,True,,,,,False,False,Synthetic fluorinated greenhouse gases and their industrial uses are not discussed.,,0.00,0.00,2026-09-09_10-01-17_pruned_taxonomy_topdown_sol
6572,666d0a09-e21a-4000-9239-4aa1c714f9b4,Disaster and Emergency Crisis Management Communication,29,Extreme snow/ice events,True,,,,,False,False,"The context does not discuss severe snowfall, freezing rain, ice storms, or related frozen-precipitation hazards.",,0.00,0.00,2026-09-09_10-01-17_pruned_taxonomy_topdown_sol
6572,666d0a09-e21a-4000-9239-4aa1c714f9b4,Disaster and Emergency Crisis Management Communication,34,Z_(Unspecified) extreme weather events,True,,,,,True,False,"Although disasters are discussed generally, the relevant weather hazard is specifically identified as a hurricane rather than an unspecified climate extreme.",,0.00,0.00,2026-09-09_10-01-17_pruned_taxonomy_topdown_sol
6572,666d0a09-e21a-4000-9239-4aa1c714f9b4,Disaster and Emergency Crisis Management Communication,28,Extreme precipitation,True,,,,,False,False,Extreme precipitation is not a subject of the context.,,0.00,0.00,2026-09-09_10-01-17_pruned_taxonomy_topdown_sol
6572,666d0a09-e21a-4000-9239-4aa1c714f9b4,Disaster and Emergency Crisis Management Communication,25,Droughts,True,,,,,False,False,The context does not address drought or prolonged water deficit.,,0.00,0.00,2026-09-09_10-01-17_pruned_taxonomy_topdown_sol
6572,666d0a09-e21a-4000-9239-4aa1c714f9b4,Disaster and Emergency Crisis Management Communication,26,Extreme cold,True,,,,,False,False,No episode of abnormally low temperature or associated cold-health risk is discussed.,,0.00,0.00,2026-09-09_10-01-17_pruned_taxonomy_topdown_sol
6572,666d0a09-e21a-4000-9239-4aa1c714f9b4,Disaster and Emergency Crisis Management Communication,32,Storms and severe wind,True,,,,,True,True,"A hurricane is the central example used to explain disaster monitoring, preparedness, communication, evacuation, and response protocols.","Thus, through monitoring, a vulnerable community can be alerted to a pending hurricane. Weather forecasters track the storm, and emergency managers put into place the prevention and response protocols.",0.00,100.00,2026-09-09_10-01-17_pruned_taxonomy_topdown_sol
6572,666d0a09-e21a-4000-9239-4aa1c714f9b4,Disaster and Emergency Crisis Management Communication,27,Extreme heat,True,,,,,False,False,The context does not concern extreme heat or heatwaves.,,0.00,0.00,2026-09-09_10-01-17_pruned_taxonomy_topdown_sol
6572,666d0a09-e21a-4000-9239-4aa1c714f9b4,Disaster and Emergency Crisis Management Communication,31,Sand and dust storms,True,,,,,False,False,Sand and dust storms are not discussed.,,0.00,0.00,2026-09-09_10-01-17_pruned_taxonomy_topdown_sol
6572,666d0a09-e21a-4000-9239-4aa1c714f9b4,Disaster and Emergency Crisis Management Communication,33,Wildfires,True,,,,,False,False,Wildfires or vegetation-fire smoke are not discussed.,,0.00,0.00,2026-09-09_10-01-17_pruned_taxonomy_topdown_sol
6572,666d0a09-e21a-4000-9239-4aa1c714f9b4,Disaster and Emergency Crisis Management Communication,30,Floods,True,,,,,False,False,Flooding is not explicitly or substantively discussed; the hurricane example focuses on wind preparedness and evacuation.,,0.00,0.00,2026-09-09_10-01-17_pruned_taxonomy_topdown_sol
6572,666d0a09-e21a-4000-9239-4aa1c714f9b4,Disaster and Emergency Crisis Management Communication,490,Maladaptation,True,,,,,False,False,The text does not examine adaptation actions that increase vulnerability or create new risks; it instead describes planning intended to prevent harmful evacuation outcomes.,,0.00,0.00,2026-09-09_10-01-17_pruned_taxonomy_topdown_sol
6572,666d0a09-e21a-4000-9239-4aa1c714f9b4,Disaster and Emergency Crisis Management Communication,487,Adaptation,True,,,,,True,True,"The study concerns disaster preparedness, hurricane monitoring and forecasting, early warning, evacuation planning, and protective response protocols, all of which are adaptation and resilience measures for a climate-related extreme event.","Thus, through monitoring, a vulnerable community can be alerted to a pending hurricane. Weather forecasters track the storm, and emergency managers put into place the prevention and response protocols.",0.00,100.00,2026-09-09_10-01-17_pruned_taxonomy_topdown_sol
6572,666d0a09-e21a-4000-9239-4aa1c714f9b4,Disaster and Emergency Crisis Management Communication,496,Co-Benefits,True,,,,,False,False,No annotation with this attribute found: reverting to default,,0.00,0.00,2026-09-09_10-01-17_pruned_taxonomy_topdown_sol
6572,666d0a09-e21a-4000-9239-4aa1c714f9b4,Disaster and Emergency Crisis Management Communication,488,Impact,True,,,,,False,True,"The study addresses risks of a climate-related extreme event (a hurricane), including property damage, loss of life, and vulnerability, as well as management of those impacts.","Disaster and emergency crisis management communication refers to the sorts of crisis, often called disaster because of the amount of property damage and loss of life that can occur.",0.00,100.00,2026-09-09_10-01-17_pruned_taxonomy_topdown_sol
6572,666d0a09-e21a-4000-9239-4aa1c714f9b4,Disaster and Emergency Crisis Management Communication,495,Loss and damage,True,,,,,False,False,The text does not address unavoidable or irreversible climate-related losses and damages after mitigation and adaptation limits are reached.,,0.00,0.00,2026-09-09_10-01-17_pruned_taxonomy_topdown_sol
6572,666d0a09-e21a-4000-9239-4aa1c714f9b4,Disaster and Emergency Crisis Management Communication,493,Attribution,True,,,,,False,False,"No attempt is made to attribute a disaster, extreme event, or health outcome to climate change.",,0.00,0.00,2026-09-09_10-01-17_pruned_taxonomy_topdown_sol
6572,666d0a09-e21a-4000-9239-4aa1c714f9b4,Disaster and Emergency Crisis Management Communication,489,Mitigation,True,,,,,False,False,"The study does not concern greenhouse-gas emissions, fossil fuels, or actions intended to reduce emissions. Its use of 'mitigation' refers to disaster damage reduction rather than climate-change mitigation.",,0.00,0.00,2026-09-09_10-01-17_pruned_taxonomy_topdown_sol
6572,666d0a09-e21a-4000-9239-4aa1c714f9b4,Disaster and Emergency Crisis Management Communication,492,Resilience,True,,,,,True,False,"Although the measures could strengthen community capacity, resilience as the capacity to withstand, recover from, and adapt to climate shocks is not an explicit or central subject.",,0.00,0.00,2026-09-09_10-01-17_pruned_taxonomy_topdown_sol
6572,666d0a09-e21a-4000-9239-4aa1c714f9b4,Disaster and Emergency Crisis Management Communication,491,Preparedness,True,,,,,True,True,"The text centrally concerns advance planning, monitoring, communication protocols, supplies, sheltering, and evacuation to prepare communities for disasters such as hurricanes.",Management plans need to be developed and implemented to minimize damage.,0.00,100.00,2026-09-09_10-01-17_pruned_taxonomy_topdown_sol
6572,666d0a09-e21a-4000-9239-4aa1c714f9b4,Disaster and Emergency Crisis Management Communication,494,Future impact,True,,,,,False,False,"The text discusses emergency preparedness for a pending hurricane, not modelled or scenario-based projections of future climate impacts.",,0.00,0.00,2026-09-09_10-01-17_pruned_taxonomy_topdown_sol
6572,666d0a09-e21a-4000-9239-4aa1c714f9b4,Disaster and Emergency Crisis Management Communication,14,Changes in temperature,True,,,,,False,False,The text does not examine long-term temperature shifts or warming trends; it focuses on emergency communication and hurricane preparedness.,,0.00,0.00,2026-09-09_10-01-17_pruned_taxonomy_topdown_sol
6572,666d0a09-e21a-4000-9239-4aa1c714f9b4,Disaster and Emergency Crisis Management Communication,9,Changes in humidity,True,,,,,False,False,No shifts in atmospheric moisture or related health effects are discussed.,,0.00,0.00,2026-09-09_10-01-17_pruned_taxonomy_topdown_sol
6572,666d0a09-e21a-4000-9239-4aa1c714f9b4,Disaster and Emergency Crisis Management Communication,6,(Unspecified) changes in weather,True,,,,,False,False,"Although weather forecasting is mentioned, the study does not concern broad changes in weather patterns; it describes monitoring a specific impending hurricane.",,0.00,0.00,2026-09-09_10-01-17_pruned_taxonomy_topdown_sol
6572,666d0a09-e21a-4000-9239-4aa1c714f9b4,Disaster and Emergency Crisis Management Communication,13,Changes in season length,True,,,,,False,False,No changes in season duration or seasonal timing are discussed.,,0.00,0.00,2026-09-09_10-01-17_pruned_taxonomy_topdown_sol
6572,666d0a09-e21a-4000-9239-4aa1c714f9b4,Disaster and Emergency Crisis Management Communication,8,Changes in glacier / snow melt,True,,,,,False,False,Glacier or snowpack melting is not addressed.,,0.00,0.00,2026-09-09_10-01-17_pruned_taxonomy_topdown_sol
6572,666d0a09-e21a-4000-9239-4aa1c714f9b4,Disaster and Emergency Crisis Management Communication,15,Changes in wind speed,True,,,,,False,False,"Wind is mentioned only as a hazard during a hurricane, not as a climate-driven alteration in wind patterns or velocity.",,0.00,0.00,2026-09-09_10-01-17_pruned_taxonomy_topdown_sol
6572,666d0a09-e21a-4000-9239-4aa1c714f9b4,Disaster and Emergency Crisis Management Communication,10,Changes in inland water bodies,True,,,,,False,False,"The text does not address climate-driven changes in freshwater levels, availability, or hydrological patterns.",,0.00,0.00,2026-09-09_10-01-17_pruned_taxonomy_topdown_sol
6572,666d0a09-e21a-4000-9239-4aa1c714f9b4,Disaster and Emergency Crisis Management Communication,11,Changes in precipitation,True,,,,,False,False,"No alterations in rainfall or snowfall amount, timing, or intensity are examined.",,0.00,0.00,2026-09-09_10-01-17_pruned_taxonomy_topdown_sol
6572,666d0a09-e21a-4000-9239-4aa1c714f9b4,Disaster and Emergency Crisis Management Communication,16,Climate variability,True,,,,,False,False,"The text concerns preparedness for an individual hurricane rather than fluctuations in climate conditions over months, years, or decades.",,0.00,0.00,2026-09-09_10-01-17_pruned_taxonomy_topdown_sol
6572,666d0a09-e21a-4000-9239-4aa1c714f9b4,Disaster and Emergency Crisis Management Communication,7,(Unspecified) climate change,True,,,,,False,False,Climate change is not a subject of the text; its focus is disaster and emergency crisis-management communication.,,0.00,0.00,2026-09-09_10-01-17_pruned_taxonomy_topdown_sol
6572,666d0a09-e21a-4000-9239-4aa1c714f9b4,Disaster and Emergency Crisis Management Communication,12,Changes in sea level,True,,,,,False,False,Sea-level rise is not discussed.,,0.00,0.00,2026-09-09_10-01-17_pruned_taxonomy_topdown_sol
6572,666d0a09-e21a-4000-9239-4aa1c714f9b4,Disaster and Emergency Crisis Management Communication,474,"Agriculture, fishing, and forestry (Sector)",True,,,,,False,False,"The study does not examine agriculture, livestock, fisheries, aquaculture, or forestry.",,0.00,0.00,2026-09-09_10-01-17_pruned_taxonomy_topdown_sol
6572,666d0a09-e21a-4000-9239-4aa1c714f9b4,Disaster and Emergency Crisis Management Communication,482,Military (Sector),True,,,,,False,False,"Armed forces, defense capabilities, and military operations are not subjects of the study.",,0.00,0.00,2026-09-09_10-01-17_pruned_taxonomy_topdown_sol
6572,666d0a09-e21a-4000-9239-4aa1c714f9b4,Disaster and Emergency Crisis Management Communication,479,Healthcare (Sector),True,,,,,False,False,"Although disasters can cause loss of life, the study does not focus on healthcare delivery, public health services, or health infrastructure.",,0.00,0.00,2026-09-09_10-01-17_pruned_taxonomy_topdown_sol
6572,666d0a09-e21a-4000-9239-4aa1c714f9b4,Disaster and Emergency Crisis Management Communication,477,Energy and extractives (Sector),True,,,,,False,False,"Energy generation, fuel production, and resource extraction are not examined.",,0.00,0.00,2026-09-09_10-01-17_pruned_taxonomy_topdown_sol
6572,666d0a09-e21a-4000-9239-4aa1c714f9b4,Disaster and Emergency Crisis Management Communication,484,Social protection (Sector),True,,,,,False,False,"Vulnerable populations are mentioned in relation to evacuation, but social welfare services and safety-net systems are not studied.",,0.00,0.00,2026-09-09_10-01-17_pruned_taxonomy_topdown_sol
6572,666d0a09-e21a-4000-9239-4aa1c714f9b4,Disaster and Emergency Crisis Management Communication,475,Buildings / housing (Sector),True,,,,,False,False,"Boarding windows is only an example of household disaster preparation; buildings, housing, and construction are not the sector under examination.",,0.00,0.00,2026-09-09_10-01-17_pruned_taxonomy_topdown_sol
6572,666d0a09-e21a-4000-9239-4aa1c714f9b4,Disaster and Emergency Crisis Management Communication,485,Transportation (Sector),True,,,,,False,False,"Road use during evacuation is discussed, but only as one component of emergency-management planning rather than as an examination of the transport sector itself.","If evacuation is ordered, it needs to follow a management plan so that streets and roads are not blocked that prevent the most vulnerable from evacuating.",0.00,100.00,2026-09-09_10-01-17_pruned_taxonomy_topdown_sol
6572,666d0a09-e21a-4000-9239-4aa1c714f9b4,Disaster and Emergency Crisis Management Communication,481,Information and communications technologies (Sector),True,,,,,False,False,"The focus is crisis communication as an emergency-management function, not telecommunications, digital infrastructure, hardware, software, or connectivity systems.",,0.00,0.00,2026-09-09_10-01-17_pruned_taxonomy_topdown_sol
6572,666d0a09-e21a-4000-9239-4aa1c714f9b4,Disaster and Emergency Crisis Management Communication,486,"Water, sanitation, and waste management (Sector)",True,,,,,False,False,"Emergency water storage is briefly recommended, but water supply, sewage treatment, and waste management services are not subjects of the study.",,0.00,0.00,2026-09-09_10-01-17_pruned_taxonomy_topdown_sol
6572,666d0a09-e21a-4000-9239-4aa1c714f9b4,Disaster and Emergency Crisis Management Communication,478,Finance (Sector),True,,,,,False,False,"Banking, insurance, investment, and other financial services are not discussed.",,0.00,0.00,2026-09-09_10-01-17_pruned_taxonomy_topdown_sol
6572,666d0a09-e21a-4000-9239-4aa1c714f9b4,Disaster and Emergency Crisis Management Communication,480,"Industry, trade, and services (Sector)",True,,,,,False,False,"Manufacturing, trade, retail, and commercial services are not examined.",,0.00,0.00,2026-09-09_10-01-17_pruned_taxonomy_topdown_sol
6572,666d0a09-e21a-4000-9239-4aa1c714f9b4,Disaster and Emergency Crisis Management Communication,476,Education (Sector),True,,,,,False,False,"The study does not concern schools, universities, vocational institutions, or formal or informal education systems.",,0.00,0.00,2026-09-09_10-01-17_pruned_taxonomy_topdown_sol
6572,666d0a09-e21a-4000-9239-4aa1c714f9b4,Disaster and Emergency Crisis Management Communication,483,Public administration (Sector),True,,,,,True,True,"Emergency-management planning, communication, monitoring, prevention, and response functions are the central subject, making public administration's emergency-management services directly applicable.","Weather forecasters track the storm, and emergency managers put into place the prevention and response protocols.",0.00,100.00,2026-09-09_10-01-17_pruned_taxonomy_topdown_sol
6572,666d0a09-e21a-4000-9239-4aa1c714f9b4,Disaster and Emergency Crisis Management Communication,392,Mixed-methods,True,,,,,False,False,No annotation with this attribute found: reverting to default,,0.00,0.00,2026-09-09_10-01-17_pruned_taxonomy_topdown_sol
6572,666d0a09-e21a-4000-9239-4aa1c714f9b4,Disaster and Emergency Crisis Management Communication,394,Observational / group comparison designs,True,,,,,False,False,No annotation with this attribute found: reverting to default,,0.00,0.00,2026-09-09_10-01-17_pruned_taxonomy_topdown_sol
6572,666d0a09-e21a-4000-9239-4aa1c714f9b4,Disaster and Emergency Crisis Management Communication,393,Modelling / simulation,True,,,,,False,False,No annotation with this attribute found: reverting to default,,0.00,0.00,2026-09-09_10-01-17_pruned_taxonomy_topdown_sol
6572,666d0a09-e21a-4000-9239-4aa1c714f9b4,Disaster and Emergency Crisis Management Communication,390,(Quasi-)Experimental / single-group designs,True,,,,,False,False,No annotation with this attribute found: reverting to default,,0.00,0.00,2026-09-09_10-01-17_pruned_taxonomy_topdown_sol
6572,666d0a09-e21a-4000-9239-4aa1c714f9b4,Disaster and Emergency Crisis Management Communication,429,Narrative review,True,,,,,False,False,No annotation with this attribute found: reverting to default,,0.00,0.00,2026-09-09_10-01-17_pruned_taxonomy_topdown_sol
6572,666d0a09-e21a-4000-9239-4aa1c714f9b4,Disaster and Emergency Crisis Management Communication,396,Qualitative designs,True,,,,,False,False,No annotation with this attribute found: reverting to default,,0.00,0.00,2026-09-09_10-01-17_pruned_taxonomy_topdown_sol
6572,666d0a09-e21a-4000-9239-4aa1c714f9b4,Disaster and Emergency Crisis Management Communication,388,2. Evidence synthesis,True,,,,,True,False,"The context is an expository discussion of disaster communication and management practices, but it does not indicate that the work reviews, maps, or synthesizes existing studies or literature.",,0.00,0.00,2026-09-09_10-01-17_pruned_taxonomy_topdown_sol
6572,666d0a09-e21a-4000-9239-4aa1c714f9b4,Disaster and Emergency Crisis Management Communication,391,Descriptive / single-group designs,True,,,,,False,False,No annotation with this attribute found: reverting to default,,0.00,0.00,2026-09-09_10-01-17_pruned_taxonomy_topdown_sol
6572,666d0a09-e21a-4000-9239-4aa1c714f9b4,Disaster and Emergency Crisis Management Communication,427,Health technology assessment (HTA),True,,,,,False,False,No annotation with this attribute found: reverting to default,,0.00,0.00,2026-09-09_10-01-17_pruned_taxonomy_topdown_sol
6572,666d0a09-e21a-4000-9239-4aa1c714f9b4,Disaster and Emergency Crisis Management Communication,395,Observational / single-group designs,True,,,,,False,False,No annotation with this attribute found: reverting to default,,0.00,0.00,2026-09-09_10-01-17_pruned_taxonomy_topdown_sol
6572,666d0a09-e21a-4000-9239-4aa1c714f9b4,Disaster and Emergency Crisis Management Communication,426,Guideline (clinical or public health),True,,,,,False,False,No annotation with this attribute found: reverting to default,,0.00,0.00,2026-09-09_10-01-17_pruned_taxonomy_topdown_sol
6572,666d0a09-e21a-4000-9239-4aa1c714f9b4,Disaster and Emergency Crisis Management Communication,387,1. Primary research,True,,,,,False,False,No collection or analysis of original empirical data is described; the text provides general conceptual and practical guidance.,,0.00,0.00,2026-09-09_10-01-17_pruned_taxonomy_topdown_sol
6572,666d0a09-e21a-4000-9239-4aa1c714f9b4,Disaster and Emergency Crisis Management Communication,430,Systematic reviews,True,,,,,False,False,No annotation with this attribute found: reverting to default,,0.00,0.00,2026-09-09_10-01-17_pruned_taxonomy_topdown_sol
6572,666d0a09-e21a-4000-9239-4aa1c714f9b4,Disaster and Emergency Crisis Management Communication,397,Z_Other study design,True,,,,,False,False,No annotation with this attribute found: reverting to default,,0.00,0.00,2026-09-09_10-01-17_pruned_taxonomy_topdown_sol
6572,666d0a09-e21a-4000-9239-4aa1c714f9b4,Disaster and Emergency Crisis Management Communication,389,(Quasi-)Experimental / group comparison designs,True,,,,,False,False,No annotation with this attribute found: reverting to default,,0.00,0.00,2026-09-09_10-01-17_pruned_taxonomy_topdown_sol
6572,666d0a09-e21a-4000-9239-4aa1c714f9b4,Disaster and Emergency Crisis Management Communication,431,Z_Other evidence synthesis type,True,,,,,True,False,No annotation with this attribute found: reverting to default,,0.00,0.00,2026-09-09_10-01-17_pruned_taxonomy_topdown_sol
6572,666d0a09-e21a-4000-9239-4aa1c714f9b4,Disaster and Emergency Crisis Management Communication,428,Meta-analysis (unsystematic),True,,,,,False,False,No annotation with this attribute found: reverting to default,,0.00,0.00,2026-09-09_10-01-17_pruned_taxonomy_topdown_sol
6572,666d0a09-e21a-4000-9239-4aa1c714f9b4,Disaster and Emergency Crisis Management Communication,117,"1.2. Communicable, maternal, neonatal, and nutritional mortality",True,,,,,False,False,No annotation with this attribute found: reverting to default,,0.00,0.00,2026-09-09_10-01-17_pruned_taxonomy_topdown_sol
6572,666d0a09-e21a-4000-9239-4aa1c714f9b4,Disaster and Emergency Crisis Management Communication,196,Chronic respiratory diseases,True,,,,,False,False,No annotation with this attribute found: reverting to default,,0.00,0.00,2026-09-09_10-01-17_pruned_taxonomy_topdown_sol
6572,666d0a09-e21a-4000-9239-4aa1c714f9b4,Disaster and Emergency Crisis Management Communication,201,Neoplasms,True,,,,,False,False,No annotation with this attribute found: reverting to default,,0.00,0.00,2026-09-09_10-01-17_pruned_taxonomy_topdown_sol
6572,666d0a09-e21a-4000-9239-4aa1c714f9b4,Disaster and Emergency Crisis Management Communication,118,1.3. Non-communicable mortality,True,,,,,False,False,No annotation with this attribute found: reverting to default,,0.00,0.00,2026-09-09_10-01-17_pruned_taxonomy_topdown_sol
6572,666d0a09-e21a-4000-9239-4aa1c714f9b4,Disaster and Emergency Crisis Management Communication,138,Respiratory infections and tuberculosis,True,,,,,False,False,No annotation with this attribute found: reverting to default,,0.00,0.00,2026-09-09_10-01-17_pruned_taxonomy_topdown_sol
6572,666d0a09-e21a-4000-9239-4aa1c714f9b4,Disaster and Emergency Crisis Management Communication,116,1.1. Total / all-cause mortality (Outcome),True,,,,,False,False,No annotation with this attribute found: reverting to default,,0.00,0.00,2026-09-09_10-01-17_pruned_taxonomy_topdown_sol
6572,666d0a09-e21a-4000-9239-4aa1c714f9b4,Disaster and Emergency Crisis Management Communication,204,Skin and subcutaneous diseases,True,,,,,False,False,No annotation with this attribute found: reverting to default,,0.00,0.00,2026-09-09_10-01-17_pruned_taxonomy_topdown_sol
6572,666d0a09-e21a-4000-9239-4aa1c714f9b4,Disaster and Emergency Crisis Management Communication,197,Diabetes and kidney diseases,True,,,,,False,False,No annotation with this attribute found: reverting to default,,0.00,0.00,2026-09-09_10-01-17_pruned_taxonomy_topdown_sol
6572,666d0a09-e21a-4000-9239-4aa1c714f9b4,Disaster and Emergency Crisis Management Communication,198,Digestive diseases,True,,,,,False,False,No annotation with this attribute found: reverting to default,,0.00,0.00,2026-09-09_10-01-17_pruned_taxonomy_topdown_sol
6572,666d0a09-e21a-4000-9239-4aa1c714f9b4,Disaster and Emergency Crisis Management Communication,137,Nutritional deficiencies,True,,,,,False,False,No annotation with this attribute found: reverting to default,,0.00,0.00,2026-09-09_10-01-17_pruned_taxonomy_topdown_sol
6572,666d0a09-e21a-4000-9239-4aa1c714f9b4,Disaster and Emergency Crisis Management Communication,134,HIV/AIDS and sexually transmitted infections,True,,,,,False,False,No annotation with this attribute found: reverting to default,,0.00,0.00,2026-09-09_10-01-17_pruned_taxonomy_topdown_sol
6572,666d0a09-e21a-4000-9239-4aa1c714f9b4,Disaster and Emergency Crisis Management Communication,203,Sense organ diseases,True,,,,,False,False,No annotation with this attribute found: reverting to default,,0.00,0.00,2026-09-09_10-01-17_pruned_taxonomy_topdown_sol
6572,666d0a09-e21a-4000-9239-4aa1c714f9b4,Disaster and Emergency Crisis Management Communication,195,Cardiovascular diseases,True,,,,,False,False,No annotation with this attribute found: reverting to default,,0.00,0.00,2026-09-09_10-01-17_pruned_taxonomy_topdown_sol
6572,666d0a09-e21a-4000-9239-4aa1c714f9b4,Disaster and Emergency Crisis Management Communication,289,Transport injuries,True,,,,,False,False,No annotation with this attribute found: reverting to default,,0.00,0.00,2026-09-09_10-01-17_pruned_taxonomy_topdown_sol
6572,666d0a09-e21a-4000-9239-4aa1c714f9b4,Disaster and Emergency Crisis Management Communication,113,"2. Communicable, maternal, neonatal, and nutritional diseases",True,,,,,False,False,"The context concerns disaster and emergency communication and does not address infectious, maternal, neonatal, or nutritional diseases.",,0.00,0.00,2026-09-09_10-01-17_pruned_taxonomy_topdown_sol
6572,666d0a09-e21a-4000-9239-4aa1c714f9b4,Disaster and Emergency Crisis Management Communication,139,Z_Other infectious diseases,True,,,,,False,False,No annotation with this attribute found: reverting to default,,0.00,0.00,2026-09-09_10-01-17_pruned_taxonomy_topdown_sol
6572,666d0a09-e21a-4000-9239-4aa1c714f9b4,Disaster and Emergency Crisis Management Communication,135,Maternal and neonatal disorders,True,,,,,False,False,No annotation with this attribute found: reverting to default,,0.00,0.00,2026-09-09_10-01-17_pruned_taxonomy_topdown_sol
6572,666d0a09-e21a-4000-9239-4aa1c714f9b4,Disaster and Emergency Crisis Management Communication,202,Neurological disorders,True,,,,,False,False,No annotation with this attribute found: reverting to default,,0.00,0.00,2026-09-09_10-01-17_pruned_taxonomy_topdown_sol
6572,666d0a09-e21a-4000-9239-4aa1c714f9b4,Disaster and Emergency Crisis Management Communication,288,Self-harm and interpersonal violence,True,,,,,False,False,No annotation with this attribute found: reverting to default,,0.00,0.00,2026-09-09_10-01-17_pruned_taxonomy_topdown_sol
6572,666d0a09-e21a-4000-9239-4aa1c714f9b4,Disaster and Emergency Crisis Management Communication,206,Z_Other non-communicable diseases,True,,,,,False,False,No annotation with this attribute found: reverting to default,,0.00,0.00,2026-09-09_10-01-17_pruned_taxonomy_topdown_sol
6572,666d0a09-e21a-4000-9239-4aa1c714f9b4,Disaster and Emergency Crisis Management Communication,200,Musculoskeletal disorders,True,,,,,False,False,No annotation with this attribute found: reverting to default,,0.00,0.00,2026-09-09_10-01-17_pruned_taxonomy_topdown_sol
6572,666d0a09-e21a-4000-9239-4aa1c714f9b4,Disaster and Emergency Crisis Management Communication,133,Enteric infections,True,,,,,False,False,No annotation with this attribute found: reverting to default,,0.00,0.00,2026-09-09_10-01-17_pruned_taxonomy_topdown_sol
6572,666d0a09-e21a-4000-9239-4aa1c714f9b4,Disaster and Emergency Crisis Management Communication,114,3. Non-communicable diseases,True,,,,,False,False,The context does not study chronic non-infectious diseases.,,0.00,0.00,2026-09-09_10-01-17_pruned_taxonomy_topdown_sol
6572,666d0a09-e21a-4000-9239-4aa1c714f9b4,Disaster and Emergency Crisis Management Communication,112,1. Mortality (Outcome),True,,,,,False,False,Loss of life is mentioned only as a possible consequence of disasters; mortality is not analyzed or characterized as a health outcome.,“property damage and loss of life that can occur”,0.00,95.92,2026-09-09_10-01-17_pruned_taxonomy_topdown_sol
6572,666d0a09-e21a-4000-9239-4aa1c714f9b4,Disaster and Emergency Crisis Management Communication,115,4. Injuries,True,,,,,False,False,"Although disaster preparedness may prevent physical harm, injuries are not a substantive outcome or subject of the context.",,0.00,0.00,2026-09-09_10-01-17_pruned_taxonomy_topdown_sol
6572,666d0a09-e21a-4000-9239-4aa1c714f9b4,Disaster and Emergency Crisis Management Communication,199,Mental disorders,True,,,,,False,False,No annotation with this attribute found: reverting to default,,0.00,0.00,2026-09-09_10-01-17_pruned_taxonomy_topdown_sol
6572,666d0a09-e21a-4000-9239-4aa1c714f9b4,Disaster and Emergency Crisis Management Communication,205,Substance use disorders,True,,,,,False,False,No annotation with this attribute found: reverting to default,,0.00,0.00,2026-09-09_10-01-17_pruned_taxonomy_topdown_sol
6572,666d0a09-e21a-4000-9239-4aa1c714f9b4,Disaster and Emergency Crisis Management Communication,136,Neglected tropical diseases and malaria,True,,,,,False,False,No annotation with this attribute found: reverting to default,,0.00,0.00,2026-09-09_10-01-17_pruned_taxonomy_topdown_sol
6572,666d0a09-e21a-4000-9239-4aa1c714f9b4,Disaster and Emergency Crisis Management Communication,290,Unintentional injuries,True,,,,,False,False,No annotation with this attribute found: reverting to default,,0.00,0.00,2026-09-09_10-01-17_pruned_taxonomy_topdown_sol
2313805,6d159ba4-821c-4f13-aba6-f55dc14caeb0,"Risk assessment of the Sedongpu high-altitude and ultra-long-runout landslide in the lower Yarlung Zangbo River, China",38,Oil,True,,,,,False,False,The study concerns landslide risk assessment and mitigation; it does not address oil or petroleum products.,,0.00,0.00,2026-09-09_10-01-17_pruned_taxonomy_topdown_sol
2313805,6d159ba4-821c-4f13-aba6-f55dc14caeb0,"Risk assessment of the Sedongpu high-altitude and ultra-long-runout landslide in the lower Yarlung Zangbo River, China",36,Coal,True,,,,,False,False,"Coal use, combustion, emissions, or pollution are not subjects of the study.",,0.00,0.00,2026-09-09_10-01-17_pruned_taxonomy_topdown_sol
2313805,6d159ba4-821c-4f13-aba6-f55dc14caeb0,"Risk assessment of the Sedongpu high-altitude and ultra-long-runout landslide in the lower Yarlung Zangbo River, China",37,Natural gas,True,,,,,False,False,"Natural gas use, methane leakage, and associated emissions are not discussed.",,0.00,0.00,2026-09-09_10-01-17_pruned_taxonomy_topdown_sol
2313805,6d159ba4-821c-4f13-aba6-f55dc14caeb0,"Risk assessment of the Sedongpu high-altitude and ultra-long-runout landslide in the lower Yarlung Zangbo River, China",35,(Unspecified) fossil fuels,True,,,,,False,False,The study does not refer to fossil fuel use or combustion in general; it focuses on geological landslide hazards.,,0.00,0.00,2026-09-09_10-01-17_pruned_taxonomy_topdown_sol
2313805,6d159ba4-821c-4f13-aba6-f55dc14caeb0,"Risk assessment of the Sedongpu high-altitude and ultra-long-runout landslide in the lower Yarlung Zangbo River, China",21,Nitrous oxide (N₂O),True,,,,,False,False,The study concerns landslide risk assessment and does not address nitrous oxide emissions.,,0.00,0.00,2026-09-09_10-01-17_pruned_taxonomy_topdown_sol
2313805,6d159ba4-821c-4f13-aba6-f55dc14caeb0,"Risk assessment of the Sedongpu high-altitude and ultra-long-runout landslide in the lower Yarlung Zangbo River, China",17,(Unspecified) greenhouse gases,True,,,,,False,False,Greenhouse gases as a collective category are not a subject of the study.,,0.00,0.00,2026-09-09_10-01-17_pruned_taxonomy_topdown_sol
2313805,6d159ba4-821c-4f13-aba6-f55dc14caeb0,"Risk assessment of the Sedongpu high-altitude and ultra-long-runout landslide in the lower Yarlung Zangbo River, China",24,Tropospheric ozone (O₃),True,,,,,False,False,The study does not examine ground-level ozone or related air-quality and respiratory-health effects.,,0.00,0.00,2026-09-09_10-01-17_pruned_taxonomy_topdown_sol
2313805,6d159ba4-821c-4f13-aba6-f55dc14caeb0,"Risk assessment of the Sedongpu high-altitude and ultra-long-runout landslide in the lower Yarlung Zangbo River, China",18,Carbon dioxide (CO₂),True,,,,,False,False,Carbon dioxide emissions or radiative forcing are not discussed.,,0.00,0.00,2026-09-09_10-01-17_pruned_taxonomy_topdown_sol
2313805,6d159ba4-821c-4f13-aba6-f55dc14caeb0,"Risk assessment of the Sedongpu high-altitude and ultra-long-runout landslide in the lower Yarlung Zangbo River, China",23,Particulate matter (PM10) / fine particulate matter (PM2.5) / black/organic carbon / sulfate/nitrate aerosols,True,,,,,False,False,"Particulate matter, including PM10 or PM2.5, is not examined.",,0.00,0.00,2026-09-09_10-01-17_pruned_taxonomy_topdown_sol
2313805,6d159ba4-821c-4f13-aba6-f55dc14caeb0,"Risk assessment of the Sedongpu high-altitude and ultra-long-runout landslide in the lower Yarlung Zangbo River, China",20,Methane (CH₄),True,,,,,False,False,Methane emissions are not a subject of the study.,,0.00,0.00,2026-09-09_10-01-17_pruned_taxonomy_topdown_sol
2313805,6d159ba4-821c-4f13-aba6-f55dc14caeb0,"Risk assessment of the Sedongpu high-altitude and ultra-long-runout landslide in the lower Yarlung Zangbo River, China",22,Ozone-depleting substances / chlorofluorocarbons / hydrochlorofluorocarbons / halons / carbon tetrachloride / methyl chloroform,True,,,,,False,False,The study does not address ozone-depleting substances or Montreal Protocol controls.,,0.00,0.00,2026-09-09_10-01-17_pruned_taxonomy_topdown_sol
2313805,6d159ba4-821c-4f13-aba6-f55dc14caeb0,"Risk assessment of the Sedongpu high-altitude and ultra-long-runout landslide in the lower Yarlung Zangbo River, China",19,Fluorinated gases / hydrofluorocarbons / perfluorocarbons / sulfur hexafluoride / nitrogen trifluoride,True,,,,,False,False,Synthetic fluorinated greenhouse gases are not discussed.,,0.00,0.00,2026-09-09_10-01-17_pruned_taxonomy_topdown_sol
2313805,6d159ba4-821c-4f13-aba6-f55dc14caeb0,"Risk assessment of the Sedongpu high-altitude and ultra-long-runout landslide in the lower Yarlung Zangbo River, China",29,Extreme snow/ice events,True,,,,,False,False,The study concerns high-altitude landslides and does not examine severe snow or ice conditions.,,0.00,0.00,2026-09-09_10-01-17_pruned_taxonomy_topdown_sol
2313805,6d159ba4-821c-4f13-aba6-f55dc14caeb0,"Risk assessment of the Sedongpu high-altitude and ultra-long-runout landslide in the lower Yarlung Zangbo River, China",34,Z_(Unspecified) extreme weather events,True,,,,,False,False,"The phrase “extreme condition” refers to a numerical landslide scenario, not an unspecified extreme weather event.",,0.00,0.00,2026-09-09_10-01-17_pruned_taxonomy_topdown_sol
2313805,6d159ba4-821c-4f13-aba6-f55dc14caeb0,"Risk assessment of the Sedongpu high-altitude and ultra-long-runout landslide in the lower Yarlung Zangbo River, China",28,Extreme precipitation,True,,,,,False,False,No unusually intense or prolonged precipitation is studied as an exposure or hazard.,,0.00,0.00,2026-09-09_10-01-17_pruned_taxonomy_topdown_sol
2313805,6d159ba4-821c-4f13-aba6-f55dc14caeb0,"Risk assessment of the Sedongpu high-altitude and ultra-long-runout landslide in the lower Yarlung Zangbo River, China",25,Droughts,True,,,,,False,False,Drought or prolonged water deficit is not a subject of the study.,,0.00,0.00,2026-09-09_10-01-17_pruned_taxonomy_topdown_sol
2313805,6d159ba4-821c-4f13-aba6-f55dc14caeb0,"Risk assessment of the Sedongpu high-altitude and ultra-long-runout landslide in the lower Yarlung Zangbo River, China",26,Extreme cold,True,,,,,False,False,"The study does not address cold spells, abnormally low temperatures, or their health effects.",,0.00,0.00,2026-09-09_10-01-17_pruned_taxonomy_topdown_sol
2313805,6d159ba4-821c-4f13-aba6-f55dc14caeb0,"Risk assessment of the Sedongpu high-altitude and ultra-long-runout landslide in the lower Yarlung Zangbo River, China",32,Storms and severe wind,True,,,,,False,False,"No cyclone, hurricane, typhoon, severe thunderstorm, or hailstorm is discussed.",,0.00,0.00,2026-09-09_10-01-17_pruned_taxonomy_topdown_sol
2313805,6d159ba4-821c-4f13-aba6-f55dc14caeb0,"Risk assessment of the Sedongpu high-altitude and ultra-long-runout landslide in the lower Yarlung Zangbo River, China",27,Extreme heat,True,,,,,False,False,Extreme heat or heatwaves are not examined.,,0.00,0.00,2026-09-09_10-01-17_pruned_taxonomy_topdown_sol
2313805,6d159ba4-821c-4f13-aba6-f55dc14caeb0,"Risk assessment of the Sedongpu high-altitude and ultra-long-runout landslide in the lower Yarlung Zangbo River, China",31,Sand and dust storms,True,,,,,False,False,Sand and dust storms are not part of the study.,,0.00,0.00,2026-09-09_10-01-17_pruned_taxonomy_topdown_sol
2313805,6d159ba4-821c-4f13-aba6-f55dc14caeb0,"Risk assessment of the Sedongpu high-altitude and ultra-long-runout landslide in the lower Yarlung Zangbo River, China",33,Wildfires,True,,,,,False,False,Wildfires or vegetation-fire smoke are not discussed.,,0.00,0.00,2026-09-09_10-01-17_pruned_taxonomy_topdown_sol
2313805,6d159ba4-821c-4f13-aba6-f55dc14caeb0,"Risk assessment of the Sedongpu high-altitude and ultra-long-runout landslide in the lower Yarlung Zangbo River, China",30,Floods,True,,,,,False,False,"Although a landslide dam is modeled, the study does not explicitly examine flooding or inundation as a hazard or outcome.",,0.00,0.00,2026-09-09_10-01-17_pruned_taxonomy_topdown_sol
2313805,6d159ba4-821c-4f13-aba6-f55dc14caeb0,"Risk assessment of the Sedongpu high-altitude and ultra-long-runout landslide in the lower Yarlung Zangbo River, China",490,Maladaptation,True,,,,,False,False,No annotation with this attribute found: reverting to default,,0.00,0.00,2026-09-09_10-01-17_pruned_taxonomy_topdown_sol
2313805,6d159ba4-821c-4f13-aba6-f55dc14caeb0,"Risk assessment of the Sedongpu high-altitude and ultra-long-runout landslide in the lower Yarlung Zangbo River, China",487,Adaptation,True,,,,,True,False,"The study develops methods for geological landslide risk assessment and prediction, but it does not link the landslides or risk-management measures to climate variables, climate change, or climate-related extreme events.",,0.00,0.00,2026-09-09_10-01-17_pruned_taxonomy_topdown_sol
2313805,6d159ba4-821c-4f13-aba6-f55dc14caeb0,"Risk assessment of the Sedongpu high-altitude and ultra-long-runout landslide in the lower Yarlung Zangbo River, China",496,Co-Benefits,True,,,,,False,False,No annotation with this attribute found: reverting to default,,0.00,0.00,2026-09-09_10-01-17_pruned_taxonomy_topdown_sol
2313805,6d159ba4-821c-4f13-aba6-f55dc14caeb0,"Risk assessment of the Sedongpu high-altitude and ultra-long-runout landslide in the lower Yarlung Zangbo River, China",488,Impact,True,,,,,True,False,"The study assesses landslide hazards and potential dam formation, but no climatic driver—such as precipitation, warming, flooding, or drought—is identified in the causal pathway.",,0.00,0.00,2026-09-09_10-01-17_pruned_taxonomy_topdown_sol
2313805,6d159ba4-821c-4f13-aba6-f55dc14caeb0,"Risk assessment of the Sedongpu high-altitude and ultra-long-runout landslide in the lower Yarlung Zangbo River, China",495,Loss and damage,True,,,,,False,False,No annotation with this attribute found: reverting to default,,0.00,0.00,2026-09-09_10-01-17_pruned_taxonomy_topdown_sol
2313805,6d159ba4-821c-4f13-aba6-f55dc14caeb0,"Risk assessment of the Sedongpu high-altitude and ultra-long-runout landslide in the lower Yarlung Zangbo River, China",493,Attribution,True,,,,,False,False,No annotation with this attribute found: reverting to default,,0.00,0.00,2026-09-09_10-01-17_pruned_taxonomy_topdown_sol
2313805,6d159ba4-821c-4f13-aba6-f55dc14caeb0,"Risk assessment of the Sedongpu high-altitude and ultra-long-runout landslide in the lower Yarlung Zangbo River, China",489,Mitigation,True,,,,,False,False,"The referenced risk mitigation concerns geological disasters, not reducing greenhouse-gas emissions, fossil-fuel use, or harms caused by fossil-fuel emissions.",,0.00,0.00,2026-09-09_10-01-17_pruned_taxonomy_topdown_sol
2313805,6d159ba4-821c-4f13-aba6-f55dc14caeb0,"Risk assessment of the Sedongpu high-altitude and ultra-long-runout landslide in the lower Yarlung Zangbo River, China",492,Resilience,True,,,,,False,False,No annotation with this attribute found: reverting to default,,0.00,0.00,2026-09-09_10-01-17_pruned_taxonomy_topdown_sol
2313805,6d159ba4-821c-4f13-aba6-f55dc14caeb0,"Risk assessment of the Sedongpu high-altitude and ultra-long-runout landslide in the lower Yarlung Zangbo River, China",491,Preparedness,True,,,,,False,False,No annotation with this attribute found: reverting to default,,0.00,0.00,2026-09-09_10-01-17_pruned_taxonomy_topdown_sol
2313805,6d159ba4-821c-4f13-aba6-f55dc14caeb0,"Risk assessment of the Sedongpu high-altitude and ultra-long-runout landslide in the lower Yarlung Zangbo River, China",494,Future impact,True,,,,,False,False,No annotation with this attribute found: reverting to default,,0.00,0.00,2026-09-09_10-01-17_pruned_taxonomy_topdown_sol
2313805,6d159ba4-821c-4f13-aba6-f55dc14caeb0,"Risk assessment of the Sedongpu high-altitude and ultra-long-runout landslide in the lower Yarlung Zangbo River, China",14,Changes in temperature,True,,,,,False,False,The study concerns landslide risk assessment and does not examine long-term temperature shifts or warming trends.,,0.00,0.00,2026-09-09_10-01-17_pruned_taxonomy_topdown_sol
2313805,6d159ba4-821c-4f13-aba6-f55dc14caeb0,"Risk assessment of the Sedongpu high-altitude and ultra-long-runout landslide in the lower Yarlung Zangbo River, China",9,Changes in humidity,True,,,,,False,False,Atmospheric moisture or humidity changes are not studied.,,0.00,0.00,2026-09-09_10-01-17_pruned_taxonomy_topdown_sol
2313805,6d159ba4-821c-4f13-aba6-f55dc14caeb0,"Risk assessment of the Sedongpu high-altitude and ultra-long-runout landslide in the lower Yarlung Zangbo River, China",6,(Unspecified) changes in weather,True,,,,,False,False,The abstract does not discuss general weather-pattern changes or weather variability.,,0.00,0.00,2026-09-09_10-01-17_pruned_taxonomy_topdown_sol
2313805,6d159ba4-821c-4f13-aba6-f55dc14caeb0,"Risk assessment of the Sedongpu high-altitude and ultra-long-runout landslide in the lower Yarlung Zangbo River, China",13,Changes in season length,True,,,,,False,False,No shifts in seasonal duration or timing are examined.,,0.00,0.00,2026-09-09_10-01-17_pruned_taxonomy_topdown_sol
2313805,6d159ba4-821c-4f13-aba6-f55dc14caeb0,"Risk assessment of the Sedongpu high-altitude and ultra-long-runout landslide in the lower Yarlung Zangbo River, China",8,Changes in glacier / snow melt,True,,,,,False,False,"Despite the high-altitude setting, the study does not identify glacier or snowpack melting as an exposure or landslide driver.",,0.00,0.00,2026-09-09_10-01-17_pruned_taxonomy_topdown_sol
2313805,6d159ba4-821c-4f13-aba6-f55dc14caeb0,"Risk assessment of the Sedongpu high-altitude and ultra-long-runout landslide in the lower Yarlung Zangbo River, China",15,Changes in wind speed,True,,,,,False,False,Wind patterns or changes in wind velocity are not addressed.,,0.00,0.00,2026-09-09_10-01-17_pruned_taxonomy_topdown_sol
2313805,6d159ba4-821c-4f13-aba6-f55dc14caeb0,"Risk assessment of the Sedongpu high-altitude and ultra-long-runout landslide in the lower Yarlung Zangbo River, China",10,Changes in inland water bodies,True,,,,,False,False,"The study predicts landslide-dam height but does not examine climate-driven changes in freshwater availability, river or lake levels, or hydrological patterns.",,0.00,0.00,2026-09-09_10-01-17_pruned_taxonomy_topdown_sol
2313805,6d159ba4-821c-4f13-aba6-f55dc14caeb0,"Risk assessment of the Sedongpu high-altitude and ultra-long-runout landslide in the lower Yarlung Zangbo River, China",11,Changes in precipitation,True,,,,,False,False,"Changes in rainfall or snowfall amount, timing, or intensity are not discussed.",,0.00,0.00,2026-09-09_10-01-17_pruned_taxonomy_topdown_sol
2313805,6d159ba4-821c-4f13-aba6-f55dc14caeb0,"Risk assessment of the Sedongpu high-altitude and ultra-long-runout landslide in the lower Yarlung Zangbo River, China",16,Climate variability,True,,,,,False,False,"The study does not investigate fluctuations in climate conditions over months, years, or decades.",,0.00,0.00,2026-09-09_10-01-17_pruned_taxonomy_topdown_sol
2313805,6d159ba4-821c-4f13-aba6-f55dc14caeb0,"Risk assessment of the Sedongpu high-altitude and ultra-long-runout landslide in the lower Yarlung Zangbo River, China",7,(Unspecified) climate change,True,,,,,False,False,"Climate change is not presented as a general exposure, driver, or focus of the study.",,0.00,0.00,2026-09-09_10-01-17_pruned_taxonomy_topdown_sol
2313805,6d159ba4-821c-4f13-aba6-f55dc14caeb0,"Risk assessment of the Sedongpu high-altitude and ultra-long-runout landslide in the lower Yarlung Zangbo River, China",12,Changes in sea level,True,,,,,False,False,Sea-level rise is not relevant to the high-altitude landslide study and is not discussed.,,0.00,0.00,2026-09-09_10-01-17_pruned_taxonomy_topdown_sol
2313805,6d159ba4-821c-4f13-aba6-f55dc14caeb0,"Risk assessment of the Sedongpu high-altitude and ultra-long-runout landslide in the lower Yarlung Zangbo River, China",474,"Agriculture, fishing, and forestry (Sector)",True,,,,,False,False,"The study concerns landslide hazard assessment, not agriculture, livestock, fisheries, or forestry.",,0.00,0.00,2026-09-09_10-01-17_pruned_taxonomy_topdown_sol
2313805,6d159ba4-821c-4f13-aba6-f55dc14caeb0,"Risk assessment of the Sedongpu high-altitude and ultra-long-runout landslide in the lower Yarlung Zangbo River, China",482,Military (Sector),True,,,,,False,False,"Military personnel, infrastructure, operations, and defense capabilities are not subjects of the study.",,0.00,0.00,2026-09-09_10-01-17_pruned_taxonomy_topdown_sol
2313805,6d159ba4-821c-4f13-aba6-f55dc14caeb0,"Risk assessment of the Sedongpu high-altitude and ultra-long-runout landslide in the lower Yarlung Zangbo River, China",479,Healthcare (Sector),True,,,,,False,False,"The study does not examine medical care, public health services, or health infrastructure.",,0.00,0.00,2026-09-09_10-01-17_pruned_taxonomy_topdown_sol
2313805,6d159ba4-821c-4f13-aba6-f55dc14caeb0,"Risk assessment of the Sedongpu high-altitude and ultra-long-runout landslide in the lower Yarlung Zangbo River, China",477,Energy and extractives (Sector),True,,,,,False,False,"Energy generation, fuel production, and resource extraction are not examined.",,0.00,0.00,2026-09-09_10-01-17_pruned_taxonomy_topdown_sol
2313805,6d159ba4-821c-4f13-aba6-f55dc14caeb0,"Risk assessment of the Sedongpu high-altitude and ultra-long-runout landslide in the lower Yarlung Zangbo River, China",484,Social protection (Sector),True,,,,,False,False,"Social protection, welfare services, and safety-net systems are not discussed.",,0.00,0.00,2026-09-09_10-01-17_pruned_taxonomy_topdown_sol
2313805,6d159ba4-821c-4f13-aba6-f55dc14caeb0,"Risk assessment of the Sedongpu high-altitude and ultra-long-runout landslide in the lower Yarlung Zangbo River, China",475,Buildings / housing (Sector),True,,,,,False,False,"Although the study addresses geological risk, it does not examine buildings, housing, or construction as a sector.",,0.00,0.00,2026-09-09_10-01-17_pruned_taxonomy_topdown_sol
2313805,6d159ba4-821c-4f13-aba6-f55dc14caeb0,"Risk assessment of the Sedongpu high-altitude and ultra-long-runout landslide in the lower Yarlung Zangbo River, China",485,Transportation (Sector),True,,,,,False,False,"No road, rail, air, maritime, vehicle, or logistics system is a subject of the study.",,0.00,0.00,2026-09-09_10-01-17_pruned_taxonomy_topdown_sol
2313805,6d159ba4-821c-4f13-aba6-f55dc14caeb0,"Risk assessment of the Sedongpu high-altitude and ultra-long-runout landslide in the lower Yarlung Zangbo River, China",481,Information and communications technologies (Sector),True,,,,,False,False,"Remote sensing and numerical simulation are research methods here, not a study of the telecommunications or information-technology sector.",Based on remote-sensing technology,0.00,100.00,2026-09-09_10-01-17_pruned_taxonomy_topdown_sol
2313805,6d159ba4-821c-4f13-aba6-f55dc14caeb0,"Risk assessment of the Sedongpu high-altitude and ultra-long-runout landslide in the lower Yarlung Zangbo River, China",486,"Water, sanitation, and waste management (Sector)",True,,,,,False,False,"The landslide dam is a natural hazard feature; the study does not concern water supply, sewage treatment, or solid-waste management services.",the height of the Sedongpu landslide dam will reach 120 m and 165 m,0.00,100.00,2026-09-09_10-01-17_pruned_taxonomy_topdown_sol
2313805,6d159ba4-821c-4f13-aba6-f55dc14caeb0,"Risk assessment of the Sedongpu high-altitude and ultra-long-runout landslide in the lower Yarlung Zangbo River, China",478,Finance (Sector),True,,,,,False,False,"Banking, insurance, investment, and climate-finance mechanisms are not addressed.",,0.00,0.00,2026-09-09_10-01-17_pruned_taxonomy_topdown_sol
2313805,6d159ba4-821c-4f13-aba6-f55dc14caeb0,"Risk assessment of the Sedongpu high-altitude and ultra-long-runout landslide in the lower Yarlung Zangbo River, China",480,"Industry, trade, and services (Sector)",True,,,,,False,False,"Manufacturing, trade, retail, and commercial services are not subjects of the study.",,0.00,0.00,2026-09-09_10-01-17_pruned_taxonomy_topdown_sol
2313805,6d159ba4-821c-4f13-aba6-f55dc14caeb0,"Risk assessment of the Sedongpu high-altitude and ultra-long-runout landslide in the lower Yarlung Zangbo River, China",476,Education (Sector),True,,,,,False,False,No formal or informal education system or institution is examined.,,0.00,0.00,2026-09-09_10-01-17_pruned_taxonomy_topdown_sol
2313805,6d159ba4-821c-4f13-aba6-f55dc14caeb0,"Risk assessment of the Sedongpu high-altitude and ultra-long-runout landslide in the lower Yarlung Zangbo River, China",483,Public administration (Sector),True,,,,,False,False,"Geo-risk prediction and mitigation are discussed generally, but the operations, services, or workforce of public administration or emergency-management institutions are not examined.","The purpose of this study was to propose an alternative risk assessment method, which is of great significance for geo-risk prediction and mitigation.",0.00,100.00,2026-09-09_10-01-17_pruned_taxonomy_topdown_sol
2313805,6d159ba4-821c-4f13-aba6-f55dc14caeb0,"Risk assessment of the Sedongpu high-altitude and ultra-long-runout landslide in the lower Yarlung Zangbo River, China",392,Mixed-methods,True,,,,,False,False,The study does not integrate qualitative inquiry with quantitative analysis; it primarily uses remote sensing and numerical modelling.,,0.00,0.00,2026-09-09_10-01-17_pruned_taxonomy_topdown_sol
2313805,6d159ba4-821c-4f13-aba6-f55dc14caeb0,"Risk assessment of the Sedongpu high-altitude and ultra-long-runout landslide in the lower Yarlung Zangbo River, China",394,Observational / group comparison designs,True,,,,,False,False,It does not compare health outcomes between groups defined by exposure status.,,0.00,0.00,2026-09-09_10-01-17_pruned_taxonomy_topdown_sol
2313805,6d159ba4-821c-4f13-aba6-f55dc14caeb0,"Risk assessment of the Sedongpu high-altitude and ultra-long-runout landslide in the lower Yarlung Zangbo River, China",393,Modelling / simulation,True,,,,,True,True,The study uses numerical back-analysis and predictive simulations to estimate landslide impacts under defined general and extreme scenarios.,"Through back- and prediction-analysis in numerical simulations, it was determined that the height of the Sedongpu landslide dam will reach 120 m and 165 m under general condition and extreme condition.",0.00,100.00,2026-09-09_10-01-17_pruned_taxonomy_topdown_sol
2313805,6d159ba4-821c-4f13-aba6-f55dc14caeb0,"Risk assessment of the Sedongpu high-altitude and ultra-long-runout landslide in the lower Yarlung Zangbo River, China",390,(Quasi-)Experimental / single-group designs,True,,,,,False,False,No intervention is applied to a single group in an uncontrolled experiment.,,0.00,0.00,2026-09-09_10-01-17_pruned_taxonomy_topdown_sol
2313805,6d159ba4-821c-4f13-aba6-f55dc14caeb0,"Risk assessment of the Sedongpu high-altitude and ultra-long-runout landslide in the lower Yarlung Zangbo River, China",429,Narrative review,True,,,,,False,False,No annotation with this attribute found: reverting to default,,0.00,0.00,2026-09-09_10-01-17_pruned_taxonomy_topdown_sol
2313805,6d159ba4-821c-4f13-aba6-f55dc14caeb0,"Risk assessment of the Sedongpu high-altitude and ultra-long-runout landslide in the lower Yarlung Zangbo River, China",396,Qualitative designs,True,,,,,False,False,"The study does not use qualitative methods to investigate meanings, experiences, or contextual perspectives.",,0.00,0.00,2026-09-09_10-01-17_pruned_taxonomy_topdown_sol
2313805,6d159ba4-821c-4f13-aba6-f55dc14caeb0,"Risk assessment of the Sedongpu high-altitude and ultra-long-runout landslide in the lower Yarlung Zangbo River, China",388,2. Evidence synthesis,True,,,,,False,False,"The study is not a review or synthesis of existing literature; it develops and applies an analytical risk-assessment method to a specific landslide basin using remote sensing, historical-event interpretation, and numerical simulations.",,0.00,0.00,2026-09-09_10-01-17_pruned_taxonomy_topdown_sol
2313805,6d159ba4-821c-4f13-aba6-f55dc14caeb0,"Risk assessment of the Sedongpu high-altitude and ultra-long-runout landslide in the lower Yarlung Zangbo River, China",391,Descriptive / single-group designs,True,,,,,False,False,"Although historical landslides and potential risk areas are described, the principal design is numerical modelling and prediction rather than a descriptive single-group study.",,0.00,0.00,2026-09-09_10-01-17_pruned_taxonomy_topdown_sol
2313805,6d159ba4-821c-4f13-aba6-f55dc14caeb0,"Risk assessment of the Sedongpu high-altitude and ultra-long-runout landslide in the lower Yarlung Zangbo River, China",427,Health technology assessment (HTA),True,,,,,False,False,No annotation with this attribute found: reverting to default,,0.00,0.00,2026-09-09_10-01-17_pruned_taxonomy_topdown_sol
2313805,6d159ba4-821c-4f13-aba6-f55dc14caeb0,"Risk assessment of the Sedongpu high-altitude and ultra-long-runout landslide in the lower Yarlung Zangbo River, China",395,Observational / single-group designs,True,,,,,False,False,The study does not longitudinally track health outcomes in a single group.,,0.00,0.00,2026-09-09_10-01-17_pruned_taxonomy_topdown_sol
2313805,6d159ba4-821c-4f13-aba6-f55dc14caeb0,"Risk assessment of the Sedongpu high-altitude and ultra-long-runout landslide in the lower Yarlung Zangbo River, China",426,Guideline (clinical or public health),True,,,,,False,False,No annotation with this attribute found: reverting to default,,0.00,0.00,2026-09-09_10-01-17_pruned_taxonomy_topdown_sol
2313805,6d159ba4-821c-4f13-aba6-f55dc14caeb0,"Risk assessment of the Sedongpu high-altitude and ultra-long-runout landslide in the lower Yarlung Zangbo River, China",387,1. Primary research,True,,,,,True,True,"This is original research that directly analyzes case-specific remote-sensing, historical, dynamic-parameter, and numerical simulation data for the Sedongpu landslide.","this study tries to establish analytical method through historical interpretation, potential source interpretation, numerical back-analysis, dynamic parameters acquisition, and numerical prediction analysis.",0.00,100.00,2026-09-09_10-01-17_pruned_taxonomy_topdown_sol
2313805,6d159ba4-821c-4f13-aba6-f55dc14caeb0,"Risk assessment of the Sedongpu high-altitude and ultra-long-runout landslide in the lower Yarlung Zangbo River, China",430,Systematic reviews,True,,,,,False,False,No annotation with this attribute found: reverting to default,,0.00,0.00,2026-09-09_10-01-17_pruned_taxonomy_topdown_sol
2313805,6d159ba4-821c-4f13-aba6-f55dc14caeb0,"Risk assessment of the Sedongpu high-altitude and ultra-long-runout landslide in the lower Yarlung Zangbo River, China",397,Z_Other study design,True,,,,,False,False,The primary research design is captured by the specified modelling category.,,0.00,0.00,2026-09-09_10-01-17_pruned_taxonomy_topdown_sol
2313805,6d159ba4-821c-4f13-aba6-f55dc14caeb0,"Risk assessment of the Sedongpu high-altitude and ultra-long-runout landslide in the lower Yarlung Zangbo River, China",389,(Quasi-)Experimental / group comparison designs,True,,,,,False,False,There is no controlled intervention or comparison between intervention and control groups.,,0.00,0.00,2026-09-09_10-01-17_pruned_taxonomy_topdown_sol
2313805,6d159ba4-821c-4f13-aba6-f55dc14caeb0,"Risk assessment of the Sedongpu high-altitude and ultra-long-runout landslide in the lower Yarlung Zangbo River, China",431,Z_Other evidence synthesis type,True,,,,,False,False,No annotation with this attribute found: reverting to default,,0.00,0.00,2026-09-09_10-01-17_pruned_taxonomy_topdown_sol
2313805,6d159ba4-821c-4f13-aba6-f55dc14caeb0,"Risk assessment of the Sedongpu high-altitude and ultra-long-runout landslide in the lower Yarlung Zangbo River, China",428,Meta-analysis (unsystematic),True,,,,,False,False,No annotation with this attribute found: reverting to default,,0.00,0.00,2026-09-09_10-01-17_pruned_taxonomy_topdown_sol
2313805,6d159ba4-821c-4f13-aba6-f55dc14caeb0,"Risk assessment of the Sedongpu high-altitude and ultra-long-runout landslide in the lower Yarlung Zangbo River, China",117,"1.2. Communicable, maternal, neonatal, and nutritional mortality",True,,,,,False,False,No annotation with this attribute found: reverting to default,,0.00,0.00,2026-09-09_10-01-17_pruned_taxonomy_topdown_sol
2313805,6d159ba4-821c-4f13-aba6-f55dc14caeb0,"Risk assessment of the Sedongpu high-altitude and ultra-long-runout landslide in the lower Yarlung Zangbo River, China",196,Chronic respiratory diseases,True,,,,,False,False,No annotation with this attribute found: reverting to default,,0.00,0.00,2026-09-09_10-01-17_pruned_taxonomy_topdown_sol
2313805,6d159ba4-821c-4f13-aba6-f55dc14caeb0,"Risk assessment of the Sedongpu high-altitude and ultra-long-runout landslide in the lower Yarlung Zangbo River, China",201,Neoplasms,True,,,,,False,False,No annotation with this attribute found: reverting to default,,0.00,0.00,2026-09-09_10-01-17_pruned_taxonomy_topdown_sol
2313805,6d159ba4-821c-4f13-aba6-f55dc14caeb0,"Risk assessment of the Sedongpu high-altitude and ultra-long-runout landslide in the lower Yarlung Zangbo River, China",118,1.3. Non-communicable mortality,True,,,,,False,False,No annotation with this attribute found: reverting to default,,0.00,0.00,2026-09-09_10-01-17_pruned_taxonomy_topdown_sol
2313805,6d159ba4-821c-4f13-aba6-f55dc14caeb0,"Risk assessment of the Sedongpu high-altitude and ultra-long-runout landslide in the lower Yarlung Zangbo River, China",138,Respiratory infections and tuberculosis,True,,,,,False,False,No annotation with this attribute found: reverting to default,,0.00,0.00,2026-09-09_10-01-17_pruned_taxonomy_topdown_sol
2313805,6d159ba4-821c-4f13-aba6-f55dc14caeb0,"Risk assessment of the Sedongpu high-altitude and ultra-long-runout landslide in the lower Yarlung Zangbo River, China",116,1.1. Total / all-cause mortality (Outcome),True,,,,,False,False,No annotation with this attribute found: reverting to default,,0.00,0.00,2026-09-09_10-01-17_pruned_taxonomy_topdown_sol
2313805,6d159ba4-821c-4f13-aba6-f55dc14caeb0,"Risk assessment of the Sedongpu high-altitude and ultra-long-runout landslide in the lower Yarlung Zangbo River, China",204,Skin and subcutaneous diseases,True,,,,,False,False,No annotation with this attribute found: reverting to default,,0.00,0.00,2026-09-09_10-01-17_pruned_taxonomy_topdown_sol
2313805,6d159ba4-821c-4f13-aba6-f55dc14caeb0,"Risk assessment of the Sedongpu high-altitude and ultra-long-runout landslide in the lower Yarlung Zangbo River, China",197,Diabetes and kidney diseases,True,,,,,False,False,No annotation with this attribute found: reverting to default,,0.00,0.00,2026-09-09_10-01-17_pruned_taxonomy_topdown_sol
2313805,6d159ba4-821c-4f13-aba6-f55dc14caeb0,"Risk assessment of the Sedongpu high-altitude and ultra-long-runout landslide in the lower Yarlung Zangbo River, China",198,Digestive diseases,True,,,,,False,False,No annotation with this attribute found: reverting to default,,0.00,0.00,2026-09-09_10-01-17_pruned_taxonomy_topdown_sol
2313805,6d159ba4-821c-4f13-aba6-f55dc14caeb0,"Risk assessment of the Sedongpu high-altitude and ultra-long-runout landslide in the lower Yarlung Zangbo River, China",137,Nutritional deficiencies,True,,,,,False,False,No annotation with this attribute found: reverting to default,,0.00,0.00,2026-09-09_10-01-17_pruned_taxonomy_topdown_sol
2313805,6d159ba4-821c-4f13-aba6-f55dc14caeb0,"Risk assessment of the Sedongpu high-altitude and ultra-long-runout landslide in the lower Yarlung Zangbo River, China",134,HIV/AIDS and sexually transmitted infections,True,,,,,False,False,No annotation with this attribute found: reverting to default,,0.00,0.00,2026-09-09_10-01-17_pruned_taxonomy_topdown_sol
2313805,6d159ba4-821c-4f13-aba6-f55dc14caeb0,"Risk assessment of the Sedongpu high-altitude and ultra-long-runout landslide in the lower Yarlung Zangbo River, China",203,Sense organ diseases,True,,,,,False,False,No annotation with this attribute found: reverting to default,,0.00,0.00,2026-09-09_10-01-17_pruned_taxonomy_topdown_sol
2313805,6d159ba4-821c-4f13-aba6-f55dc14caeb0,"Risk assessment of the Sedongpu high-altitude and ultra-long-runout landslide in the lower Yarlung Zangbo River, China",195,Cardiovascular diseases,True,,,,,False,False,No annotation with this attribute found: reverting to default,,0.00,0.00,2026-09-09_10-01-17_pruned_taxonomy_topdown_sol
2313805,6d159ba4-821c-4f13-aba6-f55dc14caeb0,"Risk assessment of the Sedongpu high-altitude and ultra-long-runout landslide in the lower Yarlung Zangbo River, China",289,Transport injuries,True,,,,,False,False,No annotation with this attribute found: reverting to default,,0.00,0.00,2026-09-09_10-01-17_pruned_taxonomy_topdown_sol
2313805,6d159ba4-821c-4f13-aba6-f55dc14caeb0,"Risk assessment of the Sedongpu high-altitude and ultra-long-runout landslide in the lower Yarlung Zangbo River, China",113,"2. Communicable, maternal, neonatal, and nutritional diseases",True,,,,,False,False,"The study concerns landslide risk assessment and mitigation, not infectious, maternal, neonatal, or nutritional diseases.",,0.00,0.00,2026-09-09_10-01-17_pruned_taxonomy_topdown_sol
2313805,6d159ba4-821c-4f13-aba6-f55dc14caeb0,"Risk assessment of the Sedongpu high-altitude and ultra-long-runout landslide in the lower Yarlung Zangbo River, China",139,Z_Other infectious diseases,True,,,,,False,False,No annotation with this attribute found: reverting to default,,0.00,0.00,2026-09-09_10-01-17_pruned_taxonomy_topdown_sol
2313805,6d159ba4-821c-4f13-aba6-f55dc14caeb0,"Risk assessment of the Sedongpu high-altitude and ultra-long-runout landslide in the lower Yarlung Zangbo River, China",135,Maternal and neonatal disorders,True,,,,,False,False,No annotation with this attribute found: reverting to default,,0.00,0.00,2026-09-09_10-01-17_pruned_taxonomy_topdown_sol
2313805,6d159ba4-821c-4f13-aba6-f55dc14caeb0,"Risk assessment of the Sedongpu high-altitude and ultra-long-runout landslide in the lower Yarlung Zangbo River, China",202,Neurological disorders,True,,,,,False,False,No annotation with this attribute found: reverting to default,,0.00,0.00,2026-09-09_10-01-17_pruned_taxonomy_topdown_sol
2313805,6d159ba4-821c-4f13-aba6-f55dc14caeb0,"Risk assessment of the Sedongpu high-altitude and ultra-long-runout landslide in the lower Yarlung Zangbo River, China",288,Self-harm and interpersonal violence,True,,,,,False,False,No annotation with this attribute found: reverting to default,,0.00,0.00,2026-09-09_10-01-17_pruned_taxonomy_topdown_sol
2313805,6d159ba4-821c-4f13-aba6-f55dc14caeb0,"Risk assessment of the Sedongpu high-altitude and ultra-long-runout landslide in the lower Yarlung Zangbo River, China",206,Z_Other non-communicable diseases,True,,,,,False,False,No annotation with this attribute found: reverting to default,,0.00,0.00,2026-09-09_10-01-17_pruned_taxonomy_topdown_sol
2313805,6d159ba4-821c-4f13-aba6-f55dc14caeb0,"Risk assessment of the Sedongpu high-altitude and ultra-long-runout landslide in the lower Yarlung Zangbo River, China",200,Musculoskeletal disorders,True,,,,,False,False,No annotation with this attribute found: reverting to default,,0.00,0.00,2026-09-09_10-01-17_pruned_taxonomy_topdown_sol
2313805,6d159ba4-821c-4f13-aba6-f55dc14caeb0,"Risk assessment of the Sedongpu high-altitude and ultra-long-runout landslide in the lower Yarlung Zangbo River, China",133,Enteric infections,True,,,,,False,False,No annotation with this attribute found: reverting to default,,0.00,0.00,2026-09-09_10-01-17_pruned_taxonomy_topdown_sol
2313805,6d159ba4-821c-4f13-aba6-f55dc14caeb0,"Risk assessment of the Sedongpu high-altitude and ultra-long-runout landslide in the lower Yarlung Zangbo River, China",114,3. Non-communicable diseases,True,,,,,False,False,No chronic non-infectious disease is examined as a subject or outcome.,,0.00,0.00,2026-09-09_10-01-17_pruned_taxonomy_topdown_sol
2313805,6d159ba4-821c-4f13-aba6-f55dc14caeb0,"Risk assessment of the Sedongpu high-altitude and ultra-long-runout landslide in the lower Yarlung Zangbo River, China",112,1. Mortality (Outcome),True,,,,,False,False,"Mortality or fatal disease burden is not assessed; the outcomes are geological risk, landslide dynamics, and dam height.",,0.00,0.00,2026-09-09_10-01-17_pruned_taxonomy_topdown_sol
2313805,6d159ba4-821c-4f13-aba6-f55dc14caeb0,"Risk assessment of the Sedongpu high-altitude and ultra-long-runout landslide in the lower Yarlung Zangbo River, China",115,4. Injuries,True,,,,,False,False,"Although landslides can cause injuries, this study does not investigate physical harm to people as an outcome; it focuses on geohazard prediction and mitigation.",,0.00,0.00,2026-09-09_10-01-17_pruned_taxonomy_topdown_sol
2313805,6d159ba4-821c-4f13-aba6-f55dc14caeb0,"Risk assessment of the Sedongpu high-altitude and ultra-long-runout landslide in the lower Yarlung Zangbo River, China",199,Mental disorders,True,,,,,False,False,No annotation with this attribute found: reverting to default,,0.00,0.00,2026-09-09_10-01-17_pruned_taxonomy_topdown_sol
2313805,6d159ba4-821c-4f13-aba6-f55dc14caeb0,"Risk assessment of the Sedongpu high-altitude and ultra-long-runout landslide in the lower Yarlung Zangbo River, China",205,Substance use disorders,True,,,,,False,False,No annotation with this attribute found: reverting to default,,0.00,0.00,2026-09-09_10-01-17_pruned_taxonomy_topdown_sol
2313805,6d159ba4-821c-4f13-aba6-f55dc14caeb0,"Risk assessment of the Sedongpu high-altitude and ultra-long-runout landslide in the lower Yarlung Zangbo River, China",136,Neglected tropical diseases and malaria,True,,,,,False,False,No annotation with this attribute found: reverting to default,,0.00,0.00,2026-09-09_10-01-17_pruned_taxonomy_topdown_sol
2313805,6d159ba4-821c-4f13-aba6-f55dc14caeb0,"Risk assessment of the Sedongpu high-altitude and ultra-long-runout landslide in the lower Yarlung Zangbo River, China",290,Unintentional injuries,True,,,,,False,False,No annotation with this attribute found: reverting to default,,0.00,0.00,2026-09-09_10-01-17_pruned_taxonomy_topdown_sol
58762,8949736c-3dbd-485e-8d8e-f22548c9f996,An IoT-based ensemble framework for climate change monitoring and forecasting of disasters,38,Oil,True,,,,,False,False,The study concerns IoT-based climate monitoring and disaster prediction; it does not examine oil or petroleum products.,,0.00,0.00,2026-09-09_10-01-17_pruned_taxonomy_topdown_sol
58762,8949736c-3dbd-485e-8d8e-f22548c9f996,An IoT-based ensemble framework for climate change monitoring and forecasting of disasters,36,Coal,True,,,,,False,False,"Coal is not a subject, exposure, or energy source addressed in the study.",,0.00,0.00,2026-09-09_10-01-17_pruned_taxonomy_topdown_sol
58762,8949736c-3dbd-485e-8d8e-f22548c9f996,An IoT-based ensemble framework for climate change monitoring and forecasting of disasters,37,Natural gas,True,,,,,False,False,Natural gas or methane-based fossil fuel use is not discussed or studied.,,0.00,0.00,2026-09-09_10-01-17_pruned_taxonomy_topdown_sol
58762,8949736c-3dbd-485e-8d8e-f22548c9f996,An IoT-based ensemble framework for climate change monitoring and forecasting of disasters,35,(Unspecified) fossil fuels,True,,,,,False,False,"The abstract does not address fossil fuel use or combustion, either generally or by a specific fuel type.",,0.00,0.00,2026-09-09_10-01-17_pruned_taxonomy_topdown_sol
58762,8949736c-3dbd-485e-8d8e-f22548c9f996,An IoT-based ensemble framework for climate change monitoring and forecasting of disasters,21,Nitrous oxide (N₂O),True,,,,,False,False,The study does not examine nitrous oxide emissions; it focuses on IoT-based monitoring and prediction of disasters using general environmental measurements.,,0.00,0.00,2026-09-09_10-01-17_pruned_taxonomy_topdown_sol
58762,8949736c-3dbd-485e-8d8e-f22548c9f996,An IoT-based ensemble framework for climate change monitoring and forecasting of disasters,17,(Unspecified) greenhouse gases,True,,,,,False,False,Greenhouse gases as a collective exposure or subject are not studied. Climate change is only the broad monitoring context.,,0.00,0.00,2026-09-09_10-01-17_pruned_taxonomy_topdown_sol
58762,8949736c-3dbd-485e-8d8e-f22548c9f996,An IoT-based ensemble framework for climate change monitoring and forecasting of disasters,24,Tropospheric ozone (O₃),True,,,,,False,False,Ground-level ozone and its formation or respiratory effects are not addressed.,,0.00,0.00,2026-09-09_10-01-17_pruned_taxonomy_topdown_sol
58762,8949736c-3dbd-485e-8d8e-f22548c9f996,An IoT-based ensemble framework for climate change monitoring and forecasting of disasters,18,Carbon dioxide (CO₂),True,,,,,False,False,"Carbon dioxide is not measured, modeled, or discussed as a study focus.",,0.00,0.00,2026-09-09_10-01-17_pruned_taxonomy_topdown_sol
58762,8949736c-3dbd-485e-8d8e-f22548c9f996,An IoT-based ensemble framework for climate change monitoring and forecasting of disasters,23,Particulate matter (PM10) / fine particulate matter (PM2.5) / black/organic carbon / sulfate/nitrate aerosols,True,,,,,False,False,"Particulate matter, including PM10 or PM2.5, is not among the environmental variables monitored or analyzed.",,0.00,0.00,2026-09-09_10-01-17_pruned_taxonomy_topdown_sol
58762,8949736c-3dbd-485e-8d8e-f22548c9f996,An IoT-based ensemble framework for climate change monitoring and forecasting of disasters,20,Methane (CH₄),True,,,,,False,False,Methane emissions or their climate effects are not examined.,,0.00,0.00,2026-09-09_10-01-17_pruned_taxonomy_topdown_sol
58762,8949736c-3dbd-485e-8d8e-f22548c9f996,An IoT-based ensemble framework for climate change monitoring and forecasting of disasters,22,Ozone-depleting substances / chlorofluorocarbons / hydrochlorofluorocarbons / halons / carbon tetrachloride / methyl chloroform,True,,,,,False,False,Ozone-depleting substances and their regulation or effects are not discussed.,,0.00,0.00,2026-09-09_10-01-17_pruned_taxonomy_topdown_sol
58762,8949736c-3dbd-485e-8d8e-f22548c9f996,An IoT-based ensemble framework for climate change monitoring and forecasting of disasters,19,Fluorinated gases / hydrofluorocarbons / perfluorocarbons / sulfur hexafluoride / nitrogen trifluoride,True,,,,,False,False,Synthetic fluorinated greenhouse gases used in industrial applications are not a subject of the study.,,0.00,0.00,2026-09-09_10-01-17_pruned_taxonomy_topdown_sol
58762,8949736c-3dbd-485e-8d8e-f22548c9f996,An IoT-based ensemble framework for climate change monitoring and forecasting of disasters,29,Extreme snow/ice events,True,,,,,False,False,"The study does not specifically address severe snow, ice, freezing rain, or blizzards.",,0.00,0.00,2026-09-09_10-01-17_pruned_taxonomy_topdown_sol
58762,8949736c-3dbd-485e-8d8e-f22548c9f996,An IoT-based ensemble framework for climate change monitoring and forecasting of disasters,34,Z_(Unspecified) extreme weather events,True,,,,,True,True,The framework predicts climate-related disasters generically without identifying a specific type of extreme weather event.,introduces an IoT-based ensemble framework that enables early disaster prediction for efficient monitoring of climate changes,0.00,100.00,2026-09-09_10-01-17_pruned_taxonomy_topdown_sol
58762,8949736c-3dbd-485e-8d8e-f22548c9f996,An IoT-based ensemble framework for climate change monitoring and forecasting of disasters,28,Extreme precipitation,True,,,,,False,False,No unusually intense or prolonged precipitation event is identified as a study focus.,,0.00,0.00,2026-09-09_10-01-17_pruned_taxonomy_topdown_sol
58762,8949736c-3dbd-485e-8d8e-f22548c9f996,An IoT-based ensemble framework for climate change monitoring and forecasting of disasters,25,Droughts,True,,,,,False,False,The study does not specifically examine drought or prolonged water deficits.,,0.00,0.00,2026-09-09_10-01-17_pruned_taxonomy_topdown_sol
58762,8949736c-3dbd-485e-8d8e-f22548c9f996,An IoT-based ensemble framework for climate change monitoring and forecasting of disasters,26,Extreme cold,True,,,,,False,False,"Temperature is monitored as a general sensor variable, but episodes of abnormally low temperature are not a specific exposure or predicted event.",,0.00,0.00,2026-09-09_10-01-17_pruned_taxonomy_topdown_sol
58762,8949736c-3dbd-485e-8d8e-f22548c9f996,An IoT-based ensemble framework for climate change monitoring and forecasting of disasters,32,Storms and severe wind,True,,,,,False,False,"The abstract does not identify cyclones, hurricanes, typhoons, severe thunderstorms, or hailstorms.",,0.00,0.00,2026-09-09_10-01-17_pruned_taxonomy_topdown_sol
58762,8949736c-3dbd-485e-8d8e-f22548c9f996,An IoT-based ensemble framework for climate change monitoring and forecasting of disasters,27,Extreme heat,True,,,,,False,False,"Temperature is one monitored environmental condition, but extreme heat or heatwaves are not specifically studied.",,0.00,0.00,2026-09-09_10-01-17_pruned_taxonomy_topdown_sol
58762,8949736c-3dbd-485e-8d8e-f22548c9f996,An IoT-based ensemble framework for climate change monitoring and forecasting of disasters,31,Sand and dust storms,True,,,,,False,False,The study does not address sand or dust storms; wind speed is only listed as a general monitored variable.,,0.00,0.00,2026-09-09_10-01-17_pruned_taxonomy_topdown_sol
58762,8949736c-3dbd-485e-8d8e-f22548c9f996,An IoT-based ensemble framework for climate change monitoring and forecasting of disasters,33,Wildfires,True,,,,,False,False,Wildfires or vegetation-fire smoke are not mentioned or specifically modeled.,,0.00,0.00,2026-09-09_10-01-17_pruned_taxonomy_topdown_sol
58762,8949736c-3dbd-485e-8d8e-f22548c9f996,An IoT-based ensemble framework for climate change monitoring and forecasting of disasters,30,Floods,True,,,,,False,False,"Sea level is monitored as one environmental variable, but flooding or inundation is not identified as a specific event or focus.",,0.00,0.00,2026-09-09_10-01-17_pruned_taxonomy_topdown_sol
58762,8949736c-3dbd-485e-8d8e-f22548c9f996,An IoT-based ensemble framework for climate change monitoring and forecasting of disasters,490,Maladaptation,True,,,,,False,False,The study does not examine harmful or counterproductive consequences of an adaptation intervention.,,0.00,0.00,2026-09-09_10-01-17_pruned_taxonomy_topdown_sol
58762,8949736c-3dbd-485e-8d8e-f22548c9f996,An IoT-based ensemble framework for climate change monitoring and forecasting of disasters,487,Adaptation,True,,,,,True,True,"The study develops a climate-monitoring, early-warning, and disaster-preparedness framework, which is directly within climate adaptation and resilience.",enables early disaster prediction for efficient monitoring of climate changes,0.00,100.00,2026-09-09_10-01-17_pruned_taxonomy_topdown_sol
58762,8949736c-3dbd-485e-8d8e-f22548c9f996,An IoT-based ensemble framework for climate change monitoring and forecasting of disasters,496,Co-Benefits,True,,,,,False,False,No annotation with this attribute found: reverting to default,,0.00,0.00,2026-09-09_10-01-17_pruned_taxonomy_topdown_sol
58762,8949736c-3dbd-485e-8d8e-f22548c9f996,An IoT-based ensemble framework for climate change monitoring and forecasting of disasters,488,Impact,True,,,,,False,True,"The study assesses and predicts disaster risks using climate and environmental variables, with potential consequences for human lives and property.",monitor environmental changes and forecast the occurrence of disasters to save property and lives of the people,0.00,100.00,2026-09-09_10-01-17_pruned_taxonomy_topdown_sol
58762,8949736c-3dbd-485e-8d8e-f22548c9f996,An IoT-based ensemble framework for climate change monitoring and forecasting of disasters,495,Loss and damage,True,,,,,False,False,"The study focuses on disaster prediction and preparedness, not unavoidable or irreversible climate-related losses and damages.",,0.00,0.00,2026-09-09_10-01-17_pruned_taxonomy_topdown_sol
58762,8949736c-3dbd-485e-8d8e-f22548c9f996,An IoT-based ensemble framework for climate change monitoring and forecasting of disasters,493,Attribution,True,,,,,False,False,The study predicts disaster risk from environmental sensor data but does not establish climate change's causal contribution to observed events or health outcomes.,,0.00,0.00,2026-09-09_10-01-17_pruned_taxonomy_topdown_sol
58762,8949736c-3dbd-485e-8d8e-f22548c9f996,An IoT-based ensemble framework for climate change monitoring and forecasting of disasters,489,Mitigation,True,,,,,False,False,"The study does not address greenhouse-gas emissions, fossil fuels, or strategies to reduce emissions.",,0.00,0.00,2026-09-09_10-01-17_pruned_taxonomy_topdown_sol
58762,8949736c-3dbd-485e-8d8e-f22548c9f996,An IoT-based ensemble framework for climate change monitoring and forecasting of disasters,492,Resilience,True,,,,,False,True,"The framework enhances the capacity to anticipate climate-related disasters and protect lives and property, which contributes to resilience.",an IoT-based ensemble framework that enables early disaster prediction for efficient monitoring of climate changes,0.00,100.00,2026-09-09_10-01-17_pruned_taxonomy_topdown_sol
58762,8949736c-3dbd-485e-8d8e-f22548c9f996,An IoT-based ensemble framework for climate change monitoring and forecasting of disasters,491,Preparedness,True,,,,,True,True,"Early prediction, warning, and initiation of preparedness are anticipatory measures intended to reduce disaster impacts.","further steps are taken, like giving out warnings or even starting disaster preparedness",0.00,100.00,2026-09-09_10-01-17_pruned_taxonomy_topdown_sol
58762,8949736c-3dbd-485e-8d8e-f22548c9f996,An IoT-based ensemble framework for climate change monitoring and forecasting of disasters,494,Future impact,True,,,,,False,False,The framework performs real-time disaster-risk prediction rather than assessing long-term projected impacts under future climate scenarios.,,0.00,0.00,2026-09-09_10-01-17_pruned_taxonomy_topdown_sol
58762,8949736c-3dbd-485e-8d8e-f22548c9f996,An IoT-based ensemble framework for climate change monitoring and forecasting of disasters,14,Changes in temperature,True,,,,,True,True,Temperature is a core monitored climate condition used by the framework to detect environmental change and predict disasters.,"monitor the climate, maintaining records of environmental conditions such as atmospheric pressure, humidity, temperature, wind speed, and sea levels",0.00,100.00,2026-09-09_10-01-17_pruned_taxonomy_topdown_sol
58762,8949736c-3dbd-485e-8d8e-f22548c9f996,An IoT-based ensemble framework for climate change monitoring and forecasting of disasters,9,Changes in humidity,True,,,,,True,True,Humidity is explicitly monitored as a climate-related condition within the disaster-prediction framework.,"environmental conditions such as atmospheric pressure, humidity, temperature, wind speed, and sea levels",0.00,100.00,2026-09-09_10-01-17_pruned_taxonomy_topdown_sol
58762,8949736c-3dbd-485e-8d8e-f22548c9f996,An IoT-based ensemble framework for climate change monitoring and forecasting of disasters,6,(Unspecified) changes in weather,True,,,,,False,False,The study does not focus on nonspecific weather-pattern changes; it identifies particular environmental variables measured by sensors.,,0.00,0.00,2026-09-09_10-01-17_pruned_taxonomy_topdown_sol
58762,8949736c-3dbd-485e-8d8e-f22548c9f996,An IoT-based ensemble framework for climate change monitoring and forecasting of disasters,13,Changes in season length,True,,,,,False,False,"No changes in season duration, timing, or onset are discussed.",,0.00,0.00,2026-09-09_10-01-17_pruned_taxonomy_topdown_sol
58762,8949736c-3dbd-485e-8d8e-f22548c9f996,An IoT-based ensemble framework for climate change monitoring and forecasting of disasters,8,Changes in glacier / snow melt,True,,,,,False,False,The study does not address melting glaciers or snowpack.,,0.00,0.00,2026-09-09_10-01-17_pruned_taxonomy_topdown_sol
58762,8949736c-3dbd-485e-8d8e-f22548c9f996,An IoT-based ensemble framework for climate change monitoring and forecasting of disasters,15,Changes in wind speed,True,,,,,True,True,Wind speed is explicitly monitored as one of the climate-related inputs for disaster prediction.,"environmental conditions such as atmospheric pressure, humidity, temperature, wind speed, and sea levels",0.00,100.00,2026-09-09_10-01-17_pruned_taxonomy_topdown_sol
58762,8949736c-3dbd-485e-8d8e-f22548c9f996,An IoT-based ensemble framework for climate change monitoring and forecasting of disasters,10,Changes in inland water bodies,True,,,,,False,False,"No freshwater systems, river or lake levels, water availability, or hydrological changes are examined.",,0.00,0.00,2026-09-09_10-01-17_pruned_taxonomy_topdown_sol
58762,8949736c-3dbd-485e-8d8e-f22548c9f996,An IoT-based ensemble framework for climate change monitoring and forecasting of disasters,11,Changes in precipitation,True,,,,,False,False,"Rainfall, snowfall, and changes in precipitation are not mentioned as monitored variables or study subjects.",,0.00,0.00,2026-09-09_10-01-17_pruned_taxonomy_topdown_sol
58762,8949736c-3dbd-485e-8d8e-f22548c9f996,An IoT-based ensemble framework for climate change monitoring and forecasting of disasters,16,Climate variability,True,,,,,False,False,"Although real-time environmental conditions are monitored, the study does not specifically analyze climate fluctuations over months, years, or decades around a long-term average.",,0.00,0.00,2026-09-09_10-01-17_pruned_taxonomy_topdown_sol
58762,8949736c-3dbd-485e-8d8e-f22548c9f996,An IoT-based ensemble framework for climate change monitoring and forecasting of disasters,7,(Unspecified) climate change,True,,,,,False,True,The study broadly frames its system as monitoring climate changes without identifying a particular climate-change mechanism or driver.,an IoT-based ensemble framework that enables early disaster prediction for efficient monitoring of climate changes,0.00,100.00,2026-09-09_10-01-17_pruned_taxonomy_topdown_sol
58762,8949736c-3dbd-485e-8d8e-f22548c9f996,An IoT-based ensemble framework for climate change monitoring and forecasting of disasters,12,Changes in sea level,True,,,,,True,False,"Sea level is monitored, but the abstract does not identify an increase in mean sea level, sea-level rise, or its climatic drivers.","environmental conditions such as atmospheric pressure, humidity, temperature, wind speed, and sea levels",0.00,100.00,2026-09-09_10-01-17_pruned_taxonomy_topdown_sol
58762,8949736c-3dbd-485e-8d8e-f22548c9f996,An IoT-based ensemble framework for climate change monitoring and forecasting of disasters,474,"Agriculture, fishing, and forestry (Sector)",True,,,,,False,False,"The study does not examine agriculture, livestock, fisheries, aquaculture, or forest management.",,0.00,0.00,2026-09-09_10-01-17_pruned_taxonomy_topdown_sol
58762,8949736c-3dbd-485e-8d8e-f22548c9f996,An IoT-based ensemble framework for climate change monitoring and forecasting of disasters,482,Military (Sector),True,,,,,False,False,"Military organizations, defense capabilities, and armed forces are not subjects of the study.",,0.00,0.00,2026-09-09_10-01-17_pruned_taxonomy_topdown_sol
58762,8949736c-3dbd-485e-8d8e-f22548c9f996,An IoT-based ensemble framework for climate change monitoring and forecasting of disasters,479,Healthcare (Sector),True,,,,,False,False,"Although saving lives motivates disaster prediction, the study does not concern healthcare delivery, public health services, or health infrastructure.",,0.00,0.00,2026-09-09_10-01-17_pruned_taxonomy_topdown_sol
58762,8949736c-3dbd-485e-8d8e-f22548c9f996,An IoT-based ensemble framework for climate change monitoring and forecasting of disasters,477,Energy and extractives (Sector),True,,,,,False,False,"The study does not examine energy generation, fuels, renewable systems, or resource extraction.",,0.00,0.00,2026-09-09_10-01-17_pruned_taxonomy_topdown_sol
58762,8949736c-3dbd-485e-8d8e-f22548c9f996,An IoT-based ensemble framework for climate change monitoring and forecasting of disasters,484,Social protection (Sector),True,,,,,False,False,"Social protection, welfare services, and safety-net programs are not addressed.",,0.00,0.00,2026-09-09_10-01-17_pruned_taxonomy_topdown_sol
58762,8949736c-3dbd-485e-8d8e-f22548c9f996,An IoT-based ensemble framework for climate change monitoring and forecasting of disasters,475,Buildings / housing (Sector),True,,,,,False,False,"Property protection is mentioned generally, but buildings, housing, and construction are not examined as a sector.",,0.00,0.00,2026-09-09_10-01-17_pruned_taxonomy_topdown_sol
58762,8949736c-3dbd-485e-8d8e-f22548c9f996,An IoT-based ensemble framework for climate change monitoring and forecasting of disasters,485,Transportation (Sector),True,,,,,False,False,"No road, rail, aviation, maritime transport, or logistics systems are studied.",,0.00,0.00,2026-09-09_10-01-17_pruned_taxonomy_topdown_sol
58762,8949736c-3dbd-485e-8d8e-f22548c9f996,An IoT-based ensemble framework for climate change monitoring and forecasting of disasters,481,Information and communications technologies (Sector),True,,,,,False,True,"The study centrally concerns an Internet of Things sensor and data-processing framework, including digital hardware, software, and machine-learning systems for environmental monitoring and disaster prediction.",the given paper introduces an IoT-based ensemble framework that enables early disaster prediction for efficient monitoring of climate changes,0.00,100.00,2026-09-09_10-01-17_pruned_taxonomy_topdown_sol
58762,8949736c-3dbd-485e-8d8e-f22548c9f996,An IoT-based ensemble framework for climate change monitoring and forecasting of disasters,486,"Water, sanitation, and waste management (Sector)",True,,,,,False,False,"Sea levels are among the monitored environmental variables, but water supply, sewage treatment, and solid-waste management are not studied.",,0.00,0.00,2026-09-09_10-01-17_pruned_taxonomy_topdown_sol
58762,8949736c-3dbd-485e-8d8e-f22548c9f996,An IoT-based ensemble framework for climate change monitoring and forecasting of disasters,478,Finance (Sector),True,,,,,False,False,"Banking, insurance, investment, and other financial services or mechanisms are not subjects of the study.",,0.00,0.00,2026-09-09_10-01-17_pruned_taxonomy_topdown_sol
58762,8949736c-3dbd-485e-8d8e-f22548c9f996,An IoT-based ensemble framework for climate change monitoring and forecasting of disasters,480,"Industry, trade, and services (Sector)",True,,,,,False,False,"The study does not focus on manufacturing, retail, wholesale trade, or commercial services.",,0.00,0.00,2026-09-09_10-01-17_pruned_taxonomy_topdown_sol
58762,8949736c-3dbd-485e-8d8e-f22548c9f996,An IoT-based ensemble framework for climate change monitoring and forecasting of disasters,476,Education (Sector),True,,,,,False,False,"Schools, universities, vocational institutions, and education systems are not examined.",,0.00,0.00,2026-09-09_10-01-17_pruned_taxonomy_topdown_sol
58762,8949736c-3dbd-485e-8d8e-f22548c9f996,An IoT-based ensemble framework for climate change monitoring and forecasting of disasters,483,Public administration (Sector),True,,,,,False,False,"Warnings and disaster preparedness are potential uses of the framework, but the operations, services, or workforce of public administration or emergency-management agencies are not themselves examined.",,0.00,0.00,2026-09-09_10-01-17_pruned_taxonomy_topdown_sol
58762,8949736c-3dbd-485e-8d8e-f22548c9f996,An IoT-based ensemble framework for climate change monitoring and forecasting of disasters,392,Mixed-methods,True,,,,,False,False,The study uses quantitative sensor data and machine-learning methods only; it does not integrate qualitative data collection or analysis.,,0.00,0.00,2026-09-09_10-01-17_pruned_taxonomy_topdown_sol
58762,8949736c-3dbd-485e-8d8e-f22548c9f996,An IoT-based ensemble framework for climate change monitoring and forecasting of disasters,394,Observational / group comparison designs,True,,,,,False,False,The study does not compare health outcomes among groups defined by exposure status.,,0.00,0.00,2026-09-09_10-01-17_pruned_taxonomy_topdown_sol
58762,8949736c-3dbd-485e-8d8e-f22548c9f996,An IoT-based ensemble framework for climate change monitoring and forecasting of disasters,393,Modelling / simulation,True,,,,,True,True,The study develops and evaluates a computational machine-learning framework for predicting disaster risk from environmental sensor data.,"classification using a support vector machine (SVM) classifier to detect the risk occurrence of disaster. Then, the model is trained using extreme gradient boosting (XGBoost) for regression",0.00,100.00,2026-09-09_10-01-17_pruned_taxonomy_topdown_sol
58762,8949736c-3dbd-485e-8d8e-f22548c9f996,An IoT-based ensemble framework for climate change monitoring and forecasting of disasters,390,(Quasi-)Experimental / single-group designs,True,,,,,False,False,No intervention is applied to a single group in a non-controlled experimental design.,,0.00,0.00,2026-09-09_10-01-17_pruned_taxonomy_topdown_sol
58762,8949736c-3dbd-485e-8d8e-f22548c9f996,An IoT-based ensemble framework for climate change monitoring and forecasting of disasters,429,Narrative review,True,,,,,False,False,No annotation with this attribute found: reverting to default,,0.00,0.00,2026-09-09_10-01-17_pruned_taxonomy_topdown_sol
58762,8949736c-3dbd-485e-8d8e-f22548c9f996,An IoT-based ensemble framework for climate change monitoring and forecasting of disasters,396,Qualitative designs,True,,,,,False,False,"The study does not collect or analyze qualitative data concerning meanings, experiences, or context.",,0.00,0.00,2026-09-09_10-01-17_pruned_taxonomy_topdown_sol
58762,8949736c-3dbd-485e-8d8e-f22548c9f996,An IoT-based ensemble framework for climate change monitoring and forecasting of disasters,388,2. Evidence synthesis,True,,,,,False,False,"The paper is not a review or synthesis of prior literature; it develops and evaluates an IoT-based disaster-prediction framework. Comparison with existing studies is part of model evaluation, not the study design.",,0.00,0.00,2026-09-09_10-01-17_pruned_taxonomy_topdown_sol
58762,8949736c-3dbd-485e-8d8e-f22548c9f996,An IoT-based ensemble framework for climate change monitoring and forecasting of disasters,391,Descriptive / single-group designs,True,,,,,False,False,"Although environmental conditions are monitored, the primary design is predictive computational modelling rather than a descriptive study of outcomes in one group.",,0.00,0.00,2026-09-09_10-01-17_pruned_taxonomy_topdown_sol
58762,8949736c-3dbd-485e-8d8e-f22548c9f996,An IoT-based ensemble framework for climate change monitoring and forecasting of disasters,427,Health technology assessment (HTA),True,,,,,False,False,No annotation with this attribute found: reverting to default,,0.00,0.00,2026-09-09_10-01-17_pruned_taxonomy_topdown_sol
58762,8949736c-3dbd-485e-8d8e-f22548c9f996,An IoT-based ensemble framework for climate change monitoring and forecasting of disasters,395,Observational / single-group designs,True,,,,,False,False,The study does not track health outcomes in a single group over time to infer associations from temporal patterns.,,0.00,0.00,2026-09-09_10-01-17_pruned_taxonomy_topdown_sol
58762,8949736c-3dbd-485e-8d8e-f22548c9f996,An IoT-based ensemble framework for climate change monitoring and forecasting of disasters,426,Guideline (clinical or public health),True,,,,,False,False,No annotation with this attribute found: reverting to default,,0.00,0.00,2026-09-09_10-01-17_pruned_taxonomy_topdown_sol
58762,8949736c-3dbd-485e-8d8e-f22548c9f996,An IoT-based ensemble framework for climate change monitoring and forecasting of disasters,387,1. Primary research,True,,,,,True,True,This is original research that collects environmental sensor data and analyzes it using machine-learning models to develop and validate a disaster-prediction framework.,The real-time data collected by sensors is subjected to pre-processing. It is followed by classification using a support vector machine (SVM) classifier to detect the risk occurrence of disaster.,0.00,100.00,2026-09-09_10-01-17_pruned_taxonomy_topdown_sol
58762,8949736c-3dbd-485e-8d8e-f22548c9f996,An IoT-based ensemble framework for climate change monitoring and forecasting of disasters,430,Systematic reviews,True,,,,,False,False,No annotation with this attribute found: reverting to default,,0.00,0.00,2026-09-09_10-01-17_pruned_taxonomy_topdown_sol
58762,8949736c-3dbd-485e-8d8e-f22548c9f996,An IoT-based ensemble framework for climate change monitoring and forecasting of disasters,397,Z_Other study design,True,,,,,False,False,"The primary research design is captured by the modelling category, so the residual 'other primary design' concept does not apply.",,0.00,0.00,2026-09-09_10-01-17_pruned_taxonomy_topdown_sol
58762,8949736c-3dbd-485e-8d8e-f22548c9f996,An IoT-based ensemble framework for climate change monitoring and forecasting of disasters,389,(Quasi-)Experimental / group comparison designs,True,,,,,False,False,"The comparison concerns predictive model performance, not outcomes between intervention and control groups.","The performance of the proposed framework is validated and compared with existing recent studies based on evaluation metrics such as precision, recall, and accuracy.",0.00,100.00,2026-09-09_10-01-17_pruned_taxonomy_topdown_sol
58762,8949736c-3dbd-485e-8d8e-f22548c9f996,An IoT-based ensemble framework for climate change monitoring and forecasting of disasters,431,Z_Other evidence synthesis type,True,,,,,False,False,No annotation with this attribute found: reverting to default,,0.00,0.00,2026-09-09_10-01-17_pruned_taxonomy_topdown_sol
58762,8949736c-3dbd-485e-8d8e-f22548c9f996,An IoT-based ensemble framework for climate change monitoring and forecasting of disasters,428,Meta-analysis (unsystematic),True,,,,,False,False,No annotation with this attribute found: reverting to default,,0.00,0.00,2026-09-09_10-01-17_pruned_taxonomy_topdown_sol
58762,8949736c-3dbd-485e-8d8e-f22548c9f996,An IoT-based ensemble framework for climate change monitoring and forecasting of disasters,117,"1.2. Communicable, maternal, neonatal, and nutritional mortality",True,,,,,False,False,No annotation with this attribute found: reverting to default,,0.00,0.00,2026-09-09_10-01-17_pruned_taxonomy_topdown_sol
58762,8949736c-3dbd-485e-8d8e-f22548c9f996,An IoT-based ensemble framework for climate change monitoring and forecasting of disasters,196,Chronic respiratory diseases,True,,,,,False,False,No annotation with this attribute found: reverting to default,,0.00,0.00,2026-09-09_10-01-17_pruned_taxonomy_topdown_sol
58762,8949736c-3dbd-485e-8d8e-f22548c9f996,An IoT-based ensemble framework for climate change monitoring and forecasting of disasters,201,Neoplasms,True,,,,,False,False,No annotation with this attribute found: reverting to default,,0.00,0.00,2026-09-09_10-01-17_pruned_taxonomy_topdown_sol
58762,8949736c-3dbd-485e-8d8e-f22548c9f996,An IoT-based ensemble framework for climate change monitoring and forecasting of disasters,118,1.3. Non-communicable mortality,True,,,,,False,False,No annotation with this attribute found: reverting to default,,0.00,0.00,2026-09-09_10-01-17_pruned_taxonomy_topdown_sol
58762,8949736c-3dbd-485e-8d8e-f22548c9f996,An IoT-based ensemble framework for climate change monitoring and forecasting of disasters,138,Respiratory infections and tuberculosis,True,,,,,False,False,No annotation with this attribute found: reverting to default,,0.00,0.00,2026-09-09_10-01-17_pruned_taxonomy_topdown_sol
58762,8949736c-3dbd-485e-8d8e-f22548c9f996,An IoT-based ensemble framework for climate change monitoring and forecasting of disasters,116,1.1. Total / all-cause mortality (Outcome),True,,,,,False,False,No annotation with this attribute found: reverting to default,,0.00,0.00,2026-09-09_10-01-17_pruned_taxonomy_topdown_sol
58762,8949736c-3dbd-485e-8d8e-f22548c9f996,An IoT-based ensemble framework for climate change monitoring and forecasting of disasters,204,Skin and subcutaneous diseases,True,,,,,False,False,No annotation with this attribute found: reverting to default,,0.00,0.00,2026-09-09_10-01-17_pruned_taxonomy_topdown_sol
58762,8949736c-3dbd-485e-8d8e-f22548c9f996,An IoT-based ensemble framework for climate change monitoring and forecasting of disasters,197,Diabetes and kidney diseases,True,,,,,False,False,No annotation with this attribute found: reverting to default,,0.00,0.00,2026-09-09_10-01-17_pruned_taxonomy_topdown_sol
58762,8949736c-3dbd-485e-8d8e-f22548c9f996,An IoT-based ensemble framework for climate change monitoring and forecasting of disasters,198,Digestive diseases,True,,,,,False,False,No annotation with this attribute found: reverting to default,,0.00,0.00,2026-09-09_10-01-17_pruned_taxonomy_topdown_sol
58762,8949736c-3dbd-485e-8d8e-f22548c9f996,An IoT-based ensemble framework for climate change monitoring and forecasting of disasters,137,Nutritional deficiencies,True,,,,,False,False,No annotation with this attribute found: reverting to default,,0.00,0.00,2026-09-09_10-01-17_pruned_taxonomy_topdown_sol
58762,8949736c-3dbd-485e-8d8e-f22548c9f996,An IoT-based ensemble framework for climate change monitoring and forecasting of disasters,134,HIV/AIDS and sexually transmitted infections,True,,,,,False,False,No annotation with this attribute found: reverting to default,,0.00,0.00,2026-09-09_10-01-17_pruned_taxonomy_topdown_sol
58762,8949736c-3dbd-485e-8d8e-f22548c9f996,An IoT-based ensemble framework for climate change monitoring and forecasting of disasters,203,Sense organ diseases,True,,,,,False,False,No annotation with this attribute found: reverting to default,,0.00,0.00,2026-09-09_10-01-17_pruned_taxonomy_topdown_sol
58762,8949736c-3dbd-485e-8d8e-f22548c9f996,An IoT-based ensemble framework for climate change monitoring and forecasting of disasters,195,Cardiovascular diseases,True,,,,,False,False,No annotation with this attribute found: reverting to default,,0.00,0.00,2026-09-09_10-01-17_pruned_taxonomy_topdown_sol
58762,8949736c-3dbd-485e-8d8e-f22548c9f996,An IoT-based ensemble framework for climate change monitoring and forecasting of disasters,289,Transport injuries,True,,,,,False,False,No annotation with this attribute found: reverting to default,,0.00,0.00,2026-09-09_10-01-17_pruned_taxonomy_topdown_sol
58762,8949736c-3dbd-485e-8d8e-f22548c9f996,An IoT-based ensemble framework for climate change monitoring and forecasting of disasters,113,"2. Communicable, maternal, neonatal, and nutritional diseases",True,,,,,False,False,"The study focuses on environmental monitoring and disaster prediction, not communicable, maternal, neonatal, or nutritional diseases.",,0.00,0.00,2026-09-09_10-01-17_pruned_taxonomy_topdown_sol
58762,8949736c-3dbd-485e-8d8e-f22548c9f996,An IoT-based ensemble framework for climate change monitoring and forecasting of disasters,139,Z_Other infectious diseases,True,,,,,False,False,No annotation with this attribute found: reverting to default,,0.00,0.00,2026-09-09_10-01-17_pruned_taxonomy_topdown_sol
58762,8949736c-3dbd-485e-8d8e-f22548c9f996,An IoT-based ensemble framework for climate change monitoring and forecasting of disasters,135,Maternal and neonatal disorders,True,,,,,False,False,No annotation with this attribute found: reverting to default,,0.00,0.00,2026-09-09_10-01-17_pruned_taxonomy_topdown_sol
58762,8949736c-3dbd-485e-8d8e-f22548c9f996,An IoT-based ensemble framework for climate change monitoring and forecasting of disasters,202,Neurological disorders,True,,,,,False,False,No annotation with this attribute found: reverting to default,,0.00,0.00,2026-09-09_10-01-17_pruned_taxonomy_topdown_sol
58762,8949736c-3dbd-485e-8d8e-f22548c9f996,An IoT-based ensemble framework for climate change monitoring and forecasting of disasters,288,Self-harm and interpersonal violence,True,,,,,False,False,No annotation with this attribute found: reverting to default,,0.00,0.00,2026-09-09_10-01-17_pruned_taxonomy_topdown_sol
58762,8949736c-3dbd-485e-8d8e-f22548c9f996,An IoT-based ensemble framework for climate change monitoring and forecasting of disasters,206,Z_Other non-communicable diseases,True,,,,,False,False,No annotation with this attribute found: reverting to default,,0.00,0.00,2026-09-09_10-01-17_pruned_taxonomy_topdown_sol
58762,8949736c-3dbd-485e-8d8e-f22548c9f996,An IoT-based ensemble framework for climate change monitoring and forecasting of disasters,200,Musculoskeletal disorders,True,,,,,False,False,No annotation with this attribute found: reverting to default,,0.00,0.00,2026-09-09_10-01-17_pruned_taxonomy_topdown_sol
58762,8949736c-3dbd-485e-8d8e-f22548c9f996,An IoT-based ensemble framework for climate change monitoring and forecasting of disasters,133,Enteric infections,True,,,,,False,False,No annotation with this attribute found: reverting to default,,0.00,0.00,2026-09-09_10-01-17_pruned_taxonomy_topdown_sol
58762,8949736c-3dbd-485e-8d8e-f22548c9f996,An IoT-based ensemble framework for climate change monitoring and forecasting of disasters,114,3. Non-communicable diseases,True,,,,,False,False,No chronic or non-infectious disease is studied as an outcome or focus.,,0.00,0.00,2026-09-09_10-01-17_pruned_taxonomy_topdown_sol
58762,8949736c-3dbd-485e-8d8e-f22548c9f996,An IoT-based ensemble framework for climate change monitoring and forecasting of disasters,112,1. Mortality (Outcome),True,,,,,False,False,"Although saving lives is mentioned as motivation, mortality is not measured, classified, or analyzed as a health outcome.",,0.00,0.00,2026-09-09_10-01-17_pruned_taxonomy_topdown_sol
58762,8949736c-3dbd-485e-8d8e-f22548c9f996,An IoT-based ensemble framework for climate change monitoring and forecasting of disasters,115,4. Injuries,True,,,,,False,False,The framework predicts disaster risk but does not study bodily injury or injury burden resulting from disasters or other external causes.,,0.00,0.00,2026-09-09_10-01-17_pruned_taxonomy_topdown_sol
58762,8949736c-3dbd-485e-8d8e-f22548c9f996,An IoT-based ensemble framework for climate change monitoring and forecasting of disasters,199,Mental disorders,True,,,,,False,False,No annotation with this attribute found: reverting to default,,0.00,0.00,2026-09-09_10-01-17_pruned_taxonomy_topdown_sol
58762,8949736c-3dbd-485e-8d8e-f22548c9f996,An IoT-based ensemble framework for climate change monitoring and forecasting of disasters,205,Substance use disorders,True,,,,,False,False,No annotation with this attribute found: reverting to default,,0.00,0.00,2026-09-09_10-01-17_pruned_taxonomy_topdown_sol
58762,8949736c-3dbd-485e-8d8e-f22548c9f996,An IoT-based ensemble framework for climate change monitoring and forecasting of disasters,136,Neglected tropical diseases and malaria,True,,,,,False,False,No annotation with this attribute found: reverting to default,,0.00,0.00,2026-09-09_10-01-17_pruned_taxonomy_topdown_sol
58762,8949736c-3dbd-485e-8d8e-f22548c9f996,An IoT-based ensemble framework for climate change monitoring and forecasting of disasters,290,Unintentional injuries,True,,,,,False,False,No annotation with this attribute found: reverting to default,,0.00,0.00,2026-09-09_10-01-17_pruned_taxonomy_topdown_sol
97493682,8ca7142f-f997-4e71-9bef-3002095ec030,A Systematic Literature Review of the Contribution of Past Climate Information Services Pilot Projects in Climate Risk Management,38,Oil,True,,,,,False,False,"The review concerns climate information services and climate-risk management for African smallholder farmers, not petroleum or oil use.",,0.00,0.00,2026-09-09_10-01-17_pruned_taxonomy_topdown_sol
97493682,8ca7142f-f997-4e71-9bef-3002095ec030,A Systematic Literature Review of the Contribution of Past Climate Information Services Pilot Projects in Climate Risk Management,36,Coal,True,,,,,False,False,"Coal is not a subject, exposure, energy source, or intervention discussed in the study.",,0.00,0.00,2026-09-09_10-01-17_pruned_taxonomy_topdown_sol
97493682,8ca7142f-f997-4e71-9bef-3002095ec030,A Systematic Literature Review of the Contribution of Past Climate Information Services Pilot Projects in Climate Risk Management,37,Natural gas,True,,,,,False,False,Natural gas or methane-based fossil fuel use is not discussed.,,0.00,0.00,2026-09-09_10-01-17_pruned_taxonomy_topdown_sol
97493682,8ca7142f-f997-4e71-9bef-3002095ec030,A Systematic Literature Review of the Contribution of Past Climate Information Services Pilot Projects in Climate Risk Management,35,(Unspecified) fossil fuels,True,,,,,False,False,The study does not address fossil-fuel use or combustion in general; it focuses on climate information services for farm-level decision-making.,,0.00,0.00,2026-09-09_10-01-17_pruned_taxonomy_topdown_sol
97493682,8ca7142f-f997-4e71-9bef-3002095ec030,A Systematic Literature Review of the Contribution of Past Climate Information Services Pilot Projects in Climate Risk Management,21,Nitrous oxide (N₂O),True,,,,,False,False,"The review concerns climate information services for smallholder farmers, not nitrous oxide emissions.",,0.00,0.00,2026-09-09_10-01-17_pruned_taxonomy_topdown_sol
97493682,8ca7142f-f997-4e71-9bef-3002095ec030,A Systematic Literature Review of the Contribution of Past Climate Information Services Pilot Projects in Climate Risk Management,17,(Unspecified) greenhouse gases,True,,,,,False,False,Greenhouse gases as a collective category are not a subject of the review.,,0.00,0.00,2026-09-09_10-01-17_pruned_taxonomy_topdown_sol
97493682,8ca7142f-f997-4e71-9bef-3002095ec030,A Systematic Literature Review of the Contribution of Past Climate Information Services Pilot Projects in Climate Risk Management,24,Tropospheric ozone (O₃),True,,,,,False,False,Ground-level ozone and its health or climate effects are not discussed.,,0.00,0.00,2026-09-09_10-01-17_pruned_taxonomy_topdown_sol
97493682,8ca7142f-f997-4e71-9bef-3002095ec030,A Systematic Literature Review of the Contribution of Past Climate Information Services Pilot Projects in Climate Risk Management,18,Carbon dioxide (CO₂),True,,,,,False,False,Carbon dioxide emissions or impacts are not addressed.,,0.00,0.00,2026-09-09_10-01-17_pruned_taxonomy_topdown_sol
97493682,8ca7142f-f997-4e71-9bef-3002095ec030,A Systematic Literature Review of the Contribution of Past Climate Information Services Pilot Projects in Climate Risk Management,23,Particulate matter (PM10) / fine particulate matter (PM2.5) / black/organic carbon / sulfate/nitrate aerosols,True,,,,,False,False,Particulate matter and associated health effects are not addressed.,,0.00,0.00,2026-09-09_10-01-17_pruned_taxonomy_topdown_sol
97493682,8ca7142f-f997-4e71-9bef-3002095ec030,A Systematic Literature Review of the Contribution of Past Climate Information Services Pilot Projects in Climate Risk Management,20,Methane (CH₄),True,,,,,False,False,"Methane emissions are not a subject of the study, despite its agricultural setting.",,0.00,0.00,2026-09-09_10-01-17_pruned_taxonomy_topdown_sol
97493682,8ca7142f-f997-4e71-9bef-3002095ec030,A Systematic Literature Review of the Contribution of Past Climate Information Services Pilot Projects in Climate Risk Management,22,Ozone-depleting substances / chlorofluorocarbons / hydrochlorofluorocarbons / halons / carbon tetrachloride / methyl chloroform,True,,,,,False,False,Ozone-depleting substances are not discussed.,,0.00,0.00,2026-09-09_10-01-17_pruned_taxonomy_topdown_sol
97493682,8ca7142f-f997-4e71-9bef-3002095ec030,A Systematic Literature Review of the Contribution of Past Climate Information Services Pilot Projects in Climate Risk Management,19,Fluorinated gases / hydrofluorocarbons / perfluorocarbons / sulfur hexafluoride / nitrogen trifluoride,True,,,,,False,False,Synthetic fluorinated greenhouse gases are not discussed.,,0.00,0.00,2026-09-09_10-01-17_pruned_taxonomy_topdown_sol
97493682,8ca7142f-f997-4e71-9bef-3002095ec030,A Systematic Literature Review of the Contribution of Past Climate Information Services Pilot Projects in Climate Risk Management,29,Extreme snow/ice events,True,,,,,False,False,"The review does not discuss severe snow, ice, blizzards, freezing rain, or ice storms.",,0.00,0.00,2026-09-09_10-01-17_pruned_taxonomy_topdown_sol
97493682,8ca7142f-f997-4e71-9bef-3002095ec030,A Systematic Literature Review of the Contribution of Past Climate Information Services Pilot Projects in Climate Risk Management,34,Z_(Unspecified) extreme weather events,True,,,,,False,False,"Although climate risk management is discussed generally, the study does not specifically focus on unidentified extreme weather events or climate extremes.",,0.00,0.00,2026-09-09_10-01-17_pruned_taxonomy_topdown_sol
97493682,8ca7142f-f997-4e71-9bef-3002095ec030,A Systematic Literature Review of the Contribution of Past Climate Information Services Pilot Projects in Climate Risk Management,28,Extreme precipitation,True,,,,,False,False,The review does not identify extreme precipitation as an exposure or subject.,,0.00,0.00,2026-09-09_10-01-17_pruned_taxonomy_topdown_sol
97493682,8ca7142f-f997-4e71-9bef-3002095ec030,A Systematic Literature Review of the Contribution of Past Climate Information Services Pilot Projects in Climate Risk Management,25,Droughts,True,,,,,False,False,Drought or prolonged water deficit is not specifically discussed.,,0.00,0.00,2026-09-09_10-01-17_pruned_taxonomy_topdown_sol
97493682,8ca7142f-f997-4e71-9bef-3002095ec030,A Systematic Literature Review of the Contribution of Past Climate Information Services Pilot Projects in Climate Risk Management,26,Extreme cold,True,,,,,False,False,The review does not concern cold spells or abnormally low temperatures.,,0.00,0.00,2026-09-09_10-01-17_pruned_taxonomy_topdown_sol
97493682,8ca7142f-f997-4e71-9bef-3002095ec030,A Systematic Literature Review of the Contribution of Past Climate Information Services Pilot Projects in Climate Risk Management,32,Storms and severe wind,True,,,,,False,False,"Tropical cyclones, severe thunderstorms, hailstorms, and other intense storms are not identified as study subjects.",,0.00,0.00,2026-09-09_10-01-17_pruned_taxonomy_topdown_sol
97493682,8ca7142f-f997-4e71-9bef-3002095ec030,A Systematic Literature Review of the Contribution of Past Climate Information Services Pilot Projects in Climate Risk Management,27,Extreme heat,True,,,,,False,False,Extreme heat or heatwaves are not specifically discussed.,,0.00,0.00,2026-09-09_10-01-17_pruned_taxonomy_topdown_sol
97493682,8ca7142f-f997-4e71-9bef-3002095ec030,A Systematic Literature Review of the Contribution of Past Climate Information Services Pilot Projects in Climate Risk Management,31,Sand and dust storms,True,,,,,False,False,Sand and dust storms are not discussed.,,0.00,0.00,2026-09-09_10-01-17_pruned_taxonomy_topdown_sol
97493682,8ca7142f-f997-4e71-9bef-3002095ec030,A Systematic Literature Review of the Contribution of Past Climate Information Services Pilot Projects in Climate Risk Management,33,Wildfires,True,,,,,False,False,Wildfires or their smoke-related impacts are not discussed.,,0.00,0.00,2026-09-09_10-01-17_pruned_taxonomy_topdown_sol
97493682,8ca7142f-f997-4e71-9bef-3002095ec030,A Systematic Literature Review of the Contribution of Past Climate Information Services Pilot Projects in Climate Risk Management,30,Floods,True,,,,,False,False,Flooding is not identified as an exposure or focus of the review.,,0.00,0.00,2026-09-09_10-01-17_pruned_taxonomy_topdown_sol
97493682,8ca7142f-f997-4e71-9bef-3002095ec030,A Systematic Literature Review of the Contribution of Past Climate Information Services Pilot Projects in Climate Risk Management,490,Maladaptation,True,,,,,False,False,"The review describes successful climate-information interventions and transferable good practices; it does not report that these actions increased vulnerability, reduced adaptive capacity, or created new risks.",,0.00,0.00,2026-09-09_10-01-17_pruned_taxonomy_topdown_sol
97493682,8ca7142f-f997-4e71-9bef-3002095ec030,A Systematic Literature Review of the Contribution of Past Climate Information Services Pilot Projects in Climate Risk Management,487,Adaptation,True,,,,,True,True,"The study reviews climate information services that help vulnerable smallholder farmers manage climate risks and make farm-level decisions, constituting agricultural adaptation and resilience-building.",this review sought to understand ways in which these past pilot projects have contributed to climate risk management in the context of smallholder farming,0.00,100.00,2026-09-09_10-01-17_pruned_taxonomy_topdown_sol
97493682,8ca7142f-f997-4e71-9bef-3002095ec030,A Systematic Literature Review of the Contribution of Past Climate Information Services Pilot Projects in Climate Risk Management,496,Co-Benefits,True,,,,,False,False,No annotation with this attribute found: reverting to default,,0.00,0.00,2026-09-09_10-01-17_pruned_taxonomy_topdown_sol
97493682,8ca7142f-f997-4e71-9bef-3002095ec030,A Systematic Literature Review of the Contribution of Past Climate Information Services Pilot Projects in Climate Risk Management,488,Impact,True,,,,,False,False,"Although climate risk motivates the initiatives, the review focuses on the implementation, adoption, and success of climate information services rather than characterizing or measuring the effects of climate variables or extreme events on health, farming, or society.",,0.00,0.00,2026-09-09_10-01-17_pruned_taxonomy_topdown_sol
97493682,8ca7142f-f997-4e71-9bef-3002095ec030,A Systematic Literature Review of the Contribution of Past Climate Information Services Pilot Projects in Climate Risk Management,495,Loss and damage,True,,,,,False,False,No annotation with this attribute found: reverting to default,,0.00,0.00,2026-09-09_10-01-17_pruned_taxonomy_topdown_sol
97493682,8ca7142f-f997-4e71-9bef-3002095ec030,A Systematic Literature Review of the Contribution of Past Climate Information Services Pilot Projects in Climate Risk Management,493,Attribution,True,,,,,False,False,No annotation with this attribute found: reverting to default,,0.00,0.00,2026-09-09_10-01-17_pruned_taxonomy_topdown_sol
97493682,8ca7142f-f997-4e71-9bef-3002095ec030,A Systematic Literature Review of the Contribution of Past Climate Information Services Pilot Projects in Climate Risk Management,489,Mitigation,True,,,,,False,False,"The study does not concern greenhouse-gas emissions, fossil fuels, emission-related harms, or strategies to reduce emissions.",,0.00,0.00,2026-09-09_10-01-17_pruned_taxonomy_topdown_sol
97493682,8ca7142f-f997-4e71-9bef-3002095ec030,A Systematic Literature Review of the Contribution of Past Climate Information Services Pilot Projects in Climate Risk Management,492,Resilience,True,,,,,True,True,"The climate information services strengthen vulnerable smallholder farmers’ capacity to manage climate risks and make adaptive farm-level decisions, which constitutes resilience-building.",these past pilot projects have contributed to climate risk management in the context of smallholder farming,0.00,100.00,2026-09-09_10-01-17_pruned_taxonomy_topdown_sol
97493682,8ca7142f-f997-4e71-9bef-3002095ec030,A Systematic Literature Review of the Contribution of Past Climate Information Services Pilot Projects in Climate Risk Management,491,Preparedness,True,,,,,False,True,"Climate information, pre-seasonal workshops, and improved farm-level decision-making enable farmers and institutions to plan in advance for climate-related risks, fitting preparedness.",embedding pre-seasonal workshops in the activities of local institutions for sustainability,0.00,100.00,2026-09-09_10-01-17_pruned_taxonomy_topdown_sol
97493682,8ca7142f-f997-4e71-9bef-3002095ec030,A Systematic Literature Review of the Contribution of Past Climate Information Services Pilot Projects in Climate Risk Management,494,Future impact,True,,,,,False,False,No annotation with this attribute found: reverting to default,,0.00,0.00,2026-09-09_10-01-17_pruned_taxonomy_topdown_sol
97493682,8ca7142f-f997-4e71-9bef-3002095ec030,A Systematic Literature Review of the Contribution of Past Climate Information Services Pilot Projects in Climate Risk Management,14,Changes in temperature,True,,,,,False,False,"The study does not examine temperature trends or temperature-related health, ecosystem, or societal effects.",,0.00,0.00,2026-09-09_10-01-17_pruned_taxonomy_topdown_sol
97493682,8ca7142f-f997-4e71-9bef-3002095ec030,A Systematic Literature Review of the Contribution of Past Climate Information Services Pilot Projects in Climate Risk Management,9,Changes in humidity,True,,,,,False,False,Atmospheric moisture or humidity shifts are not discussed.,,0.00,0.00,2026-09-09_10-01-17_pruned_taxonomy_topdown_sol
97493682,8ca7142f-f997-4e71-9bef-3002095ec030,A Systematic Literature Review of the Contribution of Past Climate Information Services Pilot Projects in Climate Risk Management,6,(Unspecified) changes in weather,True,,,,,False,False,"The review concerns climate information services and climate-risk management, but it does not specifically study broadly defined changes in weather patterns.",,0.00,0.00,2026-09-09_10-01-17_pruned_taxonomy_topdown_sol
97493682,8ca7142f-f997-4e71-9bef-3002095ec030,A Systematic Literature Review of the Contribution of Past Climate Information Services Pilot Projects in Climate Risk Management,13,Changes in season length,True,,,,,False,False,Changes in seasonal duration or timing are not addressed.,,0.00,0.00,2026-09-09_10-01-17_pruned_taxonomy_topdown_sol
97493682,8ca7142f-f997-4e71-9bef-3002095ec030,A Systematic Literature Review of the Contribution of Past Climate Information Services Pilot Projects in Climate Risk Management,8,Changes in glacier / snow melt,True,,,,,False,False,Glacier or snowpack melting is not a subject of the review.,,0.00,0.00,2026-09-09_10-01-17_pruned_taxonomy_topdown_sol
97493682,8ca7142f-f997-4e71-9bef-3002095ec030,A Systematic Literature Review of the Contribution of Past Climate Information Services Pilot Projects in Climate Risk Management,15,Changes in wind speed,True,,,,,False,False,The study does not discuss changes in wind patterns or velocity.,,0.00,0.00,2026-09-09_10-01-17_pruned_taxonomy_topdown_sol
97493682,8ca7142f-f997-4e71-9bef-3002095ec030,A Systematic Literature Review of the Contribution of Past Climate Information Services Pilot Projects in Climate Risk Management,10,Changes in inland water bodies,True,,,,,False,False,"No climate-driven changes in freshwater availability, lake or river levels, or hydrological patterns are examined.",,0.00,0.00,2026-09-09_10-01-17_pruned_taxonomy_topdown_sol
97493682,8ca7142f-f997-4e71-9bef-3002095ec030,A Systematic Literature Review of the Contribution of Past Climate Information Services Pilot Projects in Climate Risk Management,11,Changes in precipitation,True,,,,,False,False,"Changes in rainfall or snowfall amount, timing, or intensity are not identified as a study focus.",,0.00,0.00,2026-09-09_10-01-17_pruned_taxonomy_topdown_sol
97493682,8ca7142f-f997-4e71-9bef-3002095ec030,A Systematic Literature Review of the Contribution of Past Climate Information Services Pilot Projects in Climate Risk Management,16,Climate variability,True,,,,,False,False,"Although climate-risk management is central, the abstract does not specifically examine temporal fluctuations in climate conditions or climate variability as an exposure.",,0.00,0.00,2026-09-09_10-01-17_pruned_taxonomy_topdown_sol
97493682,8ca7142f-f997-4e71-9bef-3002095ec030,A Systematic Literature Review of the Contribution of Past Climate Information Services Pilot Projects in Climate Risk Management,7,(Unspecified) climate change,True,,,,,True,False,"The review focuses on the adoption and implementation of climate information services rather than climate change itself as a general, unspecified driver.",,0.00,0.00,2026-09-09_10-01-17_pruned_taxonomy_topdown_sol
97493682,8ca7142f-f997-4e71-9bef-3002095ec030,A Systematic Literature Review of the Contribution of Past Climate Information Services Pilot Projects in Climate Risk Management,12,Changes in sea level,True,,,,,False,False,Sea-level rise and its impacts are not discussed.,,0.00,0.00,2026-09-09_10-01-17_pruned_taxonomy_topdown_sol
97493682,8ca7142f-f997-4e71-9bef-3002095ec030,A Systematic Literature Review of the Contribution of Past Climate Information Services Pilot Projects in Climate Risk Management,474,"Agriculture, fishing, and forestry (Sector)",True,,,,,True,True,"The study centrally concerns climate-information services and farm-level decision-making among vulnerable smallholder farmers, so the agriculture sector applies.",climate risk management in the context of smallholder farming,0.00,100.00,2026-09-09_10-01-17_pruned_taxonomy_topdown_sol
97493682,8ca7142f-f997-4e71-9bef-3002095ec030,A Systematic Literature Review of the Contribution of Past Climate Information Services Pilot Projects in Climate Risk Management,482,Military (Sector),True,,,,,False,False,"The study does not examine armed forces, defense capabilities, military operations, or military infrastructure.",,0.00,0.00,2026-09-09_10-01-17_pruned_taxonomy_topdown_sol
97493682,8ca7142f-f997-4e71-9bef-3002095ec030,A Systematic Literature Review of the Contribution of Past Climate Information Services Pilot Projects in Climate Risk Management,479,Healthcare (Sector),True,,,,,False,False,"Medical care, public health services, and health infrastructure are not subjects of the review.",,0.00,0.00,2026-09-09_10-01-17_pruned_taxonomy_topdown_sol
97493682,8ca7142f-f997-4e71-9bef-3002095ec030,A Systematic Literature Review of the Contribution of Past Climate Information Services Pilot Projects in Climate Risk Management,477,Energy and extractives (Sector),True,,,,,False,False,"The study does not concern electricity, fuels, renewable energy, or resource extraction.",,0.00,0.00,2026-09-09_10-01-17_pruned_taxonomy_topdown_sol
97493682,8ca7142f-f997-4e71-9bef-3002095ec030,A Systematic Literature Review of the Contribution of Past Climate Information Services Pilot Projects in Climate Risk Management,484,Social protection (Sector),True,,,,,False,False,"Although the farmers are described as vulnerable, the study does not examine welfare services, social safety nets, or social-protection systems.",,0.00,0.00,2026-09-09_10-01-17_pruned_taxonomy_topdown_sol
97493682,8ca7142f-f997-4e71-9bef-3002095ec030,A Systematic Literature Review of the Contribution of Past Climate Information Services Pilot Projects in Climate Risk Management,475,Buildings / housing (Sector),True,,,,,False,False,"Housing, buildings, and construction are not addressed.",,0.00,0.00,2026-09-09_10-01-17_pruned_taxonomy_topdown_sol
97493682,8ca7142f-f997-4e71-9bef-3002095ec030,A Systematic Literature Review of the Contribution of Past Climate Information Services Pilot Projects in Climate Risk Management,485,Transportation (Sector),True,,,,,False,False,"Transport infrastructure, vehicles, and logistics operations are not subjects of the study.",,0.00,0.00,2026-09-09_10-01-17_pruned_taxonomy_topdown_sol
97493682,8ca7142f-f997-4e71-9bef-3002095ec030,A Systematic Literature Review of the Contribution of Past Climate Information Services Pilot Projects in Climate Risk Management,481,Information and communications technologies (Sector),True,,,,,False,True,"The review substantially examines the communication and delivery of climate-information services, including communication channels used to reach farmers, making information and communications systems relevant.",using diversity of communication channels to enhance reach,0.00,100.00,2026-09-09_10-01-17_pruned_taxonomy_topdown_sol
97493682,8ca7142f-f997-4e71-9bef-3002095ec030,A Systematic Literature Review of the Contribution of Past Climate Information Services Pilot Projects in Climate Risk Management,486,"Water, sanitation, and waste management (Sector)",True,,,,,False,False,"The study does not focus on water supply, sewage treatment, or solid-waste management.",,0.00,0.00,2026-09-09_10-01-17_pruned_taxonomy_topdown_sol
97493682,8ca7142f-f997-4e71-9bef-3002095ec030,A Systematic Literature Review of the Contribution of Past Climate Information Services Pilot Projects in Climate Risk Management,478,Finance (Sector),True,,,,,False,False,"The reference to investments only describes the scale of pilot initiatives; banking, insurance, investment services, and finance mechanisms are not examined as a sector.",,0.00,0.00,2026-09-09_10-01-17_pruned_taxonomy_topdown_sol
97493682,8ca7142f-f997-4e71-9bef-3002095ec030,A Systematic Literature Review of the Contribution of Past Climate Information Services Pilot Projects in Climate Risk Management,480,"Industry, trade, and services (Sector)",True,,,,,False,False,"Manufacturing, retail, wholesale trade, and commercial services are not substantive subjects of the review.",,0.00,0.00,2026-09-09_10-01-17_pruned_taxonomy_topdown_sol
97493682,8ca7142f-f997-4e71-9bef-3002095ec030,A Systematic Literature Review of the Contribution of Past Climate Information Services Pilot Projects in Climate Risk Management,476,Education (Sector),True,,,,,False,False,"Awareness activities and pre-seasonal workshops support uptake of climate services, but the study is not about schools, universities, vocational institutions, or the education sector itself.",,0.00,0.00,2026-09-09_10-01-17_pruned_taxonomy_topdown_sol
97493682,8ca7142f-f997-4e71-9bef-3002095ec030,A Systematic Literature Review of the Contribution of Past Climate Information Services Pilot Projects in Climate Risk Management,483,Public administration (Sector),True,,,,,False,False,"Local institutions and institutional partnerships are mentioned, but the operations, services, or workforce of public administration are not the sector under examination.",,0.00,0.00,2026-09-09_10-01-17_pruned_taxonomy_topdown_sol
97493682,8ca7142f-f997-4e71-9bef-3002095ec030,A Systematic Literature Review of the Contribution of Past Climate Information Services Pilot Projects in Climate Risk Management,392,Mixed-methods,True,,,,,False,False,No annotation with this attribute found: reverting to default,,0.00,0.00,2026-09-09_10-01-17_pruned_taxonomy_topdown_sol
97493682,8ca7142f-f997-4e71-9bef-3002095ec030,A Systematic Literature Review of the Contribution of Past Climate Information Services Pilot Projects in Climate Risk Management,394,Observational / group comparison designs,True,,,,,False,False,No annotation with this attribute found: reverting to default,,0.00,0.00,2026-09-09_10-01-17_pruned_taxonomy_topdown_sol
97493682,8ca7142f-f997-4e71-9bef-3002095ec030,A Systematic Literature Review of the Contribution of Past Climate Information Services Pilot Projects in Climate Risk Management,393,Modelling / simulation,True,,,,,False,False,No annotation with this attribute found: reverting to default,,0.00,0.00,2026-09-09_10-01-17_pruned_taxonomy_topdown_sol
97493682,8ca7142f-f997-4e71-9bef-3002095ec030,A Systematic Literature Review of the Contribution of Past Climate Information Services Pilot Projects in Climate Risk Management,390,(Quasi-)Experimental / single-group designs,True,,,,,False,False,No annotation with this attribute found: reverting to default,,0.00,0.00,2026-09-09_10-01-17_pruned_taxonomy_topdown_sol
97493682,8ca7142f-f997-4e71-9bef-3002095ec030,A Systematic Literature Review of the Contribution of Past Climate Information Services Pilot Projects in Climate Risk Management,429,Narrative review,True,,,,,False,False,"The study explicitly uses a systematic literature review approach rather than a non-systematic, expert-driven narrative review.",,0.00,0.00,2026-09-09_10-01-17_pruned_taxonomy_topdown_sol
97493682,8ca7142f-f997-4e71-9bef-3002095ec030,A Systematic Literature Review of the Contribution of Past Climate Information Services Pilot Projects in Climate Risk Management,396,Qualitative designs,True,,,,,False,False,No annotation with this attribute found: reverting to default,,0.00,0.00,2026-09-09_10-01-17_pruned_taxonomy_topdown_sol
97493682,8ca7142f-f997-4e71-9bef-3002095ec030,A Systematic Literature Review of the Contribution of Past Climate Information Services Pilot Projects in Climate Risk Management,388,2. Evidence synthesis,True,,,,,True,True,The study is explicitly a systematic literature review that synthesizes evidence from prior pilot projects.,"Through a systematic literature review approach, this review sought to understand ways in which these past pilot projects have contributed to climate risk management in the context of smallholder farming and the factors that led to their success.",0.00,100.00,2026-09-09_10-01-17_pruned_taxonomy_topdown_sol
97493682,8ca7142f-f997-4e71-9bef-3002095ec030,A Systematic Literature Review of the Contribution of Past Climate Information Services Pilot Projects in Climate Risk Management,391,Descriptive / single-group designs,True,,,,,False,False,No annotation with this attribute found: reverting to default,,0.00,0.00,2026-09-09_10-01-17_pruned_taxonomy_topdown_sol
97493682,8ca7142f-f997-4e71-9bef-3002095ec030,A Systematic Literature Review of the Contribution of Past Climate Information Services Pilot Projects in Climate Risk Management,427,Health technology assessment (HTA),True,,,,,False,False,"The study reviews agricultural climate information service pilot projects, but it is not a comprehensive health technology assessment covering clinical, economic, ethical, and organisational dimensions.",,0.00,0.00,2026-09-09_10-01-17_pruned_taxonomy_topdown_sol
97493682,8ca7142f-f997-4e71-9bef-3002095ec030,A Systematic Literature Review of the Contribution of Past Climate Information Services Pilot Projects in Climate Risk Management,395,Observational / single-group designs,True,,,,,False,False,No annotation with this attribute found: reverting to default,,0.00,0.00,2026-09-09_10-01-17_pruned_taxonomy_topdown_sol
97493682,8ca7142f-f997-4e71-9bef-3002095ec030,A Systematic Literature Review of the Contribution of Past Climate Information Services Pilot Projects in Climate Risk Management,426,Guideline (clinical or public health),True,,,,,False,False,"Although the review identifies transferable good practices, it is not a formally developed clinical or public health guideline containing evidence-based recommendations.",,0.00,0.00,2026-09-09_10-01-17_pruned_taxonomy_topdown_sol
97493682,8ca7142f-f997-4e71-9bef-3002095ec030,A Systematic Literature Review of the Contribution of Past Climate Information Services Pilot Projects in Climate Risk Management,387,1. Primary research,True,,,,,False,False,The study reviews existing literature rather than collecting and analyzing new primary data.,Through a systematic literature review approach,0.00,100.00,2026-09-09_10-01-17_pruned_taxonomy_topdown_sol
97493682,8ca7142f-f997-4e71-9bef-3002095ec030,A Systematic Literature Review of the Contribution of Past Climate Information Services Pilot Projects in Climate Risk Management,430,Systematic reviews,True,,,,,True,True,The article explicitly identifies itself as a systematic literature review that synthesises evidence about pilot projects and their success factors.,"Through a systematic literature review approach, this review sought to understand ways in which these past pilot projects have contributed to climate risk management in the context of smallholder farming and the factors that led to their success.",0.00,100.00,2026-09-09_10-01-17_pruned_taxonomy_topdown_sol
97493682,8ca7142f-f997-4e71-9bef-3002095ec030,A Systematic Literature Review of the Contribution of Past Climate Information Services Pilot Projects in Climate Risk Management,397,Z_Other study design,True,,,,,False,False,No annotation with this attribute found: reverting to default,,0.00,0.00,2026-09-09_10-01-17_pruned_taxonomy_topdown_sol
97493682,8ca7142f-f997-4e71-9bef-3002095ec030,A Systematic Literature Review of the Contribution of Past Climate Information Services Pilot Projects in Climate Risk Management,389,(Quasi-)Experimental / group comparison designs,True,,,,,False,False,No annotation with this attribute found: reverting to default,,0.00,0.00,2026-09-09_10-01-17_pruned_taxonomy_topdown_sol
97493682,8ca7142f-f997-4e71-9bef-3002095ec030,A Systematic Literature Review of the Contribution of Past Climate Information Services Pilot Projects in Climate Risk Management,431,Z_Other evidence synthesis type,True,,,,,False,False,"The study is captured by the systematic review category, so it is not an otherwise uncategorised evidence synthesis.",,0.00,0.00,2026-09-09_10-01-17_pruned_taxonomy_topdown_sol
97493682,8ca7142f-f997-4e71-9bef-3002095ec030,A Systematic Literature Review of the Contribution of Past Climate Information Services Pilot Projects in Climate Risk Management,428,Meta-analysis (unsystematic),True,,,,,False,False,No advanced quantitative synthesis or meta-analysis conducted without systematic evidence-identification methods is described.,,0.00,0.00,2026-09-09_10-01-17_pruned_taxonomy_topdown_sol
97493682,8ca7142f-f997-4e71-9bef-3002095ec030,A Systematic Literature Review of the Contribution of Past Climate Information Services Pilot Projects in Climate Risk Management,117,"1.2. Communicable, maternal, neonatal, and nutritional mortality",True,,,,,False,False,No annotation with this attribute found: reverting to default,,0.00,0.00,2026-09-09_10-01-17_pruned_taxonomy_topdown_sol
97493682,8ca7142f-f997-4e71-9bef-3002095ec030,A Systematic Literature Review of the Contribution of Past Climate Information Services Pilot Projects in Climate Risk Management,196,Chronic respiratory diseases,True,,,,,False,False,No annotation with this attribute found: reverting to default,,0.00,0.00,2026-09-09_10-01-17_pruned_taxonomy_topdown_sol
97493682,8ca7142f-f997-4e71-9bef-3002095ec030,A Systematic Literature Review of the Contribution of Past Climate Information Services Pilot Projects in Climate Risk Management,201,Neoplasms,True,,,,,False,False,No annotation with this attribute found: reverting to default,,0.00,0.00,2026-09-09_10-01-17_pruned_taxonomy_topdown_sol
97493682,8ca7142f-f997-4e71-9bef-3002095ec030,A Systematic Literature Review of the Contribution of Past Climate Information Services Pilot Projects in Climate Risk Management,118,1.3. Non-communicable mortality,True,,,,,False,False,No annotation with this attribute found: reverting to default,,0.00,0.00,2026-09-09_10-01-17_pruned_taxonomy_topdown_sol
97493682,8ca7142f-f997-4e71-9bef-3002095ec030,A Systematic Literature Review of the Contribution of Past Climate Information Services Pilot Projects in Climate Risk Management,138,Respiratory infections and tuberculosis,True,,,,,False,False,No annotation with this attribute found: reverting to default,,0.00,0.00,2026-09-09_10-01-17_pruned_taxonomy_topdown_sol
97493682,8ca7142f-f997-4e71-9bef-3002095ec030,A Systematic Literature Review of the Contribution of Past Climate Information Services Pilot Projects in Climate Risk Management,116,1.1. Total / all-cause mortality (Outcome),True,,,,,False,False,No annotation with this attribute found: reverting to default,,0.00,0.00,2026-09-09_10-01-17_pruned_taxonomy_topdown_sol
97493682,8ca7142f-f997-4e71-9bef-3002095ec030,A Systematic Literature Review of the Contribution of Past Climate Information Services Pilot Projects in Climate Risk Management,204,Skin and subcutaneous diseases,True,,,,,False,False,No annotation with this attribute found: reverting to default,,0.00,0.00,2026-09-09_10-01-17_pruned_taxonomy_topdown_sol
97493682,8ca7142f-f997-4e71-9bef-3002095ec030,A Systematic Literature Review of the Contribution of Past Climate Information Services Pilot Projects in Climate Risk Management,197,Diabetes and kidney diseases,True,,,,,False,False,No annotation with this attribute found: reverting to default,,0.00,0.00,2026-09-09_10-01-17_pruned_taxonomy_topdown_sol
97493682,8ca7142f-f997-4e71-9bef-3002095ec030,A Systematic Literature Review of the Contribution of Past Climate Information Services Pilot Projects in Climate Risk Management,198,Digestive diseases,True,,,,,False,False,No annotation with this attribute found: reverting to default,,0.00,0.00,2026-09-09_10-01-17_pruned_taxonomy_topdown_sol
97493682,8ca7142f-f997-4e71-9bef-3002095ec030,A Systematic Literature Review of the Contribution of Past Climate Information Services Pilot Projects in Climate Risk Management,137,Nutritional deficiencies,True,,,,,False,False,No annotation with this attribute found: reverting to default,,0.00,0.00,2026-09-09_10-01-17_pruned_taxonomy_topdown_sol
97493682,8ca7142f-f997-4e71-9bef-3002095ec030,A Systematic Literature Review of the Contribution of Past Climate Information Services Pilot Projects in Climate Risk Management,134,HIV/AIDS and sexually transmitted infections,True,,,,,False,False,No annotation with this attribute found: reverting to default,,0.00,0.00,2026-09-09_10-01-17_pruned_taxonomy_topdown_sol
97493682,8ca7142f-f997-4e71-9bef-3002095ec030,A Systematic Literature Review of the Contribution of Past Climate Information Services Pilot Projects in Climate Risk Management,203,Sense organ diseases,True,,,,,False,False,No annotation with this attribute found: reverting to default,,0.00,0.00,2026-09-09_10-01-17_pruned_taxonomy_topdown_sol
97493682,8ca7142f-f997-4e71-9bef-3002095ec030,A Systematic Literature Review of the Contribution of Past Climate Information Services Pilot Projects in Climate Risk Management,195,Cardiovascular diseases,True,,,,,False,False,No annotation with this attribute found: reverting to default,,0.00,0.00,2026-09-09_10-01-17_pruned_taxonomy_topdown_sol
97493682,8ca7142f-f997-4e71-9bef-3002095ec030,A Systematic Literature Review of the Contribution of Past Climate Information Services Pilot Projects in Climate Risk Management,289,Transport injuries,True,,,,,False,False,No annotation with this attribute found: reverting to default,,0.00,0.00,2026-09-09_10-01-17_pruned_taxonomy_topdown_sol
97493682,8ca7142f-f997-4e71-9bef-3002095ec030,A Systematic Literature Review of the Contribution of Past Climate Information Services Pilot Projects in Climate Risk Management,113,"2. Communicable, maternal, neonatal, and nutritional diseases",True,,,,,False,False,"The review concerns climate information services and farm-level climate risk management, not communicable, maternal, neonatal, or nutritional diseases.",,0.00,0.00,2026-09-09_10-01-17_pruned_taxonomy_topdown_sol
97493682,8ca7142f-f997-4e71-9bef-3002095ec030,A Systematic Literature Review of the Contribution of Past Climate Information Services Pilot Projects in Climate Risk Management,139,Z_Other infectious diseases,True,,,,,False,False,No annotation with this attribute found: reverting to default,,0.00,0.00,2026-09-09_10-01-17_pruned_taxonomy_topdown_sol
97493682,8ca7142f-f997-4e71-9bef-3002095ec030,A Systematic Literature Review of the Contribution of Past Climate Information Services Pilot Projects in Climate Risk Management,135,Maternal and neonatal disorders,True,,,,,False,False,No annotation with this attribute found: reverting to default,,0.00,0.00,2026-09-09_10-01-17_pruned_taxonomy_topdown_sol
97493682,8ca7142f-f997-4e71-9bef-3002095ec030,A Systematic Literature Review of the Contribution of Past Climate Information Services Pilot Projects in Climate Risk Management,202,Neurological disorders,True,,,,,False,False,No annotation with this attribute found: reverting to default,,0.00,0.00,2026-09-09_10-01-17_pruned_taxonomy_topdown_sol
97493682,8ca7142f-f997-4e71-9bef-3002095ec030,A Systematic Literature Review of the Contribution of Past Climate Information Services Pilot Projects in Climate Risk Management,288,Self-harm and interpersonal violence,True,,,,,False,False,No annotation with this attribute found: reverting to default,,0.00,0.00,2026-09-09_10-01-17_pruned_taxonomy_topdown_sol
97493682,8ca7142f-f997-4e71-9bef-3002095ec030,A Systematic Literature Review of the Contribution of Past Climate Information Services Pilot Projects in Climate Risk Management,206,Z_Other non-communicable diseases,True,,,,,False,False,No annotation with this attribute found: reverting to default,,0.00,0.00,2026-09-09_10-01-17_pruned_taxonomy_topdown_sol
97493682,8ca7142f-f997-4e71-9bef-3002095ec030,A Systematic Literature Review of the Contribution of Past Climate Information Services Pilot Projects in Climate Risk Management,200,Musculoskeletal disorders,True,,,,,False,False,No annotation with this attribute found: reverting to default,,0.00,0.00,2026-09-09_10-01-17_pruned_taxonomy_topdown_sol
97493682,8ca7142f-f997-4e71-9bef-3002095ec030,A Systematic Literature Review of the Contribution of Past Climate Information Services Pilot Projects in Climate Risk Management,133,Enteric infections,True,,,,,False,False,No annotation with this attribute found: reverting to default,,0.00,0.00,2026-09-09_10-01-17_pruned_taxonomy_topdown_sol
97493682,8ca7142f-f997-4e71-9bef-3002095ec030,A Systematic Literature Review of the Contribution of Past Climate Information Services Pilot Projects in Climate Risk Management,114,3. Non-communicable diseases,True,,,,,False,False,No chronic non-infectious disease or related health outcome is a subject of the review.,,0.00,0.00,2026-09-09_10-01-17_pruned_taxonomy_topdown_sol
97493682,8ca7142f-f997-4e71-9bef-3002095ec030,A Systematic Literature Review of the Contribution of Past Climate Information Services Pilot Projects in Climate Risk Management,112,1. Mortality (Outcome),True,,,,,False,False,Mortality or death is not examined as an outcome.,,0.00,0.00,2026-09-09_10-01-17_pruned_taxonomy_topdown_sol
97493682,8ca7142f-f997-4e71-9bef-3002095ec030,A Systematic Literature Review of the Contribution of Past Climate Information Services Pilot Projects in Climate Risk Management,115,4. Injuries,True,,,,,False,False,The review does not address physical injuries or external causes of harm.,,0.00,0.00,2026-09-09_10-01-17_pruned_taxonomy_topdown_sol
97493682,8ca7142f-f997-4e71-9bef-3002095ec030,A Systematic Literature Review of the Contribution of Past Climate Information Services Pilot Projects in Climate Risk Management,199,Mental disorders,True,,,,,False,False,No annotation with this attribute found: reverting to default,,0.00,0.00,2026-09-09_10-01-17_pruned_taxonomy_topdown_sol
97493682,8ca7142f-f997-4e71-9bef-3002095ec030,A Systematic Literature Review of the Contribution of Past Climate Information Services Pilot Projects in Climate Risk Management,205,Substance use disorders,True,,,,,False,False,No annotation with this attribute found: reverting to default,,0.00,0.00,2026-09-09_10-01-17_pruned_taxonomy_topdown_sol
97493682,8ca7142f-f997-4e71-9bef-3002095ec030,A Systematic Literature Review of the Contribution of Past Climate Information Services Pilot Projects in Climate Risk Management,136,Neglected tropical diseases and malaria,True,,,,,False,False,No annotation with this attribute found: reverting to default,,0.00,0.00,2026-09-09_10-01-17_pruned_taxonomy_topdown_sol
97493682,8ca7142f-f997-4e71-9bef-3002095ec030,A Systematic Literature Review of the Contribution of Past Climate Information Services Pilot Projects in Climate Risk Management,290,Unintentional injuries,True,,,,,False,False,No annotation with this attribute found: reverting to default,,0.00,0.00,2026-09-09_10-01-17_pruned_taxonomy_topdown_sol
388257,8e1a3ab6-6e51-4fa0-b41f-b1a70981752a,Uncertain climate futures - on optimality and robustness of climate adaptation options,38,Oil,True,,,,,False,False,The study concerns climate-risk decision support for civil infrastructure and does not examine oil or petroleum products.,,0.00,0.00,2026-09-09_10-01-17_pruned_taxonomy_topdown_sol
388257,8e1a3ab6-6e51-4fa0-b41f-b1a70981752a,Uncertain climate futures - on optimality and robustness of climate adaptation options,36,Coal,True,,,,,False,False,"Coal is not a subject, exposure, or energy source examined in the study.",,0.00,0.00,2026-09-09_10-01-17_pruned_taxonomy_topdown_sol
388257,8e1a3ab6-6e51-4fa0-b41f-b1a70981752a,Uncertain climate futures - on optimality and robustness of climate adaptation options,37,Natural gas,True,,,,,False,False,Natural gas or methane-based fossil fuel use is not discussed as a study focus.,,0.00,0.00,2026-09-09_10-01-17_pruned_taxonomy_topdown_sol
388257,8e1a3ab6-6e51-4fa0-b41f-b1a70981752a,Uncertain climate futures - on optimality and robustness of climate adaptation options,35,(Unspecified) fossil fuels,True,,,,,False,False,"Although the study addresses climate change, it does not discuss fossil fuel use or combustion, either generally or by fuel type.",,0.00,0.00,2026-09-09_10-01-17_pruned_taxonomy_topdown_sol
388257,8e1a3ab6-6e51-4fa0-b41f-b1a70981752a,Uncertain climate futures - on optimality and robustness of climate adaptation options,21,Nitrous oxide (N₂O),True,,,,,False,False,The study concerns infrastructure decision-making under climate uncertainty and does not examine nitrous oxide emissions.,,0.00,0.00,2026-09-09_10-01-17_pruned_taxonomy_topdown_sol
388257,8e1a3ab6-6e51-4fa0-b41f-b1a70981752a,Uncertain climate futures - on optimality and robustness of climate adaptation options,17,(Unspecified) greenhouse gases,True,,,,,False,False,"Although climate change is central, greenhouse gases as a collective exposure or subject are not discussed.",,0.00,0.00,2026-09-09_10-01-17_pruned_taxonomy_topdown_sol
388257,8e1a3ab6-6e51-4fa0-b41f-b1a70981752a,Uncertain climate futures - on optimality and robustness of climate adaptation options,24,Tropospheric ozone (O₃),True,,,,,False,False,The study does not address ground-level ozone or its respiratory health effects.,,0.00,0.00,2026-09-09_10-01-17_pruned_taxonomy_topdown_sol
388257,8e1a3ab6-6e51-4fa0-b41f-b1a70981752a,Uncertain climate futures - on optimality and robustness of climate adaptation options,18,Carbon dioxide (CO₂),True,,,,,False,False,Carbon dioxide is not a subject or specified exposure in the study.,,0.00,0.00,2026-09-09_10-01-17_pruned_taxonomy_topdown_sol
388257,8e1a3ab6-6e51-4fa0-b41f-b1a70981752a,Uncertain climate futures - on optimality and robustness of climate adaptation options,23,Particulate matter (PM10) / fine particulate matter (PM2.5) / black/organic carbon / sulfate/nitrate aerosols,True,,,,,False,False,Particulate matter and associated respiratory or cardiovascular effects are not examined.,,0.00,0.00,2026-09-09_10-01-17_pruned_taxonomy_topdown_sol
388257,8e1a3ab6-6e51-4fa0-b41f-b1a70981752a,Uncertain climate futures - on optimality and robustness of climate adaptation options,20,Methane (CH₄),True,,,,,False,False,Methane emissions are not discussed or analyzed.,,0.00,0.00,2026-09-09_10-01-17_pruned_taxonomy_topdown_sol
388257,8e1a3ab6-6e51-4fa0-b41f-b1a70981752a,Uncertain climate futures - on optimality and robustness of climate adaptation options,22,Ozone-depleting substances / chlorofluorocarbons / hydrochlorofluorocarbons / halons / carbon tetrachloride / methyl chloroform,True,,,,,False,False,The study does not concern ozone-depleting substances or Montreal Protocol regulation.,,0.00,0.00,2026-09-09_10-01-17_pruned_taxonomy_topdown_sol
388257,8e1a3ab6-6e51-4fa0-b41f-b1a70981752a,Uncertain climate futures - on optimality and robustness of climate adaptation options,19,Fluorinated gases / hydrofluorocarbons / perfluorocarbons / sulfur hexafluoride / nitrogen trifluoride,True,,,,,False,False,Synthetic fluorinated greenhouse gases are not discussed or analyzed.,,0.00,0.00,2026-09-09_10-01-17_pruned_taxonomy_topdown_sol
388257,8e1a3ab6-6e51-4fa0-b41f-b1a70981752a,Uncertain climate futures - on optimality and robustness of climate adaptation options,29,Extreme snow/ice events,True,,,,,False,False,The study does not address severe snow or ice conditions.,,0.00,0.00,2026-09-09_10-01-17_pruned_taxonomy_topdown_sol
388257,8e1a3ab6-6e51-4fa0-b41f-b1a70981752a,Uncertain climate futures - on optimality and robustness of climate adaptation options,34,Z_(Unspecified) extreme weather events,True,,,,,False,False,"The relevant environmental hazards are specifically identified as flooding, extreme precipitation, and storm surges rather than unspecified extreme weather.",,0.00,0.00,2026-09-09_10-01-17_pruned_taxonomy_topdown_sol
388257,8e1a3ab6-6e51-4fa0-b41f-b1a70981752a,Uncertain climate futures - on optimality and robustness of climate adaptation options,28,Extreme precipitation,True,,,,,True,True,Extreme precipitation is explicitly identified as a climate-related hazard relevant to infrastructure decision-making.,"environmental hazards such as flooding, extreme precipitation, and storm surges",0.00,100.00,2026-09-09_10-01-17_pruned_taxonomy_topdown_sol
388257,8e1a3ab6-6e51-4fa0-b41f-b1a70981752a,Uncertain climate futures - on optimality and robustness of climate adaptation options,25,Droughts,True,,,,,False,False,Drought or prolonged water deficit is not discussed.,,0.00,0.00,2026-09-09_10-01-17_pruned_taxonomy_topdown_sol
388257,8e1a3ab6-6e51-4fa0-b41f-b1a70981752a,Uncertain climate futures - on optimality and robustness of climate adaptation options,26,Extreme cold,True,,,,,False,False,Episodes of abnormally low temperature are not a subject of the study.,,0.00,0.00,2026-09-09_10-01-17_pruned_taxonomy_topdown_sol
388257,8e1a3ab6-6e51-4fa0-b41f-b1a70981752a,Uncertain climate futures - on optimality and robustness of climate adaptation options,32,Storms and severe wind,True,,,,,True,False,"Although storm surges are mentioned, the study does not identify tropical cyclones, hurricanes, typhoons, severe thunderstorms, or hailstorms as its subject.",,0.00,0.00,2026-09-09_10-01-17_pruned_taxonomy_topdown_sol
388257,8e1a3ab6-6e51-4fa0-b41f-b1a70981752a,Uncertain climate futures - on optimality and robustness of climate adaptation options,27,Extreme heat,True,,,,,False,False,Extreme heat or heatwaves are not discussed.,,0.00,0.00,2026-09-09_10-01-17_pruned_taxonomy_topdown_sol
388257,8e1a3ab6-6e51-4fa0-b41f-b1a70981752a,Uncertain climate futures - on optimality and robustness of climate adaptation options,31,Sand and dust storms,True,,,,,False,False,Sand and dust storms are not addressed.,,0.00,0.00,2026-09-09_10-01-17_pruned_taxonomy_topdown_sol
388257,8e1a3ab6-6e51-4fa0-b41f-b1a70981752a,Uncertain climate futures - on optimality and robustness of climate adaptation options,33,Wildfires,True,,,,,False,False,Wildfires and wildfire smoke are not addressed.,,0.00,0.00,2026-09-09_10-01-17_pruned_taxonomy_topdown_sol
388257,8e1a3ab6-6e51-4fa0-b41f-b1a70981752a,Uncertain climate futures - on optimality and robustness of climate adaptation options,30,Floods,True,,,,,True,True,"Flooding, including the coastal flooding mechanism of storm surge, is explicitly identified as an environmental hazard relevant to civil infrastructure planning and adaptation.","environmental hazards such as flooding, extreme precipitation, and storm surges",0.00,100.00,2026-09-09_10-01-17_pruned_taxonomy_topdown_sol
388257,8e1a3ab6-6e51-4fa0-b41f-b1a70981752a,Uncertain climate futures - on optimality and robustness of climate adaptation options,490,Maladaptation,True,,,,,False,False,"The study develops decision support for infrastructure adaptation but does not examine adaptation measures that increase vulnerability, reduce adaptive capacity, or create new risks.",,0.00,0.00,2026-09-09_10-01-17_pruned_taxonomy_topdown_sol
388257,8e1a3ab6-6e51-4fa0-b41f-b1a70981752a,Uncertain climate futures - on optimality and robustness of climate adaptation options,487,Adaptation,True,,,,,True,True,"The study develops risk-informed decision support for planning and adapting civil infrastructure under uncertain future climate hazards, directly addressing climate adaptation and infrastructure resilience.","planning, design, and assessment/adaptation of civil infrastructure systems",0.00,100.00,2026-09-09_10-01-17_pruned_taxonomy_topdown_sol
388257,8e1a3ab6-6e51-4fa0-b41f-b1a70981752a,Uncertain climate futures - on optimality and robustness of climate adaptation options,496,Co-Benefits,True,,,,,False,False,No annotation with this attribute found: reverting to default,,0.00,0.00,2026-09-09_10-01-17_pruned_taxonomy_topdown_sol
388257,8e1a3ab6-6e51-4fa0-b41f-b1a70981752a,Uncertain climate futures - on optimality and robustness of climate adaptation options,488,Impact,True,,,,,True,True,"The study examines risks to civil infrastructure from climate change and climate-related hazards, including flooding, extreme precipitation, and storm surges.","Climate change presents growing challenges to the planning, operation, and adaptation of infrastructure systems due to the increasing intensity and variability of environmental hazards such as flooding, extreme precipitation, and storm surges.",0.00,100.00,2026-09-09_10-01-17_pruned_taxonomy_topdown_sol
388257,8e1a3ab6-6e51-4fa0-b41f-b1a70981752a,Uncertain climate futures - on optimality and robustness of climate adaptation options,495,Loss and damage,True,,,,,False,False,It does not focus on unavoidable or irreversible climate harms remaining after mitigation and adaptation.,,0.00,0.00,2026-09-09_10-01-17_pruned_taxonomy_topdown_sol
388257,8e1a3ab6-6e51-4fa0-b41f-b1a70981752a,Uncertain climate futures - on optimality and robustness of climate adaptation options,493,Attribution,True,,,,,False,False,"The study uses climate projections for decision-making rather than attributing observed events, system changes, or health outcomes to climate change.",,0.00,0.00,2026-09-09_10-01-17_pruned_taxonomy_topdown_sol
388257,8e1a3ab6-6e51-4fa0-b41f-b1a70981752a,Uncertain climate futures - on optimality and robustness of climate adaptation options,489,Mitigation,True,,,,,False,False,"The study concerns adaptation of infrastructure to climate hazards, not greenhouse-gas emissions, fossil-fuel harms, or strategies for reducing emissions.",,0.00,0.00,2026-09-09_10-01-17_pruned_taxonomy_topdown_sol
388257,8e1a3ab6-6e51-4fa0-b41f-b1a70981752a,Uncertain climate futures - on optimality and robustness of climate adaptation options,492,Resilience,True,,,,,True,True,"The framework seeks robust infrastructure decisions under climate uncertainty, reflecting the objective of enabling infrastructure systems to withstand and adapt to climate-related hazards.",selecting decisions that are both optimal and robust based on the associated risk,0.00,100.00,2026-09-09_10-01-17_pruned_taxonomy_topdown_sol
388257,8e1a3ab6-6e51-4fa0-b41f-b1a70981752a,Uncertain climate futures - on optimality and robustness of climate adaptation options,491,Preparedness,True,,,,,True,True,The study concerns advance planning and adaptation of infrastructure to reduce impacts from future climate-related hazards.,"decision support for the planning, design, and assessment/adaptation of civil infrastructure systems",0.00,100.00,2026-09-09_10-01-17_pruned_taxonomy_topdown_sol
388257,8e1a3ab6-6e51-4fa0-b41f-b1a70981752a,Uncertain climate futures - on optimality and robustness of climate adaptation options,494,Future impact,True,,,,,True,True,"The decision framework evaluates risks to civil infrastructure using future climate scenarios and projections, including anticipated flooding, extreme precipitation, and storm-surge hazards.",the likelihood of different future projections,0.00,100.00,2026-09-09_10-01-17_pruned_taxonomy_topdown_sol
388257,8e1a3ab6-6e51-4fa0-b41f-b1a70981752a,Uncertain climate futures - on optimality and robustness of climate adaptation options,14,Changes in temperature,True,,,,,False,False,The study does not examine long-term temperature shifts or warming trends.,,0.00,0.00,2026-09-09_10-01-17_pruned_taxonomy_topdown_sol
388257,8e1a3ab6-6e51-4fa0-b41f-b1a70981752a,Uncertain climate futures - on optimality and robustness of climate adaptation options,9,Changes in humidity,True,,,,,False,False,Atmospheric moisture or humidity changes are not discussed.,,0.00,0.00,2026-09-09_10-01-17_pruned_taxonomy_topdown_sol
388257,8e1a3ab6-6e51-4fa0-b41f-b1a70981752a,Uncertain climate futures - on optimality and robustness of climate adaptation options,6,(Unspecified) changes in weather,True,,,,,False,False,The study addresses climate change and specified environmental hazards rather than nonspecific weather-pattern changes.,,0.00,0.00,2026-09-09_10-01-17_pruned_taxonomy_topdown_sol
388257,8e1a3ab6-6e51-4fa0-b41f-b1a70981752a,Uncertain climate futures - on optimality and robustness of climate adaptation options,13,Changes in season length,True,,,,,False,False,Changes in season duration or timing are not a subject of the study.,,0.00,0.00,2026-09-09_10-01-17_pruned_taxonomy_topdown_sol
388257,8e1a3ab6-6e51-4fa0-b41f-b1a70981752a,Uncertain climate futures - on optimality and robustness of climate adaptation options,8,Changes in glacier / snow melt,True,,,,,False,False,Glacier or snowpack melting is not discussed.,,0.00,0.00,2026-09-09_10-01-17_pruned_taxonomy_topdown_sol
388257,8e1a3ab6-6e51-4fa0-b41f-b1a70981752a,Uncertain climate futures - on optimality and robustness of climate adaptation options,15,Changes in wind speed,True,,,,,False,False,The study does not address changes in wind patterns or velocity.,,0.00,0.00,2026-09-09_10-01-17_pruned_taxonomy_topdown_sol
388257,8e1a3ab6-6e51-4fa0-b41f-b1a70981752a,Uncertain climate futures - on optimality and robustness of climate adaptation options,10,Changes in inland water bodies,True,,,,,False,False,"Although flooding is identified as an infrastructure hazard, the study does not focus on climate-driven changes in freshwater levels, availability, river flows, or broader hydrological systems.",,0.00,0.00,2026-09-09_10-01-17_pruned_taxonomy_topdown_sol
388257,8e1a3ab6-6e51-4fa0-b41f-b1a70981752a,Uncertain climate futures - on optimality and robustness of climate adaptation options,11,Changes in precipitation,True,,,,,False,True,Extreme precipitation is explicitly identified as a climate-related environmental hazard relevant to infrastructure planning and adaptation.,"environmental hazards such as flooding, extreme precipitation, and storm surges",0.00,100.00,2026-09-09_10-01-17_pruned_taxonomy_topdown_sol
388257,8e1a3ab6-6e51-4fa0-b41f-b1a70981752a,Uncertain climate futures - on optimality and robustness of climate adaptation options,16,Climate variability,True,,,,,False,True,Natural variability and the variability of climate-related environmental hazards are material to the study's treatment of uncertain future climate scenarios.,"These hazards are subject to significant uncertainty, not only due to natural variability (aleatory uncertainty)",0.00,100.00,2026-09-09_10-01-17_pruned_taxonomy_topdown_sol
388257,8e1a3ab6-6e51-4fa0-b41f-b1a70981752a,Uncertain climate futures - on optimality and robustness of climate adaptation options,7,(Unspecified) climate change,True,,,,,True,True,The study broadly concerns climate-change risks and uncertain future climate projections without limiting its framework to one specific climate mechanism.,Climate change poses significant risk to civil infrastructure systems,0.00,100.00,2026-09-09_10-01-17_pruned_taxonomy_topdown_sol
388257,8e1a3ab6-6e51-4fa0-b41f-b1a70981752a,Uncertain climate futures - on optimality and robustness of climate adaptation options,12,Changes in sea level,True,,,,,False,False,"Storm surges are mentioned, but mean sea-level rise itself is not identified or examined.",,0.00,0.00,2026-09-09_10-01-17_pruned_taxonomy_topdown_sol
388257,8e1a3ab6-6e51-4fa0-b41f-b1a70981752a,Uncertain climate futures - on optimality and robustness of climate adaptation options,474,"Agriculture, fishing, and forestry (Sector)",True,,,,,False,False,"The study does not examine agriculture, livestock, fisheries, aquaculture, or forestry.",,0.00,0.00,2026-09-09_10-01-17_pruned_taxonomy_topdown_sol
388257,8e1a3ab6-6e51-4fa0-b41f-b1a70981752a,Uncertain climate futures - on optimality and robustness of climate adaptation options,482,Military (Sector),True,,,,,False,False,"Military organizations, defense capabilities, and military infrastructure are not subjects of the study.",,0.00,0.00,2026-09-09_10-01-17_pruned_taxonomy_topdown_sol
388257,8e1a3ab6-6e51-4fa0-b41f-b1a70981752a,Uncertain climate futures - on optimality and robustness of climate adaptation options,479,Healthcare (Sector),True,,,,,False,False,"The study does not focus on healthcare delivery, public health services, or health infrastructure.",,0.00,0.00,2026-09-09_10-01-17_pruned_taxonomy_topdown_sol
388257,8e1a3ab6-6e51-4fa0-b41f-b1a70981752a,Uncertain climate futures - on optimality and robustness of climate adaptation options,477,Energy and extractives (Sector),True,,,,,False,False,"No electricity, fuel, renewable-energy, or resource-extraction system is specifically studied.",,0.00,0.00,2026-09-09_10-01-17_pruned_taxonomy_topdown_sol
388257,8e1a3ab6-6e51-4fa0-b41f-b1a70981752a,Uncertain climate futures - on optimality and robustness of climate adaptation options,484,Social protection (Sector),True,,,,,False,False,"Social protection, welfare services, and safety-net systems are not discussed.",,0.00,0.00,2026-09-09_10-01-17_pruned_taxonomy_topdown_sol
388257,8e1a3ab6-6e51-4fa0-b41f-b1a70981752a,Uncertain climate futures - on optimality and robustness of climate adaptation options,475,Buildings / housing (Sector),True,,,,,False,True,"The study is centrally concerned with decision support for the planning, design, and adaptation of civil infrastructure, which falls within the construction and built-infrastructure sector.","planning, design, and assessment/adaptation of civil infrastructure systems",0.00,100.00,2026-09-09_10-01-17_pruned_taxonomy_topdown_sol
388257,8e1a3ab6-6e51-4fa0-b41f-b1a70981752a,Uncertain climate futures - on optimality and robustness of climate adaptation options,485,Transportation (Sector),True,,,,,False,False,"Although civil infrastructure is studied broadly, the abstract does not identify road, rail, air, maritime, vehicle, or logistics systems as a subject.",,0.00,0.00,2026-09-09_10-01-17_pruned_taxonomy_topdown_sol
388257,8e1a3ab6-6e51-4fa0-b41f-b1a70981752a,Uncertain climate futures - on optimality and robustness of climate adaptation options,481,Information and communications technologies (Sector),True,,,,,False,False,"Telecommunications, digital infrastructure, information technology, and connectivity systems are not studied.",,0.00,0.00,2026-09-09_10-01-17_pruned_taxonomy_topdown_sol
388257,8e1a3ab6-6e51-4fa0-b41f-b1a70981752a,Uncertain climate futures - on optimality and robustness of climate adaptation options,486,"Water, sanitation, and waste management (Sector)",True,,,,,False,False,"Flooding and precipitation are climate hazards in the study, but water supply, sewage treatment, and solid-waste management are not identified as the infrastructure sector examined.",,0.00,0.00,2026-09-09_10-01-17_pruned_taxonomy_topdown_sol
388257,8e1a3ab6-6e51-4fa0-b41f-b1a70981752a,Uncertain climate futures - on optimality and robustness of climate adaptation options,478,Finance (Sector),True,,,,,False,False,"The decision framework assesses risk and robustness rather than banking, insurance, investment, or financial-service systems.",,0.00,0.00,2026-09-09_10-01-17_pruned_taxonomy_topdown_sol
388257,8e1a3ab6-6e51-4fa0-b41f-b1a70981752a,Uncertain climate futures - on optimality and robustness of climate adaptation options,480,"Industry, trade, and services (Sector)",True,,,,,False,False,"Manufacturing, retail, wholesale trade, and commercial services are not subjects of the study.",,0.00,0.00,2026-09-09_10-01-17_pruned_taxonomy_topdown_sol
388257,8e1a3ab6-6e51-4fa0-b41f-b1a70981752a,Uncertain climate futures - on optimality and robustness of climate adaptation options,476,Education (Sector),True,,,,,False,False,"The study does not examine schools, universities, vocational institutions, or education systems.",,0.00,0.00,2026-09-09_10-01-17_pruned_taxonomy_topdown_sol
388257,8e1a3ab6-6e51-4fa0-b41f-b1a70981752a,Uncertain climate futures - on optimality and robustness of climate adaptation options,483,Public administration (Sector),True,,,,,False,False,"The study concerns infrastructure decision-making generally, not the operations, services, or workforce of public-administration institutions.",,0.00,0.00,2026-09-09_10-01-17_pruned_taxonomy_topdown_sol
388257,8e1a3ab6-6e51-4fa0-b41f-b1a70981752a,Uncertain climate futures - on optimality and robustness of climate adaptation options,392,Mixed-methods,True,,,,,False,False,The study does not integrate quantitative and qualitative data collection and analysis; expert opinions are used as inputs to a probabilistic framework rather than as qualitative data.,,0.00,0.00,2026-09-09_10-01-17_pruned_taxonomy_topdown_sol
388257,8e1a3ab6-6e51-4fa0-b41f-b1a70981752a,Uncertain climate futures - on optimality and robustness of climate adaptation options,394,Observational / group comparison designs,True,,,,,False,False,It does not compare health outcomes between groups defined by exposure status.,,0.00,0.00,2026-09-09_10-01-17_pruned_taxonomy_topdown_sol
388257,8e1a3ab6-6e51-4fa0-b41f-b1a70981752a,Uncertain climate futures - on optimality and robustness of climate adaptation options,393,Modelling / simulation,True,,,,,True,True,The study develops and evaluates a mathematical/probabilistic decision-support model for infrastructure decisions under alternative future climate scenarios.,This study introduces a risk-informed decision support framework that incorporates a new approach to represent epistemic uncertainty in decision-making.,0.00,100.00,2026-09-09_10-01-17_pruned_taxonomy_topdown_sol
388257,8e1a3ab6-6e51-4fa0-b41f-b1a70981752a,Uncertain climate futures - on optimality and robustness of climate adaptation options,390,(Quasi-)Experimental / single-group designs,True,,,,,False,False,No intervention is applied to a single group in an uncontrolled experimental design.,,0.00,0.00,2026-09-09_10-01-17_pruned_taxonomy_topdown_sol
388257,8e1a3ab6-6e51-4fa0-b41f-b1a70981752a,Uncertain climate futures - on optimality and robustness of climate adaptation options,429,Narrative review,True,,,,,False,False,No annotation with this attribute found: reverting to default,,0.00,0.00,2026-09-09_10-01-17_pruned_taxonomy_topdown_sol
388257,8e1a3ab6-6e51-4fa0-b41f-b1a70981752a,Uncertain climate futures - on optimality and robustness of climate adaptation options,396,Qualitative designs,True,,,,,False,False,"The study does not use qualitative methods to investigate meanings, experiences, or contextual factors.",,0.00,0.00,2026-09-09_10-01-17_pruned_taxonomy_topdown_sol
388257,8e1a3ab6-6e51-4fa0-b41f-b1a70981752a,Uncertain climate futures - on optimality and robustness of climate adaptation options,388,2. Evidence synthesis,True,,,,,False,False,The study develops and evaluates a new decision-support framework rather than reviewing or synthesizing existing literature.,,0.00,0.00,2026-09-09_10-01-17_pruned_taxonomy_topdown_sol
388257,8e1a3ab6-6e51-4fa0-b41f-b1a70981752a,Uncertain climate futures - on optimality and robustness of climate adaptation options,391,Descriptive / single-group designs,True,,,,,True,False,This is not a descriptive study characterizing outcomes in a single group; it develops and compares decision-modelling approaches.,,0.00,0.00,2026-09-09_10-01-17_pruned_taxonomy_topdown_sol
388257,8e1a3ab6-6e51-4fa0-b41f-b1a70981752a,Uncertain climate futures - on optimality and robustness of climate adaptation options,427,Health technology assessment (HTA),True,,,,,False,False,No annotation with this attribute found: reverting to default,,0.00,0.00,2026-09-09_10-01-17_pruned_taxonomy_topdown_sol
388257,8e1a3ab6-6e51-4fa0-b41f-b1a70981752a,Uncertain climate futures - on optimality and robustness of climate adaptation options,395,Observational / single-group designs,True,,,,,False,False,The study does not longitudinally track outcomes in a single group.,,0.00,0.00,2026-09-09_10-01-17_pruned_taxonomy_topdown_sol
388257,8e1a3ab6-6e51-4fa0-b41f-b1a70981752a,Uncertain climate futures - on optimality and robustness of climate adaptation options,426,Guideline (clinical or public health),True,,,,,False,False,No annotation with this attribute found: reverting to default,,0.00,0.00,2026-09-09_10-01-17_pruned_taxonomy_topdown_sol
388257,8e1a3ab6-6e51-4fa0-b41f-b1a70981752a,Uncertain climate futures - on optimality and robustness of climate adaptation options,387,1. Primary research,True,,,,,True,True,"This is original methodological research proposing a framework, assigning scenario probabilities based on expert opinions, and evaluating the approach through a comparative case study.",This study introduces a risk-informed decision support framework that incorporates a new approach to represent epistemic uncertainty in decision-making.,0.00,100.00,2026-09-09_10-01-17_pruned_taxonomy_topdown_sol
388257,8e1a3ab6-6e51-4fa0-b41f-b1a70981752a,Uncertain climate futures - on optimality and robustness of climate adaptation options,430,Systematic reviews,True,,,,,False,False,No annotation with this attribute found: reverting to default,,0.00,0.00,2026-09-09_10-01-17_pruned_taxonomy_topdown_sol
388257,8e1a3ab6-6e51-4fa0-b41f-b1a70981752a,Uncertain climate futures - on optimality and robustness of climate adaptation options,397,Z_Other study design,True,,,,,False,False,The primary research design is captured by the specific modelling-design category.,,0.00,0.00,2026-09-09_10-01-17_pruned_taxonomy_topdown_sol
388257,8e1a3ab6-6e51-4fa0-b41f-b1a70981752a,Uncertain climate futures - on optimality and robustness of climate adaptation options,389,(Quasi-)Experimental / group comparison designs,True,,,,,False,False,"Although two decision approaches are compared in a case study, no intervention and control groups are used in an experimental design.",,0.00,0.00,2026-09-09_10-01-17_pruned_taxonomy_topdown_sol
388257,8e1a3ab6-6e51-4fa0-b41f-b1a70981752a,Uncertain climate futures - on optimality and robustness of climate adaptation options,431,Z_Other evidence synthesis type,True,,,,,False,False,No annotation with this attribute found: reverting to default,,0.00,0.00,2026-09-09_10-01-17_pruned_taxonomy_topdown_sol
388257,8e1a3ab6-6e51-4fa0-b41f-b1a70981752a,Uncertain climate futures - on optimality and robustness of climate adaptation options,428,Meta-analysis (unsystematic),True,,,,,False,False,No annotation with this attribute found: reverting to default,,0.00,0.00,2026-09-09_10-01-17_pruned_taxonomy_topdown_sol
388257,8e1a3ab6-6e51-4fa0-b41f-b1a70981752a,Uncertain climate futures - on optimality and robustness of climate adaptation options,117,"1.2. Communicable, maternal, neonatal, and nutritional mortality",True,,,,,False,False,No annotation with this attribute found: reverting to default,,0.00,0.00,2026-09-09_10-01-17_pruned_taxonomy_topdown_sol
388257,8e1a3ab6-6e51-4fa0-b41f-b1a70981752a,Uncertain climate futures - on optimality and robustness of climate adaptation options,196,Chronic respiratory diseases,True,,,,,False,False,No annotation with this attribute found: reverting to default,,0.00,0.00,2026-09-09_10-01-17_pruned_taxonomy_topdown_sol
388257,8e1a3ab6-6e51-4fa0-b41f-b1a70981752a,Uncertain climate futures - on optimality and robustness of climate adaptation options,201,Neoplasms,True,,,,,False,False,No annotation with this attribute found: reverting to default,,0.00,0.00,2026-09-09_10-01-17_pruned_taxonomy_topdown_sol
388257,8e1a3ab6-6e51-4fa0-b41f-b1a70981752a,Uncertain climate futures - on optimality and robustness of climate adaptation options,118,1.3. Non-communicable mortality,True,,,,,False,False,No annotation with this attribute found: reverting to default,,0.00,0.00,2026-09-09_10-01-17_pruned_taxonomy_topdown_sol
388257,8e1a3ab6-6e51-4fa0-b41f-b1a70981752a,Uncertain climate futures - on optimality and robustness of climate adaptation options,138,Respiratory infections and tuberculosis,True,,,,,False,False,No annotation with this attribute found: reverting to default,,0.00,0.00,2026-09-09_10-01-17_pruned_taxonomy_topdown_sol
388257,8e1a3ab6-6e51-4fa0-b41f-b1a70981752a,Uncertain climate futures - on optimality and robustness of climate adaptation options,116,1.1. Total / all-cause mortality (Outcome),True,,,,,False,False,No annotation with this attribute found: reverting to default,,0.00,0.00,2026-09-09_10-01-17_pruned_taxonomy_topdown_sol
388257,8e1a3ab6-6e51-4fa0-b41f-b1a70981752a,Uncertain climate futures - on optimality and robustness of climate adaptation options,204,Skin and subcutaneous diseases,True,,,,,False,False,No annotation with this attribute found: reverting to default,,0.00,0.00,2026-09-09_10-01-17_pruned_taxonomy_topdown_sol
388257,8e1a3ab6-6e51-4fa0-b41f-b1a70981752a,Uncertain climate futures - on optimality and robustness of climate adaptation options,197,Diabetes and kidney diseases,True,,,,,False,False,No annotation with this attribute found: reverting to default,,0.00,0.00,2026-09-09_10-01-17_pruned_taxonomy_topdown_sol
388257,8e1a3ab6-6e51-4fa0-b41f-b1a70981752a,Uncertain climate futures - on optimality and robustness of climate adaptation options,198,Digestive diseases,True,,,,,False,False,No annotation with this attribute found: reverting to default,,0.00,0.00,2026-09-09_10-01-17_pruned_taxonomy_topdown_sol
388257,8e1a3ab6-6e51-4fa0-b41f-b1a70981752a,Uncertain climate futures - on optimality and robustness of climate adaptation options,137,Nutritional deficiencies,True,,,,,False,False,No annotation with this attribute found: reverting to default,,0.00,0.00,2026-09-09_10-01-17_pruned_taxonomy_topdown_sol
388257,8e1a3ab6-6e51-4fa0-b41f-b1a70981752a,Uncertain climate futures - on optimality and robustness of climate adaptation options,134,HIV/AIDS and sexually transmitted infections,True,,,,,False,False,No annotation with this attribute found: reverting to default,,0.00,0.00,2026-09-09_10-01-17_pruned_taxonomy_topdown_sol
388257,8e1a3ab6-6e51-4fa0-b41f-b1a70981752a,Uncertain climate futures - on optimality and robustness of climate adaptation options,203,Sense organ diseases,True,,,,,False,False,No annotation with this attribute found: reverting to default,,0.00,0.00,2026-09-09_10-01-17_pruned_taxonomy_topdown_sol
388257,8e1a3ab6-6e51-4fa0-b41f-b1a70981752a,Uncertain climate futures - on optimality and robustness of climate adaptation options,195,Cardiovascular diseases,True,,,,,False,False,No annotation with this attribute found: reverting to default,,0.00,0.00,2026-09-09_10-01-17_pruned_taxonomy_topdown_sol
388257,8e1a3ab6-6e51-4fa0-b41f-b1a70981752a,Uncertain climate futures - on optimality and robustness of climate adaptation options,289,Transport injuries,True,,,,,False,False,No annotation with this attribute found: reverting to default,,0.00,0.00,2026-09-09_10-01-17_pruned_taxonomy_topdown_sol
388257,8e1a3ab6-6e51-4fa0-b41f-b1a70981752a,Uncertain climate futures - on optimality and robustness of climate adaptation options,113,"2. Communicable, maternal, neonatal, and nutritional diseases",True,,,,,False,False,"The study concerns climate-risk decision support for civil infrastructure and does not address infectious, maternal, neonatal, or nutritional diseases.",,0.00,0.00,2026-09-09_10-01-17_pruned_taxonomy_topdown_sol
388257,8e1a3ab6-6e51-4fa0-b41f-b1a70981752a,Uncertain climate futures - on optimality and robustness of climate adaptation options,139,Z_Other infectious diseases,True,,,,,False,False,No annotation with this attribute found: reverting to default,,0.00,0.00,2026-09-09_10-01-17_pruned_taxonomy_topdown_sol
388257,8e1a3ab6-6e51-4fa0-b41f-b1a70981752a,Uncertain climate futures - on optimality and robustness of climate adaptation options,135,Maternal and neonatal disorders,True,,,,,False,False,No annotation with this attribute found: reverting to default,,0.00,0.00,2026-09-09_10-01-17_pruned_taxonomy_topdown_sol
388257,8e1a3ab6-6e51-4fa0-b41f-b1a70981752a,Uncertain climate futures - on optimality and robustness of climate adaptation options,202,Neurological disorders,True,,,,,False,False,No annotation with this attribute found: reverting to default,,0.00,0.00,2026-09-09_10-01-17_pruned_taxonomy_topdown_sol
388257,8e1a3ab6-6e51-4fa0-b41f-b1a70981752a,Uncertain climate futures - on optimality and robustness of climate adaptation options,288,Self-harm and interpersonal violence,True,,,,,False,False,No annotation with this attribute found: reverting to default,,0.00,0.00,2026-09-09_10-01-17_pruned_taxonomy_topdown_sol
388257,8e1a3ab6-6e51-4fa0-b41f-b1a70981752a,Uncertain climate futures - on optimality and robustness of climate adaptation options,206,Z_Other non-communicable diseases,True,,,,,False,False,No annotation with this attribute found: reverting to default,,0.00,0.00,2026-09-09_10-01-17_pruned_taxonomy_topdown_sol
388257,8e1a3ab6-6e51-4fa0-b41f-b1a70981752a,Uncertain climate futures - on optimality and robustness of climate adaptation options,200,Musculoskeletal disorders,True,,,,,False,False,No annotation with this attribute found: reverting to default,,0.00,0.00,2026-09-09_10-01-17_pruned_taxonomy_topdown_sol
388257,8e1a3ab6-6e51-4fa0-b41f-b1a70981752a,Uncertain climate futures - on optimality and robustness of climate adaptation options,133,Enteric infections,True,,,,,False,False,No annotation with this attribute found: reverting to default,,0.00,0.00,2026-09-09_10-01-17_pruned_taxonomy_topdown_sol
388257,8e1a3ab6-6e51-4fa0-b41f-b1a70981752a,Uncertain climate futures - on optimality and robustness of climate adaptation options,114,3. Non-communicable diseases,True,,,,,False,False,No chronic non-communicable disease is studied as an outcome or focus.,,0.00,0.00,2026-09-09_10-01-17_pruned_taxonomy_topdown_sol
388257,8e1a3ab6-6e51-4fa0-b41f-b1a70981752a,Uncertain climate futures - on optimality and robustness of climate adaptation options,112,1. Mortality (Outcome),True,,,,,False,False,Mortality is not examined as an outcome; the study evaluates infrastructure planning decisions under climate uncertainty.,,0.00,0.00,2026-09-09_10-01-17_pruned_taxonomy_topdown_sol
388257,8e1a3ab6-6e51-4fa0-b41f-b1a70981752a,Uncertain climate futures - on optimality and robustness of climate adaptation options,115,4. Injuries,True,,,,,False,False,The study discusses environmental hazards affecting infrastructure but does not investigate bodily injury or other physical harm to people.,,0.00,0.00,2026-09-09_10-01-17_pruned_taxonomy_topdown_sol
388257,8e1a3ab6-6e51-4fa0-b41f-b1a70981752a,Uncertain climate futures - on optimality and robustness of climate adaptation options,199,Mental disorders,True,,,,,False,False,No annotation with this attribute found: reverting to default,,0.00,0.00,2026-09-09_10-01-17_pruned_taxonomy_topdown_sol
388257,8e1a3ab6-6e51-4fa0-b41f-b1a70981752a,Uncertain climate futures - on optimality and robustness of climate adaptation options,205,Substance use disorders,True,,,,,False,False,No annotation with this attribute found: reverting to default,,0.00,0.00,2026-09-09_10-01-17_pruned_taxonomy_topdown_sol
388257,8e1a3ab6-6e51-4fa0-b41f-b1a70981752a,Uncertain climate futures - on optimality and robustness of climate adaptation options,136,Neglected tropical diseases and malaria,True,,,,,False,False,No annotation with this attribute found: reverting to default,,0.00,0.00,2026-09-09_10-01-17_pruned_taxonomy_topdown_sol
388257,8e1a3ab6-6e51-4fa0-b41f-b1a70981752a,Uncertain climate futures - on optimality and robustness of climate adaptation options,290,Unintentional injuries,True,,,,,False,False,No annotation with this attribute found: reverting to default,,0.00,0.00,2026-09-09_10-01-17_pruned_taxonomy_topdown_sol
6292633,9797545e-e727-43ac-a656-ad55ec94c1dd,Meningococcal Meningitis in Sub-Saharan Africa: A Model for the Epidemic Process,38,Oil,True,,,,,False,False,"The study concerns meningococcal meningitis epidemics and their host, organism, and environmental risk factors; oil is not a subject or exposure.",,0.00,0.00,2026-09-09_10-01-17_pruned_taxonomy_topdown_sol
6292633,9797545e-e727-43ac-a656-ad55ec94c1dd,Meningococcal Meningitis in Sub-Saharan Africa: A Model for the Epidemic Process,36,Coal,True,,,,,False,False,"Coal use, combustion, or associated pollution is not discussed as part of the study.",,0.00,0.00,2026-09-09_10-01-17_pruned_taxonomy_topdown_sol
6292633,9797545e-e727-43ac-a656-ad55ec94c1dd,Meningococcal Meningitis in Sub-Saharan Africa: A Model for the Epidemic Process,37,Natural gas,True,,,,,False,False,"Natural gas use, methane leakage, or gas combustion is not addressed.",,0.00,0.00,2026-09-09_10-01-17_pruned_taxonomy_topdown_sol
6292633,9797545e-e727-43ac-a656-ad55ec94c1dd,Meningococcal Meningitis in Sub-Saharan Africa: A Model for the Epidemic Process,35,(Unspecified) fossil fuels,True,,,,,False,False,"The abstract does not examine fossil fuel use or combustion, either generally or by a specific fuel type.",,0.00,0.00,2026-09-09_10-01-17_pruned_taxonomy_topdown_sol
6292633,9797545e-e727-43ac-a656-ad55ec94c1dd,Meningococcal Meningitis in Sub-Saharan Africa: A Model for the Epidemic Process,21,Nitrous oxide (N₂O),True,,,,,False,False,The study concerns meningococcal meningitis epidemics and does not examine nitrous oxide.,,0.00,0.00,2026-09-09_10-01-17_pruned_taxonomy_topdown_sol
6292633,9797545e-e727-43ac-a656-ad55ec94c1dd,Meningococcal Meningitis in Sub-Saharan Africa: A Model for the Epidemic Process,17,(Unspecified) greenhouse gases,True,,,,,False,False,Greenhouse gases as a collective exposure or subject are not discussed.,,0.00,0.00,2026-09-09_10-01-17_pruned_taxonomy_topdown_sol
6292633,9797545e-e727-43ac-a656-ad55ec94c1dd,Meningococcal Meningitis in Sub-Saharan Africa: A Model for the Epidemic Process,24,Tropospheric ozone (O₃),True,,,,,False,False,The study does not address ground-level ozone or photochemical air pollution.,,0.00,0.00,2026-09-09_10-01-17_pruned_taxonomy_topdown_sol
6292633,9797545e-e727-43ac-a656-ad55ec94c1dd,Meningococcal Meningitis in Sub-Saharan Africa: A Model for the Epidemic Process,18,Carbon dioxide (CO₂),True,,,,,False,False,Carbon dioxide is not an exposure or focus of the study.,,0.00,0.00,2026-09-09_10-01-17_pruned_taxonomy_topdown_sol
6292633,9797545e-e727-43ac-a656-ad55ec94c1dd,Meningococcal Meningitis in Sub-Saharan Africa: A Model for the Epidemic Process,23,Particulate matter (PM10) / fine particulate matter (PM2.5) / black/organic carbon / sulfate/nitrate aerosols,True,,,,,False,False,"The environmental factors discussed include low humidity and respiratory infections, but not particulate matter.",,0.00,0.00,2026-09-09_10-01-17_pruned_taxonomy_topdown_sol
6292633,9797545e-e727-43ac-a656-ad55ec94c1dd,Meningococcal Meningitis in Sub-Saharan Africa: A Model for the Epidemic Process,20,Methane (CH₄),True,,,,,False,False,Methane is not discussed or implicated as a study exposure.,,0.00,0.00,2026-09-09_10-01-17_pruned_taxonomy_topdown_sol
6292633,9797545e-e727-43ac-a656-ad55ec94c1dd,Meningococcal Meningitis in Sub-Saharan Africa: A Model for the Epidemic Process,22,Ozone-depleting substances / chlorofluorocarbons / hydrochlorofluorocarbons / halons / carbon tetrachloride / methyl chloroform,True,,,,,False,False,The study does not concern ozone-depleting substances.,,0.00,0.00,2026-09-09_10-01-17_pruned_taxonomy_topdown_sol
6292633,9797545e-e727-43ac-a656-ad55ec94c1dd,Meningococcal Meningitis in Sub-Saharan Africa: A Model for the Epidemic Process,19,Fluorinated gases / hydrofluorocarbons / perfluorocarbons / sulfur hexafluoride / nitrogen trifluoride,True,,,,,False,False,Synthetic fluorinated greenhouse gases are not discussed.,,0.00,0.00,2026-09-09_10-01-17_pruned_taxonomy_topdown_sol
6292633,9797545e-e727-43ac-a656-ad55ec94c1dd,Meningococcal Meningitis in Sub-Saharan Africa: A Model for the Epidemic Process,29,Extreme snow/ice events,True,,,,,False,False,The study does not examine severe snow or ice conditions.,,0.00,0.00,2026-09-09_10-01-17_pruned_taxonomy_topdown_sol
6292633,9797545e-e727-43ac-a656-ad55ec94c1dd,Meningococcal Meningitis in Sub-Saharan Africa: A Model for the Epidemic Process,34,Z_(Unspecified) extreme weather events,True,,,,,False,False,"The study concerns environmental risk factors for meningococcal epidemics, not unspecified extreme weather events.",,0.00,0.00,2026-09-09_10-01-17_pruned_taxonomy_topdown_sol
6292633,9797545e-e727-43ac-a656-ad55ec94c1dd,Meningococcal Meningitis in Sub-Saharan Africa: A Model for the Epidemic Process,28,Extreme precipitation,True,,,,,False,False,No unusually intense or prolonged precipitation is studied.,,0.00,0.00,2026-09-09_10-01-17_pruned_taxonomy_topdown_sol
6292633,9797545e-e727-43ac-a656-ad55ec94c1dd,Meningococcal Meningitis in Sub-Saharan Africa: A Model for the Epidemic Process,25,Droughts,True,,,,,False,False,"Low humidity is identified as a risk factor, but the study does not address prolonged water deficit or drought.","environmental factors, such as low humidity and coincident respiratory tract infections",0.00,100.00,2026-09-09_10-01-17_pruned_taxonomy_topdown_sol
6292633,9797545e-e727-43ac-a656-ad55ec94c1dd,Meningococcal Meningitis in Sub-Saharan Africa: A Model for the Epidemic Process,26,Extreme cold,True,,,,,False,False,No episodes of abnormally low temperature are discussed.,,0.00,0.00,2026-09-09_10-01-17_pruned_taxonomy_topdown_sol
6292633,9797545e-e727-43ac-a656-ad55ec94c1dd,Meningococcal Meningitis in Sub-Saharan Africa: A Model for the Epidemic Process,32,Storms and severe wind,True,,,,,False,False,"The study does not address cyclones, severe thunderstorms, hailstorms, or related storms.",,0.00,0.00,2026-09-09_10-01-17_pruned_taxonomy_topdown_sol
6292633,9797545e-e727-43ac-a656-ad55ec94c1dd,Meningococcal Meningitis in Sub-Saharan Africa: A Model for the Epidemic Process,27,Extreme heat,True,,,,,False,False,No abnormally high temperatures or heatwaves are examined.,,0.00,0.00,2026-09-09_10-01-17_pruned_taxonomy_topdown_sol
6292633,9797545e-e727-43ac-a656-ad55ec94c1dd,Meningococcal Meningitis in Sub-Saharan Africa: A Model for the Epidemic Process,31,Sand and dust storms,True,,,,,False,False,"Although meningococcal epidemics occur in sub-Saharan Africa, the abstract does not study wind-driven sand or dust storms.",,0.00,0.00,2026-09-09_10-01-17_pruned_taxonomy_topdown_sol
6292633,9797545e-e727-43ac-a656-ad55ec94c1dd,Meningococcal Meningitis in Sub-Saharan Africa: A Model for the Epidemic Process,33,Wildfires,True,,,,,False,False,Wildfires or wildfire smoke are not discussed.,,0.00,0.00,2026-09-09_10-01-17_pruned_taxonomy_topdown_sol
6292633,9797545e-e727-43ac-a656-ad55ec94c1dd,Meningococcal Meningitis in Sub-Saharan Africa: A Model for the Epidemic Process,30,Floods,True,,,,,False,False,The study does not examine flooding or inundation.,,0.00,0.00,2026-09-09_10-01-17_pruned_taxonomy_topdown_sol
6292633,9797545e-e727-43ac-a656-ad55ec94c1dd,Meningococcal Meningitis in Sub-Saharan Africa: A Model for the Epidemic Process,490,Maladaptation,True,,,,,False,False,No annotation with this attribute found: reverting to default,,0.00,0.00,2026-09-09_10-01-17_pruned_taxonomy_topdown_sol
6292633,9797545e-e727-43ac-a656-ad55ec94c1dd,Meningococcal Meningitis in Sub-Saharan Africa: A Model for the Epidemic Process,487,Adaptation,True,,,,,False,False,"The study examines epidemiological mechanisms and environmental risk factors for meningitis epidemics, not measures to forecast, manage, prepare for, or adapt to climate-related hazards.",,0.00,0.00,2026-09-09_10-01-17_pruned_taxonomy_topdown_sol
6292633,9797545e-e727-43ac-a656-ad55ec94c1dd,Meningococcal Meningitis in Sub-Saharan Africa: A Model for the Epidemic Process,496,Co-Benefits,True,,,,,False,False,No annotation with this attribute found: reverting to default,,0.00,0.00,2026-09-09_10-01-17_pruned_taxonomy_topdown_sol
6292633,9797545e-e727-43ac-a656-ad55ec94c1dd,Meningococcal Meningitis in Sub-Saharan Africa: A Model for the Epidemic Process,488,Impact,True,,,,,True,True,"The study identifies low humidity, a climate variable, as a necessary environmental factor contributing to meningococcal meningitis epidemics and therefore concerns a climate-related influence on health.","the presence of additional environmental factors, such as low humidity and coincident respiratory tract infections, are also necessary for an epidemic to occur",0.00,100.00,2026-09-09_10-01-17_pruned_taxonomy_topdown_sol
6292633,9797545e-e727-43ac-a656-ad55ec94c1dd,Meningococcal Meningitis in Sub-Saharan Africa: A Model for the Epidemic Process,495,Loss and damage,True,,,,,False,False,"The study concerns epidemiological mechanisms and environmental risk factors for meningococcal meningitis epidemics, not unavoidable climate-change-related loss or damage.",,0.00,0.00,2026-09-09_10-01-17_pruned_taxonomy_topdown_sol
6292633,9797545e-e727-43ac-a656-ad55ec94c1dd,Meningococcal Meningitis in Sub-Saharan Africa: A Model for the Epidemic Process,493,Attribution,True,,,,,False,False,"Although low humidity is identified as an environmental factor, the study does not assess or establish climate change's causal contribution to the epidemics or health outcomes.",,0.00,0.00,2026-09-09_10-01-17_pruned_taxonomy_topdown_sol
6292633,9797545e-e727-43ac-a656-ad55ec94c1dd,Meningococcal Meningitis in Sub-Saharan Africa: A Model for the Epidemic Process,489,Mitigation,True,,,,,False,False,"The study does not concern greenhouse-gas emissions, fossil fuels, their harms, or strategies to reduce emissions.",,0.00,0.00,2026-09-09_10-01-17_pruned_taxonomy_topdown_sol
6292633,9797545e-e727-43ac-a656-ad55ec94c1dd,Meningococcal Meningitis in Sub-Saharan Africa: A Model for the Epidemic Process,492,Resilience,True,,,,,False,False,No annotation with this attribute found: reverting to default,,0.00,0.00,2026-09-09_10-01-17_pruned_taxonomy_topdown_sol
6292633,9797545e-e727-43ac-a656-ad55ec94c1dd,Meningococcal Meningitis in Sub-Saharan Africa: A Model for the Epidemic Process,491,Preparedness,True,,,,,False,False,No annotation with this attribute found: reverting to default,,0.00,0.00,2026-09-09_10-01-17_pruned_taxonomy_topdown_sol
6292633,9797545e-e727-43ac-a656-ad55ec94c1dd,Meningococcal Meningitis in Sub-Saharan Africa: A Model for the Epidemic Process,494,Future impact,True,,,,,False,False,The study does not project future climate-related effects using climate models or scenarios; it examines current mechanisms underlying meningococcal meningitis epidemics.,,0.00,0.00,2026-09-09_10-01-17_pruned_taxonomy_topdown_sol
6292633,9797545e-e727-43ac-a656-ad55ec94c1dd,Meningococcal Meningitis in Sub-Saharan Africa: A Model for the Epidemic Process,14,Changes in temperature,True,,,,,False,False,The study does not examine temperature conditions or warming trends.,,0.00,0.00,2026-09-09_10-01-17_pruned_taxonomy_topdown_sol
6292633,9797545e-e727-43ac-a656-ad55ec94c1dd,Meningococcal Meningitis in Sub-Saharan Africa: A Model for the Epidemic Process,9,Changes in humidity,True,,,,,True,True,Low atmospheric humidity is a central environmental risk factor discussed in relation to meningococcal meningitis epidemics.,"the presence of additional environmental factors, such as low humidity and coincident respiratory tract infections, are also necessary for an epidemic to occur",0.00,100.00,2026-09-09_10-01-17_pruned_taxonomy_topdown_sol
6292633,9797545e-e727-43ac-a656-ad55ec94c1dd,Meningococcal Meningitis in Sub-Saharan Africa: A Model for the Epidemic Process,6,(Unspecified) changes in weather,True,,,,,False,False,The study does not discuss broad or unspecified changes in weather patterns.,,0.00,0.00,2026-09-09_10-01-17_pruned_taxonomy_topdown_sol
6292633,9797545e-e727-43ac-a656-ad55ec94c1dd,Meningococcal Meningitis in Sub-Saharan Africa: A Model for the Epidemic Process,13,Changes in season length,True,,,,,False,False,No shifts in season duration or seasonal timing are examined.,,0.00,0.00,2026-09-09_10-01-17_pruned_taxonomy_topdown_sol
6292633,9797545e-e727-43ac-a656-ad55ec94c1dd,Meningococcal Meningitis in Sub-Saharan Africa: A Model for the Epidemic Process,8,Changes in glacier / snow melt,True,,,,,False,False,Glacier or snowpack melting is not discussed.,,0.00,0.00,2026-09-09_10-01-17_pruned_taxonomy_topdown_sol
6292633,9797545e-e727-43ac-a656-ad55ec94c1dd,Meningococcal Meningitis in Sub-Saharan Africa: A Model for the Epidemic Process,15,Changes in wind speed,True,,,,,False,False,The study does not examine wind patterns or wind velocity.,,0.00,0.00,2026-09-09_10-01-17_pruned_taxonomy_topdown_sol
6292633,9797545e-e727-43ac-a656-ad55ec94c1dd,Meningococcal Meningitis in Sub-Saharan Africa: A Model for the Epidemic Process,10,Changes in inland water bodies,True,,,,,False,False,"No climate-driven changes in freshwater systems, water availability, or hydrological patterns are discussed.",,0.00,0.00,2026-09-09_10-01-17_pruned_taxonomy_topdown_sol
6292633,9797545e-e727-43ac-a656-ad55ec94c1dd,Meningococcal Meningitis in Sub-Saharan Africa: A Model for the Epidemic Process,11,Changes in precipitation,True,,,,,False,False,The study does not examine changes in rainfall or snowfall.,,0.00,0.00,2026-09-09_10-01-17_pruned_taxonomy_topdown_sol
6292633,9797545e-e727-43ac-a656-ad55ec94c1dd,Meningococcal Meningitis in Sub-Saharan Africa: A Model for the Epidemic Process,16,Climate variability,True,,,,,False,False,"No fluctuations in climate conditions over months, years, or decades are analyzed.",,0.00,0.00,2026-09-09_10-01-17_pruned_taxonomy_topdown_sol
6292633,9797545e-e727-43ac-a656-ad55ec94c1dd,Meningococcal Meningitis in Sub-Saharan Africa: A Model for the Epidemic Process,7,(Unspecified) climate change,True,,,,,False,False,The study concerns environmental risk factors for epidemics but does not refer to climate change generally.,,0.00,0.00,2026-09-09_10-01-17_pruned_taxonomy_topdown_sol
6292633,9797545e-e727-43ac-a656-ad55ec94c1dd,Meningococcal Meningitis in Sub-Saharan Africa: A Model for the Epidemic Process,12,Changes in sea level,True,,,,,False,False,Sea-level rise is not discussed.,,0.00,0.00,2026-09-09_10-01-17_pruned_taxonomy_topdown_sol
6292633,9797545e-e727-43ac-a656-ad55ec94c1dd,Meningococcal Meningitis in Sub-Saharan Africa: A Model for the Epidemic Process,474,"Agriculture, fishing, and forestry (Sector)",True,,,,,False,False,"The study does not examine crop cultivation, livestock, fisheries, aquaculture, or forestry.",,0.00,0.00,2026-09-09_10-01-17_pruned_taxonomy_topdown_sol
6292633,9797545e-e727-43ac-a656-ad55ec94c1dd,Meningococcal Meningitis in Sub-Saharan Africa: A Model for the Epidemic Process,482,Military (Sector),True,,,,,False,False,"The military sector, armed forces, and defense capabilities are not subjects of the study.",,0.00,0.00,2026-09-09_10-01-17_pruned_taxonomy_topdown_sol
6292633,9797545e-e727-43ac-a656-ad55ec94c1dd,Meningococcal Meningitis in Sub-Saharan Africa: A Model for the Epidemic Process,479,Healthcare (Sector),True,,,,,False,True,"The study concerns infectious-disease epidemiology and understanding epidemic processes, which are core public health subjects.",Advances in molecular and field epidemiology have begun to elucidate the mechanisms of meningococcal meningitis epidemics.,0.00,100.00,2026-09-09_10-01-17_pruned_taxonomy_topdown_sol
6292633,9797545e-e727-43ac-a656-ad55ec94c1dd,Meningococcal Meningitis in Sub-Saharan Africa: A Model for the Epidemic Process,477,Energy and extractives (Sector),True,,,,,False,False,"Energy generation, fuels, renewable systems, and resource extraction are not examined.",,0.00,0.00,2026-09-09_10-01-17_pruned_taxonomy_topdown_sol
6292633,9797545e-e727-43ac-a656-ad55ec94c1dd,Meningococcal Meningitis in Sub-Saharan Africa: A Model for the Epidemic Process,484,Social protection (Sector),True,,,,,False,False,"The study does not address welfare services, social safety nets, or social protection systems.",,0.00,0.00,2026-09-09_10-01-17_pruned_taxonomy_topdown_sol
6292633,9797545e-e727-43ac-a656-ad55ec94c1dd,Meningococcal Meningitis in Sub-Saharan Africa: A Model for the Epidemic Process,475,Buildings / housing (Sector),True,,,,,False,False,"Buildings, housing, and construction are not subjects of the study.",,0.00,0.00,2026-09-09_10-01-17_pruned_taxonomy_topdown_sol
6292633,9797545e-e727-43ac-a656-ad55ec94c1dd,Meningococcal Meningitis in Sub-Saharan Africa: A Model for the Epidemic Process,485,Transportation (Sector),True,,,,,False,False,"The study does not examine transportation systems, infrastructure, vehicles, or logistics.",,0.00,0.00,2026-09-09_10-01-17_pruned_taxonomy_topdown_sol
6292633,9797545e-e727-43ac-a656-ad55ec94c1dd,Meningococcal Meningitis in Sub-Saharan Africa: A Model for the Epidemic Process,481,Information and communications technologies (Sector),True,,,,,False,False,"Telecommunications, information technology, and digital infrastructure are not discussed.",,0.00,0.00,2026-09-09_10-01-17_pruned_taxonomy_topdown_sol
6292633,9797545e-e727-43ac-a656-ad55ec94c1dd,Meningococcal Meningitis in Sub-Saharan Africa: A Model for the Epidemic Process,486,"Water, sanitation, and waste management (Sector)",True,,,,,False,False,"Water supply, sewage treatment, and solid-waste management are not subjects of the study.",,0.00,0.00,2026-09-09_10-01-17_pruned_taxonomy_topdown_sol
6292633,9797545e-e727-43ac-a656-ad55ec94c1dd,Meningococcal Meningitis in Sub-Saharan Africa: A Model for the Epidemic Process,478,Finance (Sector),True,,,,,False,False,"The study does not concern banking, insurance, investment, or other financial services.",,0.00,0.00,2026-09-09_10-01-17_pruned_taxonomy_topdown_sol
6292633,9797545e-e727-43ac-a656-ad55ec94c1dd,Meningococcal Meningitis in Sub-Saharan Africa: A Model for the Epidemic Process,480,"Industry, trade, and services (Sector)",True,,,,,False,False,"Manufacturing, trade, retail, and commercial services are not examined.",,0.00,0.00,2026-09-09_10-01-17_pruned_taxonomy_topdown_sol
6292633,9797545e-e727-43ac-a656-ad55ec94c1dd,Meningococcal Meningitis in Sub-Saharan Africa: A Model for the Epidemic Process,476,Education (Sector),True,,,,,False,False,Formal or informal education systems and institutions are not subjects of the study.,,0.00,0.00,2026-09-09_10-01-17_pruned_taxonomy_topdown_sol
6292633,9797545e-e727-43ac-a656-ad55ec94c1dd,Meningococcal Meningitis in Sub-Saharan Africa: A Model for the Epidemic Process,483,Public administration (Sector),True,,,,,False,False,"The operations, services, or workforce of public-administration institutions are not examined.",,0.00,0.00,2026-09-09_10-01-17_pruned_taxonomy_topdown_sol
6292633,9797545e-e727-43ac-a656-ad55ec94c1dd,Meningococcal Meningitis in Sub-Saharan Africa: A Model for the Epidemic Process,392,Mixed-methods,True,,,,,False,False,No annotation with this attribute found: reverting to default,,0.00,0.00,2026-09-09_10-01-17_pruned_taxonomy_topdown_sol
6292633,9797545e-e727-43ac-a656-ad55ec94c1dd,Meningococcal Meningitis in Sub-Saharan Africa: A Model for the Epidemic Process,394,Observational / group comparison designs,True,,,,,False,False,No annotation with this attribute found: reverting to default,,0.00,0.00,2026-09-09_10-01-17_pruned_taxonomy_topdown_sol
6292633,9797545e-e727-43ac-a656-ad55ec94c1dd,Meningococcal Meningitis in Sub-Saharan Africa: A Model for the Epidemic Process,393,Modelling / simulation,True,,,,,True,False,No annotation with this attribute found: reverting to default,,0.00,0.00,2026-09-09_10-01-17_pruned_taxonomy_topdown_sol
6292633,9797545e-e727-43ac-a656-ad55ec94c1dd,Meningococcal Meningitis in Sub-Saharan Africa: A Model for the Epidemic Process,390,(Quasi-)Experimental / single-group designs,True,,,,,False,False,No annotation with this attribute found: reverting to default,,0.00,0.00,2026-09-09_10-01-17_pruned_taxonomy_topdown_sol
6292633,9797545e-e727-43ac-a656-ad55ec94c1dd,Meningococcal Meningitis in Sub-Saharan Africa: A Model for the Epidemic Process,429,Narrative review,True,,,,,False,True,"The article provides an interpretive overview of epidemiological findings and proposed mechanisms without reporting explicit, reproducible review methods, consistent with a narrative review.",Advances in molecular and field epidemiology have begun to elucidate the mechanisms of meningococcal meningitis epidemics.,0.00,100.00,2026-09-09_10-01-17_pruned_taxonomy_topdown_sol
6292633,9797545e-e727-43ac-a656-ad55ec94c1dd,Meningococcal Meningitis in Sub-Saharan Africa: A Model for the Epidemic Process,396,Qualitative designs,True,,,,,False,False,No annotation with this attribute found: reverting to default,,0.00,0.00,2026-09-09_10-01-17_pruned_taxonomy_topdown_sol
6292633,9797545e-e727-43ac-a656-ad55ec94c1dd,Meningococcal Meningitis in Sub-Saharan Africa: A Model for the Epidemic Process,388,2. Evidence synthesis,True,,,,,False,True,"The abstract synthesizes findings and proposed mechanisms from recent epidemiological studies without describing collection or analysis of a new dataset, indicating a narrative review or literature synthesis.","Advances in molecular and field epidemiology have begun to elucidate the mechanisms of meningococcal meningitis epidemics. Epidemics result from a complex combination of host, organism, and environmental risk factors. Recent studies suggest that ""antigenic shifts"" in group A meningococcal clones may trigger an outbreak of disease",0.00,100.00,2026-09-09_10-01-17_pruned_taxonomy_topdown_sol
6292633,9797545e-e727-43ac-a656-ad55ec94c1dd,Meningococcal Meningitis in Sub-Saharan Africa: A Model for the Epidemic Process,391,Descriptive / single-group designs,True,,,,,True,False,No annotation with this attribute found: reverting to default,,0.00,0.00,2026-09-09_10-01-17_pruned_taxonomy_topdown_sol
6292633,9797545e-e727-43ac-a656-ad55ec94c1dd,Meningococcal Meningitis in Sub-Saharan Africa: A Model for the Epidemic Process,427,Health technology assessment (HTA),True,,,,,False,False,"The study does not evaluate a health technology or address clinical effectiveness, cost-effectiveness, ethical, legal, social, or organisational implications.",,0.00,0.00,2026-09-09_10-01-17_pruned_taxonomy_topdown_sol
6292633,9797545e-e727-43ac-a656-ad55ec94c1dd,Meningococcal Meningitis in Sub-Saharan Africa: A Model for the Epidemic Process,395,Observational / single-group designs,True,,,,,False,False,No annotation with this attribute found: reverting to default,,0.00,0.00,2026-09-09_10-01-17_pruned_taxonomy_topdown_sol
6292633,9797545e-e727-43ac-a656-ad55ec94c1dd,Meningococcal Meningitis in Sub-Saharan Africa: A Model for the Epidemic Process,426,Guideline (clinical or public health),True,,,,,False,False,The article does not present systematically developed recommendations for clinical or public health practice.,,0.00,0.00,2026-09-09_10-01-17_pruned_taxonomy_topdown_sol
6292633,9797545e-e727-43ac-a656-ad55ec94c1dd,Meningococcal Meningitis in Sub-Saharan Africa: A Model for the Epidemic Process,387,1. Primary research,True,,,,,True,False,"No original data collection, study sample, analytic procedure, or new primary results are described; the article instead summarizes existing epidemiological evidence.",,0.00,0.00,2026-09-09_10-01-17_pruned_taxonomy_topdown_sol
6292633,9797545e-e727-43ac-a656-ad55ec94c1dd,Meningococcal Meningitis in Sub-Saharan Africa: A Model for the Epidemic Process,430,Systematic reviews,True,,,,,False,False,"No systematic search, study-selection, appraisal, or evidence-synthesis methods are described.",,0.00,0.00,2026-09-09_10-01-17_pruned_taxonomy_topdown_sol
6292633,9797545e-e727-43ac-a656-ad55ec94c1dd,Meningococcal Meningitis in Sub-Saharan Africa: A Model for the Epidemic Process,397,Z_Other study design,True,,,,,False,False,No annotation with this attribute found: reverting to default,,0.00,0.00,2026-09-09_10-01-17_pruned_taxonomy_topdown_sol
6292633,9797545e-e727-43ac-a656-ad55ec94c1dd,Meningococcal Meningitis in Sub-Saharan Africa: A Model for the Epidemic Process,389,(Quasi-)Experimental / group comparison designs,True,,,,,False,False,No annotation with this attribute found: reverting to default,,0.00,0.00,2026-09-09_10-01-17_pruned_taxonomy_topdown_sol
6292633,9797545e-e727-43ac-a656-ad55ec94c1dd,Meningococcal Meningitis in Sub-Saharan Africa: A Model for the Epidemic Process,431,Z_Other evidence synthesis type,True,,,,,False,False,"The article is best classified as a narrative review, which is already captured by a specific category rather than other evidence synthesis.",,0.00,0.00,2026-09-09_10-01-17_pruned_taxonomy_topdown_sol
6292633,9797545e-e727-43ac-a656-ad55ec94c1dd,Meningococcal Meningitis in Sub-Saharan Africa: A Model for the Epidemic Process,428,Meta-analysis (unsystematic),True,,,,,False,False,The article does not conduct an advanced quantitative synthesis of existing studies.,,0.00,0.00,2026-09-09_10-01-17_pruned_taxonomy_topdown_sol
6292633,9797545e-e727-43ac-a656-ad55ec94c1dd,Meningococcal Meningitis in Sub-Saharan Africa: A Model for the Epidemic Process,117,"1.2. Communicable, maternal, neonatal, and nutritional mortality",True,,,,,False,False,No annotation with this attribute found: reverting to default,,0.00,0.00,2026-09-09_10-01-17_pruned_taxonomy_topdown_sol
6292633,9797545e-e727-43ac-a656-ad55ec94c1dd,Meningococcal Meningitis in Sub-Saharan Africa: A Model for the Epidemic Process,196,Chronic respiratory diseases,True,,,,,False,False,No annotation with this attribute found: reverting to default,,0.00,0.00,2026-09-09_10-01-17_pruned_taxonomy_topdown_sol
6292633,9797545e-e727-43ac-a656-ad55ec94c1dd,Meningococcal Meningitis in Sub-Saharan Africa: A Model for the Epidemic Process,201,Neoplasms,True,,,,,False,False,No annotation with this attribute found: reverting to default,,0.00,0.00,2026-09-09_10-01-17_pruned_taxonomy_topdown_sol
6292633,9797545e-e727-43ac-a656-ad55ec94c1dd,Meningococcal Meningitis in Sub-Saharan Africa: A Model for the Epidemic Process,118,1.3. Non-communicable mortality,True,,,,,False,False,No annotation with this attribute found: reverting to default,,0.00,0.00,2026-09-09_10-01-17_pruned_taxonomy_topdown_sol
6292633,9797545e-e727-43ac-a656-ad55ec94c1dd,Meningococcal Meningitis in Sub-Saharan Africa: A Model for the Epidemic Process,138,Respiratory infections and tuberculosis,True,,,,,False,False,"Respiratory tract infections are mentioned only as a contributing factor to meningococcal epidemics, not as the disease studied.",coincident respiratory tract infections,0.00,100.00,2026-09-09_10-01-17_pruned_taxonomy_topdown_sol
6292633,9797545e-e727-43ac-a656-ad55ec94c1dd,Meningococcal Meningitis in Sub-Saharan Africa: A Model for the Epidemic Process,116,1.1. Total / all-cause mortality (Outcome),True,,,,,False,False,No annotation with this attribute found: reverting to default,,0.00,0.00,2026-09-09_10-01-17_pruned_taxonomy_topdown_sol
6292633,9797545e-e727-43ac-a656-ad55ec94c1dd,Meningococcal Meningitis in Sub-Saharan Africa: A Model for the Epidemic Process,204,Skin and subcutaneous diseases,True,,,,,False,False,No annotation with this attribute found: reverting to default,,0.00,0.00,2026-09-09_10-01-17_pruned_taxonomy_topdown_sol
6292633,9797545e-e727-43ac-a656-ad55ec94c1dd,Meningococcal Meningitis in Sub-Saharan Africa: A Model for the Epidemic Process,197,Diabetes and kidney diseases,True,,,,,False,False,No annotation with this attribute found: reverting to default,,0.00,0.00,2026-09-09_10-01-17_pruned_taxonomy_topdown_sol
6292633,9797545e-e727-43ac-a656-ad55ec94c1dd,Meningococcal Meningitis in Sub-Saharan Africa: A Model for the Epidemic Process,198,Digestive diseases,True,,,,,False,False,No annotation with this attribute found: reverting to default,,0.00,0.00,2026-09-09_10-01-17_pruned_taxonomy_topdown_sol
6292633,9797545e-e727-43ac-a656-ad55ec94c1dd,Meningococcal Meningitis in Sub-Saharan Africa: A Model for the Epidemic Process,137,Nutritional deficiencies,True,,,,,False,False,The study does not concern malnutrition or macro- or micronutrient deficiencies.,,0.00,0.00,2026-09-09_10-01-17_pruned_taxonomy_topdown_sol
6292633,9797545e-e727-43ac-a656-ad55ec94c1dd,Meningococcal Meningitis in Sub-Saharan Africa: A Model for the Epidemic Process,134,HIV/AIDS and sexually transmitted infections,True,,,,,False,False,The study does not concern sexually transmitted or blood-borne infections.,,0.00,0.00,2026-09-09_10-01-17_pruned_taxonomy_topdown_sol
6292633,9797545e-e727-43ac-a656-ad55ec94c1dd,Meningococcal Meningitis in Sub-Saharan Africa: A Model for the Epidemic Process,203,Sense organ diseases,True,,,,,False,False,No annotation with this attribute found: reverting to default,,0.00,0.00,2026-09-09_10-01-17_pruned_taxonomy_topdown_sol
6292633,9797545e-e727-43ac-a656-ad55ec94c1dd,Meningococcal Meningitis in Sub-Saharan Africa: A Model for the Epidemic Process,195,Cardiovascular diseases,True,,,,,False,False,No annotation with this attribute found: reverting to default,,0.00,0.00,2026-09-09_10-01-17_pruned_taxonomy_topdown_sol
6292633,9797545e-e727-43ac-a656-ad55ec94c1dd,Meningococcal Meningitis in Sub-Saharan Africa: A Model for the Epidemic Process,289,Transport injuries,True,,,,,False,False,No annotation with this attribute found: reverting to default,,0.00,0.00,2026-09-09_10-01-17_pruned_taxonomy_topdown_sol
6292633,9797545e-e727-43ac-a656-ad55ec94c1dd,Meningococcal Meningitis in Sub-Saharan Africa: A Model for the Epidemic Process,113,"2. Communicable, maternal, neonatal, and nutritional diseases",True,,,,,True,True,"The study focuses on epidemic meningococcal meningitis, a communicable disease caused by an infectious bacterial agent.",Epidemic group A meningococcal meningitis follows a unique and distinctive pattern in sub-Saharan Africa.,0.00,100.00,2026-09-09_10-01-17_pruned_taxonomy_topdown_sol
6292633,9797545e-e727-43ac-a656-ad55ec94c1dd,Meningococcal Meningitis in Sub-Saharan Africa: A Model for the Epidemic Process,139,Z_Other infectious diseases,True,,,,,True,True,"The study focuses on epidemic meningococcal meningitis, a bacterial infectious disease classified outside the respiratory, enteric, and vector-borne categories.",Epidemic group A meningococcal meningitis follows a unique and distinctive pattern in sub-Saharan Africa.,0.00,100.00,2026-09-09_10-01-17_pruned_taxonomy_topdown_sol
6292633,9797545e-e727-43ac-a656-ad55ec94c1dd,Meningococcal Meningitis in Sub-Saharan Africa: A Model for the Epidemic Process,135,Maternal and neonatal disorders,True,,,,,False,False,"The study does not address pregnancy, childbirth, obstetric complications, or neonatal disorders.",,0.00,0.00,2026-09-09_10-01-17_pruned_taxonomy_topdown_sol
6292633,9797545e-e727-43ac-a656-ad55ec94c1dd,Meningococcal Meningitis in Sub-Saharan Africa: A Model for the Epidemic Process,202,Neurological disorders,True,,,,,False,False,No annotation with this attribute found: reverting to default,,0.00,0.00,2026-09-09_10-01-17_pruned_taxonomy_topdown_sol
6292633,9797545e-e727-43ac-a656-ad55ec94c1dd,Meningococcal Meningitis in Sub-Saharan Africa: A Model for the Epidemic Process,288,Self-harm and interpersonal violence,True,,,,,False,False,No annotation with this attribute found: reverting to default,,0.00,0.00,2026-09-09_10-01-17_pruned_taxonomy_topdown_sol
6292633,9797545e-e727-43ac-a656-ad55ec94c1dd,Meningococcal Meningitis in Sub-Saharan Africa: A Model for the Epidemic Process,206,Z_Other non-communicable diseases,True,,,,,False,False,No annotation with this attribute found: reverting to default,,0.00,0.00,2026-09-09_10-01-17_pruned_taxonomy_topdown_sol
6292633,9797545e-e727-43ac-a656-ad55ec94c1dd,Meningococcal Meningitis in Sub-Saharan Africa: A Model for the Epidemic Process,200,Musculoskeletal disorders,True,,,,,False,False,No annotation with this attribute found: reverting to default,,0.00,0.00,2026-09-09_10-01-17_pruned_taxonomy_topdown_sol
6292633,9797545e-e727-43ac-a656-ad55ec94c1dd,Meningococcal Meningitis in Sub-Saharan Africa: A Model for the Epidemic Process,133,Enteric infections,True,,,,,False,False,The study does not concern gastrointestinal infections transmitted through contaminated food or water.,,0.00,0.00,2026-09-09_10-01-17_pruned_taxonomy_topdown_sol
6292633,9797545e-e727-43ac-a656-ad55ec94c1dd,Meningococcal Meningitis in Sub-Saharan Africa: A Model for the Epidemic Process,114,3. Non-communicable diseases,True,,,,,False,False,"The study concerns an acute infectious disease rather than chronic, non-infectious conditions.",,0.00,0.00,2026-09-09_10-01-17_pruned_taxonomy_topdown_sol
6292633,9797545e-e727-43ac-a656-ad55ec94c1dd,Meningococcal Meningitis in Sub-Saharan Africa: A Model for the Epidemic Process,112,1. Mortality (Outcome),True,,,,,False,False,Mortality or death is not examined as a health outcome; the focus is on the mechanisms and risk factors underlying meningitis epidemics.,,0.00,0.00,2026-09-09_10-01-17_pruned_taxonomy_topdown_sol
6292633,9797545e-e727-43ac-a656-ad55ec94c1dd,Meningococcal Meningitis in Sub-Saharan Africa: A Model for the Epidemic Process,115,4. Injuries,True,,,,,False,False,"The study does not address bodily harm from external causes such as accidents, violence, self-harm, or conflict.",,0.00,0.00,2026-09-09_10-01-17_pruned_taxonomy_topdown_sol
6292633,9797545e-e727-43ac-a656-ad55ec94c1dd,Meningococcal Meningitis in Sub-Saharan Africa: A Model for the Epidemic Process,199,Mental disorders,True,,,,,False,False,No annotation with this attribute found: reverting to default,,0.00,0.00,2026-09-09_10-01-17_pruned_taxonomy_topdown_sol
6292633,9797545e-e727-43ac-a656-ad55ec94c1dd,Meningococcal Meningitis in Sub-Saharan Africa: A Model for the Epidemic Process,205,Substance use disorders,True,,,,,False,False,No annotation with this attribute found: reverting to default,,0.00,0.00,2026-09-09_10-01-17_pruned_taxonomy_topdown_sol
6292633,9797545e-e727-43ac-a656-ad55ec94c1dd,Meningococcal Meningitis in Sub-Saharan Africa: A Model for the Epidemic Process,136,Neglected tropical diseases and malaria,True,,,,,False,False,"Although the study is set in sub-Saharan Africa, meningococcal meningitis is not treated here as a neglected tropical disease, and the geographic setting alone is insufficient for this classification.",,0.00,0.00,2026-09-09_10-01-17_pruned_taxonomy_topdown_sol
6292633,9797545e-e727-43ac-a656-ad55ec94c1dd,Meningococcal Meningitis in Sub-Saharan Africa: A Model for the Epidemic Process,290,Unintentional injuries,True,,,,,False,False,No annotation with this attribute found: reverting to default,,0.00,0.00,2026-09-09_10-01-17_pruned_taxonomy_topdown_sol
731154288,9ae92e2c-f788-4166-ae2e-e26bb1c6134f,Machine learning to characterize and explain the fine-scale temporal variability of UHI,38,Oil,True,,,,,False,False,The study analyzes urban heat island variability and its atmospheric drivers; it does not examine oil or petroleum products.,,0.00,0.00,2026-09-09_10-01-17_pruned_taxonomy_topdown_sol
731154288,9ae92e2c-f788-4166-ae2e-e26bb1c6134f,Machine learning to characterize and explain the fine-scale temporal variability of UHI,36,Coal,True,,,,,False,False,"Coal use, combustion, emissions, or related health effects are not subjects of the study.",,0.00,0.00,2026-09-09_10-01-17_pruned_taxonomy_topdown_sol
731154288,9ae92e2c-f788-4166-ae2e-e26bb1c6134f,Machine learning to characterize and explain the fine-scale temporal variability of UHI,37,Natural gas,True,,,,,False,False,Natural gas or methane-based fuel use is not discussed or studied.,,0.00,0.00,2026-09-09_10-01-17_pruned_taxonomy_topdown_sol
731154288,9ae92e2c-f788-4166-ae2e-e26bb1c6134f,Machine learning to characterize and explain the fine-scale temporal variability of UHI,35,(Unspecified) fossil fuels,True,,,,,False,False,The abstract does not address fossil fuel use or combustion generally; pollution is mentioned only as a factor affecting atmospheric transmissivity.,,0.00,0.00,2026-09-09_10-01-17_pruned_taxonomy_topdown_sol
731154288,9ae92e2c-f788-4166-ae2e-e26bb1c6134f,Machine learning to characterize and explain the fine-scale temporal variability of UHI,21,Nitrous oxide (N₂O),True,,,,,False,False,The study does not examine nitrous oxide (N2O) emissions or exposure.,,0.00,0.00,2026-09-09_10-01-17_pruned_taxonomy_topdown_sol
731154288,9ae92e2c-f788-4166-ae2e-e26bb1c6134f,Machine learning to characterize and explain the fine-scale temporal variability of UHI,17,(Unspecified) greenhouse gases,True,,,,,False,False,Greenhouse gases as a collective category are not a subject of the study; it focuses on urban heat-island variability.,,0.00,0.00,2026-09-09_10-01-17_pruned_taxonomy_topdown_sol
731154288,9ae92e2c-f788-4166-ae2e-e26bb1c6134f,Machine learning to characterize and explain the fine-scale temporal variability of UHI,24,Tropospheric ozone (O₃),True,,,,,False,False,Ground-level ozone is not specifically identified or analyzed; the generic mention of pollution is insufficient.,,0.00,0.00,2026-09-09_10-01-17_pruned_taxonomy_topdown_sol
731154288,9ae92e2c-f788-4166-ae2e-e26bb1c6134f,Machine learning to characterize and explain the fine-scale temporal variability of UHI,18,Carbon dioxide (CO₂),True,,,,,False,False,"Carbon dioxide is not discussed as an exposure, driver, or outcome.",,0.00,0.00,2026-09-09_10-01-17_pruned_taxonomy_topdown_sol
731154288,9ae92e2c-f788-4166-ae2e-e26bb1c6134f,Machine learning to characterize and explain the fine-scale temporal variability of UHI,23,Particulate matter (PM10) / fine particulate matter (PM2.5) / black/organic carbon / sulfate/nitrate aerosols,True,,,,,False,False,Particulate matter (PM10 or PM2.5) is not specifically examined; pollution is mentioned only generically as affecting atmospheric transmissivity.,,0.00,0.00,2026-09-09_10-01-17_pruned_taxonomy_topdown_sol
731154288,9ae92e2c-f788-4166-ae2e-e26bb1c6134f,Machine learning to characterize and explain the fine-scale temporal variability of UHI,20,Methane (CH₄),True,,,,,False,False,Methane is not discussed in the study.,,0.00,0.00,2026-09-09_10-01-17_pruned_taxonomy_topdown_sol
731154288,9ae92e2c-f788-4166-ae2e-e26bb1c6134f,Machine learning to characterize and explain the fine-scale temporal variability of UHI,22,Ozone-depleting substances / chlorofluorocarbons / hydrochlorofluorocarbons / halons / carbon tetrachloride / methyl chloroform,True,,,,,False,False,Ozone-depleting substances are not discussed or analyzed.,,0.00,0.00,2026-09-09_10-01-17_pruned_taxonomy_topdown_sol
731154288,9ae92e2c-f788-4166-ae2e-e26bb1c6134f,Machine learning to characterize and explain the fine-scale temporal variability of UHI,19,Fluorinated gases / hydrofluorocarbons / perfluorocarbons / sulfur hexafluoride / nitrogen trifluoride,True,,,,,False,False,Synthetic fluorinated greenhouse gases are not discussed in the study.,,0.00,0.00,2026-09-09_10-01-17_pruned_taxonomy_topdown_sol
731154288,9ae92e2c-f788-4166-ae2e-e26bb1c6134f,Machine learning to characterize and explain the fine-scale temporal variability of UHI,29,Extreme snow/ice events,True,,,,,False,False,"The study does not examine snow, ice, freezing rain, or related winter hazards.",,0.00,0.00,2026-09-09_10-01-17_pruned_taxonomy_topdown_sol
731154288,9ae92e2c-f788-4166-ae2e-e26bb1c6134f,Machine learning to characterize and explain the fine-scale temporal variability of UHI,34,Z_(Unspecified) extreme weather events,True,,,,,False,False,The relevant extreme is specifically identified as regional heatwaves rather than unspecified extreme weather.,,0.00,0.00,2026-09-09_10-01-17_pruned_taxonomy_topdown_sol
731154288,9ae92e2c-f788-4166-ae2e-e26bb1c6134f,Machine learning to characterize and explain the fine-scale temporal variability of UHI,28,Extreme precipitation,True,,,,,False,False,The study does not focus on unusually intense or prolonged precipitation.,,0.00,0.00,2026-09-09_10-01-17_pruned_taxonomy_topdown_sol
731154288,9ae92e2c-f788-4166-ae2e-e26bb1c6134f,Machine learning to characterize and explain the fine-scale temporal variability of UHI,25,Droughts,True,,,,,False,False,Drought or prolonged water deficit is not a subject of the study.,,0.00,0.00,2026-09-09_10-01-17_pruned_taxonomy_topdown_sol
731154288,9ae92e2c-f788-4166-ae2e-e26bb1c6134f,Machine learning to characterize and explain the fine-scale temporal variability of UHI,26,Extreme cold,True,,,,,False,False,"The study concerns urban overheating, not episodes of abnormally low temperature.",,0.00,0.00,2026-09-09_10-01-17_pruned_taxonomy_topdown_sol
731154288,9ae92e2c-f788-4166-ae2e-e26bb1c6134f,Machine learning to characterize and explain the fine-scale temporal variability of UHI,32,Storms and severe wind,True,,,,,False,False,"Cyclones, hurricanes, severe thunderstorms, hailstorms, and similar storm events are not studied.",,0.00,0.00,2026-09-09_10-01-17_pruned_taxonomy_topdown_sol
731154288,9ae92e2c-f788-4166-ae2e-e26bb1c6134f,Machine learning to characterize and explain the fine-scale temporal variability of UHI,27,Extreme heat,True,,,,,True,True,"The study examines urban overheating and explicitly situates its health impacts during regional heatwaves, making extreme heat a central subject.",health and other impacts of urban overheating tend to be concentrated during regional heatwaves,0.00,100.00,2026-09-09_10-01-17_pruned_taxonomy_topdown_sol
731154288,9ae92e2c-f788-4166-ae2e-e26bb1c6134f,Machine learning to characterize and explain the fine-scale temporal variability of UHI,31,Sand and dust storms,True,,,,,False,False,Sand and dust storms are not examined.,,0.00,0.00,2026-09-09_10-01-17_pruned_taxonomy_topdown_sol
731154288,9ae92e2c-f788-4166-ae2e-e26bb1c6134f,Machine learning to characterize and explain the fine-scale temporal variability of UHI,33,Wildfires,True,,,,,False,False,Wildfires and wildfire smoke are not subjects of the study.,,0.00,0.00,2026-09-09_10-01-17_pruned_taxonomy_topdown_sol
731154288,9ae92e2c-f788-4166-ae2e-e26bb1c6134f,Machine learning to characterize and explain the fine-scale temporal variability of UHI,30,Floods,True,,,,,False,False,The study does not address temporary inundation or any type of flooding.,,0.00,0.00,2026-09-09_10-01-17_pruned_taxonomy_topdown_sol
731154288,9ae92e2c-f788-4166-ae2e-e26bb1c6134f,Machine learning to characterize and explain the fine-scale temporal variability of UHI,490,Maladaptation,True,,,,,False,False,The study does not examine adaptation interventions or unintended harmful consequences of adaptation.,,0.00,0.00,2026-09-09_10-01-17_pruned_taxonomy_topdown_sol
731154288,9ae92e2c-f788-4166-ae2e-e26bb1c6134f,Machine learning to characterize and explain the fine-scale temporal variability of UHI,487,Adaptation,True,,,,,False,True,"The study analyzes fine-scale urban heat variability to support targeted management of heat-related impacts, which constitutes climate adaptation and risk management.","mitigation of these impacts thus also needs to focus on their hot spots and spells, rather than climatic averages.",0.00,100.00,2026-09-09_10-01-17_pruned_taxonomy_topdown_sol
731154288,9ae92e2c-f788-4166-ae2e-e26bb1c6134f,Machine learning to characterize and explain the fine-scale temporal variability of UHI,496,Co-Benefits,True,,,,,False,False,No annotation with this attribute found: reverting to default,,0.00,0.00,2026-09-09_10-01-17_pruned_taxonomy_topdown_sol
731154288,9ae92e2c-f788-4166-ae2e-e26bb1c6134f,Machine learning to characterize and explain the fine-scale temporal variability of UHI,488,Impact,True,,,,,True,True,"The study characterizes the temporal and spatial variability of urban overheating, a climate-related heat hazard associated with concentrated health impacts.",health and other impacts of urban overheating tend to be concentrated during regional heatwaves and in specific neighborhoods,0.00,100.00,2026-09-09_10-01-17_pruned_taxonomy_topdown_sol
731154288,9ae92e2c-f788-4166-ae2e-e26bb1c6134f,Machine learning to characterize and explain the fine-scale temporal variability of UHI,495,Loss and damage,True,,,,,False,False,The study does not address unavoidable or irreversible climate-related losses and damages.,,0.00,0.00,2026-09-09_10-01-17_pruned_taxonomy_topdown_sol
731154288,9ae92e2c-f788-4166-ae2e-e26bb1c6134f,Machine learning to characterize and explain the fine-scale temporal variability of UHI,493,Attribution,True,,,,,False,False,"Although it uses the term 'attribution analysis,' the analysis attributes short-term urban heat island variability to atmospheric factors; it does not establish the causal contribution of climate change to observed events or health outcomes.",,0.00,0.00,2026-09-09_10-01-17_pruned_taxonomy_topdown_sol
731154288,9ae92e2c-f788-4166-ae2e-e26bb1c6134f,Machine learning to characterize and explain the fine-scale temporal variability of UHI,489,Mitigation,True,,,,,False,False,"The study does not concern greenhouse-gas emissions, fossil fuels, or measures intended to reduce emissions. Its use of “mitigation” refers to reducing heat impacts rather than mitigating climate change.",,0.00,0.00,2026-09-09_10-01-17_pruned_taxonomy_topdown_sol
731154288,9ae92e2c-f788-4166-ae2e-e26bb1c6134f,Machine learning to characterize and explain the fine-scale temporal variability of UHI,492,Resilience,True,,,,,False,False,"Resilience or the capacity to withstand, recover from, or adapt to climate-related shocks is not a subject or outcome of the study.",,0.00,0.00,2026-09-09_10-01-17_pruned_taxonomy_topdown_sol
731154288,9ae92e2c-f788-4166-ae2e-e26bb1c6134f,Machine learning to characterize and explain the fine-scale temporal variability of UHI,491,Preparedness,True,,,,,False,False,"The study analyzes fine-scale urban heat island variability and its atmospheric drivers rather than advance planning, capacity development, or implementation of preparedness measures.",,0.00,0.00,2026-09-09_10-01-17_pruned_taxonomy_topdown_sol
731154288,9ae92e2c-f788-4166-ae2e-e26bb1c6134f,Machine learning to characterize and explain the fine-scale temporal variability of UHI,494,Future impact,True,,,,,False,False,The analysis uses 20 years of observed temperature data and does not project future climate-related effects through modelling or scenario analysis.,,0.00,0.00,2026-09-09_10-01-17_pruned_taxonomy_topdown_sol
731154288,9ae92e2c-f788-4166-ae2e-e26bb1c6134f,Machine learning to characterize and explain the fine-scale temporal variability of UHI,14,Changes in temperature,True,,,,,True,True,"The study focuses on air-temperature conditions, urban overheating, and heatwaves, including their implications for health.",health and other impacts of urban overheating tend to be concentrated during regional heatwaves,0.00,100.00,2026-09-09_10-01-17_pruned_taxonomy_topdown_sol
731154288,9ae92e2c-f788-4166-ae2e-e26bb1c6134f,Machine learning to characterize and explain the fine-scale temporal variability of UHI,9,Changes in humidity,True,,,,,False,False,Atmospheric moisture or humidity is not studied.,,0.00,0.00,2026-09-09_10-01-17_pruned_taxonomy_topdown_sol
731154288,9ae92e2c-f788-4166-ae2e-e26bb1c6134f,Machine learning to characterize and explain the fine-scale temporal variability of UHI,6,(Unspecified) changes in weather,True,,,,,False,False,The study examines the specific variable of air temperature rather than weather patterns in general.,,0.00,0.00,2026-09-09_10-01-17_pruned_taxonomy_topdown_sol
731154288,9ae92e2c-f788-4166-ae2e-e26bb1c6134f,Machine learning to characterize and explain the fine-scale temporal variability of UHI,13,Changes in season length,True,,,,,False,False,No changes in seasonal duration or timing are examined.,,0.00,0.00,2026-09-09_10-01-17_pruned_taxonomy_topdown_sol
731154288,9ae92e2c-f788-4166-ae2e-e26bb1c6134f,Machine learning to characterize and explain the fine-scale temporal variability of UHI,8,Changes in glacier / snow melt,True,,,,,False,False,Glacier or snowpack melting is not discussed.,,0.00,0.00,2026-09-09_10-01-17_pruned_taxonomy_topdown_sol
731154288,9ae92e2c-f788-4166-ae2e-e26bb1c6134f,Machine learning to characterize and explain the fine-scale temporal variability of UHI,15,Changes in wind speed,True,,,,,False,False,Changes in wind patterns or velocity are not a subject of the study.,,0.00,0.00,2026-09-09_10-01-17_pruned_taxonomy_topdown_sol
731154288,9ae92e2c-f788-4166-ae2e-e26bb1c6134f,Machine learning to characterize and explain the fine-scale temporal variability of UHI,10,Changes in inland water bodies,True,,,,,False,False,"Freshwater availability, water levels, and hydrological changes are not examined.",,0.00,0.00,2026-09-09_10-01-17_pruned_taxonomy_topdown_sol
731154288,9ae92e2c-f788-4166-ae2e-e26bb1c6134f,Machine learning to characterize and explain the fine-scale temporal variability of UHI,11,Changes in precipitation,True,,,,,False,False,Changes in rainfall or snowfall are not studied.,,0.00,0.00,2026-09-09_10-01-17_pruned_taxonomy_topdown_sol
731154288,9ae92e2c-f788-4166-ae2e-e26bb1c6134f,Machine learning to characterize and explain the fine-scale temporal variability of UHI,16,Climate variability,True,,,,,False,False,"The variability analyzed is predominantly hourly to daily variability in the urban heat-island signal, rather than climate variability over months, years, or decades.",the temporal variability of their signal hints at significant meso-to-synoptic scale dynamics over periods ranging from hours to days,0.00,100.00,2026-09-09_10-01-17_pruned_taxonomy_topdown_sol
731154288,9ae92e2c-f788-4166-ae2e-e26bb1c6134f,Machine learning to characterize and explain the fine-scale temporal variability of UHI,7,(Unspecified) climate change,True,,,,,False,False,The study does not address climate change generically; it specifically analyzes short-term variability in Phoenix's urban heat-island temperature signal.,,0.00,0.00,2026-09-09_10-01-17_pruned_taxonomy_topdown_sol
731154288,9ae92e2c-f788-4166-ae2e-e26bb1c6134f,Machine learning to characterize and explain the fine-scale temporal variability of UHI,12,Changes in sea level,True,,,,,False,False,Sea-level rise is not discussed.,,0.00,0.00,2026-09-09_10-01-17_pruned_taxonomy_topdown_sol
731154288,9ae92e2c-f788-4166-ae2e-e26bb1c6134f,Machine learning to characterize and explain the fine-scale temporal variability of UHI,474,"Agriculture, fishing, and forestry (Sector)",True,,,,,False,False,"The study does not examine agriculture, livestock, fisheries, aquaculture, or forestry.",,0.00,0.00,2026-09-09_10-01-17_pruned_taxonomy_topdown_sol
731154288,9ae92e2c-f788-4166-ae2e-e26bb1c6134f,Machine learning to characterize and explain the fine-scale temporal variability of UHI,482,Military (Sector),True,,,,,False,False,The military sector is not a subject of the study.,,0.00,0.00,2026-09-09_10-01-17_pruned_taxonomy_topdown_sol
731154288,9ae92e2c-f788-4166-ae2e-e26bb1c6134f,Machine learning to characterize and explain the fine-scale temporal variability of UHI,479,Healthcare (Sector),True,,,,,False,False,"Health impacts are mentioned as motivation, but healthcare services, public health delivery, and health infrastructure are not examined.",health and other impacts of urban overheating tend to be concentrated during regional heatwaves and in specific neighborhoods,0.00,100.00,2026-09-09_10-01-17_pruned_taxonomy_topdown_sol
731154288,9ae92e2c-f788-4166-ae2e-e26bb1c6134f,Machine learning to characterize and explain the fine-scale temporal variability of UHI,477,Energy and extractives (Sector),True,,,,,False,False,"The study does not examine electricity, fuels, renewable energy, or resource extraction.",,0.00,0.00,2026-09-09_10-01-17_pruned_taxonomy_topdown_sol
731154288,9ae92e2c-f788-4166-ae2e-e26bb1c6134f,Machine learning to characterize and explain the fine-scale temporal variability of UHI,484,Social protection (Sector),True,,,,,False,False,"Social protection, welfare services, and safety-net systems are not studied.",,0.00,0.00,2026-09-09_10-01-17_pruned_taxonomy_topdown_sol
731154288,9ae92e2c-f788-4166-ae2e-e26bb1c6134f,Machine learning to characterize and explain the fine-scale temporal variability of UHI,475,Buildings / housing (Sector),True,,,,,False,False,"Although the setting is urban, the study does not examine buildings, housing provision, or construction as a sector.",,0.00,0.00,2026-09-09_10-01-17_pruned_taxonomy_topdown_sol
731154288,9ae92e2c-f788-4166-ae2e-e26bb1c6134f,Machine learning to characterize and explain the fine-scale temporal variability of UHI,485,Transportation (Sector),True,,,,,False,False,"Transport systems, vehicles, infrastructure, and logistics are not subjects of the analysis.",,0.00,0.00,2026-09-09_10-01-17_pruned_taxonomy_topdown_sol
731154288,9ae92e2c-f788-4166-ae2e-e26bb1c6134f,Machine learning to characterize and explain the fine-scale temporal variability of UHI,481,Information and communications technologies (Sector),True,,,,,False,False,"Telecommunications, digital infrastructure, and information technology are not examined as a sector.",,0.00,0.00,2026-09-09_10-01-17_pruned_taxonomy_topdown_sol
731154288,9ae92e2c-f788-4166-ae2e-e26bb1c6134f,Machine learning to characterize and explain the fine-scale temporal variability of UHI,486,"Water, sanitation, and waste management (Sector)",True,,,,,False,False,"Water supply, sewage treatment, and solid-waste management are not studied.",,0.00,0.00,2026-09-09_10-01-17_pruned_taxonomy_topdown_sol
731154288,9ae92e2c-f788-4166-ae2e-e26bb1c6134f,Machine learning to characterize and explain the fine-scale temporal variability of UHI,478,Finance (Sector),True,,,,,False,False,"Banking, insurance, investment, and finance mechanisms are not discussed.",,0.00,0.00,2026-09-09_10-01-17_pruned_taxonomy_topdown_sol
731154288,9ae92e2c-f788-4166-ae2e-e26bb1c6134f,Machine learning to characterize and explain the fine-scale temporal variability of UHI,480,"Industry, trade, and services (Sector)",True,,,,,False,False,"Manufacturing, trade, retail, and commercial services are not subjects of the study.",,0.00,0.00,2026-09-09_10-01-17_pruned_taxonomy_topdown_sol
731154288,9ae92e2c-f788-4166-ae2e-e26bb1c6134f,Machine learning to characterize and explain the fine-scale temporal variability of UHI,476,Education (Sector),True,,,,,False,False,Formal or informal education systems and institutions are not examined.,,0.00,0.00,2026-09-09_10-01-17_pruned_taxonomy_topdown_sol
731154288,9ae92e2c-f788-4166-ae2e-e26bb1c6134f,Machine learning to characterize and explain the fine-scale temporal variability of UHI,483,Public administration (Sector),True,,,,,False,False,"NOAA data are used, but the operations, services, or workforce of public administration are not a subject of the study.",using 20 years of data from the NOAA ASOS stations,0.00,100.00,2026-09-09_10-01-17_pruned_taxonomy_topdown_sol
731154288,9ae92e2c-f788-4166-ae2e-e26bb1c6134f,Machine learning to characterize and explain the fine-scale temporal variability of UHI,392,Mixed-methods,True,,,,,False,False,The study uses quantitative temperature and atmospheric data only; no qualitative component is described.,,0.00,0.00,2026-09-09_10-01-17_pruned_taxonomy_topdown_sol
731154288,9ae92e2c-f788-4166-ae2e-e26bb1c6134f,Machine learning to characterize and explain the fine-scale temporal variability of UHI,394,Observational / group comparison designs,True,,,,,False,False,It does not compare health outcomes across groups defined by exposure status.,,0.00,0.00,2026-09-09_10-01-17_pruned_taxonomy_topdown_sol
731154288,9ae92e2c-f788-4166-ae2e-e26bb1c6134f,Machine learning to characterize and explain the fine-scale temporal variability of UHI,393,Modelling / simulation,True,,,,,False,False,"Although a machine-learning method is used for attribution, the study primarily analyzes observed historical data rather than simulating systems, projecting future outcomes, or estimating scenario-based impacts.","Attribution analysis using gradient boosting identifies atmospheric transmissivity (clouds, pollution) as the primary driver of variability at these finer scales.",0.00,100.00,2026-09-09_10-01-17_pruned_taxonomy_topdown_sol
731154288,9ae92e2c-f788-4166-ae2e-e26bb1c6134f,Machine learning to characterize and explain the fine-scale temporal variability of UHI,390,(Quasi-)Experimental / single-group designs,True,,,,,False,False,No intervention is applied to a single group.,,0.00,0.00,2026-09-09_10-01-17_pruned_taxonomy_topdown_sol
731154288,9ae92e2c-f788-4166-ae2e-e26bb1c6134f,Machine learning to characterize and explain the fine-scale temporal variability of UHI,429,Narrative review,True,,,,,False,False,No annotation with this attribute found: reverting to default,,0.00,0.00,2026-09-09_10-01-17_pruned_taxonomy_topdown_sol
731154288,9ae92e2c-f788-4166-ae2e-e26bb1c6134f,Machine learning to characterize and explain the fine-scale temporal variability of UHI,396,Qualitative designs,True,,,,,False,False,No qualitative data collection or analysis is reported.,,0.00,0.00,2026-09-09_10-01-17_pruned_taxonomy_topdown_sol
731154288,9ae92e2c-f788-4166-ae2e-e26bb1c6134f,Machine learning to characterize and explain the fine-scale temporal variability of UHI,388,2. Evidence synthesis,True,,,,,False,False,The study does not review or synthesize prior literature; it directly analyzes observational air-temperature data.,,0.00,0.00,2026-09-09_10-01-17_pruned_taxonomy_topdown_sol
731154288,9ae92e2c-f788-4166-ae2e-e26bb1c6134f,Machine learning to characterize and explain the fine-scale temporal variability of UHI,391,Descriptive / single-group designs,True,,,,,False,True,The study describes the distribution and temporal characteristics of the urban heat-island signal in Phoenix without manipulating an exposure or intervention.,"The probability density function of the UHI signal shows significant variability around the mean, with peaks around 12ºC while the mean is only around 2ºC.",0.00,100.00,2026-09-09_10-01-17_pruned_taxonomy_topdown_sol
731154288,9ae92e2c-f788-4166-ae2e-e26bb1c6134f,Machine learning to characterize and explain the fine-scale temporal variability of UHI,427,Health technology assessment (HTA),True,,,,,False,False,No annotation with this attribute found: reverting to default,,0.00,0.00,2026-09-09_10-01-17_pruned_taxonomy_topdown_sol
731154288,9ae92e2c-f788-4166-ae2e-e26bb1c6134f,Machine learning to characterize and explain the fine-scale temporal variability of UHI,395,Observational / single-group designs,True,,,,,True,True,It analyzes temporal patterns in one geographic setting over 20 years without a concurrent comparison group.,"we analyze air temperature data from Phoenix, focusing on the UHI signal at hourly and daily scales using 20 years of data from the NOAA ASOS stations.",0.00,100.00,2026-09-09_10-01-17_pruned_taxonomy_topdown_sol
731154288,9ae92e2c-f788-4166-ae2e-e26bb1c6134f,Machine learning to characterize and explain the fine-scale temporal variability of UHI,426,Guideline (clinical or public health),True,,,,,False,False,No annotation with this attribute found: reverting to default,,0.00,0.00,2026-09-09_10-01-17_pruned_taxonomy_topdown_sol
731154288,9ae92e2c-f788-4166-ae2e-e26bb1c6134f,Machine learning to characterize and explain the fine-scale temporal variability of UHI,387,1. Primary research,True,,,,,True,True,"This is original empirical research using station observations, time-series and spectral analyses, and gradient boosting to investigate urban heat-island variability and its drivers.","In this talk, we analyze air temperature data from Phoenix, focusing on the UHI signal at hourly and daily scales using 20 years of data from the NOAA ASOS stations.",0.00,100.00,2026-09-09_10-01-17_pruned_taxonomy_topdown_sol
731154288,9ae92e2c-f788-4166-ae2e-e26bb1c6134f,Machine learning to characterize and explain the fine-scale temporal variability of UHI,430,Systematic reviews,True,,,,,False,False,No annotation with this attribute found: reverting to default,,0.00,0.00,2026-09-09_10-01-17_pruned_taxonomy_topdown_sol
731154288,9ae92e2c-f788-4166-ae2e-e26bb1c6134f,Machine learning to characterize and explain the fine-scale temporal variability of UHI,397,Z_Other study design,True,,,,,False,False,The research is captured by descriptive and single-group longitudinal observational design categories.,,0.00,0.00,2026-09-09_10-01-17_pruned_taxonomy_topdown_sol
731154288,9ae92e2c-f788-4166-ae2e-e26bb1c6134f,Machine learning to characterize and explain the fine-scale temporal variability of UHI,389,(Quasi-)Experimental / group comparison designs,True,,,,,False,False,There is no intervention group or control/comparison group.,,0.00,0.00,2026-09-09_10-01-17_pruned_taxonomy_topdown_sol
731154288,9ae92e2c-f788-4166-ae2e-e26bb1c6134f,Machine learning to characterize and explain the fine-scale temporal variability of UHI,431,Z_Other evidence synthesis type,True,,,,,False,False,No annotation with this attribute found: reverting to default,,0.00,0.00,2026-09-09_10-01-17_pruned_taxonomy_topdown_sol
731154288,9ae92e2c-f788-4166-ae2e-e26bb1c6134f,Machine learning to characterize and explain the fine-scale temporal variability of UHI,428,Meta-analysis (unsystematic),True,,,,,False,False,No annotation with this attribute found: reverting to default,,0.00,0.00,2026-09-09_10-01-17_pruned_taxonomy_topdown_sol
731154288,9ae92e2c-f788-4166-ae2e-e26bb1c6134f,Machine learning to characterize and explain the fine-scale temporal variability of UHI,117,"1.2. Communicable, maternal, neonatal, and nutritional mortality",True,,,,,False,False,No annotation with this attribute found: reverting to default,,0.00,0.00,2026-09-09_10-01-17_pruned_taxonomy_topdown_sol
731154288,9ae92e2c-f788-4166-ae2e-e26bb1c6134f,Machine learning to characterize and explain the fine-scale temporal variability of UHI,196,Chronic respiratory diseases,True,,,,,False,False,No annotation with this attribute found: reverting to default,,0.00,0.00,2026-09-09_10-01-17_pruned_taxonomy_topdown_sol
731154288,9ae92e2c-f788-4166-ae2e-e26bb1c6134f,Machine learning to characterize and explain the fine-scale temporal variability of UHI,201,Neoplasms,True,,,,,False,False,No annotation with this attribute found: reverting to default,,0.00,0.00,2026-09-09_10-01-17_pruned_taxonomy_topdown_sol
731154288,9ae92e2c-f788-4166-ae2e-e26bb1c6134f,Machine learning to characterize and explain the fine-scale temporal variability of UHI,118,1.3. Non-communicable mortality,True,,,,,False,False,No annotation with this attribute found: reverting to default,,0.00,0.00,2026-09-09_10-01-17_pruned_taxonomy_topdown_sol
731154288,9ae92e2c-f788-4166-ae2e-e26bb1c6134f,Machine learning to characterize and explain the fine-scale temporal variability of UHI,138,Respiratory infections and tuberculosis,True,,,,,False,False,No annotation with this attribute found: reverting to default,,0.00,0.00,2026-09-09_10-01-17_pruned_taxonomy_topdown_sol
731154288,9ae92e2c-f788-4166-ae2e-e26bb1c6134f,Machine learning to characterize and explain the fine-scale temporal variability of UHI,116,1.1. Total / all-cause mortality (Outcome),True,,,,,False,False,No annotation with this attribute found: reverting to default,,0.00,0.00,2026-09-09_10-01-17_pruned_taxonomy_topdown_sol
731154288,9ae92e2c-f788-4166-ae2e-e26bb1c6134f,Machine learning to characterize and explain the fine-scale temporal variability of UHI,204,Skin and subcutaneous diseases,True,,,,,False,False,No annotation with this attribute found: reverting to default,,0.00,0.00,2026-09-09_10-01-17_pruned_taxonomy_topdown_sol
731154288,9ae92e2c-f788-4166-ae2e-e26bb1c6134f,Machine learning to characterize and explain the fine-scale temporal variability of UHI,197,Diabetes and kidney diseases,True,,,,,False,False,No annotation with this attribute found: reverting to default,,0.00,0.00,2026-09-09_10-01-17_pruned_taxonomy_topdown_sol
731154288,9ae92e2c-f788-4166-ae2e-e26bb1c6134f,Machine learning to characterize and explain the fine-scale temporal variability of UHI,198,Digestive diseases,True,,,,,False,False,No annotation with this attribute found: reverting to default,,0.00,0.00,2026-09-09_10-01-17_pruned_taxonomy_topdown_sol
731154288,9ae92e2c-f788-4166-ae2e-e26bb1c6134f,Machine learning to characterize and explain the fine-scale temporal variability of UHI,137,Nutritional deficiencies,True,,,,,False,False,No annotation with this attribute found: reverting to default,,0.00,0.00,2026-09-09_10-01-17_pruned_taxonomy_topdown_sol
731154288,9ae92e2c-f788-4166-ae2e-e26bb1c6134f,Machine learning to characterize and explain the fine-scale temporal variability of UHI,134,HIV/AIDS and sexually transmitted infections,True,,,,,False,False,No annotation with this attribute found: reverting to default,,0.00,0.00,2026-09-09_10-01-17_pruned_taxonomy_topdown_sol
731154288,9ae92e2c-f788-4166-ae2e-e26bb1c6134f,Machine learning to characterize and explain the fine-scale temporal variability of UHI,203,Sense organ diseases,True,,,,,False,False,No annotation with this attribute found: reverting to default,,0.00,0.00,2026-09-09_10-01-17_pruned_taxonomy_topdown_sol
731154288,9ae92e2c-f788-4166-ae2e-e26bb1c6134f,Machine learning to characterize and explain the fine-scale temporal variability of UHI,195,Cardiovascular diseases,True,,,,,False,False,No annotation with this attribute found: reverting to default,,0.00,0.00,2026-09-09_10-01-17_pruned_taxonomy_topdown_sol
731154288,9ae92e2c-f788-4166-ae2e-e26bb1c6134f,Machine learning to characterize and explain the fine-scale temporal variability of UHI,289,Transport injuries,True,,,,,False,False,No annotation with this attribute found: reverting to default,,0.00,0.00,2026-09-09_10-01-17_pruned_taxonomy_topdown_sol
731154288,9ae92e2c-f788-4166-ae2e-e26bb1c6134f,Machine learning to characterize and explain the fine-scale temporal variability of UHI,113,"2. Communicable, maternal, neonatal, and nutritional diseases",True,,,,,False,False,"The study analyzes urban heat island variability and atmospheric drivers, not communicable, maternal, neonatal, or nutritional diseases.",,0.00,0.00,2026-09-09_10-01-17_pruned_taxonomy_topdown_sol
731154288,9ae92e2c-f788-4166-ae2e-e26bb1c6134f,Machine learning to characterize and explain the fine-scale temporal variability of UHI,139,Z_Other infectious diseases,True,,,,,False,False,No annotation with this attribute found: reverting to default,,0.00,0.00,2026-09-09_10-01-17_pruned_taxonomy_topdown_sol
731154288,9ae92e2c-f788-4166-ae2e-e26bb1c6134f,Machine learning to characterize and explain the fine-scale temporal variability of UHI,135,Maternal and neonatal disorders,True,,,,,False,False,No annotation with this attribute found: reverting to default,,0.00,0.00,2026-09-09_10-01-17_pruned_taxonomy_topdown_sol
731154288,9ae92e2c-f788-4166-ae2e-e26bb1c6134f,Machine learning to characterize and explain the fine-scale temporal variability of UHI,202,Neurological disorders,True,,,,,False,False,No annotation with this attribute found: reverting to default,,0.00,0.00,2026-09-09_10-01-17_pruned_taxonomy_topdown_sol
731154288,9ae92e2c-f788-4166-ae2e-e26bb1c6134f,Machine learning to characterize and explain the fine-scale temporal variability of UHI,288,Self-harm and interpersonal violence,True,,,,,False,False,No annotation with this attribute found: reverting to default,,0.00,0.00,2026-09-09_10-01-17_pruned_taxonomy_topdown_sol
731154288,9ae92e2c-f788-4166-ae2e-e26bb1c6134f,Machine learning to characterize and explain the fine-scale temporal variability of UHI,206,Z_Other non-communicable diseases,True,,,,,False,False,No annotation with this attribute found: reverting to default,,0.00,0.00,2026-09-09_10-01-17_pruned_taxonomy_topdown_sol
731154288,9ae92e2c-f788-4166-ae2e-e26bb1c6134f,Machine learning to characterize and explain the fine-scale temporal variability of UHI,200,Musculoskeletal disorders,True,,,,,False,False,No annotation with this attribute found: reverting to default,,0.00,0.00,2026-09-09_10-01-17_pruned_taxonomy_topdown_sol
731154288,9ae92e2c-f788-4166-ae2e-e26bb1c6134f,Machine learning to characterize and explain the fine-scale temporal variability of UHI,133,Enteric infections,True,,,,,False,False,No annotation with this attribute found: reverting to default,,0.00,0.00,2026-09-09_10-01-17_pruned_taxonomy_topdown_sol
731154288,9ae92e2c-f788-4166-ae2e-e26bb1c6134f,Machine learning to characterize and explain the fine-scale temporal variability of UHI,114,3. Non-communicable diseases,True,,,,,False,False,No chronic non-infectious disease is investigated as an outcome or substantive focus.,,0.00,0.00,2026-09-09_10-01-17_pruned_taxonomy_topdown_sol
731154288,9ae92e2c-f788-4166-ae2e-e26bb1c6134f,Machine learning to characterize and explain the fine-scale temporal variability of UHI,112,1. Mortality (Outcome),True,,,,,False,False,"Mortality is not measured, classified, or analyzed; health impacts are mentioned only generally.",,0.00,0.00,2026-09-09_10-01-17_pruned_taxonomy_topdown_sol
731154288,9ae92e2c-f788-4166-ae2e-e26bb1c6134f,Machine learning to characterize and explain the fine-scale temporal variability of UHI,115,4. Injuries,True,,,,,False,False,The study does not examine physical injuries or external causes of bodily harm.,,0.00,0.00,2026-09-09_10-01-17_pruned_taxonomy_topdown_sol
731154288,9ae92e2c-f788-4166-ae2e-e26bb1c6134f,Machine learning to characterize and explain the fine-scale temporal variability of UHI,199,Mental disorders,True,,,,,False,False,No annotation with this attribute found: reverting to default,,0.00,0.00,2026-09-09_10-01-17_pruned_taxonomy_topdown_sol
731154288,9ae92e2c-f788-4166-ae2e-e26bb1c6134f,Machine learning to characterize and explain the fine-scale temporal variability of UHI,205,Substance use disorders,True,,,,,False,False,No annotation with this attribute found: reverting to default,,0.00,0.00,2026-09-09_10-01-17_pruned_taxonomy_topdown_sol
731154288,9ae92e2c-f788-4166-ae2e-e26bb1c6134f,Machine learning to characterize and explain the fine-scale temporal variability of UHI,136,Neglected tropical diseases and malaria,True,,,,,False,False,No annotation with this attribute found: reverting to default,,0.00,0.00,2026-09-09_10-01-17_pruned_taxonomy_topdown_sol
731154288,9ae92e2c-f788-4166-ae2e-e26bb1c6134f,Machine learning to characterize and explain the fine-scale temporal variability of UHI,290,Unintentional injuries,True,,,,,False,False,No annotation with this attribute found: reverting to default,,0.00,0.00,2026-09-09_10-01-17_pruned_taxonomy_topdown_sol
395594,a1fa33e7-5a7a-48c9-820a-2df5f711c911,,38,Oil,True,,,,,False,False,The study does not identify oil or petroleum products as an energy source or exposure.,,0.00,0.00,2026-09-09_10-01-17_pruned_taxonomy_topdown_sol
395594,a1fa33e7-5a7a-48c9-820a-2df5f711c911,,36,Coal,True,,,,,False,False,Coal is not identified as a subject or source of the studied air pollutants.,,0.00,0.00,2026-09-09_10-01-17_pruned_taxonomy_topdown_sol
395594,a1fa33e7-5a7a-48c9-820a-2df5f711c911,,37,Natural gas,True,,,,,False,False,Natural gas or methane-based fossil fuel use is not discussed.,,0.00,0.00,2026-09-09_10-01-17_pruned_taxonomy_topdown_sol
395594,a1fa33e7-5a7a-48c9-820a-2df5f711c911,,35,(Unspecified) fossil fuels,True,,,,,True,False,"The study concerns energy utilization and associated urban air pollutants, but it does not explicitly or clearly characterize the energy source as fossil fuel use or combustion.",cause and effect relationship between energy utilisation and environmental health,0.00,100.00,2026-09-09_10-01-17_pruned_taxonomy_topdown_sol
395594,a1fa33e7-5a7a-48c9-820a-2df5f711c911,,21,Nitrous oxide (N₂O),True,,,,,False,False,"The study examines nitrogen oxides (NOx), not nitrous oxide (N2O).","SO2, NOx, CO, TSP exposure",0.00,100.00,2026-09-09_10-01-17_pruned_taxonomy_topdown_sol
395594,a1fa33e7-5a7a-48c9-820a-2df5f711c911,,17,(Unspecified) greenhouse gases,True,,,,,False,False,Greenhouse gases are not collectively studied; the focus is on urban air pollutants and associated health risks.,,0.00,0.00,2026-09-09_10-01-17_pruned_taxonomy_topdown_sol
395594,a1fa33e7-5a7a-48c9-820a-2df5f711c911,,24,Tropospheric ozone (O₃),True,,,,,False,False,"Ground-level ozone is not examined. NOx is included as a pollutant, but ozone formation or exposure is not a study focus.","SO2, NOx, CO, TSP exposure",0.00,100.00,2026-09-09_10-01-17_pruned_taxonomy_topdown_sol
395594,a1fa33e7-5a7a-48c9-820a-2df5f711c911,,18,Carbon dioxide (CO₂),True,,,,,False,False,"The listed pollutant CO is carbon monoxide, not carbon dioxide (CO2).","SO2, NOx, CO, TSP exposure",0.00,100.00,2026-09-09_10-01-17_pruned_taxonomy_topdown_sol
395594,a1fa33e7-5a7a-48c9-820a-2df5f711c911,,23,Particulate matter (PM10) / fine particulate matter (PM2.5) / black/organic carbon / sulfate/nitrate aerosols,True,,,,,True,False,"The study measures total suspended particulates (TSP), not specifically PM10 or PM2.5 as defined by this concept.","SO2, NOx, CO, TSP exposure",0.00,100.00,2026-09-09_10-01-17_pruned_taxonomy_topdown_sol
395594,a1fa33e7-5a7a-48c9-820a-2df5f711c911,,20,Methane (CH₄),True,,,,,False,False,Methane is not mentioned or studied.,,0.00,0.00,2026-09-09_10-01-17_pruned_taxonomy_topdown_sol
395594,a1fa33e7-5a7a-48c9-820a-2df5f711c911,,22,Ozone-depleting substances / chlorofluorocarbons / hydrochlorofluorocarbons / halons / carbon tetrachloride / methyl chloroform,True,,,,,False,False,Ozone-depleting substances are not a subject of the study.,,0.00,0.00,2026-09-09_10-01-17_pruned_taxonomy_topdown_sol
395594,a1fa33e7-5a7a-48c9-820a-2df5f711c911,,19,Fluorinated gases / hydrofluorocarbons / perfluorocarbons / sulfur hexafluoride / nitrogen trifluoride,True,,,,,False,False,Synthetic fluorinated greenhouse gases are not mentioned or studied.,,0.00,0.00,2026-09-09_10-01-17_pruned_taxonomy_topdown_sol
395594,a1fa33e7-5a7a-48c9-820a-2df5f711c911,,29,Extreme snow/ice events,True,,,,,False,False,"The study concerns urban air pollution from energy use and related health effects, not severe snow or ice conditions.",,0.00,0.00,2026-09-09_10-01-17_pruned_taxonomy_topdown_sol
395594,a1fa33e7-5a7a-48c9-820a-2df5f711c911,,34,Z_(Unspecified) extreme weather events,True,,,,,False,False,The study does not examine unspecified extreme weather or climate extremes.,,0.00,0.00,2026-09-09_10-01-17_pruned_taxonomy_topdown_sol
395594,a1fa33e7-5a7a-48c9-820a-2df5f711c911,,28,Extreme precipitation,True,,,,,False,False,No unusually intense or prolonged precipitation event is studied.,,0.00,0.00,2026-09-09_10-01-17_pruned_taxonomy_topdown_sol
395594,a1fa33e7-5a7a-48c9-820a-2df5f711c911,,25,Droughts,True,,,,,False,False,The study does not address drought or prolonged water deficit.,,0.00,0.00,2026-09-09_10-01-17_pruned_taxonomy_topdown_sol
395594,a1fa33e7-5a7a-48c9-820a-2df5f711c911,,26,Extreme cold,True,,,,,False,False,"The study does not examine cold spells, blizzards, or health effects from abnormally low temperatures.",,0.00,0.00,2026-09-09_10-01-17_pruned_taxonomy_topdown_sol
395594,a1fa33e7-5a7a-48c9-820a-2df5f711c911,,32,Storms and severe wind,True,,,,,False,False,"No cyclone, hurricane, typhoon, severe thunderstorm, hailstorm, or comparable storm event is examined.",,0.00,0.00,2026-09-09_10-01-17_pruned_taxonomy_topdown_sol
395594,a1fa33e7-5a7a-48c9-820a-2df5f711c911,,27,Extreme heat,True,,,,,False,False,The study does not address extreme heat or heatwaves.,,0.00,0.00,2026-09-09_10-01-17_pruned_taxonomy_topdown_sol
395594,a1fa33e7-5a7a-48c9-820a-2df5f711c911,,31,Sand and dust storms,True,,,,,False,False,"Although particulate pollution is assessed, it is linked to energy utilization rather than a sand or dust storm event.",,0.00,0.00,2026-09-09_10-01-17_pruned_taxonomy_topdown_sol
395594,a1fa33e7-5a7a-48c9-820a-2df5f711c911,,33,Wildfires,True,,,,,False,False,The study does not concern wildfires or wildfire smoke.,,0.00,0.00,2026-09-09_10-01-17_pruned_taxonomy_topdown_sol
395594,a1fa33e7-5a7a-48c9-820a-2df5f711c911,,30,Floods,True,,,,,False,False,"Flooding is not a subject, exposure, or setting of the study.",,0.00,0.00,2026-09-09_10-01-17_pruned_taxonomy_topdown_sol
395594,a1fa33e7-5a7a-48c9-820a-2df5f711c911,,490,Maladaptation,True,,,,,False,False,No annotation with this attribute found: reverting to default,,0.00,0.00,2026-09-09_10-01-17_pruned_taxonomy_topdown_sol
395594,a1fa33e7-5a7a-48c9-820a-2df5f711c911,,487,Adaptation,True,,,,,False,False,"The study addresses urban environmental risk assessment and planning, but it does not concern managing or adapting to climate variables or climate-related extreme events.",,0.00,0.00,2026-09-09_10-01-17_pruned_taxonomy_topdown_sol
395594,a1fa33e7-5a7a-48c9-820a-2df5f711c911,,496,Co-Benefits,True,,,,,False,False,"The study assesses health risks from energy-related urban air pollution and discusses integrating those risks into planning. It does not examine greenhouse-gas mitigation actions or additional health, social, or environmental benefits arising from such actions.",,0.00,0.00,2026-09-09_10-01-17_pruned_taxonomy_topdown_sol
395594,a1fa33e7-5a7a-48c9-820a-2df5f711c911,,488,Impact,True,,,,,True,False,"The health effects studied arise from air pollutants associated with energy use, with no climate variable or climate-related event identified as a causal driver.",,0.00,0.00,2026-09-09_10-01-17_pruned_taxonomy_topdown_sol
395594,a1fa33e7-5a7a-48c9-820a-2df5f711c911,,495,Loss and damage,True,,,,,False,False,No annotation with this attribute found: reverting to default,,0.00,0.00,2026-09-09_10-01-17_pruned_taxonomy_topdown_sol
395594,a1fa33e7-5a7a-48c9-820a-2df5f711c911,,493,Attribution,True,,,,,False,False,No annotation with this attribute found: reverting to default,,0.00,0.00,2026-09-09_10-01-17_pruned_taxonomy_topdown_sol
395594,a1fa33e7-5a7a-48c9-820a-2df5f711c911,,489,Mitigation,True,,,,,True,True,"The study examines respiratory and mortality harms from combustion-related pollutants associated with energy sources and utilization, implying fossil-fuel emission reduction as a potential mitigation action.","the relationship between SO2, NOx, CO, TSP exposure and the related increase in respiratory diseases and mortality",0.00,100.00,2026-09-09_10-01-17_pruned_taxonomy_topdown_sol
395594,a1fa33e7-5a7a-48c9-820a-2df5f711c911,,492,Resilience,True,,,,,False,False,No annotation with this attribute found: reverting to default,,0.00,0.00,2026-09-09_10-01-17_pruned_taxonomy_topdown_sol
395594,a1fa33e7-5a7a-48c9-820a-2df5f711c911,,491,Preparedness,True,,,,,False,False,No annotation with this attribute found: reverting to default,,0.00,0.00,2026-09-09_10-01-17_pruned_taxonomy_topdown_sol
395594,a1fa33e7-5a7a-48c9-820a-2df5f711c911,,494,Future impact,True,,,,,False,False,No annotation with this attribute found: reverting to default,,0.00,0.00,2026-09-09_10-01-17_pruned_taxonomy_topdown_sol
395594,a1fa33e7-5a7a-48c9-820a-2df5f711c911,,14,Changes in temperature,True,,,,,False,False,The study assesses health risks from urban air-pollutant exposure and does not examine long-term temperature shifts or warming.,,0.00,0.00,2026-09-09_10-01-17_pruned_taxonomy_topdown_sol
395594,a1fa33e7-5a7a-48c9-820a-2df5f711c911,,9,Changes in humidity,True,,,,,False,False,Atmospheric moisture or humidity changes are not studied.,,0.00,0.00,2026-09-09_10-01-17_pruned_taxonomy_topdown_sol
395594,a1fa33e7-5a7a-48c9-820a-2df5f711c911,,6,(Unspecified) changes in weather,True,,,,,False,False,General weather-pattern changes or weather variability are not a subject of the study.,,0.00,0.00,2026-09-09_10-01-17_pruned_taxonomy_topdown_sol
395594,a1fa33e7-5a7a-48c9-820a-2df5f711c911,,13,Changes in season length,True,,,,,False,False,The study does not address changes in seasonal duration or timing.,,0.00,0.00,2026-09-09_10-01-17_pruned_taxonomy_topdown_sol
395594,a1fa33e7-5a7a-48c9-820a-2df5f711c911,,8,Changes in glacier / snow melt,True,,,,,False,False,Glacier or snowpack melting is not examined.,,0.00,0.00,2026-09-09_10-01-17_pruned_taxonomy_topdown_sol
395594,a1fa33e7-5a7a-48c9-820a-2df5f711c911,,15,Changes in wind speed,True,,,,,False,False,The study does not investigate changes in wind patterns or velocity.,,0.00,0.00,2026-09-09_10-01-17_pruned_taxonomy_topdown_sol
395594,a1fa33e7-5a7a-48c9-820a-2df5f711c911,,10,Changes in inland water bodies,True,,,,,False,False,"No climate-driven changes in freshwater availability, levels, or hydrological patterns are discussed.",,0.00,0.00,2026-09-09_10-01-17_pruned_taxonomy_topdown_sol
395594,a1fa33e7-5a7a-48c9-820a-2df5f711c911,,11,Changes in precipitation,True,,,,,False,False,"Changes in rainfall or snowfall amount, timing, or intensity are not examined.",,0.00,0.00,2026-09-09_10-01-17_pruned_taxonomy_topdown_sol
395594,a1fa33e7-5a7a-48c9-820a-2df5f711c911,,16,Climate variability,True,,,,,False,False,"The study does not assess fluctuations in climate conditions over months, years, or decades.",,0.00,0.00,2026-09-09_10-01-17_pruned_taxonomy_topdown_sol
395594,a1fa33e7-5a7a-48c9-820a-2df5f711c911,,7,(Unspecified) climate change,True,,,,,False,False,"Climate change is not a stated or inferable focus; the study concerns urban energy use, air pollution, respiratory disease, and mortality.",,0.00,0.00,2026-09-09_10-01-17_pruned_taxonomy_topdown_sol
395594,a1fa33e7-5a7a-48c9-820a-2df5f711c911,,12,Changes in sea level,True,,,,,False,False,Sea-level rise and its impacts are not addressed.,,0.00,0.00,2026-09-09_10-01-17_pruned_taxonomy_topdown_sol
395594,a1fa33e7-5a7a-48c9-820a-2df5f711c911,,474,"Agriculture, fishing, and forestry (Sector)",True,,,,,False,False,"The study does not examine agriculture, livestock, fisheries, aquaculture, or forestry.",,0.00,0.00,2026-09-09_10-01-17_pruned_taxonomy_topdown_sol
395594,a1fa33e7-5a7a-48c9-820a-2df5f711c911,,482,Military (Sector),True,,,,,False,False,The military sector is not discussed.,,0.00,0.00,2026-09-09_10-01-17_pruned_taxonomy_topdown_sol
395594,a1fa33e7-5a7a-48c9-820a-2df5f711c911,,479,Healthcare (Sector),True,,,,,False,False,"Human health outcomes are assessed, but healthcare services, facilities, infrastructure, or workforce are not subjects of the study.",related increase in respiratory diseases and mortality,0.00,100.00,2026-09-09_10-01-17_pruned_taxonomy_topdown_sol
395594,a1fa33e7-5a7a-48c9-820a-2df5f711c911,,477,Energy and extractives (Sector),True,,,,,True,True,Energy sources and utilization are central exposures whose environmental and health risks are assessed.,the prediction and evaluation of existing and potential human health effects due to energy sources and usage,0.00,100.00,2026-09-09_10-01-17_pruned_taxonomy_topdown_sol
395594,a1fa33e7-5a7a-48c9-820a-2df5f711c911,,484,Social protection (Sector),True,,,,,False,False,"The study does not concern welfare services, social safety nets, or social protection systems.",,0.00,0.00,2026-09-09_10-01-17_pruned_taxonomy_topdown_sol
395594,a1fa33e7-5a7a-48c9-820a-2df5f711c911,,475,Buildings / housing (Sector),True,,,,,False,False,"Although urban planning is discussed, residential or commercial buildings, housing provision, and construction are not examined as a sector.",,0.00,0.00,2026-09-09_10-01-17_pruned_taxonomy_topdown_sol
395594,a1fa33e7-5a7a-48c9-820a-2df5f711c911,,485,Transportation (Sector),True,,,,,False,False,"Transport systems, infrastructure, vehicles, and logistics are not specifically examined.",,0.00,0.00,2026-09-09_10-01-17_pruned_taxonomy_topdown_sol
395594,a1fa33e7-5a7a-48c9-820a-2df5f711c911,,481,Information and communications technologies (Sector),True,,,,,False,False,"Telecommunications, digital infrastructure, and information technology are not subjects of the study.",,0.00,0.00,2026-09-09_10-01-17_pruned_taxonomy_topdown_sol
395594,a1fa33e7-5a7a-48c9-820a-2df5f711c911,,486,"Water, sanitation, and waste management (Sector)",True,,,,,False,False,"Water supply, sewage treatment, and solid waste management are not discussed.",,0.00,0.00,2026-09-09_10-01-17_pruned_taxonomy_topdown_sol
395594,a1fa33e7-5a7a-48c9-820a-2df5f711c911,,478,Finance (Sector),True,,,,,False,False,"Banking, insurance, investment, and financial services are not examined.",,0.00,0.00,2026-09-09_10-01-17_pruned_taxonomy_topdown_sol
395594,a1fa33e7-5a7a-48c9-820a-2df5f711c911,,480,"Industry, trade, and services (Sector)",True,,,,,False,False,"Manufacturing, trade, retail, and commercial services are not subjects of the study.",,0.00,0.00,2026-09-09_10-01-17_pruned_taxonomy_topdown_sol
395594,a1fa33e7-5a7a-48c9-820a-2df5f711c911,,476,Education (Sector),True,,,,,False,False,Formal or informal education systems and institutions are not examined.,,0.00,0.00,2026-09-09_10-01-17_pruned_taxonomy_topdown_sol
395594,a1fa33e7-5a7a-48c9-820a-2df5f711c911,,483,Public administration (Sector),True,,,,,False,False,"Urban planning and management provide the application context, but the operations, services, or workforce of public administration are not themselves studied.",integrating urbanism and risk issues through the planning process,0.00,100.00,2026-09-09_10-01-17_pruned_taxonomy_topdown_sol
395594,a1fa33e7-5a7a-48c9-820a-2df5f711c911,,392,Mixed-methods,True,,,,,False,False,The study does not report integrating qualitative and quantitative data collection or analysis.,,0.00,0.00,2026-09-09_10-01-17_pruned_taxonomy_topdown_sol
395594,a1fa33e7-5a7a-48c9-820a-2df5f711c911,,394,Observational / group comparison designs,True,,,,,False,True,This is an ecological observational analysis relating differences in air-pollution exposure to health outcomes without random allocation.,"an analysis of the relationship between SO2, NOx, CO, TSP exposure and the related increase in respiratory diseases and mortality",0.00,100.00,2026-09-09_10-01-17_pruned_taxonomy_topdown_sol
395594,a1fa33e7-5a7a-48c9-820a-2df5f711c911,,393,Modelling / simulation,True,,,,,False,True,"The study applies risk-assessment methods to predict and estimate health impacts associated with pollutant exposures, fitting a modelling-based design.",the prediction and evaluation of existing and potential human health effects due to energy sources and usage,0.00,100.00,2026-09-09_10-01-17_pruned_taxonomy_topdown_sol
395594,a1fa33e7-5a7a-48c9-820a-2df5f711c911,,390,(Quasi-)Experimental / single-group designs,True,,,,,False,False,No intervention is applied to a single group.,,0.00,0.00,2026-09-09_10-01-17_pruned_taxonomy_topdown_sol
395594,a1fa33e7-5a7a-48c9-820a-2df5f711c911,,429,Narrative review,True,,,,,False,False,No annotation with this attribute found: reverting to default,,0.00,0.00,2026-09-09_10-01-17_pruned_taxonomy_topdown_sol
395594,a1fa33e7-5a7a-48c9-820a-2df5f711c911,,396,Qualitative designs,True,,,,,False,False,"No qualitative data collection or analysis of experiences, meanings, or context is described.",,0.00,0.00,2026-09-09_10-01-17_pruned_taxonomy_topdown_sol
395594,a1fa33e7-5a7a-48c9-820a-2df5f711c911,,388,2. Evidence synthesis,True,,,,,False,False,The article reports findings from a specific Seoul environmental risk-assessment project and analyzes exposure–health relationships; it is not designed as a review or synthesis of existing literature.,,0.00,0.00,2026-09-09_10-01-17_pruned_taxonomy_topdown_sol
395594,a1fa33e7-5a7a-48c9-820a-2df5f711c911,,391,Descriptive / single-group designs,True,,,,,False,False,The study examines exposure–outcome relationships rather than merely describing outcomes in one group.,,0.00,0.00,2026-09-09_10-01-17_pruned_taxonomy_topdown_sol
395594,a1fa33e7-5a7a-48c9-820a-2df5f711c911,,427,Health technology assessment (HTA),True,,,,,False,False,No annotation with this attribute found: reverting to default,,0.00,0.00,2026-09-09_10-01-17_pruned_taxonomy_topdown_sol
395594,a1fa33e7-5a7a-48c9-820a-2df5f711c911,,395,Observational / single-group designs,True,,,,,True,False,The abstract does not describe longitudinal tracking of a single group or analysis of within-group temporal outcome patterns.,,0.00,0.00,2026-09-09_10-01-17_pruned_taxonomy_topdown_sol
395594,a1fa33e7-5a7a-48c9-820a-2df5f711c911,,426,Guideline (clinical or public health),True,,,,,False,False,No annotation with this attribute found: reverting to default,,0.00,0.00,2026-09-09_10-01-17_pruned_taxonomy_topdown_sol
395594,a1fa33e7-5a7a-48c9-820a-2df5f711c911,,387,1. Primary research,True,,,,,True,True,"This is original research based on a case study and analysis of relationships between air-pollutant exposures, respiratory disease, and mortality in Seoul.",the author presents the main findings of a MAB project in Seoul,0.00,100.00,2026-09-09_10-01-17_pruned_taxonomy_topdown_sol
395594,a1fa33e7-5a7a-48c9-820a-2df5f711c911,,430,Systematic reviews,True,,,,,False,False,No annotation with this attribute found: reverting to default,,0.00,0.00,2026-09-09_10-01-17_pruned_taxonomy_topdown_sol
395594,a1fa33e7-5a7a-48c9-820a-2df5f711c911,,397,Z_Other study design,True,,,,,False,False,"The study is captured by ecological observational analysis and risk-assessment modelling, so an unspecified other primary design is unnecessary.",,0.00,0.00,2026-09-09_10-01-17_pruned_taxonomy_topdown_sol
395594,a1fa33e7-5a7a-48c9-820a-2df5f711c911,,389,(Quasi-)Experimental / group comparison designs,True,,,,,False,False,There is no controlled intervention or experimental comparison group.,,0.00,0.00,2026-09-09_10-01-17_pruned_taxonomy_topdown_sol
395594,a1fa33e7-5a7a-48c9-820a-2df5f711c911,,431,Z_Other evidence synthesis type,True,,,,,False,False,No annotation with this attribute found: reverting to default,,0.00,0.00,2026-09-09_10-01-17_pruned_taxonomy_topdown_sol
395594,a1fa33e7-5a7a-48c9-820a-2df5f711c911,,428,Meta-analysis (unsystematic),True,,,,,False,False,No annotation with this attribute found: reverting to default,,0.00,0.00,2026-09-09_10-01-17_pruned_taxonomy_topdown_sol
395594,a1fa33e7-5a7a-48c9-820a-2df5f711c911,,117,"1.2. Communicable, maternal, neonatal, and nutritional mortality",True,,,,,False,False,"The abstract does not attribute deaths to communicable, maternal, neonatal, or nutritional causes.",,0.00,0.00,2026-09-09_10-01-17_pruned_taxonomy_topdown_sol
395594,a1fa33e7-5a7a-48c9-820a-2df5f711c911,,196,Chronic respiratory diseases,True,,,,,True,True,Respiratory disease is a central health outcome assessed in relation to urban air-pollution exposure; this reasonably includes chronic airway and lung conditions.,"analysis of the relationship between SO2, NOx, CO, TSP exposure and the related increase in respiratory diseases and mortality",0.00,100.00,2026-09-09_10-01-17_pruned_taxonomy_topdown_sol
395594,a1fa33e7-5a7a-48c9-820a-2df5f711c911,,201,Neoplasms,True,,,,,False,False,The study does not address cancer or other neoplasms.,,0.00,0.00,2026-09-09_10-01-17_pruned_taxonomy_topdown_sol
395594,a1fa33e7-5a7a-48c9-820a-2df5f711c911,,118,1.3. Non-communicable mortality,True,,,,,True,False,"Although respiratory disease and mortality are assessed, the abstract does not specifically identify deaths attributable to non-communicable diseases.",,0.00,0.00,2026-09-09_10-01-17_pruned_taxonomy_topdown_sol
395594,a1fa33e7-5a7a-48c9-820a-2df5f711c911,,138,Respiratory infections and tuberculosis,True,,,,,False,False,No annotation with this attribute found: reverting to default,,0.00,0.00,2026-09-09_10-01-17_pruned_taxonomy_topdown_sol
395594,a1fa33e7-5a7a-48c9-820a-2df5f711c911,,116,1.1. Total / all-cause mortality (Outcome),True,,,,,False,True,Mortality is evaluated as a general fatal health outcome without a stated cause-of-death category.,the related increase in respiratory diseases and mortality,0.00,100.00,2026-09-09_10-01-17_pruned_taxonomy_topdown_sol
395594,a1fa33e7-5a7a-48c9-820a-2df5f711c911,,204,Skin and subcutaneous diseases,True,,,,,False,False,Skin or subcutaneous-tissue diseases are not studied.,,0.00,0.00,2026-09-09_10-01-17_pruned_taxonomy_topdown_sol
395594,a1fa33e7-5a7a-48c9-820a-2df5f711c911,,197,Diabetes and kidney diseases,True,,,,,False,False,Diabetes mellitus and kidney diseases are not outcomes or subjects of the study.,,0.00,0.00,2026-09-09_10-01-17_pruned_taxonomy_topdown_sol
395594,a1fa33e7-5a7a-48c9-820a-2df5f711c911,,198,Digestive diseases,True,,,,,False,False,"The study does not examine digestive, liver, gallbladder, or pancreatic diseases.",,0.00,0.00,2026-09-09_10-01-17_pruned_taxonomy_topdown_sol
395594,a1fa33e7-5a7a-48c9-820a-2df5f711c911,,137,Nutritional deficiencies,True,,,,,False,False,No annotation with this attribute found: reverting to default,,0.00,0.00,2026-09-09_10-01-17_pruned_taxonomy_topdown_sol
395594,a1fa33e7-5a7a-48c9-820a-2df5f711c911,,134,HIV/AIDS and sexually transmitted infections,True,,,,,False,False,No annotation with this attribute found: reverting to default,,0.00,0.00,2026-09-09_10-01-17_pruned_taxonomy_topdown_sol
395594,a1fa33e7-5a7a-48c9-820a-2df5f711c911,,203,Sense organ diseases,True,,,,,False,False,Vision and hearing disorders are not discussed.,,0.00,0.00,2026-09-09_10-01-17_pruned_taxonomy_topdown_sol
395594,a1fa33e7-5a7a-48c9-820a-2df5f711c911,,195,Cardiovascular diseases,True,,,,,False,False,No cardiovascular or circulatory disease outcome is identified.,,0.00,0.00,2026-09-09_10-01-17_pruned_taxonomy_topdown_sol
395594,a1fa33e7-5a7a-48c9-820a-2df5f711c911,,289,Transport injuries,True,,,,,False,False,No annotation with this attribute found: reverting to default,,0.00,0.00,2026-09-09_10-01-17_pruned_taxonomy_topdown_sol
395594,a1fa33e7-5a7a-48c9-820a-2df5f711c911,,113,"2. Communicable, maternal, neonatal, and nutritional diseases",True,,,,,False,False,"The study does not focus on infectious diseases or maternal, neonatal, or nutritional conditions.",,0.00,0.00,2026-09-09_10-01-17_pruned_taxonomy_topdown_sol
395594,a1fa33e7-5a7a-48c9-820a-2df5f711c911,,139,Z_Other infectious diseases,True,,,,,False,False,No annotation with this attribute found: reverting to default,,0.00,0.00,2026-09-09_10-01-17_pruned_taxonomy_topdown_sol
395594,a1fa33e7-5a7a-48c9-820a-2df5f711c911,,135,Maternal and neonatal disorders,True,,,,,False,False,No annotation with this attribute found: reverting to default,,0.00,0.00,2026-09-09_10-01-17_pruned_taxonomy_topdown_sol
395594,a1fa33e7-5a7a-48c9-820a-2df5f711c911,,202,Neurological disorders,True,,,,,False,False,Neurological diseases are not examined.,,0.00,0.00,2026-09-09_10-01-17_pruned_taxonomy_topdown_sol
395594,a1fa33e7-5a7a-48c9-820a-2df5f711c911,,288,Self-harm and interpersonal violence,True,,,,,False,False,No annotation with this attribute found: reverting to default,,0.00,0.00,2026-09-09_10-01-17_pruned_taxonomy_topdown_sol
395594,a1fa33e7-5a7a-48c9-820a-2df5f711c911,,206,Z_Other non-communicable diseases,True,,,,,False,False,"No congenital, genitourinary, hematological, or miscellaneous non-communicable disease is a study focus.",,0.00,0.00,2026-09-09_10-01-17_pruned_taxonomy_topdown_sol
395594,a1fa33e7-5a7a-48c9-820a-2df5f711c911,,200,Musculoskeletal disorders,True,,,,,False,False,Musculoskeletal or connective-tissue diseases are not studied.,,0.00,0.00,2026-09-09_10-01-17_pruned_taxonomy_topdown_sol
395594,a1fa33e7-5a7a-48c9-820a-2df5f711c911,,133,Enteric infections,True,,,,,False,False,No annotation with this attribute found: reverting to default,,0.00,0.00,2026-09-09_10-01-17_pruned_taxonomy_topdown_sol
395594,a1fa33e7-5a7a-48c9-820a-2df5f711c911,,114,3. Non-communicable diseases,True,,,,,True,True,"The study assesses air-pollution-related respiratory diseases, which fall within chronic non-infectious respiratory conditions.","SO2, NOx, CO, TSP exposure and the related increase in respiratory diseases",0.00,100.00,2026-09-09_10-01-17_pruned_taxonomy_topdown_sol
395594,a1fa33e7-5a7a-48c9-820a-2df5f711c911,,112,1. Mortality (Outcome),True,,,,,True,True,Mortality is explicitly evaluated as a health outcome associated with air pollutant exposure.,the related increase in respiratory diseases and mortality,0.00,100.00,2026-09-09_10-01-17_pruned_taxonomy_topdown_sol
395594,a1fa33e7-5a7a-48c9-820a-2df5f711c911,,115,4. Injuries,True,,,,,False,False,"The study does not examine physical injuries or external causes such as accidents, violence, self-harm, or conflict.",,0.00,0.00,2026-09-09_10-01-17_pruned_taxonomy_topdown_sol
395594,a1fa33e7-5a7a-48c9-820a-2df5f711c911,,199,Mental disorders,True,,,,,False,False,The study does not address mental disorders or clinically significant psychological disturbances.,,0.00,0.00,2026-09-09_10-01-17_pruned_taxonomy_topdown_sol
395594,a1fa33e7-5a7a-48c9-820a-2df5f711c911,,205,Substance use disorders,True,,,,,False,False,Alcohol or drug use disorders are not examined.,,0.00,0.00,2026-09-09_10-01-17_pruned_taxonomy_topdown_sol
395594,a1fa33e7-5a7a-48c9-820a-2df5f711c911,,136,Neglected tropical diseases and malaria,True,,,,,False,False,No annotation with this attribute found: reverting to default,,0.00,0.00,2026-09-09_10-01-17_pruned_taxonomy_topdown_sol
395594,a1fa33e7-5a7a-48c9-820a-2df5f711c911,,290,Unintentional injuries,True,,,,,False,False,No annotation with this attribute found: reverting to default,,0.00,0.00,2026-09-09_10-01-17_pruned_taxonomy_topdown_sol
347011,a2382563-97d5-44e3-a1fe-22584b6a15ea,Information mining and comparison analysis of PM2.5 periodical paper both in English and Chinese in China,38,Oil,True,,,,,False,False,The study is a bibliometric analysis of PM2.5 research literature in China and does not specifically examine oil or petroleum products.,,0.00,0.00,2026-09-09_10-01-17_pruned_taxonomy_topdown_sol
347011,a2382563-97d5-44e3-a1fe-22584b6a15ea,Information mining and comparison analysis of PM2.5 periodical paper both in English and Chinese in China,36,Coal,True,,,,,False,False,"Coal is not identified as an exposure, energy source, or subject of the analyzed literature.",,0.00,0.00,2026-09-09_10-01-17_pruned_taxonomy_topdown_sol
347011,a2382563-97d5-44e3-a1fe-22584b6a15ea,Information mining and comparison analysis of PM2.5 periodical paper both in English and Chinese in China,37,Natural gas,True,,,,,False,False,Natural gas or methane-based fossil fuel use is not discussed as a study subject.,,0.00,0.00,2026-09-09_10-01-17_pruned_taxonomy_topdown_sol
347011,a2382563-97d5-44e3-a1fe-22584b6a15ea,Information mining and comparison analysis of PM2.5 periodical paper both in English and Chinese in China,35,(Unspecified) fossil fuels,True,,,,,False,False,"Although the study concerns PM2.5 and air pollution research, it does not refer to fossil fuel use or combustion, either generally or by fuel type.",,0.00,0.00,2026-09-09_10-01-17_pruned_taxonomy_topdown_sol
347011,a2382563-97d5-44e3-a1fe-22584b6a15ea,Information mining and comparison analysis of PM2.5 periodical paper both in English and Chinese in China,21,Nitrous oxide (N₂O),True,,,,,False,False,The study does not examine nitrous oxide (N₂O); it is a bibliometric analysis of PM2.5 literature.,,0.00,0.00,2026-09-09_10-01-17_pruned_taxonomy_topdown_sol
347011,a2382563-97d5-44e3-a1fe-22584b6a15ea,Information mining and comparison analysis of PM2.5 periodical paper both in English and Chinese in China,17,(Unspecified) greenhouse gases,True,,,,,False,False,Greenhouse gases as a collective category are not a subject of the study.,,0.00,0.00,2026-09-09_10-01-17_pruned_taxonomy_topdown_sol
347011,a2382563-97d5-44e3-a1fe-22584b6a15ea,Information mining and comparison analysis of PM2.5 periodical paper both in English and Chinese in China,24,Tropospheric ozone (O₃),True,,,,,False,False,Ground-level ozone is not examined; the air pollutant studied is PM2.5.,,0.00,0.00,2026-09-09_10-01-17_pruned_taxonomy_topdown_sol
347011,a2382563-97d5-44e3-a1fe-22584b6a15ea,Information mining and comparison analysis of PM2.5 periodical paper both in English and Chinese in China,18,Carbon dioxide (CO₂),True,,,,,False,False,Carbon dioxide is not discussed as an exposure or research focus.,,0.00,0.00,2026-09-09_10-01-17_pruned_taxonomy_topdown_sol
347011,a2382563-97d5-44e3-a1fe-22584b6a15ea,Information mining and comparison analysis of PM2.5 periodical paper both in English and Chinese in China,23,Particulate matter (PM10) / fine particulate matter (PM2.5) / black/organic carbon / sulfate/nitrate aerosols,True,,,,,True,True,"The study is fundamentally a bibliometric analysis of Chinese and English research on PM2.5, a form of fine particulate matter.","Research terms mainly include PM2.5 air pollution, haze, particulate matter.",0.00,100.00,2026-09-09_10-01-17_pruned_taxonomy_topdown_sol
347011,a2382563-97d5-44e3-a1fe-22584b6a15ea,Information mining and comparison analysis of PM2.5 periodical paper both in English and Chinese in China,20,Methane (CH₄),True,,,,,False,False,Methane is not a subject of the study.,,0.00,0.00,2026-09-09_10-01-17_pruned_taxonomy_topdown_sol
347011,a2382563-97d5-44e3-a1fe-22584b6a15ea,Information mining and comparison analysis of PM2.5 periodical paper both in English and Chinese in China,22,Ozone-depleting substances / chlorofluorocarbons / hydrochlorofluorocarbons / halons / carbon tetrachloride / methyl chloroform,True,,,,,False,False,Ozone-depleting substances are not discussed or analyzed.,,0.00,0.00,2026-09-09_10-01-17_pruned_taxonomy_topdown_sol
347011,a2382563-97d5-44e3-a1fe-22584b6a15ea,Information mining and comparison analysis of PM2.5 periodical paper both in English and Chinese in China,19,Fluorinated gases / hydrofluorocarbons / perfluorocarbons / sulfur hexafluoride / nitrogen trifluoride,True,,,,,False,False,Synthetic fluorinated greenhouse gases are not discussed or analyzed.,,0.00,0.00,2026-09-09_10-01-17_pruned_taxonomy_topdown_sol
347011,a2382563-97d5-44e3-a1fe-22584b6a15ea,Information mining and comparison analysis of PM2.5 periodical paper both in English and Chinese in China,29,Extreme snow/ice events,True,,,,,False,False,The study is a bibliometric analysis of PM2.5 research and does not examine severe snow or ice conditions.,,0.00,0.00,2026-09-09_10-01-17_pruned_taxonomy_topdown_sol
347011,a2382563-97d5-44e3-a1fe-22584b6a15ea,Information mining and comparison analysis of PM2.5 periodical paper both in English and Chinese in China,34,Z_(Unspecified) extreme weather events,True,,,,,False,False,The study does not refer to unspecified extreme weather or climate extremes.,,0.00,0.00,2026-09-09_10-01-17_pruned_taxonomy_topdown_sol
347011,a2382563-97d5-44e3-a1fe-22584b6a15ea,Information mining and comparison analysis of PM2.5 periodical paper both in English and Chinese in China,28,Extreme precipitation,True,,,,,False,False,Extreme precipitation is not a subject or exposure in the study.,,0.00,0.00,2026-09-09_10-01-17_pruned_taxonomy_topdown_sol
347011,a2382563-97d5-44e3-a1fe-22584b6a15ea,Information mining and comparison analysis of PM2.5 periodical paper both in English and Chinese in China,25,Droughts,True,,,,,False,False,The study does not address drought or prolonged water deficits.,,0.00,0.00,2026-09-09_10-01-17_pruned_taxonomy_topdown_sol
347011,a2382563-97d5-44e3-a1fe-22584b6a15ea,Information mining and comparison analysis of PM2.5 periodical paper both in English and Chinese in China,26,Extreme cold,True,,,,,False,False,Episodes of abnormally low temperature are not examined.,,0.00,0.00,2026-09-09_10-01-17_pruned_taxonomy_topdown_sol
347011,a2382563-97d5-44e3-a1fe-22584b6a15ea,Information mining and comparison analysis of PM2.5 periodical paper both in English and Chinese in China,32,Storms and severe wind,True,,,,,False,False,"The study does not concern cyclones, hurricanes, severe thunderstorms, hailstorms, or related storm events.",,0.00,0.00,2026-09-09_10-01-17_pruned_taxonomy_topdown_sol
347011,a2382563-97d5-44e3-a1fe-22584b6a15ea,Information mining and comparison analysis of PM2.5 periodical paper both in English and Chinese in China,27,Extreme heat,True,,,,,False,False,Extreme heat or heatwaves are not addressed.,,0.00,0.00,2026-09-09_10-01-17_pruned_taxonomy_topdown_sol
347011,a2382563-97d5-44e3-a1fe-22584b6a15ea,Information mining and comparison analysis of PM2.5 periodical paper both in English and Chinese in China,31,Sand and dust storms,True,,,,,False,False,"Although haze and particulate pollution are mentioned, the study does not identify wind-driven sand or dust storms as its subject.",,0.00,0.00,2026-09-09_10-01-17_pruned_taxonomy_topdown_sol
347011,a2382563-97d5-44e3-a1fe-22584b6a15ea,Information mining and comparison analysis of PM2.5 periodical paper both in English and Chinese in China,33,Wildfires,True,,,,,False,False,Wildfires or wildfire smoke are not discussed.,,0.00,0.00,2026-09-09_10-01-17_pruned_taxonomy_topdown_sol
347011,a2382563-97d5-44e3-a1fe-22584b6a15ea,Information mining and comparison analysis of PM2.5 periodical paper both in English and Chinese in China,30,Floods,True,,,,,False,False,"Flooding is not a subject, exposure, or outcome of the study.",,0.00,0.00,2026-09-09_10-01-17_pruned_taxonomy_topdown_sol
347011,a2382563-97d5-44e3-a1fe-22584b6a15ea,Information mining and comparison analysis of PM2.5 periodical paper both in English and Chinese in China,490,Maladaptation,True,,,,,False,False,No annotation with this attribute found: reverting to default,,0.00,0.00,2026-09-09_10-01-17_pruned_taxonomy_topdown_sol
347011,a2382563-97d5-44e3-a1fe-22584b6a15ea,Information mining and comparison analysis of PM2.5 periodical paper both in English and Chinese in China,487,Adaptation,True,,,,,False,False,"The study is a bibliometric analysis of PM2.5 publications in China, not research on managing, forecasting, or adapting to climate variables or climate-related extreme events.",,0.00,0.00,2026-09-09_10-01-17_pruned_taxonomy_topdown_sol
347011,a2382563-97d5-44e3-a1fe-22584b6a15ea,Information mining and comparison analysis of PM2.5 periodical paper both in English and Chinese in China,496,Co-Benefits,True,,,,,False,False,No annotation with this attribute found: reverting to default,,0.00,0.00,2026-09-09_10-01-17_pruned_taxonomy_topdown_sol
347011,a2382563-97d5-44e3-a1fe-22584b6a15ea,Information mining and comparison analysis of PM2.5 periodical paper both in English and Chinese in China,488,Impact,True,,,,,True,False,"Although PM2.5 air pollution and haze are discussed, the study does not examine their effects or risks as driven or modified by a climate variable or climate-related event.",,0.00,0.00,2026-09-09_10-01-17_pruned_taxonomy_topdown_sol
347011,a2382563-97d5-44e3-a1fe-22584b6a15ea,Information mining and comparison analysis of PM2.5 periodical paper both in English and Chinese in China,495,Loss and damage,True,,,,,False,False,No annotation with this attribute found: reverting to default,,0.00,0.00,2026-09-09_10-01-17_pruned_taxonomy_topdown_sol
347011,a2382563-97d5-44e3-a1fe-22584b6a15ea,Information mining and comparison analysis of PM2.5 periodical paper both in English and Chinese in China,493,Attribution,True,,,,,False,False,No annotation with this attribute found: reverting to default,,0.00,0.00,2026-09-09_10-01-17_pruned_taxonomy_topdown_sol
347011,a2382563-97d5-44e3-a1fe-22584b6a15ea,Information mining and comparison analysis of PM2.5 periodical paper both in English and Chinese in China,489,Mitigation,True,,,,,False,False,"The study does not concern greenhouse-gas emissions, fossil-fuel sources, or actions to reduce them; generic analysis of PM2.5 literature does not by itself constitute climate mitigation research.",,0.00,0.00,2026-09-09_10-01-17_pruned_taxonomy_topdown_sol
347011,a2382563-97d5-44e3-a1fe-22584b6a15ea,Information mining and comparison analysis of PM2.5 periodical paper both in English and Chinese in China,492,Resilience,True,,,,,False,False,No annotation with this attribute found: reverting to default,,0.00,0.00,2026-09-09_10-01-17_pruned_taxonomy_topdown_sol
347011,a2382563-97d5-44e3-a1fe-22584b6a15ea,Information mining and comparison analysis of PM2.5 periodical paper both in English and Chinese in China,491,Preparedness,True,,,,,False,False,No annotation with this attribute found: reverting to default,,0.00,0.00,2026-09-09_10-01-17_pruned_taxonomy_topdown_sol
347011,a2382563-97d5-44e3-a1fe-22584b6a15ea,Information mining and comparison analysis of PM2.5 periodical paper both in English and Chinese in China,494,Future impact,True,,,,,False,False,No annotation with this attribute found: reverting to default,,0.00,0.00,2026-09-09_10-01-17_pruned_taxonomy_topdown_sol
347011,a2382563-97d5-44e3-a1fe-22584b6a15ea,Information mining and comparison analysis of PM2.5 periodical paper both in English and Chinese in China,14,Changes in temperature,True,,,,,False,False,The study analyzes publication trends in Chinese PM2.5 research and does not examine temperature shifts or warming.,,0.00,0.00,2026-09-09_10-01-17_pruned_taxonomy_topdown_sol
347011,a2382563-97d5-44e3-a1fe-22584b6a15ea,Information mining and comparison analysis of PM2.5 periodical paper both in English and Chinese in China,9,Changes in humidity,True,,,,,False,False,Atmospheric moisture or humidity changes are not a subject of the study.,,0.00,0.00,2026-09-09_10-01-17_pruned_taxonomy_topdown_sol
347011,a2382563-97d5-44e3-a1fe-22584b6a15ea,Information mining and comparison analysis of PM2.5 periodical paper both in English and Chinese in China,6,(Unspecified) changes in weather,True,,,,,False,False,The study does not address general weather-pattern changes or weather variability.,,0.00,0.00,2026-09-09_10-01-17_pruned_taxonomy_topdown_sol
347011,a2382563-97d5-44e3-a1fe-22584b6a15ea,Information mining and comparison analysis of PM2.5 periodical paper both in English and Chinese in China,13,Changes in season length,True,,,,,False,False,Changes in season duration or timing are not examined.,,0.00,0.00,2026-09-09_10-01-17_pruned_taxonomy_topdown_sol
347011,a2382563-97d5-44e3-a1fe-22584b6a15ea,Information mining and comparison analysis of PM2.5 periodical paper both in English and Chinese in China,8,Changes in glacier / snow melt,True,,,,,False,False,Glacier or snowpack melting is not discussed.,,0.00,0.00,2026-09-09_10-01-17_pruned_taxonomy_topdown_sol
347011,a2382563-97d5-44e3-a1fe-22584b6a15ea,Information mining and comparison analysis of PM2.5 periodical paper both in English and Chinese in China,15,Changes in wind speed,True,,,,,False,False,"Although the study concerns PM2.5 literature, it does not investigate alterations in wind patterns or velocity.",,0.00,0.00,2026-09-09_10-01-17_pruned_taxonomy_topdown_sol
347011,a2382563-97d5-44e3-a1fe-22584b6a15ea,Information mining and comparison analysis of PM2.5 periodical paper both in English and Chinese in China,10,Changes in inland water bodies,True,,,,,False,False,"Climate-driven changes in freshwater availability, river flow, or lake levels are not addressed.",,0.00,0.00,2026-09-09_10-01-17_pruned_taxonomy_topdown_sol
347011,a2382563-97d5-44e3-a1fe-22584b6a15ea,Information mining and comparison analysis of PM2.5 periodical paper both in English and Chinese in China,11,Changes in precipitation,True,,,,,False,False,The study does not examine changes in rainfall or snowfall.,,0.00,0.00,2026-09-09_10-01-17_pruned_taxonomy_topdown_sol
347011,a2382563-97d5-44e3-a1fe-22584b6a15ea,Information mining and comparison analysis of PM2.5 periodical paper both in English and Chinese in China,16,Climate variability,True,,,,,False,False,"Climate variability is not a subject, exposure, or analytical focus of this bibliometric study.",,0.00,0.00,2026-09-09_10-01-17_pruned_taxonomy_topdown_sol
347011,a2382563-97d5-44e3-a1fe-22584b6a15ea,Information mining and comparison analysis of PM2.5 periodical paper both in English and Chinese in China,7,(Unspecified) climate change,True,,,,,False,False,"The study focuses on the distribution and development of PM2.5 publications in China, not climate change in general.",,0.00,0.00,2026-09-09_10-01-17_pruned_taxonomy_topdown_sol
347011,a2382563-97d5-44e3-a1fe-22584b6a15ea,Information mining and comparison analysis of PM2.5 periodical paper both in English and Chinese in China,12,Changes in sea level,True,,,,,False,False,Sea-level rise is not discussed or analyzed.,,0.00,0.00,2026-09-09_10-01-17_pruned_taxonomy_topdown_sol
347011,a2382563-97d5-44e3-a1fe-22584b6a15ea,Information mining and comparison analysis of PM2.5 periodical paper both in English and Chinese in China,474,"Agriculture, fishing, and forestry (Sector)",True,,,,,False,False,"The study is a bibliometric analysis of PM2.5 publications, not about agriculture, forestry, fishing, or related production systems.",,0.00,0.00,2026-09-09_10-01-17_pruned_taxonomy_topdown_sol
347011,a2382563-97d5-44e3-a1fe-22584b6a15ea,Information mining and comparison analysis of PM2.5 periodical paper both in English and Chinese in China,482,Military (Sector),True,,,,,False,False,"Military institutions, personnel, infrastructure, and defense capabilities are not subjects of the study.",,0.00,0.00,2026-09-09_10-01-17_pruned_taxonomy_topdown_sol
347011,a2382563-97d5-44e3-a1fe-22584b6a15ea,Information mining and comparison analysis of PM2.5 periodical paper both in English and Chinese in China,479,Healthcare (Sector),True,,,,,False,False,"Although health is noted as a subject category in the literature, the study does not examine healthcare delivery, public health services, or health infrastructure.",,0.00,0.00,2026-09-09_10-01-17_pruned_taxonomy_topdown_sol
347011,a2382563-97d5-44e3-a1fe-22584b6a15ea,Information mining and comparison analysis of PM2.5 periodical paper both in English and Chinese in China,477,Energy and extractives (Sector),True,,,,,False,False,"The study does not examine electricity, fuels, renewable energy, or resource-extraction systems.",,0.00,0.00,2026-09-09_10-01-17_pruned_taxonomy_topdown_sol
347011,a2382563-97d5-44e3-a1fe-22584b6a15ea,Information mining and comparison analysis of PM2.5 periodical paper both in English and Chinese in China,484,Social protection (Sector),True,,,,,False,False,"Social protection, welfare services, and safety-net systems are not addressed.",,0.00,0.00,2026-09-09_10-01-17_pruned_taxonomy_topdown_sol
347011,a2382563-97d5-44e3-a1fe-22584b6a15ea,Information mining and comparison analysis of PM2.5 periodical paper both in English and Chinese in China,475,Buildings / housing (Sector),True,,,,,False,False,"Buildings, housing provision, and construction are not subjects of the study.",,0.00,0.00,2026-09-09_10-01-17_pruned_taxonomy_topdown_sol
347011,a2382563-97d5-44e3-a1fe-22584b6a15ea,Information mining and comparison analysis of PM2.5 periodical paper both in English and Chinese in China,485,Transportation (Sector),True,,,,,False,False,"Transport infrastructure, vehicles, and logistics operations are not examined.",,0.00,0.00,2026-09-09_10-01-17_pruned_taxonomy_topdown_sol
347011,a2382563-97d5-44e3-a1fe-22584b6a15ea,Information mining and comparison analysis of PM2.5 periodical paper both in English and Chinese in China,481,Information and communications technologies (Sector),True,,,,,False,False,"Database analysis, data mining, and visualization are research methods here; the telecommunications or information-technology sector itself is not studied.",,0.00,0.00,2026-09-09_10-01-17_pruned_taxonomy_topdown_sol
347011,a2382563-97d5-44e3-a1fe-22584b6a15ea,Information mining and comparison analysis of PM2.5 periodical paper both in English and Chinese in China,486,"Water, sanitation, and waste management (Sector)",True,,,,,False,False,"Water supply, sewage treatment, and solid-waste management are not subjects of the study.",,0.00,0.00,2026-09-09_10-01-17_pruned_taxonomy_topdown_sol
347011,a2382563-97d5-44e3-a1fe-22584b6a15ea,Information mining and comparison analysis of PM2.5 periodical paper both in English and Chinese in China,478,Finance (Sector),True,,,,,False,False,"Banking, insurance, investment, and financial mechanisms are not addressed.",,0.00,0.00,2026-09-09_10-01-17_pruned_taxonomy_topdown_sol
347011,a2382563-97d5-44e3-a1fe-22584b6a15ea,Information mining and comparison analysis of PM2.5 periodical paper both in English and Chinese in China,480,"Industry, trade, and services (Sector)",True,,,,,False,False,"The study does not concern manufacturing, retail, wholesale trade, or commercial services.",,0.00,0.00,2026-09-09_10-01-17_pruned_taxonomy_topdown_sol
347011,a2382563-97d5-44e3-a1fe-22584b6a15ea,Information mining and comparison analysis of PM2.5 periodical paper both in English and Chinese in China,476,Education (Sector),True,,,,,False,False,"Universities are identified as research organizations, but formal or informal education systems and their educational functions are not examined.",,0.00,0.00,2026-09-09_10-01-17_pruned_taxonomy_topdown_sol
347011,a2382563-97d5-44e3-a1fe-22584b6a15ea,Information mining and comparison analysis of PM2.5 periodical paper both in English and Chinese in China,483,Public administration (Sector),True,,,,,False,False,"The study does not examine the operations, services, or workforce of public administration; any research institutions mentioned are part of the bibliometric description.",,0.00,0.00,2026-09-09_10-01-17_pruned_taxonomy_topdown_sol
347011,a2382563-97d5-44e3-a1fe-22584b6a15ea,Information mining and comparison analysis of PM2.5 periodical paper both in English and Chinese in China,392,Mixed-methods,True,,,,,False,False,No annotation with this attribute found: reverting to default,,0.00,0.00,2026-09-09_10-01-17_pruned_taxonomy_topdown_sol
347011,a2382563-97d5-44e3-a1fe-22584b6a15ea,Information mining and comparison analysis of PM2.5 periodical paper both in English and Chinese in China,394,Observational / group comparison designs,True,,,,,False,False,No annotation with this attribute found: reverting to default,,0.00,0.00,2026-09-09_10-01-17_pruned_taxonomy_topdown_sol
347011,a2382563-97d5-44e3-a1fe-22584b6a15ea,Information mining and comparison analysis of PM2.5 periodical paper both in English and Chinese in China,393,Modelling / simulation,True,,,,,False,False,No annotation with this attribute found: reverting to default,,0.00,0.00,2026-09-09_10-01-17_pruned_taxonomy_topdown_sol
347011,a2382563-97d5-44e3-a1fe-22584b6a15ea,Information mining and comparison analysis of PM2.5 periodical paper both in English and Chinese in China,390,(Quasi-)Experimental / single-group designs,True,,,,,False,False,No annotation with this attribute found: reverting to default,,0.00,0.00,2026-09-09_10-01-17_pruned_taxonomy_topdown_sol
347011,a2382563-97d5-44e3-a1fe-22584b6a15ea,Information mining and comparison analysis of PM2.5 periodical paper both in English and Chinese in China,429,Narrative review,True,,,,,False,False,"The study is a bibliometric/information-mining analysis of PM2.5 publications, not a narrative review that interprets substantive findings based on author expertise.",,0.00,0.00,2026-09-09_10-01-17_pruned_taxonomy_topdown_sol
347011,a2382563-97d5-44e3-a1fe-22584b6a15ea,Information mining and comparison analysis of PM2.5 periodical paper both in English and Chinese in China,396,Qualitative designs,True,,,,,False,False,No annotation with this attribute found: reverting to default,,0.00,0.00,2026-09-09_10-01-17_pruned_taxonomy_topdown_sol
347011,a2382563-97d5-44e3-a1fe-22584b6a15ea,Information mining and comparison analysis of PM2.5 periodical paper both in English and Chinese in China,388,2. Evidence synthesis,True,,,,,True,True,"The study is a bibliometric/publication analysis of existing Chinese and English PM2.5 literature, which falls within the review or evidence-synthesis concept.","Comprehensive analysis result was made based on the overall output of literature, academic attention trend, literature distribution and growth trend, authority institution and author ranking using high-volume database, data mining, clustering analysis and visualization technology.",0.00,100.00,2026-09-09_10-01-17_pruned_taxonomy_topdown_sol
347011,a2382563-97d5-44e3-a1fe-22584b6a15ea,Information mining and comparison analysis of PM2.5 periodical paper both in English and Chinese in China,391,Descriptive / single-group designs,True,,,,,False,False,No annotation with this attribute found: reverting to default,,0.00,0.00,2026-09-09_10-01-17_pruned_taxonomy_topdown_sol
347011,a2382563-97d5-44e3-a1fe-22584b6a15ea,Information mining and comparison analysis of PM2.5 periodical paper both in English and Chinese in China,427,Health technology assessment (HTA),True,,,,,False,False,"It does not evaluate a health technology or address clinical effectiveness, cost-effectiveness, or broader policy implications of a technology.",,0.00,0.00,2026-09-09_10-01-17_pruned_taxonomy_topdown_sol
347011,a2382563-97d5-44e3-a1fe-22584b6a15ea,Information mining and comparison analysis of PM2.5 periodical paper both in English and Chinese in China,395,Observational / single-group designs,True,,,,,False,False,No annotation with this attribute found: reverting to default,,0.00,0.00,2026-09-09_10-01-17_pruned_taxonomy_topdown_sol
347011,a2382563-97d5-44e3-a1fe-22584b6a15ea,Information mining and comparison analysis of PM2.5 periodical paper both in English and Chinese in China,426,Guideline (clinical or public health),True,,,,,False,False,The study does not develop evidence-based recommendations or guidance for clinical or public health practice.,,0.00,0.00,2026-09-09_10-01-17_pruned_taxonomy_topdown_sol
347011,a2382563-97d5-44e3-a1fe-22584b6a15ea,Information mining and comparison analysis of PM2.5 periodical paper both in English and Chinese in China,387,1. Primary research,True,,,,,False,False,"Although it performs an original bibliometric analysis, its data consist of existing publications rather than directly collected primary data; under the supplied taxonomy, bibliometric publication analyses are classified as reviews/syntheses rather than original primary research.",To explore the information distribution of PM2.5 periodical paper both in English and Chinese in China.,0.00,100.00,2026-09-09_10-01-17_pruned_taxonomy_topdown_sol
347011,a2382563-97d5-44e3-a1fe-22584b6a15ea,Information mining and comparison analysis of PM2.5 periodical paper both in English and Chinese in China,430,Systematic reviews,True,,,,,False,False,"Although literature databases were analyzed, the study does not systematically select, appraise, and synthesize primary-study evidence on a defined research question.",,0.00,0.00,2026-09-09_10-01-17_pruned_taxonomy_topdown_sol
347011,a2382563-97d5-44e3-a1fe-22584b6a15ea,Information mining and comparison analysis of PM2.5 periodical paper both in English and Chinese in China,397,Z_Other study design,True,,,,,False,False,No annotation with this attribute found: reverting to default,,0.00,0.00,2026-09-09_10-01-17_pruned_taxonomy_topdown_sol
347011,a2382563-97d5-44e3-a1fe-22584b6a15ea,Information mining and comparison analysis of PM2.5 periodical paper both in English and Chinese in China,389,(Quasi-)Experimental / group comparison designs,True,,,,,False,False,No annotation with this attribute found: reverting to default,,0.00,0.00,2026-09-09_10-01-17_pruned_taxonomy_topdown_sol
347011,a2382563-97d5-44e3-a1fe-22584b6a15ea,Information mining and comparison analysis of PM2.5 periodical paper both in English and Chinese in China,431,Z_Other evidence synthesis type,True,,,,,True,False,This is a bibliometric analysis of publication output and distribution rather than an evidence synthesis of study findings.,,0.00,0.00,2026-09-09_10-01-17_pruned_taxonomy_topdown_sol
347011,a2382563-97d5-44e3-a1fe-22584b6a15ea,Information mining and comparison analysis of PM2.5 periodical paper both in English and Chinese in China,428,Meta-analysis (unsystematic),True,,,,,False,False,"The quantitative methods analyze publication patterns and metadata, not effect estimates or substantive evidence from existing studies.",,0.00,0.00,2026-09-09_10-01-17_pruned_taxonomy_topdown_sol
347011,a2382563-97d5-44e3-a1fe-22584b6a15ea,Information mining and comparison analysis of PM2.5 periodical paper both in English and Chinese in China,117,"1.2. Communicable, maternal, neonatal, and nutritional mortality",True,,,,,False,False,No annotation with this attribute found: reverting to default,,0.00,0.00,2026-09-09_10-01-17_pruned_taxonomy_topdown_sol
347011,a2382563-97d5-44e3-a1fe-22584b6a15ea,Information mining and comparison analysis of PM2.5 periodical paper both in English and Chinese in China,196,Chronic respiratory diseases,True,,,,,False,False,No annotation with this attribute found: reverting to default,,0.00,0.00,2026-09-09_10-01-17_pruned_taxonomy_topdown_sol
347011,a2382563-97d5-44e3-a1fe-22584b6a15ea,Information mining and comparison analysis of PM2.5 periodical paper both in English and Chinese in China,201,Neoplasms,True,,,,,False,False,No annotation with this attribute found: reverting to default,,0.00,0.00,2026-09-09_10-01-17_pruned_taxonomy_topdown_sol
347011,a2382563-97d5-44e3-a1fe-22584b6a15ea,Information mining and comparison analysis of PM2.5 periodical paper both in English and Chinese in China,118,1.3. Non-communicable mortality,True,,,,,False,False,No annotation with this attribute found: reverting to default,,0.00,0.00,2026-09-09_10-01-17_pruned_taxonomy_topdown_sol
347011,a2382563-97d5-44e3-a1fe-22584b6a15ea,Information mining and comparison analysis of PM2.5 periodical paper both in English and Chinese in China,138,Respiratory infections and tuberculosis,True,,,,,False,False,No annotation with this attribute found: reverting to default,,0.00,0.00,2026-09-09_10-01-17_pruned_taxonomy_topdown_sol
347011,a2382563-97d5-44e3-a1fe-22584b6a15ea,Information mining and comparison analysis of PM2.5 periodical paper both in English and Chinese in China,116,1.1. Total / all-cause mortality (Outcome),True,,,,,False,False,No annotation with this attribute found: reverting to default,,0.00,0.00,2026-09-09_10-01-17_pruned_taxonomy_topdown_sol
347011,a2382563-97d5-44e3-a1fe-22584b6a15ea,Information mining and comparison analysis of PM2.5 periodical paper both in English and Chinese in China,204,Skin and subcutaneous diseases,True,,,,,False,False,No annotation with this attribute found: reverting to default,,0.00,0.00,2026-09-09_10-01-17_pruned_taxonomy_topdown_sol
347011,a2382563-97d5-44e3-a1fe-22584b6a15ea,Information mining and comparison analysis of PM2.5 periodical paper both in English and Chinese in China,197,Diabetes and kidney diseases,True,,,,,False,False,No annotation with this attribute found: reverting to default,,0.00,0.00,2026-09-09_10-01-17_pruned_taxonomy_topdown_sol
347011,a2382563-97d5-44e3-a1fe-22584b6a15ea,Information mining and comparison analysis of PM2.5 periodical paper both in English and Chinese in China,198,Digestive diseases,True,,,,,False,False,No annotation with this attribute found: reverting to default,,0.00,0.00,2026-09-09_10-01-17_pruned_taxonomy_topdown_sol
347011,a2382563-97d5-44e3-a1fe-22584b6a15ea,Information mining and comparison analysis of PM2.5 periodical paper both in English and Chinese in China,137,Nutritional deficiencies,True,,,,,False,False,No annotation with this attribute found: reverting to default,,0.00,0.00,2026-09-09_10-01-17_pruned_taxonomy_topdown_sol
347011,a2382563-97d5-44e3-a1fe-22584b6a15ea,Information mining and comparison analysis of PM2.5 periodical paper both in English and Chinese in China,134,HIV/AIDS and sexually transmitted infections,True,,,,,False,False,No annotation with this attribute found: reverting to default,,0.00,0.00,2026-09-09_10-01-17_pruned_taxonomy_topdown_sol
347011,a2382563-97d5-44e3-a1fe-22584b6a15ea,Information mining and comparison analysis of PM2.5 periodical paper both in English and Chinese in China,203,Sense organ diseases,True,,,,,False,False,No annotation with this attribute found: reverting to default,,0.00,0.00,2026-09-09_10-01-17_pruned_taxonomy_topdown_sol
347011,a2382563-97d5-44e3-a1fe-22584b6a15ea,Information mining and comparison analysis of PM2.5 periodical paper both in English and Chinese in China,195,Cardiovascular diseases,True,,,,,False,False,No annotation with this attribute found: reverting to default,,0.00,0.00,2026-09-09_10-01-17_pruned_taxonomy_topdown_sol
347011,a2382563-97d5-44e3-a1fe-22584b6a15ea,Information mining and comparison analysis of PM2.5 periodical paper both in English and Chinese in China,289,Transport injuries,True,,,,,False,False,No annotation with this attribute found: reverting to default,,0.00,0.00,2026-09-09_10-01-17_pruned_taxonomy_topdown_sol
347011,a2382563-97d5-44e3-a1fe-22584b6a15ea,Information mining and comparison analysis of PM2.5 periodical paper both in English and Chinese in China,113,"2. Communicable, maternal, neonatal, and nutritional diseases",True,,,,,False,False,"The study is a bibliometric analysis of PM2.5 publications and does not investigate communicable, maternal, neonatal, or nutritional diseases.",,0.00,0.00,2026-09-09_10-01-17_pruned_taxonomy_topdown_sol
347011,a2382563-97d5-44e3-a1fe-22584b6a15ea,Information mining and comparison analysis of PM2.5 periodical paper both in English and Chinese in China,139,Z_Other infectious diseases,True,,,,,False,False,No annotation with this attribute found: reverting to default,,0.00,0.00,2026-09-09_10-01-17_pruned_taxonomy_topdown_sol
347011,a2382563-97d5-44e3-a1fe-22584b6a15ea,Information mining and comparison analysis of PM2.5 periodical paper both in English and Chinese in China,135,Maternal and neonatal disorders,True,,,,,False,False,No annotation with this attribute found: reverting to default,,0.00,0.00,2026-09-09_10-01-17_pruned_taxonomy_topdown_sol
347011,a2382563-97d5-44e3-a1fe-22584b6a15ea,Information mining and comparison analysis of PM2.5 periodical paper both in English and Chinese in China,202,Neurological disorders,True,,,,,False,False,No annotation with this attribute found: reverting to default,,0.00,0.00,2026-09-09_10-01-17_pruned_taxonomy_topdown_sol
347011,a2382563-97d5-44e3-a1fe-22584b6a15ea,Information mining and comparison analysis of PM2.5 periodical paper both in English and Chinese in China,288,Self-harm and interpersonal violence,True,,,,,False,False,No annotation with this attribute found: reverting to default,,0.00,0.00,2026-09-09_10-01-17_pruned_taxonomy_topdown_sol
347011,a2382563-97d5-44e3-a1fe-22584b6a15ea,Information mining and comparison analysis of PM2.5 periodical paper both in English and Chinese in China,206,Z_Other non-communicable diseases,True,,,,,False,False,No annotation with this attribute found: reverting to default,,0.00,0.00,2026-09-09_10-01-17_pruned_taxonomy_topdown_sol
347011,a2382563-97d5-44e3-a1fe-22584b6a15ea,Information mining and comparison analysis of PM2.5 periodical paper both in English and Chinese in China,200,Musculoskeletal disorders,True,,,,,False,False,No annotation with this attribute found: reverting to default,,0.00,0.00,2026-09-09_10-01-17_pruned_taxonomy_topdown_sol
347011,a2382563-97d5-44e3-a1fe-22584b6a15ea,Information mining and comparison analysis of PM2.5 periodical paper both in English and Chinese in China,133,Enteric infections,True,,,,,False,False,No annotation with this attribute found: reverting to default,,0.00,0.00,2026-09-09_10-01-17_pruned_taxonomy_topdown_sol
347011,a2382563-97d5-44e3-a1fe-22584b6a15ea,Information mining and comparison analysis of PM2.5 periodical paper both in English and Chinese in China,114,3. Non-communicable diseases,True,,,,,False,False,"Although PM2.5 research can concern chronic diseases, this study analyzes publication patterns rather than any non-communicable disease or health outcome.",,0.00,0.00,2026-09-09_10-01-17_pruned_taxonomy_topdown_sol
347011,a2382563-97d5-44e3-a1fe-22584b6a15ea,Information mining and comparison analysis of PM2.5 periodical paper both in English and Chinese in China,112,1. Mortality (Outcome),True,,,,,False,False,Mortality is not assessed or discussed as a study outcome.,,0.00,0.00,2026-09-09_10-01-17_pruned_taxonomy_topdown_sol
347011,a2382563-97d5-44e3-a1fe-22584b6a15ea,Information mining and comparison analysis of PM2.5 periodical paper both in English and Chinese in China,115,4. Injuries,True,,,,,False,False,The study does not investigate bodily injury or any external cause of injury.,,0.00,0.00,2026-09-09_10-01-17_pruned_taxonomy_topdown_sol
347011,a2382563-97d5-44e3-a1fe-22584b6a15ea,Information mining and comparison analysis of PM2.5 periodical paper both in English and Chinese in China,199,Mental disorders,True,,,,,False,False,No annotation with this attribute found: reverting to default,,0.00,0.00,2026-09-09_10-01-17_pruned_taxonomy_topdown_sol
347011,a2382563-97d5-44e3-a1fe-22584b6a15ea,Information mining and comparison analysis of PM2.5 periodical paper both in English and Chinese in China,205,Substance use disorders,True,,,,,False,False,No annotation with this attribute found: reverting to default,,0.00,0.00,2026-09-09_10-01-17_pruned_taxonomy_topdown_sol
347011,a2382563-97d5-44e3-a1fe-22584b6a15ea,Information mining and comparison analysis of PM2.5 periodical paper both in English and Chinese in China,136,Neglected tropical diseases and malaria,True,,,,,False,False,No annotation with this attribute found: reverting to default,,0.00,0.00,2026-09-09_10-01-17_pruned_taxonomy_topdown_sol
347011,a2382563-97d5-44e3-a1fe-22584b6a15ea,Information mining and comparison analysis of PM2.5 periodical paper both in English and Chinese in China,290,Unintentional injuries,True,,,,,False,False,No annotation with this attribute found: reverting to default,,0.00,0.00,2026-09-09_10-01-17_pruned_taxonomy_topdown_sol
4049454059,aaca8483-a725-4815-84fb-539f5a063494,Reply on RC2,38,Oil,True,,,,,False,False,The study concerns carbon sequestration in coastal vegetated ecosystems and does not examine oil or petroleum products.,,0.00,0.00,2026-09-09_10-01-17_pruned_taxonomy_topdown_sol
4049454059,aaca8483-a725-4815-84fb-539f5a063494,Reply on RC2,36,Coal,True,,,,,False,False,"Coal is not a subject, exposure, or energy source discussed in the study.",,0.00,0.00,2026-09-09_10-01-17_pruned_taxonomy_topdown_sol
4049454059,aaca8483-a725-4815-84fb-539f5a063494,Reply on RC2,37,Natural gas,True,,,,,False,False,Natural gas or methane-based fossil fuel use is not addressed.,,0.00,0.00,2026-09-09_10-01-17_pruned_taxonomy_topdown_sol
4049454059,aaca8483-a725-4815-84fb-539f5a063494,Reply on RC2,35,(Unspecified) fossil fuels,True,,,,,False,False,"The abstract discusses climate mitigation through ecosystem carbon sequestration, not fossil fuel use or combustion.",,0.00,0.00,2026-09-09_10-01-17_pruned_taxonomy_topdown_sol
4049454059,aaca8483-a725-4815-84fb-539f5a063494,Reply on RC2,21,Nitrous oxide (N₂O),True,,,,,False,False,The study does not examine nitrous oxide emissions or agricultural nitrogen sources.,,0.00,0.00,2026-09-09_10-01-17_pruned_taxonomy_topdown_sol
4049454059,aaca8483-a725-4815-84fb-539f5a063494,Reply on RC2,17,(Unspecified) greenhouse gases,True,,,,,False,False,The study focuses specifically on carbon dioxide and organic carbon sequestration rather than greenhouse gases collectively.,,0.00,0.00,2026-09-09_10-01-17_pruned_taxonomy_topdown_sol
4049454059,aaca8483-a725-4815-84fb-539f5a063494,Reply on RC2,24,Tropospheric ozone (O₃),True,,,,,False,False,"Ground-level ozone is not an exposure, outcome, or focus of the study.",,0.00,0.00,2026-09-09_10-01-17_pruned_taxonomy_topdown_sol
4049454059,aaca8483-a725-4815-84fb-539f5a063494,Reply on RC2,18,Carbon dioxide (CO₂),True,,,,,True,True,Carbon dioxide fixation and long-term carbon sequestration by coastal vegetated ecosystems are central subjects of the study.,the restoration of plant ecosystems that fix carbon dioxide,0.00,100.00,2026-09-09_10-01-17_pruned_taxonomy_topdown_sol
4049454059,aaca8483-a725-4815-84fb-539f5a063494,Reply on RC2,23,Particulate matter (PM10) / fine particulate matter (PM2.5) / black/organic carbon / sulfate/nitrate aerosols,True,,,,,False,False,"The sediment discussed is part of coastal carbon storage processes, not airborne particulate matter such as PM10 or PM2.5.",,0.00,0.00,2026-09-09_10-01-17_pruned_taxonomy_topdown_sol
4049454059,aaca8483-a725-4815-84fb-539f5a063494,Reply on RC2,20,Methane (CH₄),True,,,,,False,False,Methane emissions or mitigation are not examined.,,0.00,0.00,2026-09-09_10-01-17_pruned_taxonomy_topdown_sol
4049454059,aaca8483-a725-4815-84fb-539f5a063494,Reply on RC2,22,Ozone-depleting substances / chlorofluorocarbons / hydrochlorofluorocarbons / halons / carbon tetrachloride / methyl chloroform,True,,,,,False,False,Ozone-depleting substances and their regulation are not discussed.,,0.00,0.00,2026-09-09_10-01-17_pruned_taxonomy_topdown_sol
4049454059,aaca8483-a725-4815-84fb-539f5a063494,Reply on RC2,19,Fluorinated gases / hydrofluorocarbons / perfluorocarbons / sulfur hexafluoride / nitrogen trifluoride,True,,,,,False,False,Synthetic fluorinated greenhouse gases are not a subject of the study.,,0.00,0.00,2026-09-09_10-01-17_pruned_taxonomy_topdown_sol
4049454059,aaca8483-a725-4815-84fb-539f5a063494,Reply on RC2,29,Extreme snow/ice events,True,,,,,False,False,The study concerns carbon sequestration in coastal vegetated ecosystems and does not examine severe snow or ice conditions.,,0.00,0.00,2026-09-09_10-01-17_pruned_taxonomy_topdown_sol
4049454059,aaca8483-a725-4815-84fb-539f5a063494,Reply on RC2,34,Z_(Unspecified) extreme weather events,True,,,,,False,False,No unspecified extreme weather events or general climate extremes are studied.,,0.00,0.00,2026-09-09_10-01-17_pruned_taxonomy_topdown_sol
4049454059,aaca8483-a725-4815-84fb-539f5a063494,Reply on RC2,28,Extreme precipitation,True,,,,,False,False,The study does not investigate extreme precipitation.,,0.00,0.00,2026-09-09_10-01-17_pruned_taxonomy_topdown_sol
4049454059,aaca8483-a725-4815-84fb-539f5a063494,Reply on RC2,25,Droughts,True,,,,,False,False,The study does not examine drought or prolonged water deficits.,,0.00,0.00,2026-09-09_10-01-17_pruned_taxonomy_topdown_sol
4049454059,aaca8483-a725-4815-84fb-539f5a063494,Reply on RC2,26,Extreme cold,True,,,,,False,False,The study does not concern abnormally low temperatures or cold-related health effects.,,0.00,0.00,2026-09-09_10-01-17_pruned_taxonomy_topdown_sol
4049454059,aaca8483-a725-4815-84fb-539f5a063494,Reply on RC2,32,Storms and severe wind,True,,,,,False,False,"No cyclones, hurricanes, typhoons, severe thunderstorms, or hailstorms are studied.",,0.00,0.00,2026-09-09_10-01-17_pruned_taxonomy_topdown_sol
4049454059,aaca8483-a725-4815-84fb-539f5a063494,Reply on RC2,27,Extreme heat,True,,,,,False,False,The study does not investigate extreme heat or heatwaves.,,0.00,0.00,2026-09-09_10-01-17_pruned_taxonomy_topdown_sol
4049454059,aaca8483-a725-4815-84fb-539f5a063494,Reply on RC2,31,Sand and dust storms,True,,,,,False,False,The study does not concern sand or dust storms.,,0.00,0.00,2026-09-09_10-01-17_pruned_taxonomy_topdown_sol
4049454059,aaca8483-a725-4815-84fb-539f5a063494,Reply on RC2,33,Wildfires,True,,,,,False,False,The study does not examine wildfires or wildfire smoke.,,0.00,0.00,2026-09-09_10-01-17_pruned_taxonomy_topdown_sol
4049454059,aaca8483-a725-4815-84fb-539f5a063494,Reply on RC2,30,Floods,True,,,,,False,False,"Although coastal protection is mentioned, flooding is not a studied exposure, event, or outcome.",,0.00,0.00,2026-09-09_10-01-17_pruned_taxonomy_topdown_sol
4049454059,aaca8483-a725-4815-84fb-539f5a063494,Reply on RC2,490,Maladaptation,True,,,,,False,False,No annotation with this attribute found: reverting to default,,0.00,0.00,2026-09-09_10-01-17_pruned_taxonomy_topdown_sol
4049454059,aaca8483-a725-4815-84fb-539f5a063494,Reply on RC2,487,Adaptation,True,,,,,False,False,"The study focuses on carbon sequestration by coastal vegetation rather than adjustment to or management of climate-related hazards. Coastal protection is mentioned only as a restoration co-benefit, without analysis of adaptation or resilience.",,0.00,0.00,2026-09-09_10-01-17_pruned_taxonomy_topdown_sol
4049454059,aaca8483-a725-4815-84fb-539f5a063494,Reply on RC2,496,Co-Benefits,True,,,,,True,True,The study identifies coastal protection and enhanced biodiversity as environmental co-benefits of restoring coastal vegetated ecosystems for carbon sequestration and climate mitigation.,"the restoration of plant ecosystems that fix carbon dioxide, protect coasts and enhance biodiversity",0.00,100.00,2026-09-09_10-01-17_pruned_taxonomy_topdown_sol
4049454059,aaca8483-a725-4815-84fb-539f5a063494,Reply on RC2,488,Impact,True,,,,,False,False,The study does not characterize effects or risks caused by a climate variable or climate-related extreme event; it examines ecosystem carbon storage processes.,,0.00,0.00,2026-09-09_10-01-17_pruned_taxonomy_topdown_sol
4049454059,aaca8483-a725-4815-84fb-539f5a063494,Reply on RC2,495,Loss and damage,True,,,,,False,False,No annotation with this attribute found: reverting to default,,0.00,0.00,2026-09-09_10-01-17_pruned_taxonomy_topdown_sol
4049454059,aaca8483-a725-4815-84fb-539f5a063494,Reply on RC2,493,Attribution,True,,,,,False,False,No annotation with this attribute found: reverting to default,,0.00,0.00,2026-09-09_10-01-17_pruned_taxonomy_topdown_sol
4049454059,aaca8483-a725-4815-84fb-539f5a063494,Reply on RC2,489,Mitigation,True,,,,,True,True,"The study directly concerns climate mitigation through carbon dioxide fixation, sedimentary carbon sequestration, and restoration of mangroves, seagrass meadows, and saltmarshes.",Coastal vegetated ecosystems are key-nature based solutions for climate change mitigation.,0.00,100.00,2026-09-09_10-01-17_pruned_taxonomy_topdown_sol
4049454059,aaca8483-a725-4815-84fb-539f5a063494,Reply on RC2,492,Resilience,True,,,,,False,False,No annotation with this attribute found: reverting to default,,0.00,0.00,2026-09-09_10-01-17_pruned_taxonomy_topdown_sol
4049454059,aaca8483-a725-4815-84fb-539f5a063494,Reply on RC2,491,Preparedness,True,,,,,False,False,No annotation with this attribute found: reverting to default,,0.00,0.00,2026-09-09_10-01-17_pruned_taxonomy_topdown_sol
4049454059,aaca8483-a725-4815-84fb-539f5a063494,Reply on RC2,494,Future impact,True,,,,,False,False,No annotation with this attribute found: reverting to default,,0.00,0.00,2026-09-09_10-01-17_pruned_taxonomy_topdown_sol
4049454059,aaca8483-a725-4815-84fb-539f5a063494,Reply on RC2,14,Changes in temperature,True,,,,,False,False,The study does not examine long-term temperature shifts or warming-related effects.,,0.00,0.00,2026-09-09_10-01-17_pruned_taxonomy_topdown_sol
4049454059,aaca8483-a725-4815-84fb-539f5a063494,Reply on RC2,9,Changes in humidity,True,,,,,False,False,Atmospheric moisture or humidity changes are not studied.,,0.00,0.00,2026-09-09_10-01-17_pruned_taxonomy_topdown_sol
4049454059,aaca8483-a725-4815-84fb-539f5a063494,Reply on RC2,6,(Unspecified) changes in weather,True,,,,,False,False,The study does not address general weather-pattern changes or short-term weather variability.,,0.00,0.00,2026-09-09_10-01-17_pruned_taxonomy_topdown_sol
4049454059,aaca8483-a725-4815-84fb-539f5a063494,Reply on RC2,13,Changes in season length,True,,,,,False,False,Changes in season duration or seasonal timing are not discussed.,,0.00,0.00,2026-09-09_10-01-17_pruned_taxonomy_topdown_sol
4049454059,aaca8483-a725-4815-84fb-539f5a063494,Reply on RC2,8,Changes in glacier / snow melt,True,,,,,False,False,Glacier or snowpack melting is not a subject of the study.,,0.00,0.00,2026-09-09_10-01-17_pruned_taxonomy_topdown_sol
4049454059,aaca8483-a725-4815-84fb-539f5a063494,Reply on RC2,15,Changes in wind speed,True,,,,,False,False,"Although coastal vegetation modulates local water flow, the study does not concern changes in atmospheric wind patterns or velocity.",,0.00,0.00,2026-09-09_10-01-17_pruned_taxonomy_topdown_sol
4049454059,aaca8483-a725-4815-84fb-539f5a063494,Reply on RC2,10,Changes in inland water bodies,True,,,,,False,False,"The study focuses on carbon accumulation in coastal sediments, not climate-driven changes in freshwater availability, river flow, or lake levels.",,0.00,0.00,2026-09-09_10-01-17_pruned_taxonomy_topdown_sol
4049454059,aaca8483-a725-4815-84fb-539f5a063494,Reply on RC2,11,Changes in precipitation,True,,,,,False,False,"Changes in rainfall or snowfall amount, timing, or intensity are not examined.",,0.00,0.00,2026-09-09_10-01-17_pruned_taxonomy_topdown_sol
4049454059,aaca8483-a725-4815-84fb-539f5a063494,Reply on RC2,16,Climate variability,True,,,,,False,False,"The research does not investigate fluctuations in climate conditions over months, years, or decades.",,0.00,0.00,2026-09-09_10-01-17_pruned_taxonomy_topdown_sol
4049454059,aaca8483-a725-4815-84fb-539f5a063494,Reply on RC2,7,(Unspecified) climate change,True,,,,,False,True,"Climate change is a central general framing of the study because it assesses carbon sequestration by coastal ecosystems as a mitigation solution, without examining a specific meteorological climate-change driver.",Coastal vegetated ecosystems are key-nature based solutions for climate change mitigation.,0.00,100.00,2026-09-09_10-01-17_pruned_taxonomy_topdown_sol
4049454059,aaca8483-a725-4815-84fb-539f5a063494,Reply on RC2,12,Changes in sea level,True,,,,,False,False,Sea-level rise is not examined; coastal protection is mentioned only as a benefit of ecosystem restoration.,,0.00,0.00,2026-09-09_10-01-17_pruned_taxonomy_topdown_sol
4049454059,aaca8483-a725-4815-84fb-539f5a063494,Reply on RC2,474,"Agriculture, fishing, and forestry (Sector)",True,,,,,False,False,"The study examines carbon sequestration in natural coastal vegetated ecosystems, not crop cultivation, livestock, aquaculture, fishing, or forest-management activities as an economic sector.",We used algal and plant glycans as carbon sequestration proxy to trace the input and stabilization from source to sink,0.00,100.00,2026-09-09_10-01-17_pruned_taxonomy_topdown_sol
4049454059,aaca8483-a725-4815-84fb-539f5a063494,Reply on RC2,482,Military (Sector),True,,,,,False,False,"The military sector, defense capabilities, and armed forces are not subjects of the study.",,0.00,0.00,2026-09-09_10-01-17_pruned_taxonomy_topdown_sol
4049454059,aaca8483-a725-4815-84fb-539f5a063494,Reply on RC2,479,Healthcare (Sector),True,,,,,False,False,"The study does not concern medical care, public health services, or health infrastructure.",,0.00,0.00,2026-09-09_10-01-17_pruned_taxonomy_topdown_sol
4049454059,aaca8483-a725-4815-84fb-539f5a063494,Reply on RC2,477,Energy and extractives (Sector),True,,,,,False,False,"Although climate-change mitigation is discussed, the study does not examine energy generation, fuels, renewables, or resource extraction.",,0.00,0.00,2026-09-09_10-01-17_pruned_taxonomy_topdown_sol
4049454059,aaca8483-a725-4815-84fb-539f5a063494,Reply on RC2,484,Social protection (Sector),True,,,,,False,False,"Social protection, welfare services, and safety nets are not addressed.",,0.00,0.00,2026-09-09_10-01-17_pruned_taxonomy_topdown_sol
4049454059,aaca8483-a725-4815-84fb-539f5a063494,Reply on RC2,475,Buildings / housing (Sector),True,,,,,False,False,"The study does not examine buildings, housing, or construction.",,0.00,0.00,2026-09-09_10-01-17_pruned_taxonomy_topdown_sol
4049454059,aaca8483-a725-4815-84fb-539f5a063494,Reply on RC2,485,Transportation (Sector),True,,,,,False,False,"Transport infrastructure, vehicles, and logistics are not subjects of the study.",,0.00,0.00,2026-09-09_10-01-17_pruned_taxonomy_topdown_sol
4049454059,aaca8483-a725-4815-84fb-539f5a063494,Reply on RC2,481,Information and communications technologies (Sector),True,,,,,False,False,"Telecommunications, digital infrastructure, and information technology are not addressed.",,0.00,0.00,2026-09-09_10-01-17_pruned_taxonomy_topdown_sol
4049454059,aaca8483-a725-4815-84fb-539f5a063494,Reply on RC2,486,"Water, sanitation, and waste management (Sector)",True,,,,,False,False,"The coastal marine setting does not itself constitute the water and waste sector; the study does not address water supply, sewage treatment, or solid-waste management.",,0.00,0.00,2026-09-09_10-01-17_pruned_taxonomy_topdown_sol
4049454059,aaca8483-a725-4815-84fb-539f5a063494,Reply on RC2,478,Finance (Sector),True,,,,,False,False,"Banking, insurance, investment, and other financial services or mechanisms are not examined.",,0.00,0.00,2026-09-09_10-01-17_pruned_taxonomy_topdown_sol
4049454059,aaca8483-a725-4815-84fb-539f5a063494,Reply on RC2,480,"Industry, trade, and services (Sector)",True,,,,,False,False,"Manufacturing, trade, retail, and commercial services are not subjects of the study.",,0.00,0.00,2026-09-09_10-01-17_pruned_taxonomy_topdown_sol
4049454059,aaca8483-a725-4815-84fb-539f5a063494,Reply on RC2,476,Education (Sector),True,,,,,False,False,Formal or informal education systems and institutions are not examined.,,0.00,0.00,2026-09-09_10-01-17_pruned_taxonomy_topdown_sol
4049454059,aaca8483-a725-4815-84fb-539f5a063494,Reply on RC2,483,Public administration (Sector),True,,,,,False,False,"The study recommends recognition of restored ecosystems' carbon storage but does not examine public-administration operations, services, or workforce.",,0.00,0.00,2026-09-09_10-01-17_pruned_taxonomy_topdown_sol
4049454059,aaca8483-a725-4815-84fb-539f5a063494,Reply on RC2,392,Mixed-methods,True,,,,,False,False,The study reports quantitative sediment-core and biomolecular analyses only; no qualitative component is described.,,0.00,0.00,2026-09-09_10-01-17_pruned_taxonomy_topdown_sol
4049454059,aaca8483-a725-4815-84fb-539f5a063494,Reply on RC2,394,Observational / group comparison designs,True,,,,,False,True,This is an observational field study sampling naturally occurring ecosystem groups without random allocation or manipulation.,found those molecules in 93 sediment cores across different coastal vegetated ecosystems from temperate to tropical regions,0.00,100.00,2026-09-09_10-01-17_pruned_taxonomy_topdown_sol
4049454059,aaca8483-a725-4815-84fb-539f5a063494,Reply on RC2,393,Modelling / simulation,True,,,,,False,False,"The study uses empirical sediment sampling and glycan tracing rather than mathematical, statistical, or computational simulation or projection.",,0.00,0.00,2026-09-09_10-01-17_pruned_taxonomy_topdown_sol
4049454059,aaca8483-a725-4815-84fb-539f5a063494,Reply on RC2,390,(Quasi-)Experimental / single-group designs,True,,,,,False,False,No intervention is applied to a single group; ecosystem restoration is discussed as an implication rather than tested.,,0.00,0.00,2026-09-09_10-01-17_pruned_taxonomy_topdown_sol
4049454059,aaca8483-a725-4815-84fb-539f5a063494,Reply on RC2,429,Narrative review,True,,,,,False,False,No annotation with this attribute found: reverting to default,,0.00,0.00,2026-09-09_10-01-17_pruned_taxonomy_topdown_sol
4049454059,aaca8483-a725-4815-84fb-539f5a063494,Reply on RC2,396,Qualitative designs,True,,,,,False,False,"No qualitative data collection or analysis of experiences, meanings, or contextual narratives is reported.",,0.00,0.00,2026-09-09_10-01-17_pruned_taxonomy_topdown_sol
4049454059,aaca8483-a725-4815-84fb-539f5a063494,Reply on RC2,388,2. Evidence synthesis,True,,,,,False,False,The study is not a review or synthesis of existing literature; it reports original sampling and analysis of sediment cores.,,0.00,0.00,2026-09-09_10-01-17_pruned_taxonomy_topdown_sol
4049454059,aaca8483-a725-4815-84fb-539f5a063494,Reply on RC2,391,Descriptive / single-group designs,True,,,,,True,False,"Although the study characterizes sediment samples, it spans different coastal vegetated ecosystems and regions rather than describing outcomes solely within one undifferentiated group.",,0.00,0.00,2026-09-09_10-01-17_pruned_taxonomy_topdown_sol
4049454059,aaca8483-a725-4815-84fb-539f5a063494,Reply on RC2,427,Health technology assessment (HTA),True,,,,,False,False,No annotation with this attribute found: reverting to default,,0.00,0.00,2026-09-09_10-01-17_pruned_taxonomy_topdown_sol
4049454059,aaca8483-a725-4815-84fb-539f5a063494,Reply on RC2,395,Observational / single-group designs,True,,,,,False,False,"No longitudinal tracking, repeated temporal observations, or interrupted time-series design is described.",,0.00,0.00,2026-09-09_10-01-17_pruned_taxonomy_topdown_sol
4049454059,aaca8483-a725-4815-84fb-539f5a063494,Reply on RC2,426,Guideline (clinical or public health),True,,,,,False,False,No annotation with this attribute found: reverting to default,,0.00,0.00,2026-09-09_10-01-17_pruned_taxonomy_topdown_sol
4049454059,aaca8483-a725-4815-84fb-539f5a063494,Reply on RC2,387,1. Primary research,True,,,,,True,True,This is original primary research collecting and analyzing data from 93 sediment cores across coastal vegetated ecosystems.,We used algal and plant glycans as carbon sequestration proxy to trace the input and stabilization from source to sink and found those molecules in 93 sediment cores across different coastal vegetated ecosystems from temperate to tropical regions.,0.00,100.00,2026-09-09_10-01-17_pruned_taxonomy_topdown_sol
4049454059,aaca8483-a725-4815-84fb-539f5a063494,Reply on RC2,430,Systematic reviews,True,,,,,False,False,No annotation with this attribute found: reverting to default,,0.00,0.00,2026-09-09_10-01-17_pruned_taxonomy_topdown_sol
4049454059,aaca8483-a725-4815-84fb-539f5a063494,Reply on RC2,397,Z_Other study design,True,,,,,False,False,The primary research is adequately captured as an observational comparative field study.,,0.00,0.00,2026-09-09_10-01-17_pruned_taxonomy_topdown_sol
4049454059,aaca8483-a725-4815-84fb-539f5a063494,Reply on RC2,389,(Quasi-)Experimental / group comparison designs,True,,,,,False,False,There is no experimentally assigned intervention and no intervention-versus-control comparison.,,0.00,0.00,2026-09-09_10-01-17_pruned_taxonomy_topdown_sol
4049454059,aaca8483-a725-4815-84fb-539f5a063494,Reply on RC2,431,Z_Other evidence synthesis type,True,,,,,False,False,No annotation with this attribute found: reverting to default,,0.00,0.00,2026-09-09_10-01-17_pruned_taxonomy_topdown_sol
4049454059,aaca8483-a725-4815-84fb-539f5a063494,Reply on RC2,428,Meta-analysis (unsystematic),True,,,,,False,False,No annotation with this attribute found: reverting to default,,0.00,0.00,2026-09-09_10-01-17_pruned_taxonomy_topdown_sol
4049454059,aaca8483-a725-4815-84fb-539f5a063494,Reply on RC2,117,"1.2. Communicable, maternal, neonatal, and nutritional mortality",True,,,,,False,False,No annotation with this attribute found: reverting to default,,0.00,0.00,2026-09-09_10-01-17_pruned_taxonomy_topdown_sol
4049454059,aaca8483-a725-4815-84fb-539f5a063494,Reply on RC2,196,Chronic respiratory diseases,True,,,,,False,False,No annotation with this attribute found: reverting to default,,0.00,0.00,2026-09-09_10-01-17_pruned_taxonomy_topdown_sol
4049454059,aaca8483-a725-4815-84fb-539f5a063494,Reply on RC2,201,Neoplasms,True,,,,,False,False,No annotation with this attribute found: reverting to default,,0.00,0.00,2026-09-09_10-01-17_pruned_taxonomy_topdown_sol
4049454059,aaca8483-a725-4815-84fb-539f5a063494,Reply on RC2,118,1.3. Non-communicable mortality,True,,,,,False,False,No annotation with this attribute found: reverting to default,,0.00,0.00,2026-09-09_10-01-17_pruned_taxonomy_topdown_sol
4049454059,aaca8483-a725-4815-84fb-539f5a063494,Reply on RC2,138,Respiratory infections and tuberculosis,True,,,,,False,False,No annotation with this attribute found: reverting to default,,0.00,0.00,2026-09-09_10-01-17_pruned_taxonomy_topdown_sol
4049454059,aaca8483-a725-4815-84fb-539f5a063494,Reply on RC2,116,1.1. Total / all-cause mortality (Outcome),True,,,,,False,False,No annotation with this attribute found: reverting to default,,0.00,0.00,2026-09-09_10-01-17_pruned_taxonomy_topdown_sol
4049454059,aaca8483-a725-4815-84fb-539f5a063494,Reply on RC2,204,Skin and subcutaneous diseases,True,,,,,False,False,No annotation with this attribute found: reverting to default,,0.00,0.00,2026-09-09_10-01-17_pruned_taxonomy_topdown_sol
4049454059,aaca8483-a725-4815-84fb-539f5a063494,Reply on RC2,197,Diabetes and kidney diseases,True,,,,,False,False,No annotation with this attribute found: reverting to default,,0.00,0.00,2026-09-09_10-01-17_pruned_taxonomy_topdown_sol
4049454059,aaca8483-a725-4815-84fb-539f5a063494,Reply on RC2,198,Digestive diseases,True,,,,,False,False,No annotation with this attribute found: reverting to default,,0.00,0.00,2026-09-09_10-01-17_pruned_taxonomy_topdown_sol
4049454059,aaca8483-a725-4815-84fb-539f5a063494,Reply on RC2,137,Nutritional deficiencies,True,,,,,False,False,No annotation with this attribute found: reverting to default,,0.00,0.00,2026-09-09_10-01-17_pruned_taxonomy_topdown_sol
4049454059,aaca8483-a725-4815-84fb-539f5a063494,Reply on RC2,134,HIV/AIDS and sexually transmitted infections,True,,,,,False,False,No annotation with this attribute found: reverting to default,,0.00,0.00,2026-09-09_10-01-17_pruned_taxonomy_topdown_sol
4049454059,aaca8483-a725-4815-84fb-539f5a063494,Reply on RC2,203,Sense organ diseases,True,,,,,False,False,No annotation with this attribute found: reverting to default,,0.00,0.00,2026-09-09_10-01-17_pruned_taxonomy_topdown_sol
4049454059,aaca8483-a725-4815-84fb-539f5a063494,Reply on RC2,195,Cardiovascular diseases,True,,,,,False,False,No annotation with this attribute found: reverting to default,,0.00,0.00,2026-09-09_10-01-17_pruned_taxonomy_topdown_sol
4049454059,aaca8483-a725-4815-84fb-539f5a063494,Reply on RC2,289,Transport injuries,True,,,,,False,False,No annotation with this attribute found: reverting to default,,0.00,0.00,2026-09-09_10-01-17_pruned_taxonomy_topdown_sol
4049454059,aaca8483-a725-4815-84fb-539f5a063494,Reply on RC2,113,"2. Communicable, maternal, neonatal, and nutritional diseases",True,,,,,False,False,"The study concerns carbon sequestration in coastal vegetated ecosystems and does not examine infectious, maternal, neonatal, or nutritional diseases.",,0.00,0.00,2026-09-09_10-01-17_pruned_taxonomy_topdown_sol
4049454059,aaca8483-a725-4815-84fb-539f5a063494,Reply on RC2,139,Z_Other infectious diseases,True,,,,,False,False,No annotation with this attribute found: reverting to default,,0.00,0.00,2026-09-09_10-01-17_pruned_taxonomy_topdown_sol
4049454059,aaca8483-a725-4815-84fb-539f5a063494,Reply on RC2,135,Maternal and neonatal disorders,True,,,,,False,False,No annotation with this attribute found: reverting to default,,0.00,0.00,2026-09-09_10-01-17_pruned_taxonomy_topdown_sol
4049454059,aaca8483-a725-4815-84fb-539f5a063494,Reply on RC2,202,Neurological disorders,True,,,,,False,False,No annotation with this attribute found: reverting to default,,0.00,0.00,2026-09-09_10-01-17_pruned_taxonomy_topdown_sol
4049454059,aaca8483-a725-4815-84fb-539f5a063494,Reply on RC2,288,Self-harm and interpersonal violence,True,,,,,False,False,No annotation with this attribute found: reverting to default,,0.00,0.00,2026-09-09_10-01-17_pruned_taxonomy_topdown_sol
4049454059,aaca8483-a725-4815-84fb-539f5a063494,Reply on RC2,206,Z_Other non-communicable diseases,True,,,,,False,False,No annotation with this attribute found: reverting to default,,0.00,0.00,2026-09-09_10-01-17_pruned_taxonomy_topdown_sol
4049454059,aaca8483-a725-4815-84fb-539f5a063494,Reply on RC2,200,Musculoskeletal disorders,True,,,,,False,False,No annotation with this attribute found: reverting to default,,0.00,0.00,2026-09-09_10-01-17_pruned_taxonomy_topdown_sol
4049454059,aaca8483-a725-4815-84fb-539f5a063494,Reply on RC2,133,Enteric infections,True,,,,,False,False,No annotation with this attribute found: reverting to default,,0.00,0.00,2026-09-09_10-01-17_pruned_taxonomy_topdown_sol
4049454059,aaca8483-a725-4815-84fb-539f5a063494,Reply on RC2,114,3. Non-communicable diseases,True,,,,,False,False,No chronic non-infectious disease or related health outcome is studied.,,0.00,0.00,2026-09-09_10-01-17_pruned_taxonomy_topdown_sol
4049454059,aaca8483-a725-4815-84fb-539f5a063494,Reply on RC2,112,1. Mortality (Outcome),True,,,,,False,False,Mortality is not an outcome or focus of the study.,,0.00,0.00,2026-09-09_10-01-17_pruned_taxonomy_topdown_sol
4049454059,aaca8483-a725-4815-84fb-539f5a063494,Reply on RC2,115,4. Injuries,True,,,,,False,False,The study does not address physical injury or external causes of bodily harm.,,0.00,0.00,2026-09-09_10-01-17_pruned_taxonomy_topdown_sol
4049454059,aaca8483-a725-4815-84fb-539f5a063494,Reply on RC2,199,Mental disorders,True,,,,,False,False,No annotation with this attribute found: reverting to default,,0.00,0.00,2026-09-09_10-01-17_pruned_taxonomy_topdown_sol
4049454059,aaca8483-a725-4815-84fb-539f5a063494,Reply on RC2,205,Substance use disorders,True,,,,,False,False,No annotation with this attribute found: reverting to default,,0.00,0.00,2026-09-09_10-01-17_pruned_taxonomy_topdown_sol
4049454059,aaca8483-a725-4815-84fb-539f5a063494,Reply on RC2,136,Neglected tropical diseases and malaria,True,,,,,False,False,No annotation with this attribute found: reverting to default,,0.00,0.00,2026-09-09_10-01-17_pruned_taxonomy_topdown_sol
4049454059,aaca8483-a725-4815-84fb-539f5a063494,Reply on RC2,290,Unintentional injuries,True,,,,,False,False,No annotation with this attribute found: reverting to default,,0.00,0.00,2026-09-09_10-01-17_pruned_taxonomy_topdown_sol
315068,afb1577d-9687-4130-8677-746fc7d16c41,"Analysis of transported pollution and haze-related diseases via HYSPLIT Trajectory Modelling in the urbanized area of Johor, Malaysia",38,Oil,True,,,,,False,False,The study concerns haze pollution from forest fires and associated health effects; oil or petroleum products are not a subject or identified pollution source.,hotspots for frequent forest fires,0.00,100.00,2026-09-09_10-01-17_pruned_taxonomy_topdown_sol
315068,afb1577d-9687-4130-8677-746fc7d16c41,"Analysis of transported pollution and haze-related diseases via HYSPLIT Trajectory Modelling in the urbanized area of Johor, Malaysia",36,Coal,True,,,,,False,False,Coal use or combustion is not discussed; the haze is associated with forest fires.,hotspots for frequent forest fires,0.00,100.00,2026-09-09_10-01-17_pruned_taxonomy_topdown_sol
315068,afb1577d-9687-4130-8677-746fc7d16c41,"Analysis of transported pollution and haze-related diseases via HYSPLIT Trajectory Modelling in the urbanized area of Johor, Malaysia",37,Natural gas,True,,,,,False,False,"Natural gas use, methane leakage, or gas combustion is not addressed in the study.",hotspots for frequent forest fires,0.00,100.00,2026-09-09_10-01-17_pruned_taxonomy_topdown_sol
315068,afb1577d-9687-4130-8677-746fc7d16c41,"Analysis of transported pollution and haze-related diseases via HYSPLIT Trajectory Modelling in the urbanized area of Johor, Malaysia",35,(Unspecified) fossil fuels,True,,,,,False,False,The study does not refer to fossil fuels generally or identify fossil-fuel combustion as the haze source; it focuses on forest-fire haze.,hotspots for frequent forest fires,0.00,100.00,2026-09-09_10-01-17_pruned_taxonomy_topdown_sol
315068,afb1577d-9687-4130-8677-746fc7d16c41,"Analysis of transported pollution and haze-related diseases via HYSPLIT Trajectory Modelling in the urbanized area of Johor, Malaysia",21,Nitrous oxide (N₂O),True,,,,,False,False,The study does not examine nitrous oxide (N₂O); its focus is haze-related air pollution and associated health effects.,,0.00,0.00,2026-09-09_10-01-17_pruned_taxonomy_topdown_sol
315068,afb1577d-9687-4130-8677-746fc7d16c41,"Analysis of transported pollution and haze-related diseases via HYSPLIT Trajectory Modelling in the urbanized area of Johor, Malaysia",17,(Unspecified) greenhouse gases,True,,,,,False,False,Greenhouse gases as a collective category are not a subject of the study.,,0.00,0.00,2026-09-09_10-01-17_pruned_taxonomy_topdown_sol
315068,afb1577d-9687-4130-8677-746fc7d16c41,"Analysis of transported pollution and haze-related diseases via HYSPLIT Trajectory Modelling in the urbanized area of Johor, Malaysia",24,Tropospheric ozone (O₃),True,,,,,False,False,Ground-level ozone is not identified as an exposure or pollutant investigated in the study.,,0.00,0.00,2026-09-09_10-01-17_pruned_taxonomy_topdown_sol
315068,afb1577d-9687-4130-8677-746fc7d16c41,"Analysis of transported pollution and haze-related diseases via HYSPLIT Trajectory Modelling in the urbanized area of Johor, Malaysia",18,Carbon dioxide (CO₂),True,,,,,False,False,"Carbon dioxide is not examined as an exposure, emission, or climate-related factor.",,0.00,0.00,2026-09-09_10-01-17_pruned_taxonomy_topdown_sol
315068,afb1577d-9687-4130-8677-746fc7d16c41,"Analysis of transported pollution and haze-related diseases via HYSPLIT Trajectory Modelling in the urbanized area of Johor, Malaysia",23,Particulate matter (PM10) / fine particulate matter (PM2.5) / black/organic carbon / sulfate/nitrate aerosols,True,,,,,True,True,The study examines haze-related particulate matter accumulation and its association with respiratory and other health cases. The phrase “particular matter” is evidently a typographical rendering of particulate matter.,low wind heights below 2000m AGL in September cause particular matter accumulation over Malaysia,0.00,100.00,2026-09-09_10-01-17_pruned_taxonomy_topdown_sol
315068,afb1577d-9687-4130-8677-746fc7d16c41,"Analysis of transported pollution and haze-related diseases via HYSPLIT Trajectory Modelling in the urbanized area of Johor, Malaysia",20,Methane (CH₄),True,,,,,False,False,Methane is not discussed as an exposure or emission of interest.,,0.00,0.00,2026-09-09_10-01-17_pruned_taxonomy_topdown_sol
315068,afb1577d-9687-4130-8677-746fc7d16c41,"Analysis of transported pollution and haze-related diseases via HYSPLIT Trajectory Modelling in the urbanized area of Johor, Malaysia",22,Ozone-depleting substances / chlorofluorocarbons / hydrochlorofluorocarbons / halons / carbon tetrachloride / methyl chloroform,True,,,,,False,False,Ozone-depleting substances are not examined or discussed.,,0.00,0.00,2026-09-09_10-01-17_pruned_taxonomy_topdown_sol
315068,afb1577d-9687-4130-8677-746fc7d16c41,"Analysis of transported pollution and haze-related diseases via HYSPLIT Trajectory Modelling in the urbanized area of Johor, Malaysia",19,Fluorinated gases / hydrofluorocarbons / perfluorocarbons / sulfur hexafluoride / nitrogen trifluoride,True,,,,,False,False,Synthetic fluorinated greenhouse gases are not a subject of the study.,,0.00,0.00,2026-09-09_10-01-17_pruned_taxonomy_topdown_sol
315068,afb1577d-9687-4130-8677-746fc7d16c41,"Analysis of transported pollution and haze-related diseases via HYSPLIT Trajectory Modelling in the urbanized area of Johor, Malaysia",29,Extreme snow/ice events,True,,,,,False,False,"The study does not concern severe snow, freezing rain, ice storms, or related disruptions.",,0.00,0.00,2026-09-09_10-01-17_pruned_taxonomy_topdown_sol
315068,afb1577d-9687-4130-8677-746fc7d16c41,"Analysis of transported pollution and haze-related diseases via HYSPLIT Trajectory Modelling in the urbanized area of Johor, Malaysia",34,Z_(Unspecified) extreme weather events,True,,,,,False,False,The study focuses specifically on haze pollution associated with forest fires rather than unspecified climate extremes.,,0.00,0.00,2026-09-09_10-01-17_pruned_taxonomy_topdown_sol
315068,afb1577d-9687-4130-8677-746fc7d16c41,"Analysis of transported pollution and haze-related diseases via HYSPLIT Trajectory Modelling in the urbanized area of Johor, Malaysia",28,Extreme precipitation,True,,,,,False,False,Extreme precipitation is not an exposure or subject of the study.,,0.00,0.00,2026-09-09_10-01-17_pruned_taxonomy_topdown_sol
315068,afb1577d-9687-4130-8677-746fc7d16c41,"Analysis of transported pollution and haze-related diseases via HYSPLIT Trajectory Modelling in the urbanized area of Johor, Malaysia",25,Droughts,True,,,,,False,False,The study does not examine drought or prolonged water deficits.,,0.00,0.00,2026-09-09_10-01-17_pruned_taxonomy_topdown_sol
315068,afb1577d-9687-4130-8677-746fc7d16c41,"Analysis of transported pollution and haze-related diseases via HYSPLIT Trajectory Modelling in the urbanized area of Johor, Malaysia",26,Extreme cold,True,,,,,False,False,Abnormally low temperatures and their health effects are not discussed.,,0.00,0.00,2026-09-09_10-01-17_pruned_taxonomy_topdown_sol
315068,afb1577d-9687-4130-8677-746fc7d16c41,"Analysis of transported pollution and haze-related diseases via HYSPLIT Trajectory Modelling in the urbanized area of Johor, Malaysia",32,Storms and severe wind,True,,,,,False,False,"The study does not concern cyclones, hurricanes, typhoons, severe thunderstorms, or hailstorms.",,0.00,0.00,2026-09-09_10-01-17_pruned_taxonomy_topdown_sol
315068,afb1577d-9687-4130-8677-746fc7d16c41,"Analysis of transported pollution and haze-related diseases via HYSPLIT Trajectory Modelling in the urbanized area of Johor, Malaysia",27,Extreme heat,True,,,,,False,False,Extreme heat or heatwaves are not examined.,,0.00,0.00,2026-09-09_10-01-17_pruned_taxonomy_topdown_sol
315068,afb1577d-9687-4130-8677-746fc7d16c41,"Analysis of transported pollution and haze-related diseases via HYSPLIT Trajectory Modelling in the urbanized area of Johor, Malaysia",31,Sand and dust storms,True,,,,,False,False,"Although wind transport is modeled, the airborne pollution is haze associated with forest fires, not mobilized sand or dust from a sand/dust storm.",,0.00,0.00,2026-09-09_10-01-17_pruned_taxonomy_topdown_sol
315068,afb1577d-9687-4130-8677-746fc7d16c41,"Analysis of transported pollution and haze-related diseases via HYSPLIT Trajectory Modelling in the urbanized area of Johor, Malaysia",33,Wildfires,True,,,,,True,True,Forest fires are identified as the source associated with the transboundary haze pollution whose respiratory and other health impacts are studied.,Sumatra which has been identified as one of the hotspots for frequent forest fires,0.00,100.00,2026-09-09_10-01-17_pruned_taxonomy_topdown_sol
315068,afb1577d-9687-4130-8677-746fc7d16c41,"Analysis of transported pollution and haze-related diseases via HYSPLIT Trajectory Modelling in the urbanized area of Johor, Malaysia",30,Floods,True,,,,,False,False,Flooding or temporary inundation is not a subject of the study.,,0.00,0.00,2026-09-09_10-01-17_pruned_taxonomy_topdown_sol
315068,afb1577d-9687-4130-8677-746fc7d16c41,"Analysis of transported pollution and haze-related diseases via HYSPLIT Trajectory Modelling in the urbanized area of Johor, Malaysia",490,Maladaptation,True,,,,,False,False,No annotation with this attribute found: reverting to default,,0.00,0.00,2026-09-09_10-01-17_pruned_taxonomy_topdown_sol
315068,afb1577d-9687-4130-8677-746fc7d16c41,"Analysis of transported pollution and haze-related diseases via HYSPLIT Trajectory Modelling in the urbanized area of Johor, Malaysia",487,Adaptation,True,,,,,False,False,"The study characterizes haze transport and associated health risks but does not evaluate an adaptation, early-warning system, preparedness measure, or strategy for coping with climate-related hazards.",,0.00,0.00,2026-09-09_10-01-17_pruned_taxonomy_topdown_sol
315068,afb1577d-9687-4130-8677-746fc7d16c41,"Analysis of transported pollution and haze-related diseases via HYSPLIT Trajectory Modelling in the urbanized area of Johor, Malaysia",496,Co-Benefits,True,,,,,False,False,No annotation with this attribute found: reverting to default,,0.00,0.00,2026-09-09_10-01-17_pruned_taxonomy_topdown_sol
315068,afb1577d-9687-4130-8677-746fc7d16c41,"Analysis of transported pollution and haze-related diseases via HYSPLIT Trajectory Modelling in the urbanized area of Johor, Malaysia",488,Impact,True,,,,,True,True,"The study examines how wind conditions modify forest-fire haze accumulation and consequent respiratory and eye-related health outcomes, establishing a climate-variable-to-pollution-to-health pathway.","low wind heights below 2000m AGL in September cause particular matter accumulation over Malaysia... In turn, this causes high API reading which leads to higher conjunctivitis, URTI and asthma cases.",0.00,86.87,2026-09-09_10-01-17_pruned_taxonomy_topdown_sol
315068,afb1577d-9687-4130-8677-746fc7d16c41,"Analysis of transported pollution and haze-related diseases via HYSPLIT Trajectory Modelling in the urbanized area of Johor, Malaysia",495,Loss and damage,True,,,,,False,False,"The study examines haze-related air pollution and associated health cases, not unavoidable or irreversible climate-change losses and damages.",,0.00,0.00,2026-09-09_10-01-17_pruned_taxonomy_topdown_sol
315068,afb1577d-9687-4130-8677-746fc7d16c41,"Analysis of transported pollution and haze-related diseases via HYSPLIT Trajectory Modelling in the urbanized area of Johor, Malaysia",493,Attribution,True,,,,,False,False,"It links haze, wind movement, particulate accumulation, and health outcomes but does not establish the causal contribution of climate change to these observations.",,0.00,0.00,2026-09-09_10-01-17_pruned_taxonomy_topdown_sol
315068,afb1577d-9687-4130-8677-746fc7d16c41,"Analysis of transported pollution and haze-related diseases via HYSPLIT Trajectory Modelling in the urbanized area of Johor, Malaysia",489,Mitigation,True,,,,,False,False,"Although forest-fire haze and air pollution are studied, the abstract does not concern greenhouse-gas emissions, fossil-fuel combustion, or strategies to reduce such emissions.",,0.00,0.00,2026-09-09_10-01-17_pruned_taxonomy_topdown_sol
315068,afb1577d-9687-4130-8677-746fc7d16c41,"Analysis of transported pollution and haze-related diseases via HYSPLIT Trajectory Modelling in the urbanized area of Johor, Malaysia",492,Resilience,True,,,,,False,False,No annotation with this attribute found: reverting to default,,0.00,0.00,2026-09-09_10-01-17_pruned_taxonomy_topdown_sol
315068,afb1577d-9687-4130-8677-746fc7d16c41,"Analysis of transported pollution and haze-related diseases via HYSPLIT Trajectory Modelling in the urbanized area of Johor, Malaysia",491,Preparedness,True,,,,,False,False,No annotation with this attribute found: reverting to default,,0.00,0.00,2026-09-09_10-01-17_pruned_taxonomy_topdown_sol
315068,afb1577d-9687-4130-8677-746fc7d16c41,"Analysis of transported pollution and haze-related diseases via HYSPLIT Trajectory Modelling in the urbanized area of Johor, Malaysia",494,Future impact,True,,,,,False,False,The study analyzes observed haze episodes and contemporaneous health effects rather than projecting future climate-related effects using climate models or scenarios.,,0.00,0.00,2026-09-09_10-01-17_pruned_taxonomy_topdown_sol
315068,afb1577d-9687-4130-8677-746fc7d16c41,"Analysis of transported pollution and haze-related diseases via HYSPLIT Trajectory Modelling in the urbanized area of Johor, Malaysia",14,Changes in temperature,True,,,,,False,False,"The study does not examine long-term temperature shifts, warming trends, or temperature extremes.",,0.00,0.00,2026-09-09_10-01-17_pruned_taxonomy_topdown_sol
315068,afb1577d-9687-4130-8677-746fc7d16c41,"Analysis of transported pollution and haze-related diseases via HYSPLIT Trajectory Modelling in the urbanized area of Johor, Malaysia",9,Changes in humidity,True,,,,,False,False,Atmospheric moisture or humidity is not investigated.,,0.00,0.00,2026-09-09_10-01-17_pruned_taxonomy_topdown_sol
315068,afb1577d-9687-4130-8677-746fc7d16c41,"Analysis of transported pollution and haze-related diseases via HYSPLIT Trajectory Modelling in the urbanized area of Johor, Malaysia",6,(Unspecified) changes in weather,True,,,,,False,False,"The study examines a specific meteorological factor—wind movement—rather than weather variability in broad, unspecified terms.",,0.00,0.00,2026-09-09_10-01-17_pruned_taxonomy_topdown_sol
315068,afb1577d-9687-4130-8677-746fc7d16c41,"Analysis of transported pollution and haze-related diseases via HYSPLIT Trajectory Modelling in the urbanized area of Johor, Malaysia",13,Changes in season length,True,,,,,False,False,No shifts in season duration or timing are studied.,,0.00,0.00,2026-09-09_10-01-17_pruned_taxonomy_topdown_sol
315068,afb1577d-9687-4130-8677-746fc7d16c41,"Analysis of transported pollution and haze-related diseases via HYSPLIT Trajectory Modelling in the urbanized area of Johor, Malaysia",8,Changes in glacier / snow melt,True,,,,,False,False,Glacier or snowpack melting is not discussed.,,0.00,0.00,2026-09-09_10-01-17_pruned_taxonomy_topdown_sol
315068,afb1577d-9687-4130-8677-746fc7d16c41,"Analysis of transported pollution and haze-related diseases via HYSPLIT Trajectory Modelling in the urbanized area of Johor, Malaysia",15,Changes in wind speed,True,,,,,True,True,"Wind movement and wind height are central explanatory factors for haze accumulation, air quality, and associated health cases.",HYSPLIT model indicates the trajectory of the wind at different heights to help us understand how wind movement during the selected time of the year causes haze formation.,0.00,100.00,2026-09-09_10-01-17_pruned_taxonomy_topdown_sol
315068,afb1577d-9687-4130-8677-746fc7d16c41,"Analysis of transported pollution and haze-related diseases via HYSPLIT Trajectory Modelling in the urbanized area of Johor, Malaysia",10,Changes in inland water bodies,True,,,,,False,False,"The study does not address freshwater availability, lake or river levels, or hydrological changes.",,0.00,0.00,2026-09-09_10-01-17_pruned_taxonomy_topdown_sol
315068,afb1577d-9687-4130-8677-746fc7d16c41,"Analysis of transported pollution and haze-related diseases via HYSPLIT Trajectory Modelling in the urbanized area of Johor, Malaysia",11,Changes in precipitation,True,,,,,False,False,Changes in rainfall or snowfall are not examined.,,0.00,0.00,2026-09-09_10-01-17_pruned_taxonomy_topdown_sol
315068,afb1577d-9687-4130-8677-746fc7d16c41,"Analysis of transported pollution and haze-related diseases via HYSPLIT Trajectory Modelling in the urbanized area of Johor, Malaysia",16,Climate variability,True,,,,,False,False,"Although wind is analyzed during a selected period, the study does not investigate climate variability over months, years, or decades around a long-term average.",,0.00,0.00,2026-09-09_10-01-17_pruned_taxonomy_topdown_sol
315068,afb1577d-9687-4130-8677-746fc7d16c41,"Analysis of transported pollution and haze-related diseases via HYSPLIT Trajectory Modelling in the urbanized area of Johor, Malaysia",7,(Unspecified) climate change,True,,,,,False,False,"Climate change is not a stated subject of the study; its focus is haze transport, air pollution, and health.",,0.00,0.00,2026-09-09_10-01-17_pruned_taxonomy_topdown_sol
315068,afb1577d-9687-4130-8677-746fc7d16c41,"Analysis of transported pollution and haze-related diseases via HYSPLIT Trajectory Modelling in the urbanized area of Johor, Malaysia",12,Changes in sea level,True,,,,,False,False,Sea-level rise is not discussed.,,0.00,0.00,2026-09-09_10-01-17_pruned_taxonomy_topdown_sol
315068,afb1577d-9687-4130-8677-746fc7d16c41,"Analysis of transported pollution and haze-related diseases via HYSPLIT Trajectory Modelling in the urbanized area of Johor, Malaysia",474,"Agriculture, fishing, and forestry (Sector)",True,,,,,False,False,"Forest fires are identified as the source of haze, but agriculture, forestry management, fishing, or related sector operations are not examined.",Sumatra which has been identified as one of the hotspots for frequent forest fires,0.00,100.00,2026-09-09_10-01-17_pruned_taxonomy_topdown_sol
315068,afb1577d-9687-4130-8677-746fc7d16c41,"Analysis of transported pollution and haze-related diseases via HYSPLIT Trajectory Modelling in the urbanized area of Johor, Malaysia",482,Military (Sector),True,,,,,False,False,The military sector is not discussed.,,0.00,0.00,2026-09-09_10-01-17_pruned_taxonomy_topdown_sol
315068,afb1577d-9687-4130-8677-746fc7d16c41,"Analysis of transported pollution and haze-related diseases via HYSPLIT Trajectory Modelling in the urbanized area of Johor, Malaysia",479,Healthcare (Sector),True,,,,,False,False,"The study examines population health effects from haze rather than the delivery, infrastructure, workforce, or performance of the healthcare sector.","health cases caused by poor air quality such as conjunctivitis, URTI and asthma have been identified",0.00,100.00,2026-09-09_10-01-17_pruned_taxonomy_topdown_sol
315068,afb1577d-9687-4130-8677-746fc7d16c41,"Analysis of transported pollution and haze-related diseases via HYSPLIT Trajectory Modelling in the urbanized area of Johor, Malaysia",477,Energy and extractives (Sector),True,,,,,False,False,"Energy generation, fuel production, and resource extraction are not subjects of the study.",,0.00,0.00,2026-09-09_10-01-17_pruned_taxonomy_topdown_sol
315068,afb1577d-9687-4130-8677-746fc7d16c41,"Analysis of transported pollution and haze-related diseases via HYSPLIT Trajectory Modelling in the urbanized area of Johor, Malaysia",484,Social protection (Sector),True,,,,,False,False,"Social protection, welfare services, and safety-net systems are not examined.",,0.00,0.00,2026-09-09_10-01-17_pruned_taxonomy_topdown_sol
315068,afb1577d-9687-4130-8677-746fc7d16c41,"Analysis of transported pollution and haze-related diseases via HYSPLIT Trajectory Modelling in the urbanized area of Johor, Malaysia",475,Buildings / housing (Sector),True,,,,,False,False,"Housing, buildings, and construction are not subjects of the study.",,0.00,0.00,2026-09-09_10-01-17_pruned_taxonomy_topdown_sol
315068,afb1577d-9687-4130-8677-746fc7d16c41,"Analysis of transported pollution and haze-related diseases via HYSPLIT Trajectory Modelling in the urbanized area of Johor, Malaysia",485,Transportation (Sector),True,,,,,False,False,"Transport systems, vehicles, infrastructure, and logistics are not examined.",,0.00,0.00,2026-09-09_10-01-17_pruned_taxonomy_topdown_sol
315068,afb1577d-9687-4130-8677-746fc7d16c41,"Analysis of transported pollution and haze-related diseases via HYSPLIT Trajectory Modelling in the urbanized area of Johor, Malaysia",481,Information and communications technologies (Sector),True,,,,,False,False,"Use of a modeling tool does not make telecommunications, digital infrastructure, or information technology a sectoral subject of the study.",HYSPLIT model indicates the trajectory of the wind at different heights,0.00,100.00,2026-09-09_10-01-17_pruned_taxonomy_topdown_sol
315068,afb1577d-9687-4130-8677-746fc7d16c41,"Analysis of transported pollution and haze-related diseases via HYSPLIT Trajectory Modelling in the urbanized area of Johor, Malaysia",486,"Water, sanitation, and waste management (Sector)",True,,,,,False,False,"Water supply, sewage treatment, and solid-waste management are not discussed.",,0.00,0.00,2026-09-09_10-01-17_pruned_taxonomy_topdown_sol
315068,afb1577d-9687-4130-8677-746fc7d16c41,"Analysis of transported pollution and haze-related diseases via HYSPLIT Trajectory Modelling in the urbanized area of Johor, Malaysia",478,Finance (Sector),True,,,,,False,False,"Banking, insurance, investment, and other financial services are not examined.",,0.00,0.00,2026-09-09_10-01-17_pruned_taxonomy_topdown_sol
315068,afb1577d-9687-4130-8677-746fc7d16c41,"Analysis of transported pollution and haze-related diseases via HYSPLIT Trajectory Modelling in the urbanized area of Johor, Malaysia",480,"Industry, trade, and services (Sector)",True,,,,,False,False,"Manufacturing, trade, retail, and commercial services are not subjects of the study.",,0.00,0.00,2026-09-09_10-01-17_pruned_taxonomy_topdown_sol
315068,afb1577d-9687-4130-8677-746fc7d16c41,"Analysis of transported pollution and haze-related diseases via HYSPLIT Trajectory Modelling in the urbanized area of Johor, Malaysia",476,Education (Sector),True,,,,,False,False,Formal or informal education systems and institutions are not examined.,,0.00,0.00,2026-09-09_10-01-17_pruned_taxonomy_topdown_sol
315068,afb1577d-9687-4130-8677-746fc7d16c41,"Analysis of transported pollution and haze-related diseases via HYSPLIT Trajectory Modelling in the urbanized area of Johor, Malaysia",483,Public administration (Sector),True,,,,,False,False,"Policy implications are mentioned, but the operations, services, or workforce of the public-administration sector are not studied.",may also have implications on the environmental and social policies,0.00,100.00,2026-09-09_10-01-17_pruned_taxonomy_topdown_sol
315068,afb1577d-9687-4130-8677-746fc7d16c41,"Analysis of transported pollution and haze-related diseases via HYSPLIT Trajectory Modelling in the urbanized area of Johor, Malaysia",392,Mixed-methods,True,,,,,False,False,The abstract does not describe integrating qualitative and quantitative methods.,,0.00,0.00,2026-09-09_10-01-17_pruned_taxonomy_topdown_sol
315068,afb1577d-9687-4130-8677-746fc7d16c41,"Analysis of transported pollution and haze-related diseases via HYSPLIT Trajectory Modelling in the urbanized area of Johor, Malaysia",394,Observational / group comparison designs,True,,,,,False,False,No distinct groups defined by exposure status are compared; the analysis instead relates temporal air-quality conditions to population health cases.,,0.00,0.00,2026-09-09_10-01-17_pruned_taxonomy_topdown_sol
315068,afb1577d-9687-4130-8677-746fc7d16c41,"Analysis of transported pollution and haze-related diseases via HYSPLIT Trajectory Modelling in the urbanized area of Johor, Malaysia",393,Modelling / simulation,True,,,,,True,True,The study uses the computational HYSPLIT atmospheric-trajectory model to examine wind movement and haze formation.,HYSPLIT model indicates the trajectory of the wind at different heights to help us understand how wind movement during the selected time of the year causes haze formation.,0.00,100.00,2026-09-09_10-01-17_pruned_taxonomy_topdown_sol
315068,afb1577d-9687-4130-8677-746fc7d16c41,"Analysis of transported pollution and haze-related diseases via HYSPLIT Trajectory Modelling in the urbanized area of Johor, Malaysia",390,(Quasi-)Experimental / single-group designs,True,,,,,False,False,No intervention is applied to a single group.,,0.00,0.00,2026-09-09_10-01-17_pruned_taxonomy_topdown_sol
315068,afb1577d-9687-4130-8677-746fc7d16c41,"Analysis of transported pollution and haze-related diseases via HYSPLIT Trajectory Modelling in the urbanized area of Johor, Malaysia",429,Narrative review,True,,,,,False,False,No annotation with this attribute found: reverting to default,,0.00,0.00,2026-09-09_10-01-17_pruned_taxonomy_topdown_sol
315068,afb1577d-9687-4130-8677-746fc7d16c41,"Analysis of transported pollution and haze-related diseases via HYSPLIT Trajectory Modelling in the urbanized area of Johor, Malaysia",396,Qualitative designs,True,,,,,False,False,No qualitative data collection or analysis is described.,,0.00,0.00,2026-09-09_10-01-17_pruned_taxonomy_topdown_sol
315068,afb1577d-9687-4130-8677-746fc7d16c41,"Analysis of transported pollution and haze-related diseases via HYSPLIT Trajectory Modelling in the urbanized area of Johor, Malaysia",388,2. Evidence synthesis,True,,,,,False,False,"The study does not review or synthesize prior literature; it conducts its own analysis of haze, wind trajectories, air quality, and health cases.",,0.00,0.00,2026-09-09_10-01-17_pruned_taxonomy_topdown_sol
315068,afb1577d-9687-4130-8677-746fc7d16c41,"Analysis of transported pollution and haze-related diseases via HYSPLIT Trajectory Modelling in the urbanized area of Johor, Malaysia",391,Descriptive / single-group designs,True,,,,,False,False,"Although health cases are reported, the study is primarily analytical and model-based rather than solely describing outcomes in one group.",,0.00,0.00,2026-09-09_10-01-17_pruned_taxonomy_topdown_sol
315068,afb1577d-9687-4130-8677-746fc7d16c41,"Analysis of transported pollution and haze-related diseases via HYSPLIT Trajectory Modelling in the urbanized area of Johor, Malaysia",427,Health technology assessment (HTA),True,,,,,False,False,No annotation with this attribute found: reverting to default,,0.00,0.00,2026-09-09_10-01-17_pruned_taxonomy_topdown_sol
315068,afb1577d-9687-4130-8677-746fc7d16c41,"Analysis of transported pollution and haze-related diseases via HYSPLIT Trajectory Modelling in the urbanized area of Johor, Malaysia",395,Observational / single-group designs,True,,,,,True,True,The study examines temporal co-variation in air pollution conditions and health cases in the same geographic population without a concurrent control group.,"low wind heights below 2000m AGL in September cause particular matter accumulation over Malaysia... this causes high API reading which leads to higher conjunctivitis, URTI and asthma cases.",0.00,81.48,2026-09-09_10-01-17_pruned_taxonomy_topdown_sol
315068,afb1577d-9687-4130-8677-746fc7d16c41,"Analysis of transported pollution and haze-related diseases via HYSPLIT Trajectory Modelling in the urbanized area of Johor, Malaysia",426,Guideline (clinical or public health),True,,,,,False,False,No annotation with this attribute found: reverting to default,,0.00,0.00,2026-09-09_10-01-17_pruned_taxonomy_topdown_sol
315068,afb1577d-9687-4130-8677-746fc7d16c41,"Analysis of transported pollution and haze-related diseases via HYSPLIT Trajectory Modelling in the urbanized area of Johor, Malaysia",387,1. Primary research,True,,,,,True,True,This is original research analyzing health-case and air-quality information alongside HYSPLIT wind-trajectory modeling to investigate haze-related health impacts in Johor.,"The study is done in Larkin and Pasir Gudang where health cases caused by poor air quality such as conjunctivitis, URTI and asthma have been identified while HYSPLIT model indicates the trajectory of the wind at different heights",0.00,100.00,2026-09-09_10-01-17_pruned_taxonomy_topdown_sol
315068,afb1577d-9687-4130-8677-746fc7d16c41,"Analysis of transported pollution and haze-related diseases via HYSPLIT Trajectory Modelling in the urbanized area of Johor, Malaysia",430,Systematic reviews,True,,,,,False,False,No annotation with this attribute found: reverting to default,,0.00,0.00,2026-09-09_10-01-17_pruned_taxonomy_topdown_sol
315068,afb1577d-9687-4130-8677-746fc7d16c41,"Analysis of transported pollution and haze-related diseases via HYSPLIT Trajectory Modelling in the urbanized area of Johor, Malaysia",397,Z_Other study design,True,,,,,False,False,"The research is captured by the modelling and observational temporal-design categories, so an uncategorized primary design is unnecessary.",,0.00,0.00,2026-09-09_10-01-17_pruned_taxonomy_topdown_sol
315068,afb1577d-9687-4130-8677-746fc7d16c41,"Analysis of transported pollution and haze-related diseases via HYSPLIT Trajectory Modelling in the urbanized area of Johor, Malaysia",389,(Quasi-)Experimental / group comparison designs,True,,,,,False,False,There is no intervention group or control/comparison group.,,0.00,0.00,2026-09-09_10-01-17_pruned_taxonomy_topdown_sol
315068,afb1577d-9687-4130-8677-746fc7d16c41,"Analysis of transported pollution and haze-related diseases via HYSPLIT Trajectory Modelling in the urbanized area of Johor, Malaysia",431,Z_Other evidence synthesis type,True,,,,,False,False,No annotation with this attribute found: reverting to default,,0.00,0.00,2026-09-09_10-01-17_pruned_taxonomy_topdown_sol
315068,afb1577d-9687-4130-8677-746fc7d16c41,"Analysis of transported pollution and haze-related diseases via HYSPLIT Trajectory Modelling in the urbanized area of Johor, Malaysia",428,Meta-analysis (unsystematic),True,,,,,False,False,No annotation with this attribute found: reverting to default,,0.00,0.00,2026-09-09_10-01-17_pruned_taxonomy_topdown_sol
315068,afb1577d-9687-4130-8677-746fc7d16c41,"Analysis of transported pollution and haze-related diseases via HYSPLIT Trajectory Modelling in the urbanized area of Johor, Malaysia",117,"1.2. Communicable, maternal, neonatal, and nutritional mortality",True,,,,,False,False,No annotation with this attribute found: reverting to default,,0.00,0.00,2026-09-09_10-01-17_pruned_taxonomy_topdown_sol
315068,afb1577d-9687-4130-8677-746fc7d16c41,"Analysis of transported pollution and haze-related diseases via HYSPLIT Trajectory Modelling in the urbanized area of Johor, Malaysia",196,Chronic respiratory diseases,True,,,,,True,True,"Asthma, a chronic inflammatory airway disease, is one of the health outcomes linked to haze exposure.","high API reading which leads to higher conjunctivitis, URTI and asthma cases",0.00,100.00,2026-09-09_10-01-17_pruned_taxonomy_topdown_sol
315068,afb1577d-9687-4130-8677-746fc7d16c41,"Analysis of transported pollution and haze-related diseases via HYSPLIT Trajectory Modelling in the urbanized area of Johor, Malaysia",201,Neoplasms,True,,,,,False,False,Cancer or other neoplastic disease is not examined.,,0.00,0.00,2026-09-09_10-01-17_pruned_taxonomy_topdown_sol
315068,afb1577d-9687-4130-8677-746fc7d16c41,"Analysis of transported pollution and haze-related diseases via HYSPLIT Trajectory Modelling in the urbanized area of Johor, Malaysia",118,1.3. Non-communicable mortality,True,,,,,False,False,No annotation with this attribute found: reverting to default,,0.00,0.00,2026-09-09_10-01-17_pruned_taxonomy_topdown_sol
315068,afb1577d-9687-4130-8677-746fc7d16c41,"Analysis of transported pollution and haze-related diseases via HYSPLIT Trajectory Modelling in the urbanized area of Johor, Malaysia",138,Respiratory infections and tuberculosis,True,,,,,True,True,Upper respiratory tract infection (URTI) is an acute respiratory infection and a principal health outcome examined.,"health cases caused by poor air quality such as conjunctivitis, URTI and asthma",0.00,100.00,2026-09-09_10-01-17_pruned_taxonomy_topdown_sol
315068,afb1577d-9687-4130-8677-746fc7d16c41,"Analysis of transported pollution and haze-related diseases via HYSPLIT Trajectory Modelling in the urbanized area of Johor, Malaysia",116,1.1. Total / all-cause mortality (Outcome),True,,,,,False,False,No annotation with this attribute found: reverting to default,,0.00,0.00,2026-09-09_10-01-17_pruned_taxonomy_topdown_sol
315068,afb1577d-9687-4130-8677-746fc7d16c41,"Analysis of transported pollution and haze-related diseases via HYSPLIT Trajectory Modelling in the urbanized area of Johor, Malaysia",204,Skin and subcutaneous diseases,True,,,,,False,False,No disease of the skin or subcutaneous tissue is studied; conjunctivitis is an ocular rather than dermatological condition.,,0.00,0.00,2026-09-09_10-01-17_pruned_taxonomy_topdown_sol
315068,afb1577d-9687-4130-8677-746fc7d16c41,"Analysis of transported pollution and haze-related diseases via HYSPLIT Trajectory Modelling in the urbanized area of Johor, Malaysia",197,Diabetes and kidney diseases,True,,,,,False,False,Neither diabetes mellitus nor kidney disease is examined.,,0.00,0.00,2026-09-09_10-01-17_pruned_taxonomy_topdown_sol
315068,afb1577d-9687-4130-8677-746fc7d16c41,"Analysis of transported pollution and haze-related diseases via HYSPLIT Trajectory Modelling in the urbanized area of Johor, Malaysia",198,Digestive diseases,True,,,,,False,False,"No non-infectious digestive, liver, gallbladder, or pancreatic disease is studied.",,0.00,0.00,2026-09-09_10-01-17_pruned_taxonomy_topdown_sol
315068,afb1577d-9687-4130-8677-746fc7d16c41,"Analysis of transported pollution and haze-related diseases via HYSPLIT Trajectory Modelling in the urbanized area of Johor, Malaysia",137,Nutritional deficiencies,True,,,,,False,False,The study does not examine malnutrition or macro- or micronutrient deficiencies.,,0.00,0.00,2026-09-09_10-01-17_pruned_taxonomy_topdown_sol
315068,afb1577d-9687-4130-8677-746fc7d16c41,"Analysis of transported pollution and haze-related diseases via HYSPLIT Trajectory Modelling in the urbanized area of Johor, Malaysia",134,HIV/AIDS and sexually transmitted infections,True,,,,,False,False,No sexually transmitted or blood-borne infections are studied.,,0.00,0.00,2026-09-09_10-01-17_pruned_taxonomy_topdown_sol
315068,afb1577d-9687-4130-8677-746fc7d16c41,"Analysis of transported pollution and haze-related diseases via HYSPLIT Trajectory Modelling in the urbanized area of Johor, Malaysia",203,Sense organ diseases,True,,,,,True,True,Conjunctivitis affects the conjunctiva of the eye and is a principal health outcome examined in relation to haze.,"high API reading which leads to higher conjunctivitis, URTI and asthma cases",0.00,100.00,2026-09-09_10-01-17_pruned_taxonomy_topdown_sol
315068,afb1577d-9687-4130-8677-746fc7d16c41,"Analysis of transported pollution and haze-related diseases via HYSPLIT Trajectory Modelling in the urbanized area of Johor, Malaysia",195,Cardiovascular diseases,True,,,,,False,False,No cardiovascular or circulatory disease is examined.,,0.00,0.00,2026-09-09_10-01-17_pruned_taxonomy_topdown_sol
315068,afb1577d-9687-4130-8677-746fc7d16c41,"Analysis of transported pollution and haze-related diseases via HYSPLIT Trajectory Modelling in the urbanized area of Johor, Malaysia",289,Transport injuries,True,,,,,False,False,No annotation with this attribute found: reverting to default,,0.00,0.00,2026-09-09_10-01-17_pruned_taxonomy_topdown_sol
315068,afb1577d-9687-4130-8677-746fc7d16c41,"Analysis of transported pollution and haze-related diseases via HYSPLIT Trajectory Modelling in the urbanized area of Johor, Malaysia",113,"2. Communicable, maternal, neonatal, and nutritional diseases",True,,,,,True,True,"The study examines upper respiratory tract infections (URTI), which fall within communicable diseases.","health cases caused by poor air quality such as conjunctivitis, URTI and asthma",0.00,100.00,2026-09-09_10-01-17_pruned_taxonomy_topdown_sol
315068,afb1577d-9687-4130-8677-746fc7d16c41,"Analysis of transported pollution and haze-related diseases via HYSPLIT Trajectory Modelling in the urbanized area of Johor, Malaysia",139,Z_Other infectious diseases,True,,,,,False,False,"No infectious disease outside the specified respiratory, enteric, or vector-borne categories is examined; the reported URTI belongs to respiratory infections.",,0.00,0.00,2026-09-09_10-01-17_pruned_taxonomy_topdown_sol
315068,afb1577d-9687-4130-8677-746fc7d16c41,"Analysis of transported pollution and haze-related diseases via HYSPLIT Trajectory Modelling in the urbanized area of Johor, Malaysia",135,Maternal and neonatal disorders,True,,,,,False,False,"The study does not concern maternal, obstetric, or neonatal conditions.",,0.00,0.00,2026-09-09_10-01-17_pruned_taxonomy_topdown_sol
315068,afb1577d-9687-4130-8677-746fc7d16c41,"Analysis of transported pollution and haze-related diseases via HYSPLIT Trajectory Modelling in the urbanized area of Johor, Malaysia",202,Neurological disorders,True,,,,,False,False,No neurological disease is studied.,,0.00,0.00,2026-09-09_10-01-17_pruned_taxonomy_topdown_sol
315068,afb1577d-9687-4130-8677-746fc7d16c41,"Analysis of transported pollution and haze-related diseases via HYSPLIT Trajectory Modelling in the urbanized area of Johor, Malaysia",288,Self-harm and interpersonal violence,True,,,,,False,False,No annotation with this attribute found: reverting to default,,0.00,0.00,2026-09-09_10-01-17_pruned_taxonomy_topdown_sol
315068,afb1577d-9687-4130-8677-746fc7d16c41,"Analysis of transported pollution and haze-related diseases via HYSPLIT Trajectory Modelling in the urbanized area of Johor, Malaysia",206,Z_Other non-communicable diseases,True,,,,,True,False,The reported outcomes are respiratory and ocular conditions rather than miscellaneous non-communicable diseases in this grouping.,,0.00,0.00,2026-09-09_10-01-17_pruned_taxonomy_topdown_sol
315068,afb1577d-9687-4130-8677-746fc7d16c41,"Analysis of transported pollution and haze-related diseases via HYSPLIT Trajectory Modelling in the urbanized area of Johor, Malaysia",200,Musculoskeletal disorders,True,,,,,False,False,No musculoskeletal or connective-tissue disease is examined.,,0.00,0.00,2026-09-09_10-01-17_pruned_taxonomy_topdown_sol
315068,afb1577d-9687-4130-8677-746fc7d16c41,"Analysis of transported pollution and haze-related diseases via HYSPLIT Trajectory Modelling in the urbanized area of Johor, Malaysia",133,Enteric infections,True,,,,,False,False,No gastrointestinal infection transmitted through contaminated food or water is examined.,,0.00,0.00,2026-09-09_10-01-17_pruned_taxonomy_topdown_sol
315068,afb1577d-9687-4130-8677-746fc7d16c41,"Analysis of transported pollution and haze-related diseases via HYSPLIT Trajectory Modelling in the urbanized area of Johor, Malaysia",114,3. Non-communicable diseases,True,,,,,True,True,Asthma is a chronic non-infectious respiratory disease and is a measured health outcome in the study.,"high API reading which leads to higher conjunctivitis, URTI and asthma cases",0.00,100.00,2026-09-09_10-01-17_pruned_taxonomy_topdown_sol
315068,afb1577d-9687-4130-8677-746fc7d16c41,"Analysis of transported pollution and haze-related diseases via HYSPLIT Trajectory Modelling in the urbanized area of Johor, Malaysia",112,1. Mortality (Outcome),True,,,,,False,False,"Mortality is mentioned only as a possible severe consequence of haze exposure; the study itself evaluates conjunctivitis, URTI, and asthma cases rather than deaths.",mortality for the worst-case scenarios,0.00,100.00,2026-09-09_10-01-17_pruned_taxonomy_topdown_sol
315068,afb1577d-9687-4130-8677-746fc7d16c41,"Analysis of transported pollution and haze-related diseases via HYSPLIT Trajectory Modelling in the urbanized area of Johor, Malaysia",115,4. Injuries,True,,,,,False,False,The study does not investigate bodily harm from external causes or any injury category.,,0.00,0.00,2026-09-09_10-01-17_pruned_taxonomy_topdown_sol
315068,afb1577d-9687-4130-8677-746fc7d16c41,"Analysis of transported pollution and haze-related diseases via HYSPLIT Trajectory Modelling in the urbanized area of Johor, Malaysia",199,Mental disorders,True,,,,,False,False,No mental or behavioral disorder is examined.,,0.00,0.00,2026-09-09_10-01-17_pruned_taxonomy_topdown_sol
315068,afb1577d-9687-4130-8677-746fc7d16c41,"Analysis of transported pollution and haze-related diseases via HYSPLIT Trajectory Modelling in the urbanized area of Johor, Malaysia",205,Substance use disorders,True,,,,,False,False,No alcohol or drug use disorder is studied.,,0.00,0.00,2026-09-09_10-01-17_pruned_taxonomy_topdown_sol
315068,afb1577d-9687-4130-8677-746fc7d16c41,"Analysis of transported pollution and haze-related diseases via HYSPLIT Trajectory Modelling in the urbanized area of Johor, Malaysia",136,Neglected tropical diseases and malaria,True,,,,,False,False,No neglected tropical disease is studied.,,0.00,0.00,2026-09-09_10-01-17_pruned_taxonomy_topdown_sol
315068,afb1577d-9687-4130-8677-746fc7d16c41,"Analysis of transported pollution and haze-related diseases via HYSPLIT Trajectory Modelling in the urbanized area of Johor, Malaysia",290,Unintentional injuries,True,,,,,False,False,No annotation with this attribute found: reverting to default,,0.00,0.00,2026-09-09_10-01-17_pruned_taxonomy_topdown_sol
603894,d1ece41d-326f-407d-90de-fce51550a6d3,"Heat stress in goat (Capra hircus): Impacts on physiological responses, production, and reproduction",38,Oil,True,,,,,False,False,"The review concerns climate-change-related heat stress in goats; it does not study oil or petroleum products as an exposure, energy source, or intervention.",,0.00,0.00,2026-09-09_10-01-17_pruned_taxonomy_topdown_sol
603894,d1ece41d-326f-407d-90de-fce51550a6d3,"Heat stress in goat (Capra hircus): Impacts on physiological responses, production, and reproduction",36,Coal,True,,,,,False,False,Coal is not identified or examined; the study focuses on heat stress impacts and mitigation in goat production.,,0.00,0.00,2026-09-09_10-01-17_pruned_taxonomy_topdown_sol
603894,d1ece41d-326f-407d-90de-fce51550a6d3,"Heat stress in goat (Capra hircus): Impacts on physiological responses, production, and reproduction",37,Natural gas,True,,,,,False,False,Natural gas or methane-based fossil fuel use is not a subject of the review.,,0.00,0.00,2026-09-09_10-01-17_pruned_taxonomy_topdown_sol
603894,d1ece41d-326f-407d-90de-fce51550a6d3,"Heat stress in goat (Capra hircus): Impacts on physiological responses, production, and reproduction",35,(Unspecified) fossil fuels,True,,,,,False,False,"Although climate change provides the broader context, the abstract does not discuss fossil fuel use or combustion generally.",,0.00,0.00,2026-09-09_10-01-17_pruned_taxonomy_topdown_sol
603894,d1ece41d-326f-407d-90de-fce51550a6d3,"Heat stress in goat (Capra hircus): Impacts on physiological responses, production, and reproduction",21,Nitrous oxide (N₂O),True,,,,,False,False,The study concerns heat stress in goats and does not examine nitrous oxide emissions or nitrogen fertilisers.,,0.00,0.00,2026-09-09_10-01-17_pruned_taxonomy_topdown_sol
603894,d1ece41d-326f-407d-90de-fce51550a6d3,"Heat stress in goat (Capra hircus): Impacts on physiological responses, production, and reproduction",17,(Unspecified) greenhouse gases,True,,,,,False,False,"Climate change is contextual, but greenhouse gases as a collective exposure or subject are not discussed.",,0.00,0.00,2026-09-09_10-01-17_pruned_taxonomy_topdown_sol
603894,d1ece41d-326f-407d-90de-fce51550a6d3,"Heat stress in goat (Capra hircus): Impacts on physiological responses, production, and reproduction",24,Tropospheric ozone (O₃),True,,,,,False,False,"The study does not address ground-level ozone, its formation, or ozone-related respiratory health effects.",,0.00,0.00,2026-09-09_10-01-17_pruned_taxonomy_topdown_sol
603894,d1ece41d-326f-407d-90de-fce51550a6d3,"Heat stress in goat (Capra hircus): Impacts on physiological responses, production, and reproduction",18,Carbon dioxide (CO₂),True,,,,,False,False,Carbon dioxide emissions or exposure are not a subject of the review.,,0.00,0.00,2026-09-09_10-01-17_pruned_taxonomy_topdown_sol
603894,d1ece41d-326f-407d-90de-fce51550a6d3,"Heat stress in goat (Capra hircus): Impacts on physiological responses, production, and reproduction",23,Particulate matter (PM10) / fine particulate matter (PM2.5) / black/organic carbon / sulfate/nitrate aerosols,True,,,,,False,False,"The study does not investigate PM10, PM2.5, or particulate-matter health effects.",,0.00,0.00,2026-09-09_10-01-17_pruned_taxonomy_topdown_sol
603894,d1ece41d-326f-407d-90de-fce51550a6d3,"Heat stress in goat (Capra hircus): Impacts on physiological responses, production, and reproduction",20,Methane (CH₄),True,,,,,False,False,"Although goats are livestock, the review focuses on their response to climatic heat stress rather than livestock methane emissions.",,0.00,0.00,2026-09-09_10-01-17_pruned_taxonomy_topdown_sol
603894,d1ece41d-326f-407d-90de-fce51550a6d3,"Heat stress in goat (Capra hircus): Impacts on physiological responses, production, and reproduction",22,Ozone-depleting substances / chlorofluorocarbons / hydrochlorofluorocarbons / halons / carbon tetrachloride / methyl chloroform,True,,,,,False,False,Ozone-depleting substances and their climate or health effects are not discussed.,,0.00,0.00,2026-09-09_10-01-17_pruned_taxonomy_topdown_sol
603894,d1ece41d-326f-407d-90de-fce51550a6d3,"Heat stress in goat (Capra hircus): Impacts on physiological responses, production, and reproduction",19,Fluorinated gases / hydrofluorocarbons / perfluorocarbons / sulfur hexafluoride / nitrogen trifluoride,True,,,,,False,False,Synthetic fluorinated greenhouse gases are not examined in the study.,,0.00,0.00,2026-09-09_10-01-17_pruned_taxonomy_topdown_sol
603894,d1ece41d-326f-407d-90de-fce51550a6d3,"Heat stress in goat (Capra hircus): Impacts on physiological responses, production, and reproduction",29,Extreme snow/ice events,True,,,,,False,False,"The review does not address severe snow, freezing rain, blizzards, or ice conditions.",,0.00,0.00,2026-09-09_10-01-17_pruned_taxonomy_topdown_sol
603894,d1ece41d-326f-407d-90de-fce51550a6d3,"Heat stress in goat (Capra hircus): Impacts on physiological responses, production, and reproduction",34,Z_(Unspecified) extreme weather events,True,,,,,False,False,"The climate hazard is specifically identified as heat stress, rather than unspecified extreme weather.",,0.00,0.00,2026-09-09_10-01-17_pruned_taxonomy_topdown_sol
603894,d1ece41d-326f-407d-90de-fce51550a6d3,"Heat stress in goat (Capra hircus): Impacts on physiological responses, production, and reproduction",28,Extreme precipitation,True,,,,,False,False,The review does not examine unusually intense or prolonged precipitation.,,0.00,0.00,2026-09-09_10-01-17_pruned_taxonomy_topdown_sol
603894,d1ece41d-326f-407d-90de-fce51550a6d3,"Heat stress in goat (Capra hircus): Impacts on physiological responses, production, and reproduction",25,Droughts,True,,,,,False,False,"Although goats in arid and semi-arid regions are discussed, drought or prolonged water deficit is not a study focus.",,0.00,0.00,2026-09-09_10-01-17_pruned_taxonomy_topdown_sol
603894,d1ece41d-326f-407d-90de-fce51550a6d3,"Heat stress in goat (Capra hircus): Impacts on physiological responses, production, and reproduction",26,Extreme cold,True,,,,,False,False,"The review concerns high-temperature heat stress, not episodes of abnormally low temperature.",,0.00,0.00,2026-09-09_10-01-17_pruned_taxonomy_topdown_sol
603894,d1ece41d-326f-407d-90de-fce51550a6d3,"Heat stress in goat (Capra hircus): Impacts on physiological responses, production, and reproduction",32,Storms and severe wind,True,,,,,False,False,"No tropical cyclones, severe thunderstorms, hailstorms, or comparable storms are studied.",,0.00,0.00,2026-09-09_10-01-17_pruned_taxonomy_topdown_sol
603894,d1ece41d-326f-407d-90de-fce51550a6d3,"Heat stress in goat (Capra hircus): Impacts on physiological responses, production, and reproduction",27,Extreme heat,True,,,,,True,True,"The review is fundamentally about climate-related heat stress in goats, including its physiological, reproductive, production, welfare, and mortality impacts and mitigation strategies.","climate change has intensified heat stress (HS), threatening productivity, welfare, and economic viability.",0.00,100.00,2026-09-09_10-01-17_pruned_taxonomy_topdown_sol
603894,d1ece41d-326f-407d-90de-fce51550a6d3,"Heat stress in goat (Capra hircus): Impacts on physiological responses, production, and reproduction",31,Sand and dust storms,True,,,,,False,False,Sand and dust storms are not addressed.,,0.00,0.00,2026-09-09_10-01-17_pruned_taxonomy_topdown_sol
603894,d1ece41d-326f-407d-90de-fce51550a6d3,"Heat stress in goat (Capra hircus): Impacts on physiological responses, production, and reproduction",33,Wildfires,True,,,,,False,False,Wildfires or their smoke-related impacts are not addressed.,,0.00,0.00,2026-09-09_10-01-17_pruned_taxonomy_topdown_sol
603894,d1ece41d-326f-407d-90de-fce51550a6d3,"Heat stress in goat (Capra hircus): Impacts on physiological responses, production, and reproduction",30,Floods,True,,,,,False,False,Flooding or temporary inundation is not addressed.,,0.00,0.00,2026-09-09_10-01-17_pruned_taxonomy_topdown_sol
603894,d1ece41d-326f-407d-90de-fce51550a6d3,"Heat stress in goat (Capra hircus): Impacts on physiological responses, production, and reproduction",490,Maladaptation,True,,,,,False,False,"The review evaluates strategies intended to reduce heat stress but does not examine interventions that increase vulnerability, reduce adaptive capacity, or create new risks.",,0.00,0.00,2026-09-09_10-01-17_pruned_taxonomy_topdown_sol
603894,d1ece41d-326f-407d-90de-fce51550a6d3,"Heat stress in goat (Capra hircus): Impacts on physiological responses, production, and reproduction",487,Adaptation,True,,,,,True,True,"The review evaluates strategies for coping with climate-intensified heat stress in goats, including behavioral adaptation, cooling, nutrition, genetic selection, and improved handling.","Nutritional interventions (e.g., antioxidants) and environmental modifications (such as shade and cooling systems) can alleviate stress",0.00,100.00,2026-09-09_10-01-17_pruned_taxonomy_topdown_sol
603894,d1ece41d-326f-407d-90de-fce51550a6d3,"Heat stress in goat (Capra hircus): Impacts on physiological responses, production, and reproduction",496,Co-Benefits,True,,,,,False,False,No annotation with this attribute found: reverting to default,,0.00,0.00,2026-09-09_10-01-17_pruned_taxonomy_topdown_sol
603894,d1ece41d-326f-407d-90de-fce51550a6d3,"Heat stress in goat (Capra hircus): Impacts on physiological responses, production, and reproduction",488,Impact,True,,,,,True,True,"The study reviews the effects of heat stress in a warming climate on goat health, reproduction, productivity, mortality, and agricultural livelihoods.","climate change has intensified heat stress (HS), threatening productivity, welfare, and economic viability.",0.00,100.00,2026-09-09_10-01-17_pruned_taxonomy_topdown_sol
603894,d1ece41d-326f-407d-90de-fce51550a6d3,"Heat stress in goat (Capra hircus): Impacts on physiological responses, production, and reproduction",495,Loss and damage,True,,,,,False,False,"Although heat stress causes productivity, reproductive, and mortality harms, the review does not frame these as unavoidable or irreversible climate-change loss and damage.",,0.00,0.00,2026-09-09_10-01-17_pruned_taxonomy_topdown_sol
603894,d1ece41d-326f-407d-90de-fce51550a6d3,"Heat stress in goat (Capra hircus): Impacts on physiological responses, production, and reproduction",493,Attribution,True,,,,,False,False,The review assumes climate change is intensifying heat stress but does not investigate or establish the causal contribution of climate change to observed outcomes.,,0.00,0.00,2026-09-09_10-01-17_pruned_taxonomy_topdown_sol
603894,d1ece41d-326f-407d-90de-fce51550a6d3,"Heat stress in goat (Capra hircus): Impacts on physiological responses, production, and reproduction",489,Mitigation,True,,,,,False,False,"Although the abstract uses the term “mitigation strategies,” it refers to alleviating heat stress rather than reducing greenhouse-gas emissions or fossil-fuel use.",,0.00,0.00,2026-09-09_10-01-17_pruned_taxonomy_topdown_sol
603894,d1ece41d-326f-407d-90de-fce51550a6d3,"Heat stress in goat (Capra hircus): Impacts on physiological responses, production, and reproduction",492,Resilience,True,,,,,True,True,"Resilience to climate-related heat stress is a substantive focus, including breeds' capacity to withstand heat and strategies to safeguard goat production and livelihoods.",Indigenous breeds exhibit resilience via upregulated heat shock proteins (HSP70) and metabolic flexibility,0.00,100.00,2026-09-09_10-01-17_pruned_taxonomy_topdown_sol
603894,d1ece41d-326f-407d-90de-fce51550a6d3,"Heat stress in goat (Capra hircus): Impacts on physiological responses, production, and reproduction",491,Preparedness,True,,,,,False,False,"The study discusses heat-stress mitigation and adaptation measures, but not preparedness planning or advance capacity development for effective responses to climate-related events.",,0.00,0.00,2026-09-09_10-01-17_pruned_taxonomy_topdown_sol
603894,d1ece41d-326f-407d-90de-fce51550a6d3,"Heat stress in goat (Capra hircus): Impacts on physiological responses, production, and reproduction",494,Future impact,True,,,,,False,False,"The review synthesizes observed heat-stress impacts and interventions rather than estimating future effects through climate projections, modelling, or scenario analysis.",,0.00,0.00,2026-09-09_10-01-17_pruned_taxonomy_topdown_sol
603894,d1ece41d-326f-407d-90de-fce51550a6d3,"Heat stress in goat (Capra hircus): Impacts on physiological responses, production, and reproduction",14,Changes in temperature,True,,,,,True,True,"The review focuses on chronic heat stress in goats and its implications in a warming climate, directly reflecting rising temperature conditions.","climate change has intensified heat stress (HS), threatening productivity, welfare, and economic viability.",0.00,100.00,2026-09-09_10-01-17_pruned_taxonomy_topdown_sol
603894,d1ece41d-326f-407d-90de-fce51550a6d3,"Heat stress in goat (Capra hircus): Impacts on physiological responses, production, and reproduction",9,Changes in humidity,True,,,,,False,False,"Although a temperature-humidity index threshold is mentioned, shifts in atmospheric moisture or humidity are not a substantive exposure or focus.",,0.00,0.00,2026-09-09_10-01-17_pruned_taxonomy_topdown_sol
603894,d1ece41d-326f-407d-90de-fce51550a6d3,"Heat stress in goat (Capra hircus): Impacts on physiological responses, production, and reproduction",6,(Unspecified) changes in weather,True,,,,,False,False,"The study does not examine broad, unspecified changes in weather patterns; it specifically focuses on heat stress.",,0.00,0.00,2026-09-09_10-01-17_pruned_taxonomy_topdown_sol
603894,d1ece41d-326f-407d-90de-fce51550a6d3,"Heat stress in goat (Capra hircus): Impacts on physiological responses, production, and reproduction",13,Changes in season length,True,,,,,False,False,Changes in season duration or timing are not discussed.,,0.00,0.00,2026-09-09_10-01-17_pruned_taxonomy_topdown_sol
603894,d1ece41d-326f-407d-90de-fce51550a6d3,"Heat stress in goat (Capra hircus): Impacts on physiological responses, production, and reproduction",8,Changes in glacier / snow melt,True,,,,,False,False,Glacier or snowpack melting is not addressed.,,0.00,0.00,2026-09-09_10-01-17_pruned_taxonomy_topdown_sol
603894,d1ece41d-326f-407d-90de-fce51550a6d3,"Heat stress in goat (Capra hircus): Impacts on physiological responses, production, and reproduction",15,Changes in wind speed,True,,,,,False,False,Changes in wind patterns or velocity are not examined.,,0.00,0.00,2026-09-09_10-01-17_pruned_taxonomy_topdown_sol
603894,d1ece41d-326f-407d-90de-fce51550a6d3,"Heat stress in goat (Capra hircus): Impacts on physiological responses, production, and reproduction",10,Changes in inland water bodies,True,,,,,False,False,"The review does not concern climate-driven changes in freshwater availability, river flows, lake levels, or hydrological patterns.",,0.00,0.00,2026-09-09_10-01-17_pruned_taxonomy_topdown_sol
603894,d1ece41d-326f-407d-90de-fce51550a6d3,"Heat stress in goat (Capra hircus): Impacts on physiological responses, production, and reproduction",11,Changes in precipitation,True,,,,,False,False,"Changes in rainfall or snowfall amount, timing, or intensity are not discussed.",,0.00,0.00,2026-09-09_10-01-17_pruned_taxonomy_topdown_sol
603894,d1ece41d-326f-407d-90de-fce51550a6d3,"Heat stress in goat (Capra hircus): Impacts on physiological responses, production, and reproduction",16,Climate variability,True,,,,,False,False,The study focuses on heat stress associated with warming rather than fluctuations in climate conditions around a long-term average.,,0.00,0.00,2026-09-09_10-01-17_pruned_taxonomy_topdown_sol
603894,d1ece41d-326f-407d-90de-fce51550a6d3,"Heat stress in goat (Capra hircus): Impacts on physiological responses, production, and reproduction",7,(Unspecified) climate change,True,,,,,False,False,"Climate change is mentioned, but the relevant mechanism is specifically identified as warming and intensified heat stress, so this unspecified-driver category does not apply.",,0.00,0.00,2026-09-09_10-01-17_pruned_taxonomy_topdown_sol
603894,d1ece41d-326f-407d-90de-fce51550a6d3,"Heat stress in goat (Capra hircus): Impacts on physiological responses, production, and reproduction",12,Changes in sea level,True,,,,,False,False,Sea-level rise and its effects are not addressed.,,0.00,0.00,2026-09-09_10-01-17_pruned_taxonomy_topdown_sol
603894,d1ece41d-326f-407d-90de-fce51550a6d3,"Heat stress in goat (Capra hircus): Impacts on physiological responses, production, and reproduction",474,"Agriculture, fishing, and forestry (Sector)",True,,,,,True,True,"The study focuses on livestock production, specifically the effects of climate-related heat stress on goats and mitigation strategies.","Goats (Capra hircus) are vital to global agriculture and food security, sustaining over 1 billion livelihoods",0.00,100.00,2026-09-09_10-01-17_pruned_taxonomy_topdown_sol
603894,d1ece41d-326f-407d-90de-fce51550a6d3,"Heat stress in goat (Capra hircus): Impacts on physiological responses, production, and reproduction",482,Military (Sector),True,,,,,False,False,"The study does not examine armed forces, defense capabilities, military personnel, or military infrastructure.",,0.00,0.00,2026-09-09_10-01-17_pruned_taxonomy_topdown_sol
603894,d1ece41d-326f-407d-90de-fce51550a6d3,"Heat stress in goat (Capra hircus): Impacts on physiological responses, production, and reproduction",479,Healthcare (Sector),True,,,,,False,False,"Although animal health and physiology are discussed, the study is not about medical care, public health services, or health-sector infrastructure.",,0.00,0.00,2026-09-09_10-01-17_pruned_taxonomy_topdown_sol
603894,d1ece41d-326f-407d-90de-fce51550a6d3,"Heat stress in goat (Capra hircus): Impacts on physiological responses, production, and reproduction",477,Energy and extractives (Sector),True,,,,,False,False,"The study does not focus on electricity, fuels, renewable energy, or resource extraction.",,0.00,0.00,2026-09-09_10-01-17_pruned_taxonomy_topdown_sol
603894,d1ece41d-326f-407d-90de-fce51550a6d3,"Heat stress in goat (Capra hircus): Impacts on physiological responses, production, and reproduction",484,Social protection (Sector),True,,,,,False,False,"Supporting smallholder farmers is mentioned, but social safety nets, welfare services, and social-protection systems are not examined.",,0.00,0.00,2026-09-09_10-01-17_pruned_taxonomy_topdown_sol
603894,d1ece41d-326f-407d-90de-fce51550a6d3,"Heat stress in goat (Capra hircus): Impacts on physiological responses, production, and reproduction",475,Buildings / housing (Sector),True,,,,,False,False,"Shade and cooling systems are livestock heat-mitigation measures, but buildings, housing provision, and construction are not a substantive sectoral focus.",environmental modifications (such as shade and cooling systems) can alleviate stress,0.00,100.00,2026-09-09_10-01-17_pruned_taxonomy_topdown_sol
603894,d1ece41d-326f-407d-90de-fce51550a6d3,"Heat stress in goat (Capra hircus): Impacts on physiological responses, production, and reproduction",485,Transportation (Sector),True,,,,,False,True,Livestock transport operations under heat stress and associated handling protocols are explicitly examined as a source of mortality and quality risks.,"Transport under HS exacerbates mortality risks and declines in meat quality, necessitating improved handling protocols.",0.00,100.00,2026-09-09_10-01-17_pruned_taxonomy_topdown_sol
603894,d1ece41d-326f-407d-90de-fce51550a6d3,"Heat stress in goat (Capra hircus): Impacts on physiological responses, production, and reproduction",481,Information and communications technologies (Sector),True,,,,,False,False,"Telecommunications, digital infrastructure, information technology, and connectivity systems are not discussed.",,0.00,0.00,2026-09-09_10-01-17_pruned_taxonomy_topdown_sol
603894,d1ece41d-326f-407d-90de-fce51550a6d3,"Heat stress in goat (Capra hircus): Impacts on physiological responses, production, and reproduction",486,"Water, sanitation, and waste management (Sector)",True,,,,,False,False,"The study does not concern water supply, sewage treatment, or solid-waste management.",,0.00,0.00,2026-09-09_10-01-17_pruned_taxonomy_topdown_sol
603894,d1ece41d-326f-407d-90de-fce51550a6d3,"Heat stress in goat (Capra hircus): Impacts on physiological responses, production, and reproduction",478,Finance (Sector),True,,,,,False,False,"Economic viability is noted, but banking, insurance, investment, and finance mechanisms are not studied.",,0.00,0.00,2026-09-09_10-01-17_pruned_taxonomy_topdown_sol
603894,d1ece41d-326f-407d-90de-fce51550a6d3,"Heat stress in goat (Capra hircus): Impacts on physiological responses, production, and reproduction",480,"Industry, trade, and services (Sector)",True,,,,,False,False,"The study concerns primary livestock production rather than manufacturing, retail, wholesale trade, or commercial services.",,0.00,0.00,2026-09-09_10-01-17_pruned_taxonomy_topdown_sol
603894,d1ece41d-326f-407d-90de-fce51550a6d3,"Heat stress in goat (Capra hircus): Impacts on physiological responses, production, and reproduction",476,Education (Sector),True,,,,,False,False,Formal or informal education systems and institutions are not a subject of the review.,,0.00,0.00,2026-09-09_10-01-17_pruned_taxonomy_topdown_sol
603894,d1ece41d-326f-407d-90de-fce51550a6d3,"Heat stress in goat (Capra hircus): Impacts on physiological responses, production, and reproduction",483,Public administration (Sector),True,,,,,False,False,"Policy initiatives are only recommended; the operations, services, or workforce of the public-administration sector are not examined.","Effective strategies require integrating genetic selection, nutritional optimisation, and policy initiatives to support smallholder farmers.",0.00,100.00,2026-09-09_10-01-17_pruned_taxonomy_topdown_sol
603894,d1ece41d-326f-407d-90de-fce51550a6d3,"Heat stress in goat (Capra hircus): Impacts on physiological responses, production, and reproduction",392,Mixed-methods,True,,,,,False,False,No annotation with this attribute found: reverting to default,,0.00,0.00,2026-09-09_10-01-17_pruned_taxonomy_topdown_sol
603894,d1ece41d-326f-407d-90de-fce51550a6d3,"Heat stress in goat (Capra hircus): Impacts on physiological responses, production, and reproduction",394,Observational / group comparison designs,True,,,,,False,False,No annotation with this attribute found: reverting to default,,0.00,0.00,2026-09-09_10-01-17_pruned_taxonomy_topdown_sol
603894,d1ece41d-326f-407d-90de-fce51550a6d3,"Heat stress in goat (Capra hircus): Impacts on physiological responses, production, and reproduction",393,Modelling / simulation,True,,,,,False,False,No annotation with this attribute found: reverting to default,,0.00,0.00,2026-09-09_10-01-17_pruned_taxonomy_topdown_sol
603894,d1ece41d-326f-407d-90de-fce51550a6d3,"Heat stress in goat (Capra hircus): Impacts on physiological responses, production, and reproduction",390,(Quasi-)Experimental / single-group designs,True,,,,,False,False,No annotation with this attribute found: reverting to default,,0.00,0.00,2026-09-09_10-01-17_pruned_taxonomy_topdown_sol
603894,d1ece41d-326f-407d-90de-fce51550a6d3,"Heat stress in goat (Capra hircus): Impacts on physiological responses, production, and reproduction",429,Narrative review,True,,,,,True,True,"The article broadly summarizes and interprets decades of literature without describing an explicit, reproducible search, selection, or appraisal method, making it a narrative review.",This review synthesizes four decades of research to elucidate the impacts of HS and evaluate mitigation strategies.,0.00,100.00,2026-09-09_10-01-17_pruned_taxonomy_topdown_sol
603894,d1ece41d-326f-407d-90de-fce51550a6d3,"Heat stress in goat (Capra hircus): Impacts on physiological responses, production, and reproduction",396,Qualitative designs,True,,,,,False,False,No annotation with this attribute found: reverting to default,,0.00,0.00,2026-09-09_10-01-17_pruned_taxonomy_topdown_sol
603894,d1ece41d-326f-407d-90de-fce51550a6d3,"Heat stress in goat (Capra hircus): Impacts on physiological responses, production, and reproduction",388,2. Evidence synthesis,True,,,,,True,True,The article is explicitly a review that synthesizes existing research on heat stress impacts and mitigation strategies in goats.,This review synthesizes four decades of research to elucidate the impacts of HS and evaluate mitigation strategies.,0.00,100.00,2026-09-09_10-01-17_pruned_taxonomy_topdown_sol
603894,d1ece41d-326f-407d-90de-fce51550a6d3,"Heat stress in goat (Capra hircus): Impacts on physiological responses, production, and reproduction",391,Descriptive / single-group designs,True,,,,,False,False,No annotation with this attribute found: reverting to default,,0.00,0.00,2026-09-09_10-01-17_pruned_taxonomy_topdown_sol
603894,d1ece41d-326f-407d-90de-fce51550a6d3,"Heat stress in goat (Capra hircus): Impacts on physiological responses, production, and reproduction",427,Health technology assessment (HTA),True,,,,,False,False,"The study is not a health technology assessment and does not provide a comprehensive policy evaluation incorporating clinical effectiveness, cost-effectiveness, and ethical, social, legal, or organizational considerations.",,0.00,0.00,2026-09-09_10-01-17_pruned_taxonomy_topdown_sol
603894,d1ece41d-326f-407d-90de-fce51550a6d3,"Heat stress in goat (Capra hircus): Impacts on physiological responses, production, and reproduction",395,Observational / single-group designs,True,,,,,False,False,No annotation with this attribute found: reverting to default,,0.00,0.00,2026-09-09_10-01-17_pruned_taxonomy_topdown_sol
603894,d1ece41d-326f-407d-90de-fce51550a6d3,"Heat stress in goat (Capra hircus): Impacts on physiological responses, production, and reproduction",426,Guideline (clinical or public health),True,,,,,False,False,"Although mitigation strategies and improved handling are discussed, the article is not presented as a systematically developed clinical or public health guideline containing formal recommendations.",,0.00,0.00,2026-09-09_10-01-17_pruned_taxonomy_topdown_sol
603894,d1ece41d-326f-407d-90de-fce51550a6d3,"Heat stress in goat (Capra hircus): Impacts on physiological responses, production, and reproduction",387,1. Primary research,True,,,,,False,False,"The abstract describes a synthesis of four decades of prior research, not the collection and analysis of new primary data.",,0.00,0.00,2026-09-09_10-01-17_pruned_taxonomy_topdown_sol
603894,d1ece41d-326f-407d-90de-fce51550a6d3,"Heat stress in goat (Capra hircus): Impacts on physiological responses, production, and reproduction",430,Systematic reviews,True,,,,,False,False,"No explicit or reproducible methods for systematically searching, selecting, appraising, and synthesizing primary studies are reported.",,0.00,0.00,2026-09-09_10-01-17_pruned_taxonomy_topdown_sol
603894,d1ece41d-326f-407d-90de-fce51550a6d3,"Heat stress in goat (Capra hircus): Impacts on physiological responses, production, and reproduction",397,Z_Other study design,True,,,,,False,False,No annotation with this attribute found: reverting to default,,0.00,0.00,2026-09-09_10-01-17_pruned_taxonomy_topdown_sol
603894,d1ece41d-326f-407d-90de-fce51550a6d3,"Heat stress in goat (Capra hircus): Impacts on physiological responses, production, and reproduction",389,(Quasi-)Experimental / group comparison designs,True,,,,,False,False,No annotation with this attribute found: reverting to default,,0.00,0.00,2026-09-09_10-01-17_pruned_taxonomy_topdown_sol
603894,d1ece41d-326f-407d-90de-fce51550a6d3,"Heat stress in goat (Capra hircus): Impacts on physiological responses, production, and reproduction",431,Z_Other evidence synthesis type,True,,,,,False,False,The evidence synthesis is adequately captured by the narrative-review category rather than an otherwise uncategorized synthesis type.,,0.00,0.00,2026-09-09_10-01-17_pruned_taxonomy_topdown_sol
603894,d1ece41d-326f-407d-90de-fce51550a6d3,"Heat stress in goat (Capra hircus): Impacts on physiological responses, production, and reproduction",428,Meta-analysis (unsystematic),True,,,,,False,False,The article reports quantitative findings from the literature but does not conduct an advanced pooled quantitative synthesis or meta-analysis.,,0.00,0.00,2026-09-09_10-01-17_pruned_taxonomy_topdown_sol
603894,d1ece41d-326f-407d-90de-fce51550a6d3,"Heat stress in goat (Capra hircus): Impacts on physiological responses, production, and reproduction",117,"1.2. Communicable, maternal, neonatal, and nutritional mortality",True,,,,,False,False,"The review concerns heat stress impacts on goats and does not examine deaths attributable to communicable diseases, maternal conditions, neonatal disorders, or nutritional deficiencies.",,0.00,0.00,2026-09-09_10-01-17_pruned_taxonomy_topdown_sol
603894,d1ece41d-326f-407d-90de-fce51550a6d3,"Heat stress in goat (Capra hircus): Impacts on physiological responses, production, and reproduction",196,Chronic respiratory diseases,True,,,,,False,False,No annotation with this attribute found: reverting to default,,0.00,0.00,2026-09-09_10-01-17_pruned_taxonomy_topdown_sol
603894,d1ece41d-326f-407d-90de-fce51550a6d3,"Heat stress in goat (Capra hircus): Impacts on physiological responses, production, and reproduction",201,Neoplasms,True,,,,,False,False,No annotation with this attribute found: reverting to default,,0.00,0.00,2026-09-09_10-01-17_pruned_taxonomy_topdown_sol
603894,d1ece41d-326f-407d-90de-fce51550a6d3,"Heat stress in goat (Capra hircus): Impacts on physiological responses, production, and reproduction",118,1.3. Non-communicable mortality,True,,,,,False,False,"The study does not assess deaths attributable to non-communicable diseases; its outcomes concern livestock productivity, physiology, reproduction, welfare, and heat-stress-related risks.",,0.00,0.00,2026-09-09_10-01-17_pruned_taxonomy_topdown_sol
603894,d1ece41d-326f-407d-90de-fce51550a6d3,"Heat stress in goat (Capra hircus): Impacts on physiological responses, production, and reproduction",138,Respiratory infections and tuberculosis,True,,,,,False,False,No annotation with this attribute found: reverting to default,,0.00,0.00,2026-09-09_10-01-17_pruned_taxonomy_topdown_sol
603894,d1ece41d-326f-407d-90de-fce51550a6d3,"Heat stress in goat (Capra hircus): Impacts on physiological responses, production, and reproduction",116,1.1. Total / all-cause mortality (Outcome),True,,,,,False,False,"Although goat mortality risk during transport is mentioned, the study does not use all-cause mortality as an overall fatal-burden outcome; it is a review of heat stress effects and mitigation in goats.",Transport under HS exacerbates mortality risks and declines in meat quality,0.00,100.00,2026-09-09_10-01-17_pruned_taxonomy_topdown_sol
603894,d1ece41d-326f-407d-90de-fce51550a6d3,"Heat stress in goat (Capra hircus): Impacts on physiological responses, production, and reproduction",204,Skin and subcutaneous diseases,True,,,,,False,False,No annotation with this attribute found: reverting to default,,0.00,0.00,2026-09-09_10-01-17_pruned_taxonomy_topdown_sol
603894,d1ece41d-326f-407d-90de-fce51550a6d3,"Heat stress in goat (Capra hircus): Impacts on physiological responses, production, and reproduction",197,Diabetes and kidney diseases,True,,,,,False,False,No annotation with this attribute found: reverting to default,,0.00,0.00,2026-09-09_10-01-17_pruned_taxonomy_topdown_sol
603894,d1ece41d-326f-407d-90de-fce51550a6d3,"Heat stress in goat (Capra hircus): Impacts on physiological responses, production, and reproduction",198,Digestive diseases,True,,,,,False,False,No annotation with this attribute found: reverting to default,,0.00,0.00,2026-09-09_10-01-17_pruned_taxonomy_topdown_sol
603894,d1ece41d-326f-407d-90de-fce51550a6d3,"Heat stress in goat (Capra hircus): Impacts on physiological responses, production, and reproduction",137,Nutritional deficiencies,True,,,,,False,False,No annotation with this attribute found: reverting to default,,0.00,0.00,2026-09-09_10-01-17_pruned_taxonomy_topdown_sol
603894,d1ece41d-326f-407d-90de-fce51550a6d3,"Heat stress in goat (Capra hircus): Impacts on physiological responses, production, and reproduction",134,HIV/AIDS and sexually transmitted infections,True,,,,,False,False,No annotation with this attribute found: reverting to default,,0.00,0.00,2026-09-09_10-01-17_pruned_taxonomy_topdown_sol
603894,d1ece41d-326f-407d-90de-fce51550a6d3,"Heat stress in goat (Capra hircus): Impacts on physiological responses, production, and reproduction",203,Sense organ diseases,True,,,,,False,False,No annotation with this attribute found: reverting to default,,0.00,0.00,2026-09-09_10-01-17_pruned_taxonomy_topdown_sol
603894,d1ece41d-326f-407d-90de-fce51550a6d3,"Heat stress in goat (Capra hircus): Impacts on physiological responses, production, and reproduction",195,Cardiovascular diseases,True,,,,,False,False,No annotation with this attribute found: reverting to default,,0.00,0.00,2026-09-09_10-01-17_pruned_taxonomy_topdown_sol
603894,d1ece41d-326f-407d-90de-fce51550a6d3,"Heat stress in goat (Capra hircus): Impacts on physiological responses, production, and reproduction",289,Transport injuries,True,,,,,False,False,No annotation with this attribute found: reverting to default,,0.00,0.00,2026-09-09_10-01-17_pruned_taxonomy_topdown_sol
603894,d1ece41d-326f-407d-90de-fce51550a6d3,"Heat stress in goat (Capra hircus): Impacts on physiological responses, production, and reproduction",113,"2. Communicable, maternal, neonatal, and nutritional diseases",True,,,,,False,False,"The review does not examine infectious diseases or maternal, neonatal, or nutritional disease conditions; it focuses on heat stress in goats.",,0.00,0.00,2026-09-09_10-01-17_pruned_taxonomy_topdown_sol
603894,d1ece41d-326f-407d-90de-fce51550a6d3,"Heat stress in goat (Capra hircus): Impacts on physiological responses, production, and reproduction",139,Z_Other infectious diseases,True,,,,,False,False,No annotation with this attribute found: reverting to default,,0.00,0.00,2026-09-09_10-01-17_pruned_taxonomy_topdown_sol
603894,d1ece41d-326f-407d-90de-fce51550a6d3,"Heat stress in goat (Capra hircus): Impacts on physiological responses, production, and reproduction",135,Maternal and neonatal disorders,True,,,,,False,False,No annotation with this attribute found: reverting to default,,0.00,0.00,2026-09-09_10-01-17_pruned_taxonomy_topdown_sol
603894,d1ece41d-326f-407d-90de-fce51550a6d3,"Heat stress in goat (Capra hircus): Impacts on physiological responses, production, and reproduction",202,Neurological disorders,True,,,,,False,False,No annotation with this attribute found: reverting to default,,0.00,0.00,2026-09-09_10-01-17_pruned_taxonomy_topdown_sol
603894,d1ece41d-326f-407d-90de-fce51550a6d3,"Heat stress in goat (Capra hircus): Impacts on physiological responses, production, and reproduction",288,Self-harm and interpersonal violence,True,,,,,False,False,No annotation with this attribute found: reverting to default,,0.00,0.00,2026-09-09_10-01-17_pruned_taxonomy_topdown_sol
603894,d1ece41d-326f-407d-90de-fce51550a6d3,"Heat stress in goat (Capra hircus): Impacts on physiological responses, production, and reproduction",206,Z_Other non-communicable diseases,True,,,,,False,False,No annotation with this attribute found: reverting to default,,0.00,0.00,2026-09-09_10-01-17_pruned_taxonomy_topdown_sol
603894,d1ece41d-326f-407d-90de-fce51550a6d3,"Heat stress in goat (Capra hircus): Impacts on physiological responses, production, and reproduction",200,Musculoskeletal disorders,True,,,,,False,False,No annotation with this attribute found: reverting to default,,0.00,0.00,2026-09-09_10-01-17_pruned_taxonomy_topdown_sol
603894,d1ece41d-326f-407d-90de-fce51550a6d3,"Heat stress in goat (Capra hircus): Impacts on physiological responses, production, and reproduction",133,Enteric infections,True,,,,,False,False,No annotation with this attribute found: reverting to default,,0.00,0.00,2026-09-09_10-01-17_pruned_taxonomy_topdown_sol
603894,d1ece41d-326f-407d-90de-fce51550a6d3,"Heat stress in goat (Capra hircus): Impacts on physiological responses, production, and reproduction",114,3. Non-communicable diseases,True,,,,,False,False,"Although heat stress disrupts metabolism and endocrine function, the study does not focus on chronic non-communicable diseases.",,0.00,0.00,2026-09-09_10-01-17_pruned_taxonomy_topdown_sol
603894,d1ece41d-326f-407d-90de-fce51550a6d3,"Heat stress in goat (Capra hircus): Impacts on physiological responses, production, and reproduction",112,1. Mortality (Outcome),True,,,,,False,True,Mortality is explicitly described as an adverse outcome of transporting goats under heat-stress conditions; embryonic mortality is also discussed.,Transport under HS exacerbates mortality risks,0.00,100.00,2026-09-09_10-01-17_pruned_taxonomy_topdown_sol
603894,d1ece41d-326f-407d-90de-fce51550a6d3,"Heat stress in goat (Capra hircus): Impacts on physiological responses, production, and reproduction",115,4. Injuries,True,,,,,False,False,"The study concerns physiological heat stress and production impacts rather than bodily injuries caused by accidents, violence, self-harm, or conflict.",,0.00,0.00,2026-09-09_10-01-17_pruned_taxonomy_topdown_sol
603894,d1ece41d-326f-407d-90de-fce51550a6d3,"Heat stress in goat (Capra hircus): Impacts on physiological responses, production, and reproduction",199,Mental disorders,True,,,,,False,False,No annotation with this attribute found: reverting to default,,0.00,0.00,2026-09-09_10-01-17_pruned_taxonomy_topdown_sol
603894,d1ece41d-326f-407d-90de-fce51550a6d3,"Heat stress in goat (Capra hircus): Impacts on physiological responses, production, and reproduction",205,Substance use disorders,True,,,,,False,False,No annotation with this attribute found: reverting to default,,0.00,0.00,2026-09-09_10-01-17_pruned_taxonomy_topdown_sol
603894,d1ece41d-326f-407d-90de-fce51550a6d3,"Heat stress in goat (Capra hircus): Impacts on physiological responses, production, and reproduction",136,Neglected tropical diseases and malaria,True,,,,,False,False,No annotation with this attribute found: reverting to default,,0.00,0.00,2026-09-09_10-01-17_pruned_taxonomy_topdown_sol
603894,d1ece41d-326f-407d-90de-fce51550a6d3,"Heat stress in goat (Capra hircus): Impacts on physiological responses, production, and reproduction",290,Unintentional injuries,True,,,,,False,False,No annotation with this attribute found: reverting to default,,0.00,0.00,2026-09-09_10-01-17_pruned_taxonomy_topdown_sol
417545,f6d9deb8-a55f-46ab-958f-75f6f2ea06d2,Adaptation to climate change and climate variability: The importance of understanding agriculture as performance,38,Oil,True,,,,,False,False,The study concerns agricultural climate adaptation and human agency; it does not discuss oil or petroleum products.,,0.00,0.00,2026-09-09_10-01-17_pruned_taxonomy_topdown_sol
417545,f6d9deb8-a55f-46ab-958f-75f6f2ea06d2,Adaptation to climate change and climate variability: The importance of understanding agriculture as performance,36,Coal,True,,,,,False,False,"Coal is not a subject, exposure, or energy source addressed in the study.",,0.00,0.00,2026-09-09_10-01-17_pruned_taxonomy_topdown_sol
417545,f6d9deb8-a55f-46ab-958f-75f6f2ea06d2,Adaptation to climate change and climate variability: The importance of understanding agriculture as performance,37,Natural gas,True,,,,,False,False,Natural gas or methane-based fossil fuel use is not discussed.,,0.00,0.00,2026-09-09_10-01-17_pruned_taxonomy_topdown_sol
417545,f6d9deb8-a55f-46ab-958f-75f6f2ea06d2,Adaptation to climate change and climate variability: The importance of understanding agriculture as performance,35,(Unspecified) fossil fuels,True,,,,,False,False,The abstract does not address fossil fuel use or combustion in general; its focus is socially embedded agricultural adaptation to climate variability and change.,,0.00,0.00,2026-09-09_10-01-17_pruned_taxonomy_topdown_sol
417545,f6d9deb8-a55f-46ab-958f-75f6f2ea06d2,Adaptation to climate change and climate variability: The importance of understanding agriculture as performance,21,Nitrous oxide (N₂O),True,,,,,False,False,"The study concerns socially embedded agricultural adaptation to climate change, not nitrous oxide emissions.",,0.00,0.00,2026-09-09_10-01-17_pruned_taxonomy_topdown_sol
417545,f6d9deb8-a55f-46ab-958f-75f6f2ea06d2,Adaptation to climate change and climate variability: The importance of understanding agriculture as performance,17,(Unspecified) greenhouse gases,True,,,,,False,False,"Climate change is discussed generally, but greenhouse gases as a collective exposure or subject are not examined.",,0.00,0.00,2026-09-09_10-01-17_pruned_taxonomy_topdown_sol
417545,f6d9deb8-a55f-46ab-958f-75f6f2ea06d2,Adaptation to climate change and climate variability: The importance of understanding agriculture as performance,24,Tropospheric ozone (O₃),True,,,,,False,False,The study does not address ground-level ozone or its respiratory health effects.,,0.00,0.00,2026-09-09_10-01-17_pruned_taxonomy_topdown_sol
417545,f6d9deb8-a55f-46ab-958f-75f6f2ea06d2,Adaptation to climate change and climate variability: The importance of understanding agriculture as performance,18,Carbon dioxide (CO₂),True,,,,,False,False,"Carbon dioxide is not a subject, exposure, or outcome of the study.",,0.00,0.00,2026-09-09_10-01-17_pruned_taxonomy_topdown_sol
417545,f6d9deb8-a55f-46ab-958f-75f6f2ea06d2,Adaptation to climate change and climate variability: The importance of understanding agriculture as performance,23,Particulate matter (PM10) / fine particulate matter (PM2.5) / black/organic carbon / sulfate/nitrate aerosols,True,,,,,False,False,Particulate matter and its climate or health effects are not discussed.,,0.00,0.00,2026-09-09_10-01-17_pruned_taxonomy_topdown_sol
417545,f6d9deb8-a55f-46ab-958f-75f6f2ea06d2,Adaptation to climate change and climate variability: The importance of understanding agriculture as performance,20,Methane (CH₄),True,,,,,False,False,"Although agriculture and livestock-related livelihoods appear in the setting, methane emissions are not studied.",,0.00,0.00,2026-09-09_10-01-17_pruned_taxonomy_topdown_sol
417545,f6d9deb8-a55f-46ab-958f-75f6f2ea06d2,Adaptation to climate change and climate variability: The importance of understanding agriculture as performance,22,Ozone-depleting substances / chlorofluorocarbons / hydrochlorofluorocarbons / halons / carbon tetrachloride / methyl chloroform,True,,,,,False,False,Ozone-depleting substances and Montreal Protocol controls are not addressed.,,0.00,0.00,2026-09-09_10-01-17_pruned_taxonomy_topdown_sol
417545,f6d9deb8-a55f-46ab-958f-75f6f2ea06d2,Adaptation to climate change and climate variability: The importance of understanding agriculture as performance,19,Fluorinated gases / hydrofluorocarbons / perfluorocarbons / sulfur hexafluoride / nitrogen trifluoride,True,,,,,False,False,Synthetic fluorinated greenhouse gases are not addressed.,,0.00,0.00,2026-09-09_10-01-17_pruned_taxonomy_topdown_sol
417545,f6d9deb8-a55f-46ab-958f-75f6f2ea06d2,Adaptation to climate change and climate variability: The importance of understanding agriculture as performance,29,Extreme snow/ice events,True,,,,,False,False,The study does not address severe snow or ice conditions.,,0.00,0.00,2026-09-09_10-01-17_pruned_taxonomy_topdown_sol
417545,f6d9deb8-a55f-46ab-958f-75f6f2ea06d2,Adaptation to climate change and climate variability: The importance of understanding agriculture as performance,34,Z_(Unspecified) extreme weather events,True,,,,,False,False,The study discusses climate change and variability broadly but does not examine unspecified extreme weather events.,,0.00,0.00,2026-09-09_10-01-17_pruned_taxonomy_topdown_sol
417545,f6d9deb8-a55f-46ab-958f-75f6f2ea06d2,Adaptation to climate change and climate variability: The importance of understanding agriculture as performance,28,Extreme precipitation,True,,,,,False,False,No unusually intense or prolonged precipitation event is studied.,,0.00,0.00,2026-09-09_10-01-17_pruned_taxonomy_topdown_sol
417545,f6d9deb8-a55f-46ab-958f-75f6f2ea06d2,Adaptation to climate change and climate variability: The importance of understanding agriculture as performance,25,Droughts,True,,,,,False,False,Drought or prolonged water deficit is not identified as a subject of the study.,,0.00,0.00,2026-09-09_10-01-17_pruned_taxonomy_topdown_sol
417545,f6d9deb8-a55f-46ab-958f-75f6f2ea06d2,Adaptation to climate change and climate variability: The importance of understanding agriculture as performance,26,Extreme cold,True,,,,,False,False,The study does not concern episodes of abnormally low temperature.,,0.00,0.00,2026-09-09_10-01-17_pruned_taxonomy_topdown_sol
417545,f6d9deb8-a55f-46ab-958f-75f6f2ea06d2,Adaptation to climate change and climate variability: The importance of understanding agriculture as performance,32,Storms and severe wind,True,,,,,False,False,"No cyclone, hurricane, typhoon, severe thunderstorm, hailstorm, or comparable storm is examined.",,0.00,0.00,2026-09-09_10-01-17_pruned_taxonomy_topdown_sol
417545,f6d9deb8-a55f-46ab-958f-75f6f2ea06d2,Adaptation to climate change and climate variability: The importance of understanding agriculture as performance,27,Extreme heat,True,,,,,False,False,Extreme heat or heatwaves are not discussed as an exposure or focus.,,0.00,0.00,2026-09-09_10-01-17_pruned_taxonomy_topdown_sol
417545,f6d9deb8-a55f-46ab-958f-75f6f2ea06d2,Adaptation to climate change and climate variability: The importance of understanding agriculture as performance,31,Sand and dust storms,True,,,,,False,False,Sand and dust storms are not addressed.,,0.00,0.00,2026-09-09_10-01-17_pruned_taxonomy_topdown_sol
417545,f6d9deb8-a55f-46ab-958f-75f6f2ea06d2,Adaptation to climate change and climate variability: The importance of understanding agriculture as performance,33,Wildfires,True,,,,,False,False,Wildfires and their health or environmental effects are not a subject of the study.,,0.00,0.00,2026-09-09_10-01-17_pruned_taxonomy_topdown_sol
417545,f6d9deb8-a55f-46ab-958f-75f6f2ea06d2,Adaptation to climate change and climate variability: The importance of understanding agriculture as performance,30,Floods,True,,,,,False,False,The study does not address flooding or temporary inundation.,,0.00,0.00,2026-09-09_10-01-17_pruned_taxonomy_topdown_sol
417545,f6d9deb8-a55f-46ab-958f-75f6f2ea06d2,Adaptation to climate change and climate variability: The importance of understanding agriculture as performance,490,Maladaptation,True,,,,,False,False,"The study critiques limitations in adaptation approaches but does not identify adaptation actions that increase vulnerability, reduce adaptive capacity, or create new harms.",,0.00,0.00,2026-09-09_10-01-17_pruned_taxonomy_topdown_sol
417545,f6d9deb8-a55f-46ab-958f-75f6f2ea06d2,Adaptation to climate change and climate variability: The importance of understanding agriculture as performance,487,Adaptation,True,,,,,True,True,"The study centrally examines agricultural adaptation to climate variability and change, including adaptive processes, technologies, climate forecasts, and risk management.",This examination of agriculture as performance in the context of climate adaptation draws on two different examples.,0.00,100.00,2026-09-09_10-01-17_pruned_taxonomy_topdown_sol
417545,f6d9deb8-a55f-46ab-958f-75f6f2ea06d2,Adaptation to climate change and climate variability: The importance of understanding agriculture as performance,496,Co-Benefits,True,,,,,False,False,No annotation with this attribute found: reverting to default,,0.00,0.00,2026-09-09_10-01-17_pruned_taxonomy_topdown_sol
417545,f6d9deb8-a55f-46ab-958f-75f6f2ea06d2,Adaptation to climate change and climate variability: The importance of understanding agriculture as performance,488,Impact,True,,,,,False,True,"The paper concerns the challenges and risks posed by climate variability and anticipated climate change for agricultural and social systems, although its main emphasis is adaptation.",Most climate change studies that address potential impacts and potential adaptation strategies are largely based on modelling technologies.,0.00,100.00,2026-09-09_10-01-17_pruned_taxonomy_topdown_sol
417545,f6d9deb8-a55f-46ab-958f-75f6f2ea06d2,Adaptation to climate change and climate variability: The importance of understanding agriculture as performance,495,Loss and damage,True,,,,,False,False,The study does not examine unavoidable or irreversible climate-related losses and damages.,,0.00,0.00,2026-09-09_10-01-17_pruned_taxonomy_topdown_sol
417545,f6d9deb8-a55f-46ab-958f-75f6f2ea06d2,Adaptation to climate change and climate variability: The importance of understanding agriculture as performance,493,Attribution,True,,,,,False,False,"It does not seek to establish climate change's causal contribution to an observed event, system change, or health outcome.",,0.00,0.00,2026-09-09_10-01-17_pruned_taxonomy_topdown_sol
417545,f6d9deb8-a55f-46ab-958f-75f6f2ea06d2,Adaptation to climate change and climate variability: The importance of understanding agriculture as performance,489,Mitigation,True,,,,,False,False,"The study does not concern greenhouse-gas emissions, fossil fuels, or strategies to reduce emissions; it focuses on climate adaptation in agriculture.",,0.00,0.00,2026-09-09_10-01-17_pruned_taxonomy_topdown_sol
417545,f6d9deb8-a55f-46ab-958f-75f6f2ea06d2,Adaptation to climate change and climate variability: The importance of understanding agriculture as performance,492,Resilience,True,,,,,True,False,"Although adaptive processes and risk management are discussed, resilience—the capacity to withstand, recover from, and adapt to climate shocks—is not a substantive outcome or explicit focus.",,0.00,0.00,2026-09-09_10-01-17_pruned_taxonomy_topdown_sol
417545,f6d9deb8-a55f-46ab-958f-75f6f2ea06d2,Adaptation to climate change and climate variability: The importance of understanding agriculture as performance,491,Preparedness,True,,,,,False,True,The use of climate forecasts and adaptation strategies as risk-management tools concerns anticipatory planning and action to reduce climate-related impacts.,farmers in southeastern United States approach climate variability and climate forecasts as risk management tools,0.00,100.00,2026-09-09_10-01-17_pruned_taxonomy_topdown_sol
417545,f6d9deb8-a55f-46ab-958f-75f6f2ea06d2,Adaptation to climate change and climate variability: The importance of understanding agriculture as performance,494,Future impact,True,,,,,False,False,"Projected outcomes are mentioned as part of a critique of modelling-based adaptation research, but the study does not itself analyze projected effects through climate modelling or scenario analysis.",models are useful for visualizing potential future outcomes and evaluating options for potential adaptation,0.00,100.00,2026-09-09_10-01-17_pruned_taxonomy_topdown_sol
417545,f6d9deb8-a55f-46ab-958f-75f6f2ea06d2,Adaptation to climate change and climate variability: The importance of understanding agriculture as performance,14,Changes in temperature,True,,,,,False,False,The study does not specifically examine long-term temperature shifts or warming trends.,,0.00,0.00,2026-09-09_10-01-17_pruned_taxonomy_topdown_sol
417545,f6d9deb8-a55f-46ab-958f-75f6f2ea06d2,Adaptation to climate change and climate variability: The importance of understanding agriculture as performance,9,Changes in humidity,True,,,,,False,False,Atmospheric moisture or humidity changes are not discussed.,,0.00,0.00,2026-09-09_10-01-17_pruned_taxonomy_topdown_sol
417545,f6d9deb8-a55f-46ab-958f-75f6f2ea06d2,Adaptation to climate change and climate variability: The importance of understanding agriculture as performance,6,(Unspecified) changes in weather,True,,,,,False,False,"The study specifically frames fluctuations as climate variability rather than general, unspecified weather-pattern changes.",,0.00,0.00,2026-09-09_10-01-17_pruned_taxonomy_topdown_sol
417545,f6d9deb8-a55f-46ab-958f-75f6f2ea06d2,Adaptation to climate change and climate variability: The importance of understanding agriculture as performance,13,Changes in season length,True,,,,,False,False,Changes in season duration or timing are not a subject of the study.,,0.00,0.00,2026-09-09_10-01-17_pruned_taxonomy_topdown_sol
417545,f6d9deb8-a55f-46ab-958f-75f6f2ea06d2,Adaptation to climate change and climate variability: The importance of understanding agriculture as performance,8,Changes in glacier / snow melt,True,,,,,False,False,Glacier or snowpack melting is not discussed.,,0.00,0.00,2026-09-09_10-01-17_pruned_taxonomy_topdown_sol
417545,f6d9deb8-a55f-46ab-958f-75f6f2ea06d2,Adaptation to climate change and climate variability: The importance of understanding agriculture as performance,15,Changes in wind speed,True,,,,,False,False,The study does not examine changes in wind patterns or velocity.,,0.00,0.00,2026-09-09_10-01-17_pruned_taxonomy_topdown_sol
417545,f6d9deb8-a55f-46ab-958f-75f6f2ea06d2,Adaptation to climate change and climate variability: The importance of understanding agriculture as performance,10,Changes in inland water bodies,True,,,,,False,False,"No climate-driven changes in freshwater levels, availability, or hydrological patterns are identified.",,0.00,0.00,2026-09-09_10-01-17_pruned_taxonomy_topdown_sol
417545,f6d9deb8-a55f-46ab-958f-75f6f2ea06d2,Adaptation to climate change and climate variability: The importance of understanding agriculture as performance,11,Changes in precipitation,True,,,,,False,False,The study does not specifically address changes in rainfall or snowfall.,,0.00,0.00,2026-09-09_10-01-17_pruned_taxonomy_topdown_sol
417545,f6d9deb8-a55f-46ab-958f-75f6f2ea06d2,Adaptation to climate change and climate variability: The importance of understanding agriculture as performance,16,Climate variability,True,,,,,True,True,Climate variability is an explicit focus of the southeastern United States example and is connected to farmers' risk management and adaptation practices.,The second example shows how farmers in southeastern United States approach climate variability and climate forecasts as risk management tools.,0.00,100.00,2026-09-09_10-01-17_pruned_taxonomy_topdown_sol
417545,f6d9deb8-a55f-46ab-958f-75f6f2ea06d2,Adaptation to climate change and climate variability: The importance of understanding agriculture as performance,7,(Unspecified) climate change,True,,,,,True,True,The study broadly concerns adaptation to climate change without identifying a particular climatic driver or mechanism.,Most climate change studies that address potential impacts and potential adaptation strategies are largely based on modelling technologies.,0.00,100.00,2026-09-09_10-01-17_pruned_taxonomy_topdown_sol
417545,f6d9deb8-a55f-46ab-958f-75f6f2ea06d2,Adaptation to climate change and climate variability: The importance of understanding agriculture as performance,12,Changes in sea level,True,,,,,False,False,Sea-level rise is not discussed.,,0.00,0.00,2026-09-09_10-01-17_pruned_taxonomy_topdown_sol
417545,f6d9deb8-a55f-46ab-958f-75f6f2ea06d2,Adaptation to climate change and climate variability: The importance of understanding agriculture as performance,474,"Agriculture, fishing, and forestry (Sector)",True,,,,,True,True,"The study centrally examines climate adaptation in agriculture, specifically among farmers and herders.",The first example explores how technical aspects of climate adaptation in Mali are situated within the enactment of ethnic identities and political struggles between farmers and herders.,0.00,100.00,2026-09-09_10-01-17_pruned_taxonomy_topdown_sol
417545,f6d9deb8-a55f-46ab-958f-75f6f2ea06d2,Adaptation to climate change and climate variability: The importance of understanding agriculture as performance,482,Military (Sector),True,,,,,False,False,"The study does not examine armed forces, defense capabilities, or military operations.",,0.00,0.00,2026-09-09_10-01-17_pruned_taxonomy_topdown_sol
417545,f6d9deb8-a55f-46ab-958f-75f6f2ea06d2,Adaptation to climate change and climate variability: The importance of understanding agriculture as performance,479,Healthcare (Sector),True,,,,,False,False,"Medical care, public health services, and health infrastructure are not subjects of the study.",,0.00,0.00,2026-09-09_10-01-17_pruned_taxonomy_topdown_sol
417545,f6d9deb8-a55f-46ab-958f-75f6f2ea06d2,Adaptation to climate change and climate variability: The importance of understanding agriculture as performance,477,Energy and extractives (Sector),True,,,,,False,False,"The study does not focus on energy generation, fuel production, renewable energy, or resource extraction.",,0.00,0.00,2026-09-09_10-01-17_pruned_taxonomy_topdown_sol
417545,f6d9deb8-a55f-46ab-958f-75f6f2ea06d2,Adaptation to climate change and climate variability: The importance of understanding agriculture as performance,484,Social protection (Sector),True,,,,,False,False,"Social safety nets, welfare services, and support systems for vulnerable populations are not examined.",,0.00,0.00,2026-09-09_10-01-17_pruned_taxonomy_topdown_sol
417545,f6d9deb8-a55f-46ab-958f-75f6f2ea06d2,Adaptation to climate change and climate variability: The importance of understanding agriculture as performance,475,Buildings / housing (Sector),True,,,,,False,False,"Buildings, housing, and construction are not subjects of the study.",,0.00,0.00,2026-09-09_10-01-17_pruned_taxonomy_topdown_sol
417545,f6d9deb8-a55f-46ab-958f-75f6f2ea06d2,Adaptation to climate change and climate variability: The importance of understanding agriculture as performance,485,Transportation (Sector),True,,,,,False,False,"The study does not examine transport infrastructure, vehicles, or logistics operations.",,0.00,0.00,2026-09-09_10-01-17_pruned_taxonomy_topdown_sol
417545,f6d9deb8-a55f-46ab-958f-75f6f2ea06d2,Adaptation to climate change and climate variability: The importance of understanding agriculture as performance,481,Information and communications technologies (Sector),True,,,,,False,False,"Although modeling technologies and climate forecasts are discussed, the telecommunications and information-technology sector itself is not a subject of the study.",,0.00,0.00,2026-09-09_10-01-17_pruned_taxonomy_topdown_sol
417545,f6d9deb8-a55f-46ab-958f-75f6f2ea06d2,Adaptation to climate change and climate variability: The importance of understanding agriculture as performance,486,"Water, sanitation, and waste management (Sector)",True,,,,,False,False,"Water supply, sewage treatment, and solid-waste management are not examined as sectors.",,0.00,0.00,2026-09-09_10-01-17_pruned_taxonomy_topdown_sol
417545,f6d9deb8-a55f-46ab-958f-75f6f2ea06d2,Adaptation to climate change and climate variability: The importance of understanding agriculture as performance,478,Finance (Sector),True,,,,,False,False,"Farmers' use of climate forecasts as risk-management tools does not amount to a focus on banking, insurance, investment, or financial services.",,0.00,0.00,2026-09-09_10-01-17_pruned_taxonomy_topdown_sol
417545,f6d9deb8-a55f-46ab-958f-75f6f2ea06d2,Adaptation to climate change and climate variability: The importance of understanding agriculture as performance,480,"Industry, trade, and services (Sector)",True,,,,,False,False,"Manufacturing, retail, wholesale trade, and commercial services are not subjects of the study.",,0.00,0.00,2026-09-09_10-01-17_pruned_taxonomy_topdown_sol
417545,f6d9deb8-a55f-46ab-958f-75f6f2ea06d2,Adaptation to climate change and climate variability: The importance of understanding agriculture as performance,476,Education (Sector),True,,,,,False,False,"The study does not examine schools, universities, vocational institutions, or education systems.",,0.00,0.00,2026-09-09_10-01-17_pruned_taxonomy_topdown_sol
417545,f6d9deb8-a55f-46ab-958f-75f6f2ea06d2,Adaptation to climate change and climate variability: The importance of understanding agriculture as performance,483,Public administration (Sector),True,,,,,False,False,"Political struggles are mentioned, but public-administration operations, services, and personnel are not being examined as a sector.",,0.00,0.00,2026-09-09_10-01-17_pruned_taxonomy_topdown_sol
417545,f6d9deb8-a55f-46ab-958f-75f6f2ea06d2,Adaptation to climate change and climate variability: The importance of understanding agriculture as performance,392,Mixed-methods,True,,,,,False,False,No annotation with this attribute found: reverting to default,,0.00,0.00,2026-09-09_10-01-17_pruned_taxonomy_topdown_sol
417545,f6d9deb8-a55f-46ab-958f-75f6f2ea06d2,Adaptation to climate change and climate variability: The importance of understanding agriculture as performance,394,Observational / group comparison designs,True,,,,,False,False,No annotation with this attribute found: reverting to default,,0.00,0.00,2026-09-09_10-01-17_pruned_taxonomy_topdown_sol
417545,f6d9deb8-a55f-46ab-958f-75f6f2ea06d2,Adaptation to climate change and climate variability: The importance of understanding agriculture as performance,393,Modelling / simulation,True,,,,,False,False,No annotation with this attribute found: reverting to default,,0.00,0.00,2026-09-09_10-01-17_pruned_taxonomy_topdown_sol
417545,f6d9deb8-a55f-46ab-958f-75f6f2ea06d2,Adaptation to climate change and climate variability: The importance of understanding agriculture as performance,390,(Quasi-)Experimental / single-group designs,True,,,,,False,False,No annotation with this attribute found: reverting to default,,0.00,0.00,2026-09-09_10-01-17_pruned_taxonomy_topdown_sol
417545,f6d9deb8-a55f-46ab-958f-75f6f2ea06d2,Adaptation to climate change and climate variability: The importance of understanding agriculture as performance,429,Narrative review,True,,,,,False,False,"The paper is a conceptual examination illustrated by two examples, not a narrative review summarising a body of literature.",This examination of agriculture as performance in the context of climate adaptation draws on two different examples.,0.00,100.00,2026-09-09_10-01-17_pruned_taxonomy_topdown_sol
417545,f6d9deb8-a55f-46ab-958f-75f6f2ea06d2,Adaptation to climate change and climate variability: The importance of understanding agriculture as performance,396,Qualitative designs,True,,,,,True,False,No annotation with this attribute found: reverting to default,,0.00,0.00,2026-09-09_10-01-17_pruned_taxonomy_topdown_sol
417545,f6d9deb8-a55f-46ab-958f-75f6f2ea06d2,Adaptation to climate change and climate variability: The importance of understanding agriculture as performance,388,2. Evidence synthesis,True,,,,,False,True,The study is a conceptual/narrative synthesis that uses two examples to examine adaptation approaches; the abstract does not describe collection of new primary data.,This examination of agriculture as performance in the context of climate adaptation draws on two different examples.,0.00,100.00,2026-09-09_10-01-17_pruned_taxonomy_topdown_sol
417545,f6d9deb8-a55f-46ab-958f-75f6f2ea06d2,Adaptation to climate change and climate variability: The importance of understanding agriculture as performance,391,Descriptive / single-group designs,True,,,,,False,False,No annotation with this attribute found: reverting to default,,0.00,0.00,2026-09-09_10-01-17_pruned_taxonomy_topdown_sol
417545,f6d9deb8-a55f-46ab-958f-75f6f2ea06d2,Adaptation to climate change and climate variability: The importance of understanding agriculture as performance,427,Health technology assessment (HTA),True,,,,,False,False,"The study does not evaluate a health technology or address clinical effectiveness, cost-effectiveness, or policy implementation dimensions characteristic of a health technology assessment.",,0.00,0.00,2026-09-09_10-01-17_pruned_taxonomy_topdown_sol
417545,f6d9deb8-a55f-46ab-958f-75f6f2ea06d2,Adaptation to climate change and climate variability: The importance of understanding agriculture as performance,395,Observational / single-group designs,True,,,,,False,False,No annotation with this attribute found: reverting to default,,0.00,0.00,2026-09-09_10-01-17_pruned_taxonomy_topdown_sol
417545,f6d9deb8-a55f-46ab-958f-75f6f2ea06d2,Adaptation to climate change and climate variability: The importance of understanding agriculture as performance,426,Guideline (clinical or public health),True,,,,,False,False,The paper does not present systematically developed recommendations for clinical or public health practice.,,0.00,0.00,2026-09-09_10-01-17_pruned_taxonomy_topdown_sol
417545,f6d9deb8-a55f-46ab-958f-75f6f2ea06d2,Adaptation to climate change and climate variability: The importance of understanding agriculture as performance,387,1. Primary research,True,,,,,True,False,No direct collection or analysis of original data is reported; the paper appears to develop a conceptual argument from existing examples.,,0.00,0.00,2026-09-09_10-01-17_pruned_taxonomy_topdown_sol
417545,f6d9deb8-a55f-46ab-958f-75f6f2ea06d2,Adaptation to climate change and climate variability: The importance of understanding agriculture as performance,430,Systematic reviews,True,,,,,False,False,"No explicit, reproducible methods for searching, selecting, appraising, or synthesising primary studies are described.",,0.00,0.00,2026-09-09_10-01-17_pruned_taxonomy_topdown_sol
417545,f6d9deb8-a55f-46ab-958f-75f6f2ea06d2,Adaptation to climate change and climate variability: The importance of understanding agriculture as performance,397,Z_Other study design,True,,,,,False,False,No annotation with this attribute found: reverting to default,,0.00,0.00,2026-09-09_10-01-17_pruned_taxonomy_topdown_sol
417545,f6d9deb8-a55f-46ab-958f-75f6f2ea06d2,Adaptation to climate change and climate variability: The importance of understanding agriculture as performance,389,(Quasi-)Experimental / group comparison designs,True,,,,,False,False,No annotation with this attribute found: reverting to default,,0.00,0.00,2026-09-09_10-01-17_pruned_taxonomy_topdown_sol
417545,f6d9deb8-a55f-46ab-958f-75f6f2ea06d2,Adaptation to climate change and climate variability: The importance of understanding agriculture as performance,431,Z_Other evidence synthesis type,True,,,,,False,False,The article is a conceptual discussion using examples rather than another form of evidence synthesis.,This examination of agriculture as performance in the context of climate adaptation draws on two different examples.,0.00,100.00,2026-09-09_10-01-17_pruned_taxonomy_topdown_sol
417545,f6d9deb8-a55f-46ab-958f-75f6f2ea06d2,Adaptation to climate change and climate variability: The importance of understanding agriculture as performance,428,Meta-analysis (unsystematic),True,,,,,False,False,The paper does not conduct an advanced quantitative synthesis of existing studies.,,0.00,0.00,2026-09-09_10-01-17_pruned_taxonomy_topdown_sol
417545,f6d9deb8-a55f-46ab-958f-75f6f2ea06d2,Adaptation to climate change and climate variability: The importance of understanding agriculture as performance,117,"1.2. Communicable, maternal, neonatal, and nutritional mortality",True,,,,,False,False,No annotation with this attribute found: reverting to default,,0.00,0.00,2026-09-09_10-01-17_pruned_taxonomy_topdown_sol
417545,f6d9deb8-a55f-46ab-958f-75f6f2ea06d2,Adaptation to climate change and climate variability: The importance of understanding agriculture as performance,196,Chronic respiratory diseases,True,,,,,False,False,No annotation with this attribute found: reverting to default,,0.00,0.00,2026-09-09_10-01-17_pruned_taxonomy_topdown_sol
417545,f6d9deb8-a55f-46ab-958f-75f6f2ea06d2,Adaptation to climate change and climate variability: The importance of understanding agriculture as performance,201,Neoplasms,True,,,,,False,False,No annotation with this attribute found: reverting to default,,0.00,0.00,2026-09-09_10-01-17_pruned_taxonomy_topdown_sol
417545,f6d9deb8-a55f-46ab-958f-75f6f2ea06d2,Adaptation to climate change and climate variability: The importance of understanding agriculture as performance,118,1.3. Non-communicable mortality,True,,,,,False,False,No annotation with this attribute found: reverting to default,,0.00,0.00,2026-09-09_10-01-17_pruned_taxonomy_topdown_sol
417545,f6d9deb8-a55f-46ab-958f-75f6f2ea06d2,Adaptation to climate change and climate variability: The importance of understanding agriculture as performance,138,Respiratory infections and tuberculosis,True,,,,,False,False,No annotation with this attribute found: reverting to default,,0.00,0.00,2026-09-09_10-01-17_pruned_taxonomy_topdown_sol
417545,f6d9deb8-a55f-46ab-958f-75f6f2ea06d2,Adaptation to climate change and climate variability: The importance of understanding agriculture as performance,116,1.1. Total / all-cause mortality (Outcome),True,,,,,False,False,No annotation with this attribute found: reverting to default,,0.00,0.00,2026-09-09_10-01-17_pruned_taxonomy_topdown_sol
417545,f6d9deb8-a55f-46ab-958f-75f6f2ea06d2,Adaptation to climate change and climate variability: The importance of understanding agriculture as performance,204,Skin and subcutaneous diseases,True,,,,,False,False,No annotation with this attribute found: reverting to default,,0.00,0.00,2026-09-09_10-01-17_pruned_taxonomy_topdown_sol
417545,f6d9deb8-a55f-46ab-958f-75f6f2ea06d2,Adaptation to climate change and climate variability: The importance of understanding agriculture as performance,197,Diabetes and kidney diseases,True,,,,,False,False,No annotation with this attribute found: reverting to default,,0.00,0.00,2026-09-09_10-01-17_pruned_taxonomy_topdown_sol
417545,f6d9deb8-a55f-46ab-958f-75f6f2ea06d2,Adaptation to climate change and climate variability: The importance of understanding agriculture as performance,198,Digestive diseases,True,,,,,False,False,No annotation with this attribute found: reverting to default,,0.00,0.00,2026-09-09_10-01-17_pruned_taxonomy_topdown_sol
417545,f6d9deb8-a55f-46ab-958f-75f6f2ea06d2,Adaptation to climate change and climate variability: The importance of understanding agriculture as performance,137,Nutritional deficiencies,True,,,,,False,False,No annotation with this attribute found: reverting to default,,0.00,0.00,2026-09-09_10-01-17_pruned_taxonomy_topdown_sol
417545,f6d9deb8-a55f-46ab-958f-75f6f2ea06d2,Adaptation to climate change and climate variability: The importance of understanding agriculture as performance,134,HIV/AIDS and sexually transmitted infections,True,,,,,False,False,No annotation with this attribute found: reverting to default,,0.00,0.00,2026-09-09_10-01-17_pruned_taxonomy_topdown_sol
417545,f6d9deb8-a55f-46ab-958f-75f6f2ea06d2,Adaptation to climate change and climate variability: The importance of understanding agriculture as performance,203,Sense organ diseases,True,,,,,False,False,No annotation with this attribute found: reverting to default,,0.00,0.00,2026-09-09_10-01-17_pruned_taxonomy_topdown_sol
417545,f6d9deb8-a55f-46ab-958f-75f6f2ea06d2,Adaptation to climate change and climate variability: The importance of understanding agriculture as performance,195,Cardiovascular diseases,True,,,,,False,False,No annotation with this attribute found: reverting to default,,0.00,0.00,2026-09-09_10-01-17_pruned_taxonomy_topdown_sol
417545,f6d9deb8-a55f-46ab-958f-75f6f2ea06d2,Adaptation to climate change and climate variability: The importance of understanding agriculture as performance,289,Transport injuries,True,,,,,False,False,No annotation with this attribute found: reverting to default,,0.00,0.00,2026-09-09_10-01-17_pruned_taxonomy_topdown_sol
417545,f6d9deb8-a55f-46ab-958f-75f6f2ea06d2,Adaptation to climate change and climate variability: The importance of understanding agriculture as performance,113,"2. Communicable, maternal, neonatal, and nutritional diseases",True,,,,,False,False,"The study concerns agricultural climate adaptation and social processes, not communicable, maternal, neonatal, or nutritional diseases.",,0.00,0.00,2026-09-09_10-01-17_pruned_taxonomy_topdown_sol
417545,f6d9deb8-a55f-46ab-958f-75f6f2ea06d2,Adaptation to climate change and climate variability: The importance of understanding agriculture as performance,139,Z_Other infectious diseases,True,,,,,False,False,No annotation with this attribute found: reverting to default,,0.00,0.00,2026-09-09_10-01-17_pruned_taxonomy_topdown_sol
417545,f6d9deb8-a55f-46ab-958f-75f6f2ea06d2,Adaptation to climate change and climate variability: The importance of understanding agriculture as performance,135,Maternal and neonatal disorders,True,,,,,False,False,No annotation with this attribute found: reverting to default,,0.00,0.00,2026-09-09_10-01-17_pruned_taxonomy_topdown_sol
417545,f6d9deb8-a55f-46ab-958f-75f6f2ea06d2,Adaptation to climate change and climate variability: The importance of understanding agriculture as performance,202,Neurological disorders,True,,,,,False,False,No annotation with this attribute found: reverting to default,,0.00,0.00,2026-09-09_10-01-17_pruned_taxonomy_topdown_sol
417545,f6d9deb8-a55f-46ab-958f-75f6f2ea06d2,Adaptation to climate change and climate variability: The importance of understanding agriculture as performance,288,Self-harm and interpersonal violence,True,,,,,False,False,No annotation with this attribute found: reverting to default,,0.00,0.00,2026-09-09_10-01-17_pruned_taxonomy_topdown_sol
417545,f6d9deb8-a55f-46ab-958f-75f6f2ea06d2,Adaptation to climate change and climate variability: The importance of understanding agriculture as performance,206,Z_Other non-communicable diseases,True,,,,,False,False,No annotation with this attribute found: reverting to default,,0.00,0.00,2026-09-09_10-01-17_pruned_taxonomy_topdown_sol
417545,f6d9deb8-a55f-46ab-958f-75f6f2ea06d2,Adaptation to climate change and climate variability: The importance of understanding agriculture as performance,200,Musculoskeletal disorders,True,,,,,False,False,No annotation with this attribute found: reverting to default,,0.00,0.00,2026-09-09_10-01-17_pruned_taxonomy_topdown_sol
417545,f6d9deb8-a55f-46ab-958f-75f6f2ea06d2,Adaptation to climate change and climate variability: The importance of understanding agriculture as performance,133,Enteric infections,True,,,,,False,False,No annotation with this attribute found: reverting to default,,0.00,0.00,2026-09-09_10-01-17_pruned_taxonomy_topdown_sol
417545,f6d9deb8-a55f-46ab-958f-75f6f2ea06d2,Adaptation to climate change and climate variability: The importance of understanding agriculture as performance,114,3. Non-communicable diseases,True,,,,,False,False,No chronic non-infectious disease is studied as an outcome or focus.,,0.00,0.00,2026-09-09_10-01-17_pruned_taxonomy_topdown_sol
417545,f6d9deb8-a55f-46ab-958f-75f6f2ea06d2,Adaptation to climate change and climate variability: The importance of understanding agriculture as performance,112,1. Mortality (Outcome),True,,,,,False,False,Death or mortality is not examined as a health outcome.,,0.00,0.00,2026-09-09_10-01-17_pruned_taxonomy_topdown_sol
417545,f6d9deb8-a55f-46ab-958f-75f6f2ea06d2,Adaptation to climate change and climate variability: The importance of understanding agriculture as performance,115,4. Injuries,True,,,,,False,False,Physical injury from external causes is not a subject or outcome of the study.,,0.00,0.00,2026-09-09_10-01-17_pruned_taxonomy_topdown_sol
417545,f6d9deb8-a55f-46ab-958f-75f6f2ea06d2,Adaptation to climate change and climate variability: The importance of understanding agriculture as performance,199,Mental disorders,True,,,,,False,False,No annotation with this attribute found: reverting to default,,0.00,0.00,2026-09-09_10-01-17_pruned_taxonomy_topdown_sol
417545,f6d9deb8-a55f-46ab-958f-75f6f2ea06d2,Adaptation to climate change and climate variability: The importance of understanding agriculture as performance,205,Substance use disorders,True,,,,,False,False,No annotation with this attribute found: reverting to default,,0.00,0.00,2026-09-09_10-01-17_pruned_taxonomy_topdown_sol
417545,f6d9deb8-a55f-46ab-958f-75f6f2ea06d2,Adaptation to climate change and climate variability: The importance of understanding agriculture as performance,136,Neglected tropical diseases and malaria,True,,,,,False,False,No annotation with this attribute found: reverting to default,,0.00,0.00,2026-09-09_10-01-17_pruned_taxonomy_topdown_sol
417545,f6d9deb8-a55f-46ab-958f-75f6f2ea06d2,Adaptation to climate change and climate variability: The importance of understanding agriculture as performance,290,Unintentional injuries,True,,,,,False,False,No annotation with this attribute found: reverting to default,,0.00,0.00,2026-09-09_10-01-17_pruned_taxonomy_topdown_sol
