document_id,external_id,document_name,attribute_id,attribute_label,attribute_presence,human_additional_text,item_attribute_full_text_details,citation_page,citation_highlight_text,human_extraction,llm_extraction,llm_reasoning,llm_verbatim_text,human_verbatim_fuzzy_match_pct,llm_verbatim_fuzzy_match_pct,extraction_run_id
60023523,0033a9dc-c1f5-4f47-842c-089a2d11b676,The characterization of mechanical behaviour on kenaf fibre / polypropylene composites,0,include - high precision,True,,,,,False,False,"[self-consistency: 0/3 INCLUDE]
(EXCLUDE) The record concerns mechanical, flexural, fatigue, and morphological properties of kenaf fibre wood-plastic composites. It does not explicitly address a climate/weather factor, mitigation or adaptation action, or any human health outcome or exposure pathway.
(EXCLUDE) The record studies alkaline treatment and mechanical properties of kenaf fibre/polypropylene wood-plastic composites. It does not substantively address a climate or weather factor, mitigation/adaptation action, or any human-health outcome or exposure pathway.
(EXCLUDE) The record concerns material engineering of kenaf-fibre wood plastic composites and mechanical properties. It does not explicitly address a substantive climate factor, mitigation/adaptation action, or any human health outcome or exposure pathway.","""The objective of this study is to identify the effect of alkaline treatment on kenaf fibre in WPC system, to investigate the highest strength of kenaf fibre loading on mechanical properties in WPC""",0.00,98.99,2026-09-03_18-26-00_terra
60023523,0033a9dc-c1f5-4f47-842c-089a2d11b676,The characterization of mechanical behaviour on kenaf fibre / polypropylene composites,5,include - best balance,True,,,,,False,False,"[self-consistency: 0/3 INCLUDE]
(EXCLUDE) The record concerns mechanical properties and morphology of kenaf-fibre wood plastic composites. It does not substantively address a climate/weather factor, mitigation or adaptation action, nor any human-health outcome or recognised climate-health exposure pathway.
(EXCLUDE) The record concerns mechanical properties and morphology of kenaf-fibre wood plastic composites. It does not substantively address a climate/weather factor, mitigation or adaptation action, nor any human health outcome or recognised climate-health exposure pathway.
(EXCLUDE) The record concerns mechanical properties and morphology of wood-plastic composites. It does not substantively address a climate/weather factor, climate mitigation or adaptation, or a human health outcome or pathway.","""The objective of this study is to identify the effect of alkaline treatment on kenaf fibre in WPC system""",0.00,98.11,2026-09-03_18-26-00_terra
60023523,0033a9dc-c1f5-4f47-842c-089a2d11b676,The characterization of mechanical behaviour on kenaf fibre / polypropylene composites,6,include - high recall,True,,,,,False,False,"[self-consistency: 0/3 INCLUDE]
(EXCLUDE) The record concerns mechanical properties and morphology of kenaf-fibre wood-plastic composites. It does not substantively address a climate factor, mitigation/adaptation action, or human health outcome/pathway.
(EXCLUDE) The record concerns mechanical properties and morphology of kenaf-fibre wood-plastic composites treated with sodium hydroxide. It does not substantively address climate/weather, mitigation or adaptation, nor human health or a recognised climate-health pathway.
(EXCLUDE) The record concerns material engineering of kenaf fibre/polypropylene wood-plastic composites and mechanical properties. It does not substantively address a climate factor, mitigation or adaptation action, nor human health or a recognised climate-health exposure pathway.","“The objective of this study is to identify the effect of alkaline treatment on kenaf fibre in WPC system, to investigate the highest strength of kenaf fibre loading on mechanical properties in WPC, and to evaluate the morphology characteristics”",0.00,99.19,2026-09-03_18-26-00_terra
5471,010cea96-52e4-4819-8944-88d4b08345aa,Presence of pleural plaques and/or asbestosis and the risk of lung cancer in a Crocidolite asbestos exposed population from Western Australia,0,include - high precision,True,,,,,False,False,"[self-consistency: 0/3 INCLUDE]
(EXCLUDE) The record explicitly concerns human respiratory disease and lung-cancer risk from occupational/residential asbestos exposure, but it does not substantively address climate change, climate/weather factors, climate mitigation/adaptation, greenhouse gases, or fossil-fuel use.
(EXCLUDE) The record explicitly concerns human health outcomes (lung cancer and asbestos-related disease), but it contains no explicit climate or weather factor, greenhouse-gas/combustion particulate climate-forcing agent, climate mitigation, or climate adaptation component. Asbestos is studied as an occupational/environmental carcinogen rather than a climate-related exposure.
(EXCLUDE) The record explicitly addresses human health outcomes, including lung cancer and mesothelioma, but its exposure is occupational/environmental asbestos rather than a stated climate or weather factor, climate mitigation/adaptation action, or climate-related hazard.","“Asbestos exposure is associated with dose-dependent risk of benign pleural disease, lung cancer and mesothelioma.”",0.00,98.26,2026-09-03_18-26-00_terra
5471,010cea96-52e4-4819-8944-88d4b08345aa,Presence of pleural plaques and/or asbestosis and the risk of lung cancer in a Crocidolite asbestos exposed population from Western Australia,5,include - best balance,True,,,,,False,False,"[self-consistency: 0/3 INCLUDE]
(EXCLUDE) The record substantively concerns occupational/environmental asbestos exposure and lung cancer, but it does not address a climate or weather factor, climate mitigation, or climate adaptation. Asbestos is not presented as a climate-forcing agent or climate-related exposure.
(EXCLUDE) The record substantively addresses occupational asbestos exposure and lung cancer, but it does not address a climate or weather factor, climate mitigation, or climate adaptation. Asbestos is considered here as an occupational toxicant rather than a climate-forcing agent.
(EXCLUDE) The record concerns occupational/residential asbestos exposure and lung cancer risk. Although it has a human-health component, it does not substantively address climate change, weather, climate-related hazards, greenhouse gases, fossil fuels, or climate mitigation/adaptation.","""Asbestos exposure is associated with dose-dependent risk of benign pleural disease, lung cancer and mesothelioma.""",0.00,98.26,2026-09-03_18-26-00_terra
5471,010cea96-52e4-4819-8944-88d4b08345aa,Presence of pleural plaques and/or asbestosis and the risk of lung cancer in a Crocidolite asbestos exposed population from Western Australia,6,include - high recall,True,,,,,False,False,"[self-consistency: 0/3 INCLUDE]
(EXCLUDE) The record concerns occupational/residential asbestos exposure and lung cancer. It does not substantively address a climate or weather factor, climate mitigation, or climate adaptation.
(EXCLUDE) The record concerns occupational/environmental asbestos exposure and lung cancer risk, but does not substantively address climate factors, climate mitigation, or climate adaptation.
(EXCLUDE) The record concerns occupational/environmental asbestos exposure and lung cancer risk, but it does not substantively address a climate or weather factor, climate mitigation, or climate adaptation.","“Asbestos exposure is associated with dose-dependent risk of benign pleural disease, lung cancer and mesothelioma.”",0.00,98.26,2026-09-03_18-26-00_terra
2727236785,0136bca3-09f9-4dd8-b629-5cb932d72eed,Fascitization by ‘nox-culture’ and “renegadeness” as reference points of modern reality,0,include - high precision,True,,,,,False,False,"[self-consistency: 0/3 INCLUDE]
(EXCLUDE) The document is a philosophical/social commentary. It does not substantively address climate change, weather, climate hazards, mitigation, or adaptation. Although it mentions physical and mental ill health, these are not connected to any explicit climate component.
(EXCLUDE) The text is a philosophical/cultural critique. It does not substantively address a climate or weather factor, climate mitigation, or climate adaptation. Although it mentions physical and mental ill health, these are rhetorical consequences in the discussion rather than a substantive human-health analysis connected to climate.
(EXCLUDE) The document is a philosophical/cultural commentary. It contains no substantive climate, weather, mitigation, or adaptation component. References to ill health and mental states are rhetorical consequences in the discussion rather than a substantive human-health analysis linked to climate.",“storm and onslaught” (according to Darwin and Schiller) was important,0.00,100.00,2026-09-03_18-26-00_terra
2727236785,0136bca3-09f9-4dd8-b629-5cb932d72eed,Fascitization by ‘nox-culture’ and “renegadeness” as reference points of modern reality,5,include - best balance,True,,,,,False,False,"[self-consistency: 0/3 INCLUDE]
(EXCLUDE) The text is a philosophical/social critique discussing consumerism, technology, and mental and physical ill health, but it does not substantively address a climate or weather factor, climate mitigation, or climate adaptation. Therefore it lacks the required climate component.
(EXCLUDE) The text is a philosophical/cultural critique. Although it mentions physical and mental ill health, it does not substantively address any climate or weather factor, climate mitigation, or climate adaptation action.
(EXCLUDE) The document is a philosophical/social commentary and does not substantively address a climate or weather factor, climate mitigation/adaptation, or a human-health outcome connected to climate. Although it mentions physical ill health, this is not linked to any climate component.",“The Renegadeness” is an intermediate culture.,0.00,100.00,2026-09-03_18-26-00_terra
2727236785,0136bca3-09f9-4dd8-b629-5cb932d72eed,Fascitization by ‘nox-culture’ and “renegadeness” as reference points of modern reality,6,include - high recall,True,,,,,False,False,"[self-consistency: 0/3 INCLUDE]
(EXCLUDE) The text is a philosophical/cultural critique and contains no substantive climate, weather, mitigation, adaptation, or climate-health exposure content. References to ill health are metaphorical consequences of cultural behaviour rather than a study of human health in relation to climate.
(EXCLUDE) The text mentions physical and mental ill health, but it does not substantively address any climate/weather factor, climate mitigation, or climate adaptation action.
(EXCLUDE) The text discusses cultural and psychological themes and mentions ill health, but it does not substantively address any climate/weather factor, climate-related hazard, mitigation action, or adaptation action.","“greedy accumulation”, troglodytic, leads to “indigestion”, which results (pun intended) in the impoverishment of not only the mind, but also physical ill health: anemia, apathy, panic, melancholy, despair",0.00,100.00,2026-09-03_18-26-00_terra
21497823,01a3e3e1-114f-4c91-a5e6-f1cf9cfa1804,Synthetic hybrids of six yeast species,0,include - high precision,True,,,,,False,False,"[self-consistency: 0/3 INCLUDE]
(EXCLUDE) The record concerns synthetic yeast allopolyploids and their adaptation to a novel environment. It does not explicitly address a climate or weather factor, climate mitigation/adaptation, or a substantive human health outcome; cancer is mentioned only as a potential application.
(EXCLUDE) The record concerns synthetic yeast allopolyploids and their adaptation to novel environments. It does not explicitly address a climate/weather factor, climate mitigation or adaptation, nor a substantive human-health outcome or human exposure pathway. Cancer is mentioned only as a potential application, without a human-health study or outcome.
(EXCLUDE) The record concerns synthetic yeast allopolyploids and their adaptation to a novel (unspecified) environment. It does not explicitly address a climate/weather factor, climate mitigation or adaptation, nor a substantive human-health outcome or exposure pathway. Cancer is mentioned only as a potential application, not as a human-health study.","These new synthetic yeast hybrids have potential applications for the study of polyploidy, genome stability, chromosome segregation, cancer, and bioenergy.",0.00,100.00,2026-09-03_18-26-00_terra
21497823,01a3e3e1-114f-4c91-a5e6-f1cf9cfa1804,Synthetic hybrids of six yeast species,5,include - best balance,True,,,,,False,False,"[self-consistency: 0/3 INCLUDE]
(EXCLUDE) The record concerns synthetic yeast allopolyploids and adaptation to a novel laboratory environment. It does not substantively address a climate/weather factor, climate mitigation or adaptation, or a human health outcome; cancer is mentioned only as a potential application.
(EXCLUDE) The record concerns synthetic yeast allopolyploids and adaptation to a novel environment. It does not substantively address a climate factor, mitigation, or climate adaptation, and the mention of cancer is only a potential application in a yeast study rather than a human-health outcome.
(EXCLUDE) The record describes synthetic yeast allopolyploids and adaptation to a novel laboratory environment. It does not substantively address a climate/weather factor, climate mitigation or adaptation, nor a human-health outcome or climate-health exposure pathway. Cancer is mentioned only as a potential application, not as human-health research.","""These new synthetic yeast hybrids have potential applications for the study of polyploidy, genome stability, chromosome segregation, cancer, and bioenergy.""",0.00,98.73,2026-09-03_18-26-00_terra
21497823,01a3e3e1-114f-4c91-a5e6-f1cf9cfa1804,Synthetic hybrids of six yeast species,6,include - high recall,True,,,,,False,False,"[self-consistency: 0/3 INCLUDE]
(EXCLUDE) The record concerns synthetic yeast allopolyploids and their adaptation to novel environments. Bioenergy and cancer are mentioned only as potential applications, without a substantive climate factor, mitigation/adaptation action, or human health outcome/pathway.
(EXCLUDE) The record concerns synthetic yeast allopolyploids and their adaptation to a novel environment. Although bioenergy and cancer are mentioned as potential applications, it does not substantively address a climate factor, mitigation/adaptation action, or human health outcome/pathway.
(EXCLUDE) The record concerns synthetic yeast allopolyploids and adaptation to a novel laboratory environment. It does not substantively address a climate/weather factor, climate mitigation or adaptation, nor human health; cancer is mentioned only as a potential application.","These new synthetic yeast hybrids have potential applications for the study of polyploidy, genome stability, chromosome segregation, cancer, and bioenergy.",0.00,100.00,2026-09-03_18-26-00_terra
815689216,023f6c50-518e-4630-877f-026227409a4a,Improvement and application of UNet network for avoiding the effect of urban dense high-rise buildings and other feature shadows on water body extraction,0,include - high precision,True,,,,,False,False,"[self-consistency: 0/3 INCLUDE]
(EXCLUDE) The record describes a remote-sensing image-segmentation method for extracting water bodies and addressing building shadows. It does not explicitly address a climate factor, climate mitigation/adaptation, or human health/exposure outcome.
(EXCLUDE) The record concerns remote-sensing image segmentation for extracting water bodies and mitigating building-shadow interference. It does not explicitly address a climate or weather factor, mitigation/adaptation, or any human health outcome, exposure, or health system.
(EXCLUDE) The record concerns remote-sensing image segmentation for water-body extraction and reducing building-shadow interference. It does not explicitly address a climate factor, mitigation/adaptation, or any human health outcome, exposure, or health-system relevance.","""This paper proposes a neural network method incorporating an attention mechanism for water body extraction.""",0.00,97.25,2026-09-03_18-26-00_terra
815689216,023f6c50-518e-4630-877f-026227409a4a,Improvement and application of UNet network for avoiding the effect of urban dense high-rise buildings and other feature shadows on water body extraction,5,include - best balance,True,,,,,False,False,"[self-consistency: 0/3 INCLUDE]
(EXCLUDE) The record concerns remote-sensing image segmentation to identify water bodies and overcome building shadows. It does not substantively address a climate/weather factor, climate mitigation or adaptation, nor any human health outcome or recognised health exposure pathway.
(EXCLUDE) The record develops an image-segmentation method for mapping water bodies and addressing building shadows. It does not substantively address a climate/weather factor, climate mitigation/adaptation, or a human-health outcome or health-relevant water exposure pathway.
(EXCLUDE) The record concerns remote-sensing image segmentation to identify water bodies and reduce shadow-related errors. It does not substantively address a climate factor, mitigation, or adaptation, nor does it connect water bodies or the method to human health, drinking water, water hazards, or health systems.",This paper proposes a neural network method incorporating an attention mechanism for water body extraction.,0.00,99.07,2026-09-03_18-26-00_terra
815689216,023f6c50-518e-4630-877f-026227409a4a,Improvement and application of UNet network for avoiding the effect of urban dense high-rise buildings and other feature shadows on water body extraction,6,include - high recall,True,,,,,False,False,"[self-consistency: 0/3 INCLUDE]
(EXCLUDE) The record develops a remote-sensing neural network for mapping water bodies and reducing building-shadow interference. It does not substantively address climate/weather factors, climate mitigation or adaptation, or a human-health outcome or recognised climate-health exposure pathway.
(EXCLUDE) The record develops a remote-sensing neural-network method for mapping water bodies and addressing image shadows. It does not substantively address climate/weather factors, climate adaptation or mitigation, or human health and health-related water use.
(EXCLUDE) The record describes a remote-sensing neural-network method for extracting water bodies and handling building shadows. It does not substantively address a climate/weather factor, mitigation or adaptation, nor any human-health outcome or recognised climate-health exposure pathway.",Finding a means to extract water body information efficiently and accurately from high-resolution remote sensing images has been an important research direction in the field of water body extraction in recent years.,0.00,100.00,2026-09-03_18-26-00_terra
558553,04cbc527-875c-44bd-ad19-a57458f0eaaf,New shop owners in old buildings: spatial politics of the apparel industry in Kyrgyzstan,0,include - high precision,True,,,,,False,False,"[self-consistency: 0/3 INCLUDE]
(EXCLUDE) The record concerns electricity infrastructure, privatization, and apparel production. It does not explicitly address a climate/weather factor, climate mitigation or adaptation, or any human health outcome or exposure pathway.
(EXCLUDE) The record concerns electricity access, infrastructure, and apparel manufacturing, but does not explicitly address a climate/weather factor, climate mitigation or adaptation, or any human health outcome or exposure pathway.
(EXCLUDE) The record concerns electricity access, urban infrastructure, and apparel production in Kyrgyzstan. It does not explicitly address a climate/weather factor, climate mitigation or adaptation, or any human health outcome or climate-health exposure pathway.","""the apparel manufacturing sector in Kyrgyzstan has thrived in a region known for significant challenges in electricity access and availability.""",0.00,98.62,2026-09-03_18-26-00_terra
558553,04cbc527-875c-44bd-ad19-a57458f0eaaf,New shop owners in old buildings: spatial politics of the apparel industry in Kyrgyzstan,5,include - best balance,True,,,,,False,False,"[self-consistency: 0/3 INCLUDE]
(EXCLUDE) The record concerns electricity access, privatized urban infrastructure, and apparel production. It does not substantively address climate-related factors, mitigation or adaptation, nor human health outcomes or recognised climate-health pathways.
(EXCLUDE) The record concerns electricity access, urban infrastructure, and political-economic relations in apparel manufacturing. It does not substantively address a climate/weather factor, climate mitigation or adaptation, or human health outcomes or pathways.
(EXCLUDE) The record concerns electricity access, privatized infrastructure, and apparel-production conditions. It does not substantively address a climate/weather factor, climate mitigation or adaptation, nor human health outcomes or recognised climate-health pathways.","""the apparel manufacturing sector in Kyrgyzstan has thrived in a region known for significant challenges in electricity access and availability""",0.00,98.61,2026-09-03_18-26-00_terra
558553,04cbc527-875c-44bd-ad19-a57458f0eaaf,New shop owners in old buildings: spatial politics of the apparel industry in Kyrgyzstan,6,include - high recall,True,,,,,False,False,"[self-consistency: 0/3 INCLUDE]
(EXCLUDE) The record concerns electricity access, urban infrastructure, and apparel production in Kyrgyzstan. It does not substantively address a climate/weather factor, climate mitigation or adaptation, nor human health or a recognised climate-health exposure pathway.
(EXCLUDE) The record concerns electricity access, privatized infrastructure, and apparel manufacturing in Kyrgyzstan. It does not substantively address a climate/weather factor, climate mitigation or adaptation, or a human health outcome or recognised climate-health exposure pathway.
(EXCLUDE) The record concerns electricity access, privatized infrastructure, and apparel production in Kyrgyzstan. It does not substantively address a climate/weather factor, climate mitigation or adaptation, nor a human health outcome or recognised climate-health exposure pathway.","""we focus on how myriad shop owners gain access to elite-controlled, privatized urban infrastructure through owner–tenant relations in a new market economy.""",0.00,98.73,2026-09-03_18-26-00_terra
4590682663,057d9801-22cc-4aca-af9e-9cfc3d98eeea,Isolation and Purification of an Antimicrobial Protein from Rabbit Small Intestine and Its Antibacterial Activity,0,include - high precision,True,,,,,False,False,"[self-consistency: 0/3 INCLUDE]
(EXCLUDE) The record concerns purification and in-vitro antibacterial activity of a rabbit intestinal protein. It does not explicitly address any climate/weather factor, mitigation/adaptation action, or human health outcome/exposure.
(EXCLUDE) The record concerns isolation and antibacterial testing of a protein from rabbit intestine. It does not explicitly address any climate/weather factor, climate mitigation, or climate adaptation, and it does not report a substantive human-health outcome.
(EXCLUDE) The record concerns isolation and antibacterial activity of a rabbit intestinal protein. It contains no explicit climate, weather, emissions, mitigation, or adaptation component, and does not substantively address human health.",,0.00,0.00,2026-09-03_18-26-00_terra
4590682663,057d9801-22cc-4aca-af9e-9cfc3d98eeea,Isolation and Purification of an Antimicrobial Protein from Rabbit Small Intestine and Its Antibacterial Activity,5,include - best balance,True,,,,,False,False,"[self-consistency: 0/3 INCLUDE]
(EXCLUDE) The record reports isolation and in-vitro antibacterial activity of a rabbit intestinal protein. It does not substantively address any climate/weather factor, climate mitigation, or climate adaptation, and it does not examine a human-health outcome.
(EXCLUDE) The record concerns isolation and antibacterial activity of a protein from rabbit intestine. It does not substantively address any climate, weather, greenhouse-gas, mitigation, or adaptation factor, and its findings are not human-health outcomes.
(EXCLUDE) The record concerns isolation and antibacterial testing of a protein from rabbit intestine. It does not substantively address any climate/weather factor, climate mitigation, or climate adaptation, and it does not report a human-health outcome.",,0.00,0.00,2026-09-03_18-26-00_terra
4590682663,057d9801-22cc-4aca-af9e-9cfc3d98eeea,Isolation and Purification of an Antimicrobial Protein from Rabbit Small Intestine and Its Antibacterial Activity,6,include - high recall,True,,,,,False,False,"[self-consistency: 0/3 INCLUDE]
(EXCLUDE) The record concerns isolation and antibacterial activity of a rabbit intestinal protein. It does not substantively address a climate/weather factor, mitigation, or adaptation, and it does not report a human-health outcome or climate-health exposure pathway.
(EXCLUDE) The record describes isolation and antibacterial activity of a rabbit intestinal protein. It contains no substantive climate, weather, mitigation, adaptation, or climate-related exposure component, and does not report a human health outcome.
(EXCLUDE) The record concerns isolation and antibacterial activity of a rabbit intestinal protein. It does not substantively address any climate/weather factor, mitigation, or adaptation action, and it does not report a human health outcome.","""An antimicrobial protein has been isolated and purified from the small intestine of rabbits.""",0.00,97.87,2026-09-03_18-26-00_terra
6365261,05d82313-c646-4ba4-a73f-5e1afccb8c9c,RESEARCH OF CONSEQUENCES OF EMERGENCY SITUATIONS AT THE INDUSTRIAL PIPELINES,0,include - high precision,True,,,,,False,True,"[self-consistency: 3/5 INCLUDE]
(EXCLUDE) The record concerns industrial gas-pipeline rupture accidents, ignition probabilities, gas losses, and thermal effects on people. Although it mentions hydrocarbon energy carriers (a fossil-fuel-related topic) and effects on people, it does not substantively address climate change, a climate/weather factor, mitigation, or adaptation; the fossil-fuel context is industrial accident risk rather than a climate-related analysis or emissions-reduction action.
(INCLUDE) The record substantively examines emergency emissions from industrial gas pipelines (fossil-energy infrastructure) and models their ignition/thermal effects on people, constituting an explicit human injury/health risk.
(INCLUDE) The record substantively examines failures and emergency emissions from industrial gas (a fossil-fuel) pipelines, including ignition and thermal effects on people. This explicitly connects fossil-fuel infrastructure hazards with human health/injury risk.
(EXCLUDE) The record assesses industrial gas-pipeline rupture hazards and thermal effects on people, but it does not explicitly address climate change, weather, greenhouse-gas emissions as a climate issue, mitigation, or adaptation. Hydrocarbon emissions are considered as an accident/ignition hazard rather than as a climate component.
(INCLUDE) The record substantively addresses industrial gas pipelines and emergency emissions of hydrocarbon energy carriers (a fossil-fuel-related climate component), and explicitly evaluates thermal effects on people, indicating a human injury/health risk.",“The probit-functions by the thermal effect on people were determined.”,0.00,97.18,2026-09-03_18-26-00_terra
6365261,05d82313-c646-4ba4-a73f-5e1afccb8c9c,RESEARCH OF CONSEQUENCES OF EMERGENCY SITUATIONS AT THE INDUSTRIAL PIPELINES,5,include - best balance,True,,,,,False,True,"[self-consistency: 3/3 INCLUDE]
(INCLUDE) The record substantively concerns industrial gas pipelines and emergency emissions of hydrocarbon energy carriers (a fossil-fuel component), and assesses thermal effects on people, constituting a direct human-health/injury risk.
(INCLUDE) The record examines failures and emergency emissions from industrial gas pipelines carrying hydrocarbon energy carriers, which directly concerns fossil-fuel infrastructure. It also assesses thermal effects on people from pipeline accidents, constituting a human injury/health risk.
(INCLUDE) The record substantively concerns industrial gas pipelines and emergency hydrocarbon emissions, which involve fossil fuels, and evaluates thermal effects on people from pipeline failures, constituting a human health/injury risk.",The probit-functions by the thermal effect on people were determined.,0.00,100.00,2026-09-03_18-26-00_terra
6365261,05d82313-c646-4ba4-a73f-5e1afccb8c9c,RESEARCH OF CONSEQUENCES OF EMERGENCY SITUATIONS AT THE INDUSTRIAL PIPELINES,6,include - high recall,True,,,,,False,True,"[self-consistency: 3/3 INCLUDE]
(INCLUDE) The record addresses industrial gas pipelines and emergency emissions of hydrocarbon energy carriers (a fossil-fuel-related climate component), and explicitly analyses thermal effects on people, constituting a human health/injury risk.
(INCLUDE) The record addresses industrial gas pipelines and emergency emissions of hydrocarbon energy carriers (a fossil-fuel/climate component) and explicitly assesses thermal effects on people, a direct human health/injury risk.
(INCLUDE) The record substantively concerns industrial gas pipelines and emergency hydrocarbon releases, which involve fossil fuels, and it evaluates thermal effects on people, indicating a human injury/health risk.",“The probit-functions by the thermal effect on people were determined.”,0.00,97.18,2026-09-03_18-26-00_terra
44493873,08bc5046-d4c0-43a6-b7f3-0e5deb1dbc16,Long-Distance Radical Cation Migration in Z-Form DNA,0,include - high precision,True,,,,,False,False,"[self-consistency: 0/3 INCLUDE]
(EXCLUDE) The record concerns radical cation migration in DNA and provides no explicit climate/weather, mitigation, or adaptation component, nor any substantive human health outcome or exposure pathway.
(EXCLUDE) The record concerns radical cation migration in DNA and provides no explicit climate/weather, mitigation, or adaptation component, nor any substantive human health outcome or exposure pathway.
(EXCLUDE) The record concerns radical cation migration and DNA structure/irradiation. It does not explicitly address a climate-related factor, mitigation/adaptation, or human health outcome/exposure.",Long-Distance Radical Cation Migration in Z-Form DNA,0.00,100.00,2026-09-03_18-26-00_terra
44493873,08bc5046-d4c0-43a6-b7f3-0e5deb1dbc16,Long-Distance Radical Cation Migration in Z-Form DNA,5,include - best balance,True,,,,,False,False,"[self-consistency: 0/3 INCLUDE]
(EXCLUDE) The record concerns radical cation migration in DNA and does not substantively address a climate/weather factor, climate mitigation or adaptation, or a human-health outcome or recognised climate-health pathway.
(EXCLUDE) The record concerns chemical/biophysical radical-cation migration in DNA. It does not substantively address a climate factor, mitigation, adaptation, or a human-health outcome or pathway.
(EXCLUDE) The record concerns radical cation migration in Z-form DNA and provides no substantive climate/weather, mitigation, or adaptation component, nor a human-health outcome or health-related exposure pathway.",Long-Distance Radical Cation Migration in Z-Form DNA,0.00,100.00,2026-09-03_18-26-00_terra
44493873,08bc5046-d4c0-43a6-b7f3-0e5deb1dbc16,Long-Distance Radical Cation Migration in Z-Form DNA,6,include - high recall,True,,,,,False,False,"[self-consistency: 0/3 INCLUDE]
(EXCLUDE) The record concerns radical cation migration in DNA and contains no substantive climate/weather, mitigation, or adaptation component, nor a direct human-health or climate-health exposure pathway.
(EXCLUDE) The record concerns radical cation migration in DNA and provides no substantive climate/weather, mitigation, adaptation, or human-health component.
(EXCLUDE) The record concerns radical cation migration in Z-form DNA and provides no substantive climate/weather, mitigation, adaptation, or human-health component.",Long-Distance Radical Cation Migration in Z-Form DNA,0.00,100.00,2026-09-03_18-26-00_terra
104858254,0903ca18-3876-442a-8a0f-f140f4a3e4de,EFEK BLIND FEEDING UNTUK MENINGKATKAN PERTUMBUHAN POST LARVA UDANG VANAME KEPADATAN TINGGI DAN PENGARUHNYA TERHADAP KUALITAS AIR [The Effect of Blind feeding to Increase Post Larva Growth of High-density Vaname Shrimp and Their Effect on Water Quality],0,include - high precision,True,,,,,False,False,"[self-consistency: 0/3 INCLUDE]
(EXCLUDE) The record concerns shrimp aquaculture feeding, shrimp growth, and water quality. It does not explicitly address a climate factor, climate mitigation/adaptation, or human health, nutrition, food security, or human exposure.
(EXCLUDE) The record concerns shrimp aquaculture feeding, shrimp growth, and aquarium water quality. It does not explicitly address a climate/weather factor, climate mitigation or adaptation, or human health/exposure.
(EXCLUDE) The record concerns shrimp aquaculture feed dosage, shrimp growth, and water quality. It does not explicitly address a climate/weather factor, climate mitigation or adaptation, or a substantive human-health outcome or human exposure pathway.","""The study aimed to evaluate the effect of the blind feeding method on the growth of vaname shrimp (Litopenaeus vannamei) and water quality.""",0.00,98.58,2026-09-03_18-26-00_terra
104858254,0903ca18-3876-442a-8a0f-f140f4a3e4de,EFEK BLIND FEEDING UNTUK MENINGKATKAN PERTUMBUHAN POST LARVA UDANG VANAME KEPADATAN TINGGI DAN PENGARUHNYA TERHADAP KUALITAS AIR [The Effect of Blind feeding to Increase Post Larva Growth of High-density Vaname Shrimp and Their Effect on Water Quality],5,include - best balance,True,,,,,False,False,"[self-consistency: 0/3 INCLUDE]
(EXCLUDE) The record concerns shrimp feeding dosage, shrimp growth, and aquarium water quality. It does not substantively address a climate/weather factor, climate mitigation, or climate adaptation, and it does not state a human-health outcome or climate-health pathway.
(EXCLUDE) The record concerns aquaculture feeding practices, shrimp growth, and ammonia-related water quality, but does not substantively address a climate/weather factor, climate mitigation, or climate adaptation action. Therefore it lacks the required climate component.
(EXCLUDE) The study concerns aquaculture feeding, shrimp growth, and water quality in aquarium cultivation. It does not substantively address a climate/weather factor, climate mitigation or adaptation, nor a human-health outcome or recognised climate-health exposure pathway.",The study aimed to evaluate the effect of the blind feeding method on the growth of vaname shrimp (Litopenaeus vannamei) and water quality.,0.00,100.00,2026-09-03_18-26-00_terra
104858254,0903ca18-3876-442a-8a0f-f140f4a3e4de,EFEK BLIND FEEDING UNTUK MENINGKATKAN PERTUMBUHAN POST LARVA UDANG VANAME KEPADATAN TINGGI DAN PENGARUHNYA TERHADAP KUALITAS AIR [The Effect of Blind feeding to Increase Post Larva Growth of High-density Vaname Shrimp and Their Effect on Water Quality],6,include - high recall,True,,,,,False,False,"[self-consistency: 0/3 INCLUDE]
(EXCLUDE) The record concerns aquaculture feed dosage, shrimp growth, and water-quality effects of overfeeding. It does not substantively address a climate/weather factor, climate mitigation, or climate adaptation, nor does it establish a human-health connection.
(EXCLUDE) The record concerns shrimp aquaculture feeding dosage, growth, and ammonia-related water quality. It does not substantively address a climate/weather factor, mitigation action, or climate adaptation action.
(EXCLUDE) The record concerns shrimp aquaculture feed dosage, shrimp growth, and aquarium water quality. It does not substantively address a climate factor, mitigation/adaptation action, or a direct human-health outcome or recognised climate-health pathway.","""The study aimed to evaluate the effect of the blind feeding method on the growth of vaname shrimp (Litopenaeus vannamei) and water quality.""",0.00,98.58,2026-09-03_18-26-00_terra
49301243,094fb2b5-f164-46eb-8016-db29e2318aee,"Preterm birth and low birth weight infants rates, 2014 (or latest year available)",0,include - high precision,True,,,,,False,False,"[self-consistency: 0/3 INCLUDE]
(EXCLUDE) The record substantively concerns population health and healthcare systems, but it does not explicitly address climate change, weather or climate hazards, climate mitigation, or climate adaptation.
(EXCLUDE) The record explicitly concerns population health and health-care systems, but it does not substantively address any climate or weather factor, climate mitigation, or climate adaptation action.
(EXCLUDE) The record substantively concerns population health and health-care systems, but it does not explicitly address climate change, weather factors, climate-related hazards, mitigation, or adaptation.","""This report presents the latest comparable data and trends on key aspects of health and health care systems in selected Asia-Pacific countries.""",0.00,98.62,2026-09-03_18-26-00_terra
49301243,094fb2b5-f164-46eb-8016-db29e2318aee,"Preterm birth and low birth weight infants rates, 2014 (or latest year available)",5,include - best balance,True,,,,,False,False,"[self-consistency: 0/3 INCLUDE]
(EXCLUDE) The record concerns healthcare access, health-system performance, and health outcomes in Asia-Pacific countries, but does not substantively address a climate/weather factor, climate mitigation, or climate adaptation.
(EXCLUDE) The record substantively concerns population health and health-care systems, but it does not address a climate or weather factor, climate-related hazard, mitigation, or adaptation action.
(EXCLUDE) The record substantively concerns population health, healthcare access, and health-system performance, but it does not address any climate or weather factor, climate-related hazard, mitigation action, or adaptation action.",,0.00,0.00,2026-09-03_18-26-00_terra
49301243,094fb2b5-f164-46eb-8016-db29e2318aee,"Preterm birth and low birth weight infants rates, 2014 (or latest year available)",6,include - high recall,True,,,,,False,False,"[self-consistency: 0/3 INCLUDE]
(EXCLUDE) The record substantively concerns population health and health-care systems, but it contains no explicit or directly inferable climate, weather, climate hazard, greenhouse-gas, mitigation, or adaptation component.
(EXCLUDE) The record substantively concerns population health, healthcare access, and health-system performance, but it does not explicitly address any climate or weather factor, climate-related hazard, mitigation action, or adaptation action.
(EXCLUDE) The record concerns healthcare access, health-system performance, and health outcomes in Asia-Pacific countries, but it does not substantively address any climate or weather factor, climate mitigation, or climate adaptation action.","""This report presents the latest comparable data and trends on key aspects of health and health care systems in selected Asia-Pacific countries.""",0.00,98.62,2026-09-03_18-26-00_terra
1638874512,0a26254a-11bd-458f-8269-359e8f2746bd,Society for Obstetric Anesthesia and Perinatology 2014 Meeting Report,0,include - high precision,True,,,,,False,False,"[self-consistency: 0/3 INCLUDE]
(EXCLUDE) The document discusses obstetric and neonatal health, but its mentions of hypothermia/hyperthermia concern clinical temperature management in the delivery room, not a climate or weather factor, climate change, mitigation, or adaptation.
(EXCLUDE) The record substantively concerns obstetric and neonatal health, but the mentions of hypothermia/hyperthermia concern delivery-room clinical temperature management rather than a climate or weather exposure, climate change, mitigation, or adaptation.
(EXCLUDE) The record concerns obstetric anesthesia, maternal and newborn care, and patient safety, so it has health content. However, it does not substantively address climate change, weather/climate exposures, climate-related hazards, mitigation, or adaptation; hypothermia/hyperthermia are discussed in a delivery-room clinical context.",“Avoiding Hypothermia/Hyperthermia in the Delivery Room in the Newly Born Infant Has Significant Beneficial Downstream Consequences”,0.00,99.24,2026-09-03_18-26-00_terra
1638874512,0a26254a-11bd-458f-8269-359e8f2746bd,Society for Obstetric Anesthesia and Perinatology 2014 Meeting Report,5,include - best balance,True,,,,,False,False,"[self-consistency: 0/3 INCLUDE]
(EXCLUDE) The document concerns an obstetric anesthesia conference and maternal/newborn health topics, but it does not substantively address any climate or weather factor, climate-related hazard, mitigation, or adaptation action.
(EXCLUDE) The record substantively concerns obstetric anesthesia, maternal and neonatal care, and patient safety, so it has a health component. However, it does not substantively address climate change, weather/climate exposures, climate-related hazards, or mitigation/adaptation; the mention of hypo/hyperthermia is clinical delivery-room temperature management.
(EXCLUDE) The record concerns an obstetric anesthesia conference and maternal/newborn health topics, but it does not substantively address climate change, weather, climate-related hazards, fossil fuels, mitigation, or adaptation.",,0.00,0.00,2026-09-03_18-26-00_terra
1638874512,0a26254a-11bd-458f-8269-359e8f2746bd,Society for Obstetric Anesthesia and Perinatology 2014 Meeting Report,6,include - high recall,True,,,,,False,False,"[self-consistency: 0/3 INCLUDE]
(EXCLUDE) The record concerns an obstetric anesthesiology meeting and clinical maternal/newborn care. Although it mentions hypothermia and hyperthermia, these are delivery-room clinical conditions, not weather, climate change, climate hazards, mitigation, or adaptation.
(EXCLUDE) The record concerns an obstetric anesthesia meeting and maternal/newborn clinical care. Although it mentions hypothermia and hyperthermia, these are delivery-room clinical conditions rather than climate or weather exposures; no substantive climate component is described.
(EXCLUDE) The record concerns obstetric anesthesia, maternal and neonatal health, and clinical safety. Although it mentions hypothermia and hyperthermia, these are delivery-room clinical temperature-management issues, not a substantive climate, weather, mitigation, or climate-adaptation component.",Professor Perlman spoke about the deleterious consequences of hypothermia and hyperthermia in the mother and newborn,0.00,100.00,2026-09-03_18-26-00_terra
3304735613,0d2a9e0e-5fa0-4d9b-b22b-1cb61f77afe3,Study of the high-temperature deformation behavior and formability of Zr-based bulk metallic glass,0,include - high precision,True,,,,,False,False,"[self-consistency: 0/3 INCLUDE]
(EXCLUDE) The record concerns high-temperature deformation and formability of a Zr-based bulk metallic glass. It does not explicitly address a climate/weather factor, mitigation or adaptation, nor any human health outcome or exposure pathway.
(EXCLUDE) The record concerns high-temperature deformation and formability of a zirconium-based bulk metallic glass. It does not explicitly address any climate-related factor, mitigation/adaptation action, or human health outcome/exposure.
(EXCLUDE) The record concerns mechanical deformation, processing maps, and formability of a Zr-based bulk metallic glass. It does not explicitly address any climate factor, mitigation/adaptation action, or human health outcome/exposure.",,0.00,0.00,2026-09-03_18-26-00_terra
3304735613,0d2a9e0e-5fa0-4d9b-b22b-1cb61f77afe3,Study of the high-temperature deformation behavior and formability of Zr-based bulk metallic glass,5,include - best balance,True,,,,,False,False,"[self-consistency: 0/3 INCLUDE]
(EXCLUDE) The record concerns materials processing and mechanical formability of a metallic glass. Although it involves temperature, it does not substantively address a climate/weather factor, climate mitigation/adaptation, or any human-health outcome or recognised climate-health pathway.
(EXCLUDE) The record concerns high-temperature mechanical deformation and formability of a zirconium-based bulk metallic glass. It does not substantively address climate, weather, emissions, mitigation/adaptation, or human health.
(EXCLUDE) The record concerns high-temperature mechanical deformation and sheet formability of a Zr-based bulk metallic glass. It does not substantively address a climate factor, mitigation/adaptation action, or human health outcome or pathway.","""High-temperature viscoplastic deformation behavior and sheet formability of multicomponent Zr-based bulk metallic glass have been investigated.""",0.00,99.31,2026-09-03_18-26-00_terra
3304735613,0d2a9e0e-5fa0-4d9b-b22b-1cb61f77afe3,Study of the high-temperature deformation behavior and formability of Zr-based bulk metallic glass,6,include - high recall,True,,,,,False,False,"[self-consistency: 0/3 INCLUDE]
(EXCLUDE) The record concerns materials processing and mechanical formability of a metallic glass. It does not substantively address a climate factor, mitigation/adaptation action, or human health outcome or pathway.
(EXCLUDE) The record concerns materials deformation and manufacturing formability of a metallic glass. It does not substantively address climate factors, mitigation or adaptation, nor human health or a recognised climate-health pathway.
(EXCLUDE) The record concerns materials deformation and manufacturing formability of a metallic glass. It does not substantively address climate/weather, emissions mitigation or adaptation, nor human health or a recognised climate-health pathway.","""High-temperature viscoplastic deformation behavior and sheet formability of multicomponent Zr-based bulk metallic glass have been investigated.""",0.00,99.31,2026-09-03_18-26-00_terra
5737,0d38df7d-0763-4e73-81cf-7230ce7bea0a,In vitro antiproliferative activity of selected medicinal plants from the North-West of Morocco on several cancer cell lines,0,include - high precision,True,,,,,False,False,"[self-consistency: 0/3 INCLUDE]
(EXCLUDE) Climate is mentioned only as a regional characteristic and is not substantively analysed as an exposure, outcome, or intervention. The anticancer work is conducted in cell lines, not with human health outcomes or human exposures.
(EXCLUDE) The record concerns in-vitro anticancer and antioxidant testing of medicinal-plant extracts. Climate is mentioned only as regional background and is not a measured or analysed exposure, intervention, or outcome. The health-related cancer findings are limited to cell lines rather than human health outcomes.
(EXCLUDE) Climate is only a geographic description and is not analysed as an exposure, hazard, mitigation, or adaptation factor. The health-related work consists of in-vitro anticancer testing on cell lines, which does not establish a human-health outcome under the screening criteria.",The North-West of Morocco (Ouezzane) has a Mediterranean climate and is characterized by a good ecological diversity.,0.00,100.00,2026-09-03_18-26-00_terra
5737,0d38df7d-0763-4e73-81cf-7230ce7bea0a,In vitro antiproliferative activity of selected medicinal plants from the North-West of Morocco on several cancer cell lines,5,include - best balance,True,,,,,False,False,"[self-consistency: 0/3 INCLUDE]
(EXCLUDE) The record concerns in-vitro anticancer and antioxidant testing of plant extracts. Although it mentions the region's Mediterranean climate, climate is not measured, analysed, or otherwise substantively addressed; moreover, the cancer outcomes are only in cell lines and do not establish a human-health component under the criteria.
(EXCLUDE) Climate is only described as a regional background characteristic and is not analysed as an exposure, outcome, or intervention. The anticancer findings are from cell-line assays, which do not establish a qualifying human-health component.
(EXCLUDE) Climate is only mentioned as a regional descriptor and is not measured, analysed, or targeted. The anticancer findings are based on cancer cell lines, which do not establish a human-health component under the criteria.",“The North-West of Morocco (Ouezzane) has a Mediterranean climate and is characterized by a good ecological diversity.”,0.00,98.32,2026-09-03_18-26-00_terra
5737,0d38df7d-0763-4e73-81cf-7230ce7bea0a,In vitro antiproliferative activity of selected medicinal plants from the North-West of Morocco on several cancer cell lines,6,include - high recall,True,,,,,False,False,"[self-consistency: 0/3 INCLUDE]
(EXCLUDE) The Mediterranean climate is only contextual background. The study evaluates anticancer and antioxidant activity of plant extracts in cancer cell lines, without substantively addressing a climate factor, climate action, human climate-health pathway, or human health outcome.
(EXCLUDE) The Mediterranean climate is only background context for the collection area and is not substantively analysed as an exposure, hazard, mitigation, or adaptation issue. The health-related work is limited to in-vitro cancer cell lines, which does not constitute a human-health outcome under the criteria.
(EXCLUDE) The record studies anticancer and antioxidant effects of plant extracts in cancer cell lines. Mediterranean climate is only background context and is not substantively measured or analysed; moreover, the health-related effects are evaluated in vitro rather than as human health outcomes.",“The North-West of Morocco (Ouezzane) has a Mediterranean climate and is characterized by a good ecological diversity.”,0.00,98.32,2026-09-03_18-26-00_terra
51599178,0e3bc1fb-5fe4-4537-baff-90b1f9683015,"Ensuring science is useful, usable and used in global disaster risk reduction and sustainable development: a view through the Sendai framework lens",0,include - high precision,True,,,,,True,False,"[self-consistency: 0/3 INCLUDE]
(EXCLUDE) The record discusses disaster-risk-reduction science and policy and only mentions climate change agreements as related global frameworks. It does not substantively analyse climate factors, climate mitigation, or climate adaptation, and health is mentioned only as a general policy objective rather than as a substantive human-health outcome or pathway.
(EXCLUDE) The article discusses disaster-risk-reduction science and policy and mentions health, but climate change is only referenced as another 2015 UN agreement rather than being substantively analysed as a hazard, exposure, mitigation, or adaptation topic.
(EXCLUDE) The article discusses disaster-risk-reduction science and policy synergies, but does not explicitly analyse a climate/weather factor, climate mitigation, or climate adaptation to climate-related hazards. Climate change is only mentioned as another 2015 agreement, and health is a general policy objective rather than a substantive human-health outcome or exposure pathway.","It was the first UN landmark agreement of the year 2015, the other two being the Sustainable Development Goals (agreed September 2015) and the Climate Change Agreements (agreed December 2015).",0.00,100.00,2026-09-03_18-26-00_terra
51599178,0e3bc1fb-5fe4-4537-baff-90b1f9683015,"Ensuring science is useful, usable and used in global disaster risk reduction and sustainable development: a view through the Sendai framework lens",5,include - best balance,True,,,,,True,False,"[self-consistency: 0/3 INCLUDE]
(EXCLUDE) The article concerns disaster-risk-reduction science and synergies among global policy frameworks. Climate change is mentioned only as a related agreement, rather than as a substantively analysed climate factor, mitigation, or climate adaptation action. Health is also mentioned as a broad policy objective, without a substantive human-health outcome or climate-health pathway.
(EXCLUDE) The article concerns science and policy for general disaster-risk reduction and mentions health and climate agreements only as related global frameworks. It does not substantively analyse a climate/weather factor, climate-related hazard, mitigation, or adaptation action linked to human health.
(EXCLUDE) The article discusses disaster-risk-reduction science and policy, and mentions health and climate agreements, but does not substantively address a climate/weather factor, climate-related hazard, mitigation, or climate adaptation action connected to health. Climate change is mentioned only as one of several global agreements.","It was the first UN landmark agreement of the year 2015, the other two being the Sustainable Development Goals (agreed September 2015) and the Climate Change Agreements (agreed December 2015).",0.00,100.00,2026-09-03_18-26-00_terra
51599178,0e3bc1fb-5fe4-4537-baff-90b1f9683015,"Ensuring science is useful, usable and used in global disaster risk reduction and sustainable development: a view through the Sendai framework lens",6,include - high recall,True,,,,,True,False,"[self-consistency: 0/3 INCLUDE]
(EXCLUDE) The article concerns disaster-risk-reduction science and policy frameworks. Climate change is mentioned only as another 2015 UN agreement, rather than as a substantive hazard, exposure, mitigation, or adaptation focus. Health is also mentioned generically, without a direct climate-health connection.
(EXCLUDE) The article concerns the Sendai Framework and disaster-risk-reduction science and policy. Climate change is only mentioned as another global agreement, without a substantive climate factor, climate-related hazard, mitigation, or adaptation action being analysed. Health is mentioned as a general policy aim, but no specific climate-health connection is presented.
(EXCLUDE) The article discusses disaster-risk-reduction science and policy frameworks. Climate change is only mentioned as another global agreement, rather than as a substantively analysed climate factor, hazard, mitigation, or adaptation action; health is likewise mentioned only as a general policy aim.","It was the first UN landmark agreement of the year 2015, the other two being the Sustainable Development Goals (agreed September 2015) and the Climate Change Agreements (agreed December 2015).",0.00,100.00,2026-09-03_18-26-00_terra
72128,0f1601f9-a4ce-4a2e-a800-56474aaf042b,SUBCUTANEOUS RUPTURE OF THE TRACHEA,0,include - high precision,True,,,,,False,False,"[self-consistency: 0/3 INCLUDE]
(EXCLUDE) The record concerns traumatic tracheal injury and surgical care after a bicycle accident. It has a human health component, but no explicit climate, weather, climate-related hazard, mitigation, or adaptation component.
(EXCLUDE) The record concerns traumatic tracheal injury from a bicycle accident and its surgical treatment. It has a human health component, but no explicit climate, weather, climate-related hazard, mitigation, or adaptation component.
(EXCLUDE) The record concerns traumatic tracheal injury and its surgical treatment following a bicycle accident. It contains a human health component, but no explicit climate, weather, climate-related hazard, mitigation, or adaptation component.","""T. R., a white boy aged 7 years, was brought to the hospital July 31, 1936, following a fall from a bicycle in which the lad struck his neck against the handle bars.""",0.00,98.80,2026-09-03_18-26-00_terra
72128,0f1601f9-a4ce-4a2e-a800-56474aaf042b,SUBCUTANEOUS RUPTURE OF THE TRACHEA,5,include - best balance,True,,,,,False,False,"[self-consistency: 0/3 INCLUDE]
(EXCLUDE) The record concerns traumatic tracheal injury from a bicycle accident and its surgical treatment. Although it involves a human health outcome, it contains no substantive climate, weather, climate-related hazard, mitigation, or adaptation component.
(EXCLUDE) The record concerns treatment of traumatic tracheal injury after a bicycle accident. It includes a human health outcome but no substantive climate, weather, climate-related hazard, mitigation, or adaptation component.
(EXCLUDE) The record concerns traumatic tracheal injury after a bicycle fall and its surgical treatment. It includes a human health outcome but contains no substantive climate, weather, climate hazard, mitigation, or adaptation component.","""T. R., a white boy aged 7 years, was brought to the hospital July 31, 1936, following a fall from a bicycle in which the lad struck his neck against the handle bars.""",0.00,98.80,2026-09-03_18-26-00_terra
72128,0f1601f9-a4ce-4a2e-a800-56474aaf042b,SUBCUTANEOUS RUPTURE OF THE TRACHEA,6,include - high recall,True,,,,,False,False,"[self-consistency: 0/3 INCLUDE]
(EXCLUDE) The record concerns traumatic tracheal injury following bicycle and automobile accidents and its surgical treatment. It contains a human health component, but no substantive climate, weather, climate-related hazard, emissions, mitigation, or adaptation component.
(EXCLUDE) The record concerns traumatic tracheal injury from a bicycle accident and its surgical treatment. It contains no substantive climate, weather, mitigation, or adaptation component.
(EXCLUDE) The record concerns traumatic tracheal injury from a bicycle accident and its surgical management. It contains a human health component but no substantive climate, weather, climate-hazard, mitigation, or adaptation component.","""T. R., a white boy aged 7 years, was brought to the hospital July 31, 1936, following a fall from a bicycle in which the lad struck his neck against the handle bars.""",0.00,98.80,2026-09-03_18-26-00_terra
35400,0ff90214-b5e5-48c8-af5f-112cb3076ba0,STEP-UP & SCALE-UP: Building dRTP Support and Training Networks,0,include - high precision,True,,,,,False,False,"[self-consistency: 0/3 INCLUDE]
(EXCLUDE) The record concerns training, support networks, and careers for digital research technical professionals. It does not explicitly address a climate factor, mitigation/adaptation, or any human health outcome or pathway.
(EXCLUDE) The record concerns training, career development, and research-computing/data infrastructure roles. It does not explicitly address a climate-related factor, mitigation or adaptation, nor a substantive human-health outcome or pathway.
(EXCLUDE) The record concerns training, career development, and research-data/digital-infrastructure support. It does not explicitly substantively address a climate factor, mitigation or adaptation, nor a human-health outcome, exposure, or health system.",The shared purpose of STEP-UP and SCALE-UP is to build support and training networks for digital Research Technical Professionals (dRTPs),0.00,100.00,2026-09-03_18-26-00_terra
35400,0ff90214-b5e5-48c8-af5f-112cb3076ba0,STEP-UP & SCALE-UP: Building dRTP Support and Training Networks,5,include - best balance,True,,,,,False,False,"[self-consistency: 0/3 INCLUDE]
(EXCLUDE) The record concerns training, career development, and research-computing/data infrastructure for digital research technical professionals. It does not substantively address a climate or weather factor, climate mitigation/adaptation, or a human-health outcome or pathway.
(EXCLUDE) The record concerns training, professional networks, and research data/computing infrastructure. It does not substantively address a climate or weather factor, climate mitigation/adaptation, or a human-health outcome or pathway.
(EXCLUDE) The record concerns training, networks, and career development for digital research technical professionals. It does not substantively address a climate-related factor, mitigation/adaptation action, or a human-health outcome or pathway.",The shared purpose of STEP-UP and SCALE-UP is to build support and training networks for digital Research Technical Professionals (dRTPs),0.00,100.00,2026-09-03_18-26-00_terra
35400,0ff90214-b5e5-48c8-af5f-112cb3076ba0,STEP-UP & SCALE-UP: Building dRTP Support and Training Networks,6,include - high recall,True,,,,,False,False,"[self-consistency: 0/3 INCLUDE]
(EXCLUDE) The record concerns training networks, research data, software, and digital infrastructure roles. It does not substantively address climate factors, climate mitigation or adaptation, or human health outcomes or pathways.
(EXCLUDE) The record concerns training networks and career development for digital research technical professionals. It does not substantively address climate factors, mitigation/adaptation, or human health outcomes or pathways.
(EXCLUDE) The record concerns training, support networks, and career development for digital research technical professionals. It does not substantively address a climate/weather factor, mitigation or adaptation action, or a human-health outcome or pathway.",The shared purpose of STEP-UP and SCALE-UP is to build support and training networks for digital Research Technical Professionals (dRTPs),0.00,100.00,2026-09-03_18-26-00_terra
4658342,109d2025-cafe-43d1-9b24-e5dba4f68ea4,Dealing with the Unseen: Assessing and Addressing Implicit Attitudes to Enhance Professional Success in Geriatric Mental Healthcare,0,include - high precision,True,,,,,False,False,"[self-consistency: 0/3 INCLUDE]
(EXCLUDE) The record addresses healthcare inequities and geriatric mental health, but its use of “climate” refers to professional/interpersonal climate rather than climate change, weather, a climate hazard, mitigation, or adaptation. Therefore, no explicit qualifying climate component is present.
(EXCLUDE) The record substantively concerns mental healthcare, implicit bias, and equity, but it does not address climate change, weather, climate hazards, emissions, mitigation, or climate adaptation. The use of “climate” refers to professional interactions rather than environmental climate.
(EXCLUDE) The record addresses geriatric mental health care and healthcare inequities, but its use of “climate” refers to professional or institutional climate, not climate change, weather, a climate hazard, mitigation, or adaptation.","""Last, this workshop will discuss strategies of what we can do individually and institutionally to reduce unintended negative consequences of implicit attitudes and improve our professional interactions and climate.""",0.00,99.07,2026-09-03_18-26-00_terra
4658342,109d2025-cafe-43d1-9b24-e5dba4f68ea4,Dealing with the Unseen: Assessing and Addressing Implicit Attitudes to Enhance Professional Success in Geriatric Mental Healthcare,5,include - best balance,True,,,,,False,False,"[self-consistency: 0/3 INCLUDE]
(EXCLUDE) The record concerns implicit bias, equity, and geriatric mental healthcare. Its use of “climate” refers to the professional/interpersonal environment, not climate change, weather, mitigation, or adaptation; therefore it lacks a substantive climate component.
(EXCLUDE) The record concerns implicit bias, equity, and geriatric mental healthcare. Its use of “climate” refers to professional interactions and organizational climate, not climate change, weather, mitigation, or adaptation.
(EXCLUDE) The record concerns implicit bias, equity, and geriatric mental health care, so it has a health component, but it does not substantively address climate change, weather, climate hazards, mitigation, or adaptation. The use of “climate” refers to professional interactions rather than environmental climate.","""improve our professional interactions and climate.""",0.00,96.15,2026-09-03_18-26-00_terra
4658342,109d2025-cafe-43d1-9b24-e5dba4f68ea4,Dealing with the Unseen: Assessing and Addressing Implicit Attitudes to Enhance Professional Success in Geriatric Mental Healthcare,6,include - high recall,True,,,,,False,False,"[self-consistency: 0/3 INCLUDE]
(EXCLUDE) The record concerns implicit bias, equity, and geriatric mental health care, but its use of ""climate"" refers to professional interactions and organizational climate, not climate change, weather, mitigation, or adaptation.
(EXCLUDE) The record concerns implicit bias, equity, and geriatric mental health care. Its use of “climate” refers to professional/organizational climate, not climate change, weather, emissions, or a climate-related hazard or action.
(EXCLUDE) The record concerns implicit bias, equity, and mental healthcare. Its use of “climate” refers to professional/interpersonal climate, not climate change, weather, emissions, mitigation, or adaptation.","""This workshop will address why fairness, inclusiveness and cultural competence are important for success in geriatric mental health care.""",0.00,98.56,2026-09-03_18-26-00_terra
4594989,11811934-933b-4765-8e23-5a83f80946e1,,0,include - high precision,True,,,,,False,False,"[self-consistency: 0/3 INCLUDE]
(EXCLUDE) The record concerns in-vitro cell and rat sensory-neuron experiments on phytocannabinoid pharmacology. It contains no explicit climate, weather, greenhouse-gas, mitigation, or adaptation component, and any potential health implications are not human health outcomes.
(EXCLUDE) The record is an in-vitro/cell and rat-neuron pharmacology study of phytocannabinoids. It does not explicitly address any climate or weather factor, climate mitigation/adaptation, or a substantive human-health outcome.
(EXCLUDE) The record is an in-vitro and animal-neuron pharmacology study of cannabinoids and ion channels. It contains no explicit climate, weather, emissions, mitigation, or adaptation component, and it does not substantively examine human health outcomes.","“Our findings suggest that phytocannabinoids and cannabis extracts exert some of their pharmacological actions also by interacting with TRPA1 and TRPM8 channels, with potential implications for the treatment of pain and cancer.”",0.00,99.56,2026-09-03_18-26-00_terra
4594989,11811934-933b-4765-8e23-5a83f80946e1,,5,include - best balance,True,,,,,False,False,"[self-consistency: 0/3 INCLUDE]
(EXCLUDE) The record concerns pharmacological effects of cannabinoids in cell and rat-neuron models and does not substantively address any climate, weather, mitigation, or adaptation factor. It therefore lacks the required climate component.
(EXCLUDE) The record reports laboratory experiments in human-derived cells and rat neurons on phytocannabinoid receptor activity. It does not substantively address a climate factor, mitigation, or adaptation, and it does not establish a qualifying human-health outcome.
(EXCLUDE) The record reports in-vitro and rat-neuron pharmacology of cannabinoids. It does not substantively address a climate/weather factor, mitigation, or adaptation, and it does not establish a human-health outcome.","“In this study, we investigated the effects of six phytocannabinoids ... on TRPA1- and TRPM8-mediated increase in intracellular Ca2+ in either HEK-293 cells overexpressing the two channels or rat dorsal root ganglia (DRG) sensory neurons.”",0.00,79.50,2026-09-03_18-26-00_terra
4594989,11811934-933b-4765-8e23-5a83f80946e1,,6,include - high recall,True,,,,,False,False,"[self-consistency: 0/3 INCLUDE]
(EXCLUDE) The record is an in-vitro and rat-neuron pharmacology study of cannabinoids. It does not substantively address climate, weather, climate-related hazards, greenhouse gases, mitigation, or adaptation, and it contains no direct human-health study or climate-health pathway.
(EXCLUDE) The record is an in-vitro and rat-neuron pharmacology study of cannabinoids and ion channels. It does not substantively address a climate/weather factor, climate mitigation, or climate adaptation, and it does not report a human-health outcome.
(EXCLUDE) The record reports in-vitro and rat-neuron pharmacology of phytocannabinoids. It does not substantively address a climate/weather factor, mitigation, or adaptation, and it does not provide a qualifying human-health outcome or climate-health exposure pathway.","“In this study, we investigated the effects of six phytocannabinoids ... on TRPA1- and TRPM8-mediated increase in intracellular Ca2+ in either HEK-293 cells overexpressing the two channels or rat dorsal root ganglia (DRG) sensory neurons.”",0.00,79.50,2026-09-03_18-26-00_terra
4731717,1310ced0-b431-4c92-8445-9e7fd9780357,"Diet of Xylocopa grisescens Lepeletier (Hymenoptera, Apidae) in a Semiarid Area Cultivated with Passion Fruit (Passiflora edulis Sims)",0,include - high precision,True,,,,,False,False,"[self-consistency: 0/3 INCLUDE]
(EXCLUDE) The record concerns native-vegetation conservation, pollinator foraging, and passion-fruit crop productivity. It does not explicitly address a climate/weather factor, climate mitigation, or climate adaptation, and it does not substantively state a human health outcome or human exposure pathway.
(EXCLUDE) The record addresses deforestation/native vegetation conservation and pollination of passion-fruit crops, but it does not explicitly address a climate or weather factor, climate mitigation, or climate adaptation. It also does not explicitly connect crop productivity or fruit quality to human nutrition, food security, or another human-health outcome.
(EXCLUDE) The record concerns vegetation conservation, pollinators, and passion-fruit crop productivity, but does not explicitly address a climate/weather factor, climate mitigation, or climate adaptation. It also does not explicitly connect the crop findings to human health, nutrition, food security, or another health outcome.",The loss and fragmentation of native vegetation harm pollinators and reduce crop productivity.,0.00,100.00,2026-09-03_18-26-00_terra
4731717,1310ced0-b431-4c92-8445-9e7fd9780357,"Diet of Xylocopa grisescens Lepeletier (Hymenoptera, Apidae) in a Semiarid Area Cultivated with Passion Fruit (Passiflora edulis Sims)",5,include - best balance,True,,,,,False,False,"[self-consistency: 0/3 INCLUDE]
(EXCLUDE) The record concerns native-vegetation conservation, pollinator foraging, and passion-fruit productivity. It does not substantively address a climate/weather factor, climate mitigation, or climate adaptation, so it does not meet both required components.
(EXCLUDE) The record addresses pollinators, native-vegetation conservation, and passion-fruit crop productivity/quality, which could relate to a food pathway, but it does not substantively address a climate/weather factor, climate mitigation, or climate adaptation.
(EXCLUDE) The record concerns deforestation-related habitat fragmentation, pollinator foraging, and passion-fruit crop productivity, but does not substantively address a climate/weather factor, climate mitigation, or climate adaptation. Although the crop relates to food production, the required climate component is absent.",“The loss and fragmentation of native vegetation harm pollinators and reduce crop productivity.”,0.00,98.95,2026-09-03_18-26-00_terra
4731717,1310ced0-b431-4c92-8445-9e7fd9780357,"Diet of Xylocopa grisescens Lepeletier (Hymenoptera, Apidae) in a Semiarid Area Cultivated with Passion Fruit (Passiflora edulis Sims)",6,include - high recall,True,,,,,False,False,"[self-consistency: 0/3 INCLUDE]
(EXCLUDE) The study addresses vegetation fragmentation, pollinator foraging, and passion-fruit productivity, but does not substantively address climate, weather, climate hazards, greenhouse gases, mitigation, or climate adaptation. Therefore, no qualifying climate-and-health connection is stated.
(EXCLUDE) The study concerns vegetation fragmentation, pollinator foraging, and passion-fruit crop productivity. It does not substantively address a climate/weather factor, climate mitigation, or climate adaptation action.
(EXCLUDE) The study concerns native vegetation, pollinators, and passion-fruit crop productivity, but it does not substantively address climate/weather factors, climate mitigation, or climate adaptation. It also does not explicitly connect the findings to human health.",The loss and fragmentation of native vegetation harm pollinators and reduce crop productivity.,0.00,100.00,2026-09-03_18-26-00_terra
34172,147dd49c-acb3-481c-b17d-98cb19eda4e8,,0,include - high precision,True,,,,,False,False,"[self-consistency: 0/3 INCLUDE]
(EXCLUDE) The record concerns an aviation catering-service customer-evaluation system using fuzzy logic and digital transformation. It does not explicitly address any climate factor, mitigation/adaptation action, or human health outcome or exposure pathway.
(EXCLUDE) The record concerns Aviation 4.0 and a fuzzy-logic system for evaluating airline catering customer satisfaction. It does not explicitly address any climate/weather factor, climate mitigation or adaptation action, or human health outcome or exposure pathway.
(EXCLUDE) The record concerns digital systems and fuzzy logic for evaluating airline catering customer satisfaction. It does not explicitly address any climate, weather, emissions, fossil-fuel, mitigation, or adaptation factor, nor does it substantively address human health.",,0.00,0.00,2026-09-03_18-26-00_terra
34172,147dd49c-acb3-481c-b17d-98cb19eda4e8,,5,include - best balance,True,,,,,False,False,"[self-consistency: 0/3 INCLUDE]
(EXCLUDE) The record concerns digital systems and fuzzy logic for evaluating airline catering customer satisfaction. It does not substantively address any climate, weather, emissions, fossil-fuel, mitigation, or adaptation factor, nor does it address human health outcomes or a recognised climate-health pathway.
(EXCLUDE) The record concerns digital systems and fuzzy evaluation of airline catering customer satisfaction. It does not substantively address any climate/weather factor, climate mitigation/adaptation action, or human health outcome/pathway.
(EXCLUDE) The record concerns digital systems for evaluating airline catering customer satisfaction. It does not substantively address climate, weather, emissions, fossil fuels, mitigation, adaptation, or a human health outcome/pathway.","“In this study, the catering service evaluation system for customers is designed and an interface is developed to be used in the aviation 4.0 industry.”",0.00,98.68,2026-09-03_18-26-00_terra
34172,147dd49c-acb3-481c-b17d-98cb19eda4e8,,6,include - high recall,True,,,,,False,False,"[self-consistency: 0/3 INCLUDE]
(EXCLUDE) The record concerns digital transformation and a fuzzy-logic system for evaluating airline catering customer satisfaction. It does not substantively address climate factors, mitigation, adaptation, or human health outcomes/pathways.
(EXCLUDE) The record concerns digital systems and fuzzy logic for evaluating airline catering customer satisfaction. It does not substantively address climate/weather, climate mitigation or adaptation, or human health outcomes or pathways.
(EXCLUDE) The record concerns aviation digital transformation and a fuzzy-logic system for evaluating airline catering customer satisfaction. It does not substantively address a climate/weather factor, mitigation or adaptation action, nor a human health outcome or recognised climate-health pathway.","""In this study, the catering service evaluation system for customers is designed and an interface is developed to be used in the aviation 4.0 industry.""",0.00,98.68,2026-09-03_18-26-00_terra
51819537,15da3de6-7714-4814-bea4-ad28756d1569,Implications of increasing demand for freshwater use from the water footprint of irrigated potato production in Alberta.,0,include - high precision,True,,,,,False,False,"[self-consistency: 0/3 INCLUDE]
(EXCLUDE) Although climate change is mentioned as increasing pressure on freshwater resources, the record focuses on agricultural water use and water footprint. It does not explicitly state any human health outcome, human exposure, food security/nutrition effect, or health-protective climate action.
(EXCLUDE) Although climate change and freshwater stress are explicitly mentioned, the record focuses on agricultural irrigation and water footprint assessment. It does not explicitly address a human health outcome, human exposure, food security/nutrition, or a health-protective climate action.
(EXCLUDE) Although climate change and freshwater stress are mentioned, the record concerns agricultural water use and does not explicitly state any human-health outcome, human exposure, nutrition, food security, or health-system connection.",“The study aims to assess the water footprint of irrigated potato production in Alberta for two scenarios”,0.00,99.05,2026-09-03_18-26-00_terra
51819537,15da3de6-7714-4814-bea4-ad28756d1569,Implications of increasing demand for freshwater use from the water footprint of irrigated potato production in Alberta.,5,include - best balance,True,,,,,False,False,"[self-consistency: 0/3 INCLUDE]
(EXCLUDE) The record concerns agricultural freshwater use and water footprinting. Although climate change is mentioned as a driver of pressure on freshwater resources, it is contextual rather than a substantively analysed climate factor, mitigation, or adaptation action. No direct human-health outcome or explicit climate-health pathway is assessed.
(EXCLUDE) Although climate change is mentioned as a contributor to freshwater pressure, it is not a substantive factor analysed in the stated study, which focuses on the water footprint of irrigated potato production. The record does not directly assess a climate-related exposure, mitigation/adaptation action, or a human-health outcome/pathway.
(EXCLUDE) Although climate change is mentioned as a contributor to freshwater pressure, it is not stated as an exposure, modelled factor, or intervention target in this water-footprint assessment. The record also does not substantively address a human-health outcome or a recognised climate-health pathway.",The study aims to assess the water footprint of irrigated potato production in Alberta for two scenarios,0.00,100.00,2026-09-03_18-26-00_terra
51819537,15da3de6-7714-4814-bea4-ad28756d1569,Implications of increasing demand for freshwater use from the water footprint of irrigated potato production in Alberta.,6,include - high recall,True,,,,,False,False,"[self-consistency: 0/3 INCLUDE]
(EXCLUDE) Although climate change is mentioned as contributing to pressure on freshwater resources, it is background context rather than a substantive exposure, outcome, or intervention analysed by the study. The described study focuses on the water footprint of irrigated potato production, without an explicit climate-health connection.
(EXCLUDE) The record assesses agricultural water use and water footprint. Although climate change is mentioned as background pressure on freshwater resources, it is not stated as a measured, modelled, or analysed study factor, and no direct health outcome or explicit climate-health pathway is substantively examined.
(EXCLUDE) The record concerns freshwater use and the water footprint of potato irrigation. Although climate change is mentioned as one factor increasing pressure on freshwater resources, it is not described as a substantive exposure, outcome, intervention target, or analysed factor in the stated study aim. No direct human-health outcome or explicit climate-health pathway is addressed.",The study aims to assess the water footprint of irrigated potato production in Alberta for two scenarios,0.00,100.00,2026-09-03_18-26-00_terra
3745,16bd12e4-e34b-47fd-bc1f-a435da5498d5,Sedimentological and mineralogical-petrographic characteristics of Miocene evaporitic deposits (SW Erzincan),0,include - high precision,True,,,,,False,False,"[self-consistency: 0/3 INCLUDE]
(EXCLUDE) The record explicitly discusses climate conditions in relation to geological diagenetic processes, but it contains no substantive connection to human health, human exposure, health outcomes, or health systems.
(EXCLUDE) The record explicitly discusses climate conditions in relation to geological gypsum formation, but it contains no substantive connection to human health, health outcomes, human exposure, or health systems.
(EXCLUDE) The record explicitly discusses climate conditions in relation to geological diagenetic processes, but it contains no substantive human health outcome, exposure, health-system, or human wellbeing component.","""gypsum lithofacies were exposed to diagenetic processes under the influence of a hot-humid and semi-arid climate""",0.00,98.25,2026-09-03_18-26-00_terra
3745,16bd12e4-e34b-47fd-bc1f-a435da5498d5,Sedimentological and mineralogical-petrographic characteristics of Miocene evaporitic deposits (SW Erzincan),5,include - best balance,True,,,,,False,False,"[self-consistency: 0/3 INCLUDE]
(EXCLUDE) The record discusses geological formation processes and past climatic conditions affecting gypsum lithofacies, but it contains no substantive human health outcome, health-system connection, or recognised climate-health exposure pathway.
(EXCLUDE) The record concerns geological formation conditions and past climate influences on gypsum deposits, but it contains no substantive human health outcome, health exposure pathway, or health-system connection.
(EXCLUDE) The record discusses geological sedimentary processes and past climate conditions affecting gypsum lithofacies, but it contains no substantive human health outcome, health system connection, or recognised climate-health exposure pathway.","""This study aimed to find the depositional environment and formation conditions of the gypsum-dominated Miocene succession""",0.00,99.18,2026-09-03_18-26-00_terra
3745,16bd12e4-e34b-47fd-bc1f-a435da5498d5,Sedimentological and mineralogical-petrographic characteristics of Miocene evaporitic deposits (SW Erzincan),6,include - high recall,True,,,,,False,False,"[self-consistency: 0/3 INCLUDE]
(EXCLUDE) The record discusses past climatic conditions as factors in geological diagenesis, but it contains no substantive human health outcome, health-system issue, or recognised climate-health exposure pathway.
(EXCLUDE) The record discusses ancient Miocene depositional geology and refers to past climatic conditions affecting gypsum diagenesis, but it contains no substantive human-health outcome, health system, or recognised climate-health exposure pathway.
(EXCLUDE) The record concerns geological sediment deposition and diagenesis in a Miocene succession. Although it mentions past hot-humid and semi-arid climate conditions, it does not substantively address climate change, mitigation, adaptation, or any human-health outcome or recognised climate-health pathway.","""gypsum lithofacies were exposed to diagenetic processes under the influence of a hot-humid and semi-arid climate""",0.00,98.25,2026-09-03_18-26-00_terra
228059,17ae9dcb-9818-4fb4-a4cc-c127b65255b2,"Assessment of aquatic Phytoplanktons and water quality of Govindgarh Lake in Rewa district, Madhya Pradesh, India",0,include - high precision,True,,,,,False,False,"[self-consistency: 0/3 INCLUDE]
(EXCLUDE) The record assesses lake flora and water physicochemical parameters, and notes that potable water is safe for human consumption, but it does not substantively address a climate or weather factor, climate mitigation, or climate adaptation action.
(EXCLUDE) The record concerns lake floristics and water physicochemistry. Although it mentions temperature and CO2 and states water is potable, these are not substantively analysed as climate factors or climate-related hazards, mitigation, or adaptation. Therefore the required explicit climate component is absent.
(EXCLUDE) The record assesses lake flora and water physicochemical characteristics, and mentions potable water being safe for human consumption. However, it does not substantively address a climate/weather factor, climate change, mitigation, or adaptation. Temperature and CO2 are measured as water-quality parameters rather than as climate-related exposures or forcing agents.","The present study was carried out to document the aquatic and wetland plants of Govindgarh lake in Rewa district of Madhya Pradesh, India.",0.00,100.00,2026-09-03_18-26-00_terra
228059,17ae9dcb-9818-4fb4-a4cc-c127b65255b2,"Assessment of aquatic Phytoplanktons and water quality of Govindgarh Lake in Rewa district, Madhya Pradesh, India",5,include - best balance,True,,,,,False,False,"[self-consistency: 0/3 INCLUDE]
(EXCLUDE) The record addresses lake flora and water-quality parameters, with potable-water relevance to humans, but it does not substantively address climate change, weather, a climate-related hazard, mitigation, or adaptation. Temperature and CO2 are listed only as physicochemical measurements rather than analysed as climate factors.
(EXCLUDE) The record assesses lake flora and water physicochemical characteristics, and notes potable water safety, but it does not substantively address a climate/weather factor, climate mitigation, or climate adaptation action. CO2 and temperature are measured as routine water-quality parameters rather than as climate-related exposures.
(EXCLUDE) The record assesses lake phytoplankton and physicochemical water-quality parameters, including whether water is potable, but it does not substantively address a climate/weather factor, climate mitigation, or climate adaptation action.","The collected water samples were analyzed for different Physico-chemical parameters viz. pH, electric conductivity, temperature, Odour, CO2, chloride, Total hardness, calcium, magnesium, DO, BOD and COD.",0.00,100.00,2026-09-03_18-26-00_terra
228059,17ae9dcb-9818-4fb4-a4cc-c127b65255b2,"Assessment of aquatic Phytoplanktons and water quality of Govindgarh Lake in Rewa district, Madhya Pradesh, India",6,include - high recall,True,,,,,False,False,"[self-consistency: 0/3 INCLUDE]
(EXCLUDE) The record assesses lake phytoplankton and water physicochemical quality, with potable-water relevance to humans, but it does not substantively address climate change, a weather/climate exposure, a climate-related hazard, or a mitigation/adaptation action. Temperature is only one measured water-quality parameter and is not analysed as a climate factor.
(EXCLUDE) The study assesses lake phytoplankton and water physicochemical characteristics, including whether water is potable, but it does not substantively address a climate/weather factor, climate mitigation, or climate adaptation action. Therefore it lacks the required climate component.
(EXCLUDE) The record assesses lake phytoplankton and physicochemical water quality, with a statement that potable water is safe for human consumption, but it does not substantively address a climate/weather factor, climate mitigation, or climate adaptation action.","“The collected water samples were analyzed for different Physico-chemical parameters viz. pH, electric conductivity, temperature, Odour, CO2, chloride, Total hardness, calcium, magnesium, DO, BOD and COD.”",0.00,99.02,2026-09-03_18-26-00_terra
257505781,1b957fc5-736f-4608-ad81-9861e3266a13,Social Forestry and Dairy Farming Practices in West Java With Special Emphasis on the Examination of Conflict Identification and Resolution,0,include - high precision,True,,,,,False,False,"[self-consistency: 0/3 INCLUDE]
(EXCLUDE) The record concerns land-use and stakeholder conflicts involving dairy farming and social forestry. It does not explicitly address a climate/weather factor, climate mitigation or adaptation, or human health outcomes/exposure pathways.
(EXCLUDE) The record concerns land-use and stakeholder conflicts involving dairy farming and social forestry. It does not explicitly address a climate/weather factor, climate mitigation or adaptation, or human health outcomes or exposures.
(EXCLUDE) The record concerns land-use and stakeholder conflicts involving dairy farming and social forestry. It does not explicitly address a climate/weather factor, climate mitigation/adaptation, or a substantive human-health outcome or exposure pathway.","""Competition for land and forages were the sources of conflicts between the dairy farmers and social forestry participants.""",0.00,98.39,2026-09-03_18-26-00_terra
257505781,1b957fc5-736f-4608-ad81-9861e3266a13,Social Forestry and Dairy Farming Practices in West Java With Special Emphasis on the Examination of Conflict Identification and Resolution,5,include - best balance,True,,,,,False,False,"[self-consistency: 0/3 INCLUDE]
(EXCLUDE) The record concerns land-use and stakeholder conflicts involving dairy farming and social forestry. It does not substantively address a climate/weather factor, climate mitigation or adaptation, nor a human health outcome or climate-health exposure pathway.
(EXCLUDE) The record examines land, forage, and governance conflicts involving dairy farming and social forestry. It does not substantively address a climate/weather factor, climate mitigation, or climate adaptation, and it does not connect these activities to human health.
(EXCLUDE) The record concerns land-use and stakeholder conflicts involving dairy farming and social forestry. It does not substantively address a climate/weather factor, climate mitigation or adaptation, or human health outcomes or pathways.","""The objective of this study was to determine the types of conflicts between dairy farming and social forestry programs""",0.00,99.16,2026-09-03_18-26-00_terra
257505781,1b957fc5-736f-4608-ad81-9861e3266a13,Social Forestry and Dairy Farming Practices in West Java With Special Emphasis on the Examination of Conflict Identification and Resolution,6,include - high recall,True,,,,,False,False,"[self-consistency: 0/3 INCLUDE]
(EXCLUDE) The record concerns land-use and stakeholder conflicts involving dairy farming and social forestry. It does not substantively address climate/weather factors, climate mitigation, or climate adaptation, nor does it establish a human-health outcome or climate-health pathway.
(EXCLUDE) The record concerns social-forestry and dairy-farming land/forage conflicts and their resolution. It does not substantively address climate, weather, mitigation, adaptation to climate hazards, or a human-health outcome/pathway.
(EXCLUDE) The record addresses land-use and stakeholder conflicts involving dairy farming and social forestry, but does not substantively address climate change, weather, greenhouse gases, mitigation, or climate adaptation. It also does not describe a direct health outcome or a climate-health pathway.","“The objective of this study was to determine the types of conflicts between dairy farming and social forestry programs in two selected villages in Lembang, West Java, Indonesia, and make recommendation on how to resolve it.”",0.00,99.55,2026-09-03_18-26-00_terra
7338834,1d1526ba-04b9-4b07-9e2f-bb420a444f73,Phenanthraquinone inhibits eNOS activity and suppresses vasorelaxation,0,include - high precision,True,,,,,False,False,"[self-consistency: 0/3 INCLUDE]
(EXCLUDE) The record examines a diesel-exhaust constituent in bovine cells and rats, rather than substantively addressing a climate/weather factor, mitigation, or adaptation. Although cardiovascular effects are discussed, the experimental health findings are not in humans, and the chemical is studied as a toxicant rather than as a climate component.
(EXCLUDE) The record examines a chemical constituent of diesel exhaust in bovine cells and rats. Although diesel particles and cardiopulmonary disease are mentioned, it does not assess human exposure or human health outcomes, and the specific chemical is studied mechanistically rather than as a substantive climate factor.
(EXCLUDE) Although diesel exhaust particles are mentioned and associated with cardiopulmonary disease and mortality, the reported mechanistic findings are from bovine cells and rats. The document does not substantively assess human exposure, human health outcomes, or a climate-related intervention/pathway affecting people.","Therefore, the effects of phenanthraquinone on eNOS activity, endothelium-dependent relaxation, and blood pressure were examined in the present study.",0.00,100.00,2026-09-03_18-26-00_terra
7338834,1d1526ba-04b9-4b07-9e2f-bb420a444f73,Phenanthraquinone inhibits eNOS activity and suppresses vasorelaxation,5,include - best balance,True,,,,,False,False,"[self-consistency: 0/3 INCLUDE]
(EXCLUDE) The record reports mechanistic toxicity experiments in bovine cells and rats using a single diesel-exhaust constituent. It does not substantively assess a climate/weather factor or mitigation/adaptation action, and it provides no direct human-health outcome; animal and in-vitro findings alone do not meet the health criterion.
(EXCLUDE) The study examines a single diesel-exhaust constituent in bovine cells and rats. Although diesel particles are mentioned and cardiopulmonary disease is noted in the background, the investigated health outcomes are not in humans, and the single-chemical toxicology study does not constitute a substantive climate component under the criteria.
(EXCLUDE) Although the record concerns a chemical contained in diesel exhaust particles, the reported health effects are examined in bovine cells and rats, rather than as human-health outcomes or a recognised human climate-health exposure pathway. It is a mechanistic toxicology study of a single chemical, so it does not meet both required components.","Phenanthraquinone inhibited NO formation evaluated by citrulline formed by total membrane fraction of bovine aortic endothelial cells... Furthermore, an intraperitoneal injection of phenanthraquinone (0.36 mmol/kg) to rats resulted in an elevation of blood pressure",0.00,70.57,2026-09-03_18-26-00_terra
7338834,1d1526ba-04b9-4b07-9e2f-bb420a444f73,Phenanthraquinone inhibits eNOS activity and suppresses vasorelaxation,6,include - high recall,True,,,,,False,False,"[self-consistency: 0/3 INCLUDE]
(EXCLUDE) The record is a mechanistic toxicology study of a single diesel-exhaust constituent in bovine cells and rats. It does not substantively assess a climate factor or mitigation/adaptation action, and the reported vascular and blood-pressure outcomes are not human-health outcomes.
(EXCLUDE) The record examines a diesel-exhaust constituent, but the reported health effects are measured in bovine cells and rats rather than in humans or a human-health exposure pathway. The mention of cardiopulmonary disease and mortality is background context, not an analysed human outcome.
(EXCLUDE) The record concerns a chemical in diesel exhaust particles, but its reported health effects are examined in bovine cells and rats rather than humans. It does not substantively assess a human health outcome or a qualifying human climate-health exposure pathway.","“the effects of phenanthraquinone on eNOS activity, endothelium-dependent relaxation, and blood pressure were examined in the present study.”",0.00,98.58,2026-09-03_18-26-00_terra
288888583,1d55c187-defa-4fd2-872d-0c497fa1c136,,0,include - high precision,True,,,,,False,False,"[self-consistency: 0/3 INCLUDE]
(EXCLUDE) The record addresses anti-inflammatory effects of basil essential oil and estragole in in-vivo experimental models, but it contains no explicit climate, weather, greenhouse-gas, mitigation, or climate-adaptation component.
(EXCLUDE) The record concerns anti-inflammatory effects of basil essential oil and estragole in in vivo experimental models. It does not explicitly address any climate/weather factor, climate mitigation, or climate adaptation action; therefore it lacks the required climate component.
(EXCLUDE) The record concerns anti-inflammatory effects of a basil essential oil in in vivo experimental models, but it does not explicitly address any climate, weather, climate hazard, greenhouse gas, mitigation, or adaptation component.","""The present study was carried out to investigate the chemical composition and systemic anti-inflammatory activity of the Ocimum basilicum essential oil (EOOB) and its major component estragole""",0.00,98.97,2026-09-03_18-26-00_terra
288888583,1d55c187-defa-4fd2-872d-0c497fa1c136,,5,include - best balance,True,,,,,False,False,"[self-consistency: 0/3 INCLUDE]
(EXCLUDE) The record concerns anti-inflammatory effects of basil essential oil and estragole in in vivo models. It includes a health-related pharmacological topic but no substantive climate, weather, climate-hazard, mitigation, or adaptation component.
(EXCLUDE) The record addresses anti-inflammatory activity in in vivo experimental models, but it contains no substantive climate, weather, greenhouse-gas, mitigation, or climate-adaptation component.
(EXCLUDE) The record concerns anti-inflammatory effects of basil essential oil and estragole in in vivo experimental models. It does not substantively address a climate/weather factor, climate mitigation, or climate adaptation, and the reported health-related effects are not human health outcomes.","""The present study was carried out to investigate the chemical composition and systemic anti-inflammatory activity of the Ocimum basilicum essential oil (EOOB) and its major component estragole""",0.00,98.97,2026-09-03_18-26-00_terra
288888583,1d55c187-defa-4fd2-872d-0c497fa1c136,,6,include - high recall,True,,,,,False,False,"[self-consistency: 0/3 INCLUDE]
(EXCLUDE) The record concerns anti-inflammatory effects of basil essential oil and estragole in in vivo inflammation models. It does not substantively address climate, weather, climate-related hazards, greenhouse gases, fossil fuels, mitigation, or adaptation.
(EXCLUDE) The record concerns experimental anti-inflammatory effects of basil essential oil and estragole. It does not substantively address a climate or weather factor, climate mitigation, or climate adaptation.
(EXCLUDE) The record concerns experimental anti-inflammatory effects of basil essential oil and estragole. It does not substantively address climate, weather, climate-related hazards, greenhouse gases, fossil fuels, or climate mitigation/adaptation.","""The present study was carried out to investigate the chemical composition and systemic anti-inflammatory activity of the Ocimum basilicum essential oil (EOOB) and its major component estragole""",0.00,98.97,2026-09-03_18-26-00_terra
6689,1f135fc4-27a0-4039-b532-bc21f2d3c364,Knowledge Index on Scientific Poultry Farming among Online Trainees,0,include - high precision,True,,,,,False,False,"[self-consistency: 0/3 INCLUDE]
(EXCLUDE) The record concerns poultry-farming knowledge and webinar-based extension services during COVID-19, but it does not explicitly address a climate/weather factor, climate mitigation, or climate adaptation. It also does not substantively connect the work to human health outcomes or a recognised climate-health exposure pathway.
(EXCLUDE) The record concerns poultry farmers' knowledge of scientific farming practices and technology-enabled extension webinars during COVID-19. It does not explicitly address a climate/weather factor, climate mitigation/adaptation, or a substantive human-health outcome or pathway.
(EXCLUDE) The record concerns poultry-farming extension webinars and farmers' knowledge of scientific practices. It does not explicitly address a climate or weather factor, climate mitigation/adaptation, or a substantive human-health outcome or exposure pathway.","""The present study was aimed to measure the farmer’s knowledge about scientific poultry farming practices.""",0.00,98.13,2026-09-03_18-26-00_terra
6689,1f135fc4-27a0-4039-b532-bc21f2d3c364,Knowledge Index on Scientific Poultry Farming among Online Trainees,5,include - best balance,True,,,,,False,False,"[self-consistency: 0/3 INCLUDE]
(EXCLUDE) The record concerns poultry-farming extension webinars and farmers’ knowledge. It does not substantively address a climate/weather factor, climate mitigation, or climate adaptation, and it does not connect the work to human health or a recognised climate-health pathway.
(EXCLUDE) The record concerns poultry-farming extension and farmers’ knowledge, but does not substantively address a climate/weather factor, climate mitigation, or climate adaptation. It therefore does not meet the required climate-and-health intersection.
(EXCLUDE) The record concerns poultry-farming knowledge and extension webinars during COVID-19, but does not substantively address a climate/weather factor, climate mitigation, or climate adaptation. It also does not establish a direct human-health outcome or a climate-related health pathway.","""The present study was aimed to measure the farmer’s knowledge about scientific poultry farming practices.""",0.00,98.13,2026-09-03_18-26-00_terra
6689,1f135fc4-27a0-4039-b532-bc21f2d3c364,Knowledge Index on Scientific Poultry Farming among Online Trainees,6,include - high recall,True,,,,,False,False,"[self-consistency: 0/3 INCLUDE]
(EXCLUDE) The record concerns poultry-farming knowledge and webinar-based extension services, but does not substantively address any climate/weather factor, climate mitigation, or climate adaptation action. Therefore it has no plausible climate-and-health connection under the criteria.
(EXCLUDE) The record concerns poultry-farming extension webinars and farmers' knowledge of farming practices. It does not substantively address a climate/weather factor, climate mitigation or adaptation, or a human-health outcome or recognised climate-health pathway.
(EXCLUDE) The record concerns poultry-farming knowledge and webinar-based extension services, but it does not substantively address a climate or weather factor, climate mitigation, or climate adaptation.","""The present study was aimed to measure the farmer’s knowledge about scientific poultry farming practices.""",0.00,98.13,2026-09-03_18-26-00_terra
212484,202d1bc8-c1d3-4919-b40e-d7560ac9d3ff,Multi Layer Feature Fusion of Radar and Vision for Obstacle Detection in Complex Scenes,0,include - high precision,True,,,,,False,False,"[self-consistency: 0/3 INCLUDE]
(EXCLUDE) Although rainy and snowy weather conditions are explicitly mentioned, they are only test conditions for autonomous-driving obstacle detection. The record does not substantively address climate change, climate-related hazards, mitigation, or adaptation, and it contains no human health or health-system outcome.
(EXCLUDE) Although rainy and snowy weather are explicitly mentioned, they are only testing conditions for autonomous-driving obstacle detection. The record does not substantively address climate change or a climate-related hazard, nor does it connect the work to human health or health systems.
(EXCLUDE) The record addresses radar-vision obstacle detection for autonomous driving under rainy and snowy weather, but it does not substantively connect this work to human health, health outcomes, or health systems.",The experimental results show that the obstacle detection performance of this method is significantly better than existing technologies in harsh weather conditions (such as rainy and snowy days) and complex lighting conditions,0.00,100.00,2026-09-03_18-26-00_terra
212484,202d1bc8-c1d3-4919-b40e-d7560ac9d3ff,Multi Layer Feature Fusion of Radar and Vision for Obstacle Detection in Complex Scenes,5,include - best balance,True,,,,,False,False,"[self-consistency: 0/3 INCLUDE]
(EXCLUDE) The record addresses autonomous-driving obstacle detection under rainy and snowy conditions, but it does not substantively connect this work to human health, health outcomes, or health systems. Vehicle-detection safety alone is not a stated human-health component.
(EXCLUDE) The record substantively addresses weather conditions, but its focus is radar-vision obstacle detection for autonomous driving. It does not substantively connect this work to human health, public health, or a stated health-protection aim.
(EXCLUDE) The record substantively considers weather conditions, but concerns autonomous-driving obstacle detection and vehicle safety rather than human health, health outcomes, or a recognised climate-health exposure pathway.",The experimental results show that the obstacle detection performance of this method is significantly better than existing technologies in harsh weather conditions (such as rainy and snowy days),0.00,100.00,2026-09-03_18-26-00_terra
212484,202d1bc8-c1d3-4919-b40e-d7560ac9d3ff,Multi Layer Feature Fusion of Radar and Vision for Obstacle Detection in Complex Scenes,6,include - high recall,True,,,,,False,False,"[self-consistency: 0/3 INCLUDE]
(EXCLUDE) The record concerns autonomous-driving obstacle detection under rainy and snowy weather, but it does not substantively address climate change, a climate-related hazard, mitigation/adaptation, or human health. Safety here is vehicle/object-detection performance rather than a human-health outcome or recognised climate-health pathway.
(EXCLUDE) The record evaluates autonomous-driving obstacle detection under rainy and snowy conditions, but it does not substantively address human health, health outcomes, public health, or a recognised climate-health exposure pathway. General driving safety and detection accuracy alone do not establish a health component under the criteria.
(EXCLUDE) The record concerns autonomous-driving obstacle detection under rainy and snowy weather, but it does not substantively address climate change, a climate-related hazard, mitigation, or adaptation, nor does it address human health or a recognised climate-health exposure pathway.","""The experimental results show that the obstacle detection performance of this method is significantly better than existing technologies in harsh weather conditions (such as rainy and snowy days) and complex lighting conditions""",0.00,99.12,2026-09-03_18-26-00_terra
917063435,20c7a454-0c72-4bba-a45f-77091c402dee,Can development of water resources reduce poverty?,0,include - high precision,True,,,,,False,False,"[self-consistency: 0/3 INCLUDE]
(EXCLUDE) The record examines water-resource development, irrigation, poverty reduction, and livelihoods, but does not explicitly address a climate/weather factor, climate mitigation/adaptation, or a substantive human-health outcome or exposure pathway.
(EXCLUDE) The record focuses on water-resource development, irrigation, poverty reduction, and livelihoods. It does not explicitly address a climate factor, climate mitigation/adaptation, or a substantive human-health outcome or climate-health exposure pathway.
(EXCLUDE) The record focuses on water-resources development, irrigation, poverty reduction, and livelihoods. It does not explicitly address a climate/weather factor, climate mitigation or adaptation, or a substantive human-health outcome or pathway.","""The key question addressed in this paper is: Can water resources development reduce poverty?""",0.00,97.87,2026-09-03_18-26-00_terra
917063435,20c7a454-0c72-4bba-a45f-77091c402dee,Can development of water resources reduce poverty?,5,include - best balance,True,,,,,False,False,"[self-consistency: 0/3 INCLUDE]
(EXCLUDE) The record concerns water-resource development, irrigation, and poverty reduction. It does not substantively address a climate/weather factor, climate mitigation/adaptation, or a direct human-health outcome or recognised climate-health pathway.
(EXCLUDE) The record examines water-resource development, irrigation, livelihoods, and poverty reduction, but does not substantively address a climate/weather factor, climate mitigation, or climate adaptation. It also does not establish a direct human-health outcome or a specified climate-health exposure pathway.
(EXCLUDE) The record addresses water-resource development, irrigation, and poverty reduction, but does not substantively address a climate/weather factor, climate mitigation, or climate adaptation. It also does not establish a direct human-health outcome or recognised climate-health exposure pathway.",The key question addressed in this paper is: Can water resources development reduce poverty?,0.00,100.00,2026-09-03_18-26-00_terra
917063435,20c7a454-0c72-4bba-a45f-77091c402dee,Can development of water resources reduce poverty?,6,include - high recall,True,,,,,False,False,"[self-consistency: 0/3 INCLUDE]
(EXCLUDE) The record addresses water-resource development, irrigation, livelihoods, and poverty reduction, but does not substantively address a climate or weather factor, climate mitigation/adaptation, or a direct/recognised human-health outcome or pathway.
(EXCLUDE) The record concerns water-resource development, irrigation, and poverty reduction. It does not substantively address a climate/weather factor, climate mitigation or adaptation, or a direct/recognised human-health outcome or pathway.
(EXCLUDE) The record concerns water-resources development, irrigation, livelihoods, and poverty reduction. It does not substantively address a climate or weather factor, climate mitigation/adaptation, or a direct/recognised human-health outcome or pathway.","""The key question addressed in this paper is: Can water resources development reduce poverty?""",0.00,97.87,2026-09-03_18-26-00_terra
1947028944,216356f8-e9cb-4d51-bdb4-113f490c7285,Lung cancer and the petroleum industry in Louisiana.,0,include - high precision,True,,,,,True,False,"[self-consistency: 0/3 INCLUDE]
(EXCLUDE) The record addresses occupational lung-cancer risk in petroleum mining and refining, but it does not explicitly examine climate change, a climate/weather factor, greenhouse-gas emissions, fossil-fuel use as a climate issue, mitigation, or adaptation. Petroleum employment alone is insufficient for a substantive climate component.
(EXCLUDE) The record explicitly concerns human health (lung cancer mortality) and petroleum-industry occupations, but it does not substantively address fossil-fuel use, greenhouse-gas emissions, climate, weather, climate impacts, mitigation, or adaptation. Petroleum mining is only the occupational setting for the cancer-risk analysis.
(EXCLUDE) The record addresses occupational lung-cancer risk among petroleum industry workers, providing a human-health component. However, it does not explicitly address fossil-fuel use, greenhouse-gas emissions, climate change, weather, mitigation, or adaptation; petroleum is only the employment industry context.",“Death certificates from the period 1960 to 1975 for Louisiana were surveyed for lung cancer deaths and noncancer deaths among people employed in petroleum mining and refining”,0.00,99.43,2026-09-03_18-26-00_terra
1947028944,216356f8-e9cb-4d51-bdb4-113f490c7285,Lung cancer and the petroleum industry in Louisiana.,5,include - best balance,True,,,,,True,True,"[self-consistency: 3/3 INCLUDE]
(INCLUDE) The record substantively concerns petroleum mining and refining, activities within the fossil-fuel sector, and assesses human health outcomes (lung cancer deaths) among workers.
(INCLUDE) The study concerns petroleum mining and refining, which are fossil-fuel extraction and processing activities, and assesses human lung-cancer mortality among workers.
(INCLUDE) The record examines petroleum mining and refining, which are fossil-fuel extraction/processing activities, and evaluates human lung-cancer mortality risks among workers.",Death certificates from the period 1960 to 1975 for Louisiana were surveyed for lung cancer deaths and noncancer deaths among people employed in petroleum mining and refining,0.00,100.00,2026-09-03_18-26-00_terra
1947028944,216356f8-e9cb-4d51-bdb4-113f490c7285,Lung cancer and the petroleum industry in Louisiana.,6,include - high recall,True,,,,,True,True,"[self-consistency: 3/4 INCLUDE]
(INCLUDE) The record substantively concerns petroleum mining and refining, which are fossil-fuel extraction and production activities, and evaluates human health outcomes (lung cancer mortality) among workers.
(EXCLUDE) The record addresses occupational lung-cancer risk among petroleum-industry workers, but it does not substantively address climate change, fossil-fuel combustion/use, emissions, mitigation, adaptation, or a climate-related exposure.
(INCLUDE) The study substantively concerns petroleum mining and refining, which are fossil-fuel extraction and production activities, and assesses human health outcomes, specifically lung cancer mortality.
(INCLUDE) The record addresses petroleum mining and refining, which are fossil-fuel activities, and directly examines lung cancer mortality among workers.",Death certificates from the period 1960 to 1975 for Louisiana were surveyed for lung cancer deaths and noncancer deaths among people employed in petroleum mining and refining,0.00,100.00,2026-09-03_18-26-00_terra
278684268,22041adb-b4ef-46db-9e8b-714950783509,List of Abbreviations,0,include - high precision,True,,,,,False,False,"[self-consistency: 0/3 INCLUDE]
(EXCLUDE) The record discusses the COVID-19 pandemic's economic and employment impacts on informal workers, but it contains no explicit substantive climate, weather, mitigation, or adaptation component.
(EXCLUDE) The record addresses the COVID-19 pandemic and its economic effects on informal workers, but it does not explicitly address any climate, weather, climate-change, mitigation, or adaptation component.
(EXCLUDE) The record addresses impacts of the COVID-19 pandemic on informal workers and economic recovery, but it does not explicitly address any climate, weather, greenhouse-gas, mitigation, or climate-adaptation component.","This book explores and informs answers to that key challenge. It presents findings on the impact of the COVID-19 crisis on informal workers in Asia, Africa, and North and Latin America.",0.00,100.00,2026-09-03_18-26-00_terra
278684268,22041adb-b4ef-46db-9e8b-714950783509,List of Abbreviations,5,include - best balance,True,,,,,False,False,"[self-consistency: 0/3 INCLUDE]
(EXCLUDE) The record concerns the economic and employment impacts of the COVID-19 pandemic on informal workers. It does not substantively address any climate/weather factor, climate mitigation, or climate adaptation action.
(EXCLUDE) The record concerns the COVID-19 pandemic, informal work, and economic recovery. It does not substantively address a climate/weather factor, climate mitigation, or climate adaptation, so it lacks the required climate component.
(EXCLUDE) The record concerns the socioeconomic impacts of the COVID-19 pandemic on informal workers and economic recovery. It does not substantively address a climate/weather factor, climate mitigation, or climate adaptation, so it does not meet both required components.","It presents findings on the impact of the COVID-19 crisis on informal workers in Asia, Africa, and North and Latin America.",0.00,100.00,2026-09-03_18-26-00_terra
278684268,22041adb-b4ef-46db-9e8b-714950783509,List of Abbreviations,6,include - high recall,True,,,,,False,False,"[self-consistency: 0/3 INCLUDE]
(EXCLUDE) The record concerns the socioeconomic impacts of COVID-19 and economic recovery for informal workers. It does not substantively address climate change, weather, climate-related hazards, emissions, mitigation, or adaptation.
(EXCLUDE) The record concerns the COVID-19 pandemic, informal work, and economic recovery. It does not substantively address climate change, weather, climate hazards, greenhouse gases, mitigation, or adaptation.
(EXCLUDE) The record concerns the COVID-19 pandemic, informal work, and economic recovery. It does not substantively address climate change, weather, climate hazards, greenhouse gases, mitigation, or adaptation.","""This book explores and informs answers to that key challenge. It presents findings on the impact of the COVID-19 crisis on informal workers in Asia, Africa, and North and Latin America.""",0.00,98.93,2026-09-03_18-26-00_terra
3081124973,245a0b91-94da-4a34-83f1-8016756e905a,A new chemical causing IgE-mediated sensitization and asthma,0,include - high precision,True,,,,,False,False,"[self-consistency: 0/3 INCLUDE]
(EXCLUDE) The record explicitly concerns occupational respiratory and skin health outcomes, but it does not substantively address any climate/weather factor, climate mitigation or adaptation action, greenhouse gas, fossil fuel use, or climate-related exposure pathway. The chemical is an occupational sensitizer, not described as a climate-forcing agent.
(EXCLUDE) The record explicitly concerns occupational respiratory and skin health outcomes, but the chemical is an intermediate in a plant-protective agent and is not presented as a climate factor, mitigation action, adaptation action, or climate-related exposure.
(EXCLUDE) The record explicitly concerns occupational respiratory and skin health effects, but it does not substantively address a climate/weather factor, climate mitigation, or climate adaptation. The chemical is discussed as an industrial intermediate rather than a climate-forcing agent.",We describe two cases with occupational respiratory diseases and urticaria related to that benzoic acid derivate,0.00,100.00,2026-09-03_18-26-00_terra
3081124973,245a0b91-94da-4a34-83f1-8016756e905a,A new chemical causing IgE-mediated sensitization and asthma,5,include - best balance,True,,,,,False,False,"[self-consistency: 0/3 INCLUDE]
(EXCLUDE) The record has a human occupational-health component (asthma, rhinitis, and urticaria), but it concerns exposure to a chemical intermediate used in producing a plant-protective agent. It does not substantively address a climate/weather factor, climate-related hazard, mitigation, or adaptation.
(EXCLUDE) The record describes occupational asthma, rhinitis, and urticaria caused by exposure to a chemical intermediate, so it has a human-health component. However, it does not substantively address a climate/weather factor, greenhouse gas, fossil fuels, or a climate mitigation/adaptation action.
(EXCLUDE) The record has a human health component through occupational asthma, rhinitis, and urticaria, but it does not substantively address climate, weather, climate-related hazards, greenhouse gases, fossil fuels, or climate mitigation/adaptation.","“This benzoic acid derivate seems cause occupational asthma, rhinitis and urticaria via IgE-mediated mechanisms.”",0.00,98.23,2026-09-03_18-26-00_terra
3081124973,245a0b91-94da-4a34-83f1-8016756e905a,A new chemical causing IgE-mediated sensitization and asthma,6,include - high recall,True,,,,,False,False,"[self-consistency: 0/3 INCLUDE]
(EXCLUDE) The record has a clear occupational human-health component (asthma, rhinitis, and urticaria), but it does not substantively address a climate/weather factor, climate mitigation, or climate adaptation. The chemical exposure is an industrial intermediate rather than a stated climate-forcing agent or climate-related exposure.
(EXCLUDE) The record describes occupational asthma, rhinitis, and urticaria from exposure to a chemical intermediate, so it has a human-health component. However, it does not substantively address climate change, weather, climate-related hazards, greenhouse gases, fossil fuels, mitigation, or adaptation.
(EXCLUDE) The record addresses occupational respiratory and skin health effects, but the chemical is a plant-protective-agent intermediate and no climate/weather factor, climate-related hazard, mitigation action, or adaptation action is substantively addressed.",“We describe two cases with occupational respiratory diseases and urticaria related to that benzoic acid derivate”,0.00,98.25,2026-09-03_18-26-00_terra
3166273,24b976e1-17e3-4f5c-8dd9-494758c04413,Global population stabilisation policy and declining work-age population: a threat to global economic sustainability,0,include - high precision,True,,,,,False,False,"[self-consistency: 0/3 INCLUDE]
(EXCLUDE) The record discusses population growth, fertility, labour force, and economic sustainability, but does not explicitly address a climate factor, mitigation/adaptation, or a substantive human-health outcome or pathway.
(EXCLUDE) The record concerns population growth, labour force, and economic sustainability. It does not explicitly address a climate/weather factor, climate mitigation or adaptation, or a substantive human-health outcome or pathway.
(EXCLUDE) The record discusses population growth, fertility, labour force, and economic sustainability, but does not explicitly address a climate/weather factor, climate mitigation or adaptation, or a substantive human-health outcome or pathway.","“This paper argues that to maintain sustainable economic growth, and to support the associated technological advances in the future there will be demand for a larger labour force.”",0.00,98.89,2026-09-03_18-26-00_terra
3166273,24b976e1-17e3-4f5c-8dd9-494758c04413,Global population stabilisation policy and declining work-age population: a threat to global economic sustainability,5,include - best balance,True,,,,,False,False,"[self-consistency: 0/3 INCLUDE]
(EXCLUDE) The record concerns population growth, labour force, and economic sustainability. It does not substantively address a climate/weather factor, mitigation or adaptation, nor a human-health outcome or climate-health exposure pathway.
(EXCLUDE) The record concerns population growth, labour-force supply, and economic sustainability. It does not substantively address climate change, a climate-related exposure, mitigation/adaptation, or a human-health outcome or pathway.
(EXCLUDE) The record discusses population growth, labour force, and economic sustainability, but does not substantively address a climate factor, mitigation/adaptation action, or human health outcome/exposure pathway.","""This paper argues that to maintain sustainable economic growth, and to support the associated technological advances in the future there will be demand for a larger labour force.""",0.00,98.89,2026-09-03_18-26-00_terra
3166273,24b976e1-17e3-4f5c-8dd9-494758c04413,Global population stabilisation policy and declining work-age population: a threat to global economic sustainability,6,include - high recall,True,,,,,False,False,"[self-consistency: 0/3 INCLUDE]
(EXCLUDE) The record discusses population growth, fertility policy, labour force, and economic sustainability, but does not substantively address a climate/weather factor, climate mitigation or adaptation, or human health outcomes or pathways.
(EXCLUDE) The record concerns population growth, labour force, and economic sustainability. It does not substantively address climate change, a climate-related hazard, mitigation/adaptation, or human health outcomes/pathways.
(EXCLUDE) The record concerns population growth, labour force, and economic sustainability. It does not substantively address a climate factor, mitigation/adaptation action, or a human health outcome or recognised climate-health pathway.","""Therefore, the world population needs to increase to meet the growing demand for a larger labour force in order to achieve economic sustainability.""",0.00,98.66,2026-09-03_18-26-00_terra
1680444,24cd711b-5b02-4f55-a8f6-9fde10f61a47,THE FREQUENCY OF USE OF VARIOUS DRUGS IN TREATING THE DISEASES OF THE CARDIOVASCULAR SYSTEM IN PATIENTS OF THE THERAPY DEPARTMENT,0,include - high precision,True,,,,,False,False,"[self-consistency: 0/3 INCLUDE]
(EXCLUDE) The record concerns economic sanctions, import substitution, and agricultural-sector development. It does not explicitly address a climate or weather factor, climate mitigation/adaptation, or a human-health outcome or exposure pathway.
(EXCLUDE) The record concerns economic sanctions, import substitution, and agricultural-sector development. It does not explicitly address a climate/weather factor, climate mitigation or adaptation, nor a human health outcome or exposure pathway.
(EXCLUDE) The record concerns economic sanctions, import substitution, and agricultural-sector development. It does not explicitly address any climate or weather factor, climate mitigation/adaptation, or a human health outcome or exposure pathway.",,0.00,0.00,2026-09-03_18-26-00_terra
1680444,24cd711b-5b02-4f55-a8f6-9fde10f61a47,THE FREQUENCY OF USE OF VARIOUS DRUGS IN TREATING THE DISEASES OF THE CARDIOVASCULAR SYSTEM IN PATIENTS OF THE THERAPY DEPARTMENT,5,include - best balance,True,,,,,False,False,"[self-consistency: 0/3 INCLUDE]
(EXCLUDE) The record concerns economic sanctions, import substitution, and agricultural development. It does not substantively address a climate factor, mitigation/adaptation, or a human-health outcome or climate-health pathway.
(EXCLUDE) The record concerns economic sanctions, import substitution, and agricultural-sector development. It does not substantively address a climate/weather factor, climate mitigation, or climate adaptation, and it does not establish a human-health outcome or climate-health pathway.
(EXCLUDE) The record concerns economic sanctions, import substitution, and agricultural-sector development. It does not substantively address a climate/weather factor, climate mitigation or adaptation, or a human-health outcome or recognised climate-health pathway.",The article studies the world experience of countering economic sanctions in the agrarian sector of the economy.,0.00,100.00,2026-09-03_18-26-00_terra
1680444,24cd711b-5b02-4f55-a8f6-9fde10f61a47,THE FREQUENCY OF USE OF VARIOUS DRUGS IN TREATING THE DISEASES OF THE CARDIOVASCULAR SYSTEM IN PATIENTS OF THE THERAPY DEPARTMENT,6,include - high recall,True,,,,,False,False,"[self-consistency: 0/3 INCLUDE]
(EXCLUDE) The record concerns economic sanctions and agricultural-sector import substitution/trade. It does not substantively address climate or weather factors, climate mitigation/adaptation, or human health outcomes or pathways.
(EXCLUDE) The record concerns economic sanctions, import substitution, and agricultural-sector development. It does not substantively address a climate/weather factor, climate mitigation or adaptation, nor human health or a recognized climate-health pathway.
(EXCLUDE) The record concerns economic sanctions and agricultural-sector development. It does not substantively address climate/weather factors, mitigation, adaptation, or a direct climate-health pathway.",The article studies the world experience of countering economic sanctions in the agrarian sector of the economy.,0.00,100.00,2026-09-03_18-26-00_terra
6476,259a644b-0570-422c-bd1d-523a35f92c70,Agriculture in the Abbay Basin,0,include - high precision,True,,,,,True,True,"[self-consistency: 3/3 INCLUDE]
(INCLUDE) The record explicitly addresses climate change and variability as affecting agriculture, and explicitly discusses food insecurity and the capacity to feed a rapidly growing population. Agricultural food production and food security constitute a recognised human-health pathway.
(INCLUDE) The chapter explicitly addresses climate change and variability as affecting agricultural production, and explicitly discusses food insecurity and food gaps in the population. This establishes a climate-related food-security/nutrition health pathway.
(INCLUDE) The chapter explicitly addresses climate change and variability as factors affecting agricultural production and describes food insecurity and food gaps in communities. Food production and food security are recognised climate-health pathways.","Agriculture is undermined by severe land degradation, poor input supply systems, and climate change and variability.",0.00,85.34,2026-09-03_18-26-00_terra
6476,259a644b-0570-422c-bd1d-523a35f92c70,Agriculture in the Abbay Basin,5,include - best balance,True,,,,,True,True,"[self-consistency: 3/3 INCLUDE]
(INCLUDE) The chapter substantively addresses climate change and variability as constraints on agricultural production and water resources. It also connects agricultural production and food insecurity to feeding the population, engaging the food supply/nutrition health pathway.
(INCLUDE) The chapter substantively addresses climate change and variability affecting agricultural production, including food-insecure areas and production of agricultural products for consumption. Climate impacts on food production and food security constitute a recognised human-health exposure pathway.
(INCLUDE) The chapter substantively addresses climate change and variability affecting agricultural productivity, and it addresses food insecurity and food gaps in a major food-producing basin, which engages the climate-related food security and nutrition health pathway.",The capacity to feed its rapidly growing population largely depends on agricultural production in diverse agro-climatic regions.,0.00,100.00,2026-09-03_18-26-00_terra
6476,259a644b-0570-422c-bd1d-523a35f92c70,Agriculture in the Abbay Basin,6,include - high recall,True,,,,,True,True,"[self-consistency: 3/3 INCLUDE]
(INCLUDE) The chapter substantively addresses climate change and variability in relation to agricultural productivity, irrigation, and food-insecure areas. Agricultural products are described as being for consumption, and climate-related effects on food production engage the food security and nutrition health pathway.
(INCLUDE) The chapter substantively addresses climate change and variability in agricultural production and explicitly discusses food insecurity and food gaps. Climate effects on food production and supply constitute a recognised climate-health exposure pathway.
(INCLUDE) The chapter substantively addresses climate change and variability in relation to agricultural productivity, irrigation, and food-insecure areas. Agriculture produces food for consumption, establishing a recognised climate-health pathway through food security and nutrition.","“Agriculture is undermined by severe land degradation, poor input supply systems, and climate change and variability.”",0.00,85.59,2026-09-03_18-26-00_terra
67520021,2602cb37-4705-4e60-8ef8-984c690769ca,Evaluation of heavy metals concentration in surface sediments of the Mordab river and parts of the Caspian Sea coast in Astara county,0,include - high precision,True,,,,,False,False,"[self-consistency: 0/3 INCLUDE]
(EXCLUDE) The record explicitly assesses a human health risk from heavy metals in rice consumption, but it does not substantively address any climate/weather factor, climate-related hazard, mitigation action, or adaptation action. Heavy-metal contamination alone is not a climate component.
(EXCLUDE) The record explicitly addresses human dietary health risk from heavy metals in rice, but it contains no substantive climate, weather, climate-change, mitigation, or adaptation component.
(EXCLUDE) The record explicitly assesses human health risk from heavy metals in rice consumption, but it does not substantively address a climate/weather factor, climate change, mitigation, or adaptation. Heavy-metal contamination of sediments is not a climate component under the stated criteria.",“the health risk of rice consumption in the region was assessed.”,0.00,96.92,2026-09-03_18-26-00_terra
67520021,2602cb37-4705-4e60-8ef8-984c690769ca,Evaluation of heavy metals concentration in surface sediments of the Mordab river and parts of the Caspian Sea coast in Astara county,5,include - best balance,True,,,,,False,False,"[self-consistency: 0/3 INCLUDE]
(EXCLUDE) The record includes a human-health-related assessment of heavy-metal exposure through rice consumption, but it does not substantively address a climate/weather factor, climate mitigation, or climate adaptation. Heavy-metal sediment contamination is not itself a climate component under the criteria.
(EXCLUDE) The record assesses human health risk from heavy-metal contamination of rice, but it does not substantively address a climate/weather factor, climate mitigation, or climate adaptation action. Heavy metals in river and coastal sediments are not presented as a climate-related exposure.
(EXCLUDE) The record assesses human health risk from heavy-metal contamination of sediments and rice consumption, but it does not substantively address a climate/weather factor, climate mitigation, or climate adaptation action.","""the health risk of rice consumption in the region was assessed""",0.00,96.88,2026-09-03_18-26-00_terra
67520021,2602cb37-4705-4e60-8ef8-984c690769ca,Evaluation of heavy metals concentration in surface sediments of the Mordab river and parts of the Caspian Sea coast in Astara county,6,include - high recall,True,,,,,False,False,"[self-consistency: 0/3 INCLUDE]
(EXCLUDE) The record assesses human health risks from heavy metals in rice, but it does not substantively address a climate/weather factor, climate mitigation, or climate adaptation action.
(EXCLUDE) The record assesses human health risks from heavy-metal contamination in sediments and rice, but it does not substantively address climate change, a weather/climate factor, a climate-related hazard, mitigation, or adaptation.
(EXCLUDE) The record assesses human health risk from heavy-metal exposure through rice consumption, but it contains no substantive climate, weather, climate-related hazard, mitigation, or adaptation component. Heavy-metal sediment contamination alone is not a qualifying climate component.","Additionally, considering the possibility of heavy metals release from sediments to water column and transfer to crops, the health risk of rice consumption in the region was assessed.",0.00,100.00,2026-09-03_18-26-00_terra
6462,266b56a7-b3be-48ab-bb41-bdba3575f869,Bake-out용 바닥 난방에서 PID 제어에 따른 난방온도 및 에너지 소비량 분석,0,include - high precision,True,,,,,False,False,"[self-consistency: 0/3 INCLUDE]
(EXCLUDE) The record concerns indoor-air-quality bake-out and energy use for floor heating, but it does not explicitly address climate change, a climate/weather factor, greenhouse-gas emissions, fossil fuels, or a mitigation/adaptation action. It also does not state a substantive human-health outcome or exposure.
(EXCLUDE) The record explicitly concerns indoor air quality, which is health-relevant, but its temperature measurements concern floor-heating control during bake-out rather than a climate or weather factor. Although energy consumption is calculated, no greenhouse-gas emissions, fossil-fuel reduction, or other climate mitigation or adaptation component is explicitly stated.
(EXCLUDE) The record concerns indoor-air-quality bake-out procedures, floor-heating temperature control, and electricity consumption. It does not explicitly address a climate/weather factor, greenhouse-gas emissions, fossil-fuel use, or a mitigation/adaptation action; nor does it state a substantive human health outcome or exposure affecting people.","""the bake-out has been conducted widely for improving indoor air quality""",0.00,97.26,2026-09-03_18-26-00_terra
6462,266b56a7-b3be-48ab-bb41-bdba3575f869,Bake-out용 바닥 난방에서 PID 제어에 따른 난방온도 및 에너지 소비량 분석,5,include - best balance,True,,,,,False,False,"[self-consistency: 0/3 INCLUDE]
(EXCLUDE) The record concerns indoor bake-out, floor-heating temperature control, and electricity consumption. Although it mentions indoor air quality, it does not substantively address a climate/weather factor, climate mitigation, or climate adaptation.
(EXCLUDE) The record concerns indoor-air-quality bake-out and energy use for floor heating under PID control. It does not substantively address climate/weather, climate mitigation, or climate adaptation; energy consumption is evaluated economically rather than as greenhouse-gas reduction or fossil-fuel replacement.
(EXCLUDE) The record concerns indoor air quality and energy use for floor-heating bake-out, but it does not substantively address a climate/weather factor, climate mitigation, or climate adaptation. Electricity consumption is evaluated economically rather than as greenhouse-gas reduction or fossil-fuel replacement.","""the bake-out has been conducted widely for improving indoor air quality""",0.00,97.26,2026-09-03_18-26-00_terra
6462,266b56a7-b3be-48ab-bb41-bdba3575f869,Bake-out용 바닥 난방에서 PID 제어에 따른 난방온도 및 에너지 소비량 분석,6,include - high recall,True,,,,,False,False,"[self-consistency: 0/3 INCLUDE]
(EXCLUDE) The record addresses indoor air quality and energy consumption for floor heating, but it does not substantively address climate change, a climate/weather factor, greenhouse gases, fossil fuels, or an emissions-reduction mitigation/adaptation action.
(EXCLUDE) The record concerns indoor floor-heating control, energy use, and indoor air quality during building bake-out. It does not substantively address climate/weather factors, greenhouse gases, fossil fuels, or an emissions-reducing mitigation action; energy consumption is evaluated economically rather than as climate mitigation.
(EXCLUDE) The record concerns indoor floor-heating control and electricity consumption during building bake-out. Although it mentions indoor air quality, it does not substantively address a climate/weather factor, greenhouse-gas emissions, fossil fuels, or a mitigation/adaptation action.",the bake-out has been conducted widely for improving indoor air quality.,0.00,100.00,2026-09-03_18-26-00_terra
55028098,27c06597-b89d-4e17-9c57-4ef83517cc85,Postoperative AKI After Open-Heart Surgery: What Else Can We Do?,0,include - high precision,True,,,,,False,False,"[self-consistency: 0/3 INCLUDE]
(EXCLUDE) The record substantively concerns human health, specifically postoperative acute kidney injury and clinical outcomes after cardiac surgery. However, nitric oxide is studied as a perioperative therapeutic intervention, not as a climate-forcing agent, climate/weather factor, mitigation action, or adaptation action; no explicit climate component is present.
(EXCLUDE) The record substantively concerns postoperative acute kidney injury and clinical nitric oxide treatment in cardiac surgery patients, so it has a health component. However, nitric oxide is studied as a medical intervention, not as a climate factor, mitigation action, or adaptation action, and no other climate component is stated.
(EXCLUDE) The record substantively concerns postoperative acute kidney injury and clinical outcomes in cardiac-surgery patients, but nitric oxide is studied as a perioperative therapeutic intervention rather than as a climate factor, mitigation/adaptation action, or climate-related exposure. No explicit climate component is stated.",“To determine the effect of NO gas on renal function and other clinical outcomes in patients requiring cardiopulmonary bypass (CPB)”,0.00,98.48,2026-09-03_18-26-00_terra
55028098,27c06597-b89d-4e17-9c57-4ef83517cc85,Postoperative AKI After Open-Heart Surgery: What Else Can We Do?,5,include - best balance,True,,,,,False,False,"[self-consistency: 0/3 INCLUDE]
(EXCLUDE) The record addresses human health outcomes following cardiac surgery, but nitric oxide is studied as a perioperative clinical intervention rather than as a climate factor, mitigation/adaptation action, or climate-related exposure. No substantive climate component is present.
(EXCLUDE) The record concerns postoperative acute kidney injury and nitric oxide treatment in cardiac surgery, so it has a human-health component. However, it contains no substantive climate, weather, greenhouse-gas, fossil-fuel, climate mitigation, or climate-adaptation component; nitric oxide here is a clinical intervention rather than a climate-forcing agent studied in a climate context.
(EXCLUDE) The record concerns nitric oxide treatment and postoperative acute kidney injury in cardiac-surgery patients. It has a human health component, but nitric oxide in this clinical context is not a substantive climate factor, mitigation action, or adaptation action.","The primary outcome was the relative risk (RR) of acute kidney injury (AKI), irrespective of the AKI stage.",0.00,100.00,2026-09-03_18-26-00_terra
55028098,27c06597-b89d-4e17-9c57-4ef83517cc85,Postoperative AKI After Open-Heart Surgery: What Else Can We Do?,6,include - high recall,True,,,,,False,False,"[self-consistency: 0/3 INCLUDE]
(EXCLUDE) The record concerns clinical cardiac surgery, acute kidney injury, and nitric oxide treatment. It has a human-health component, but nitric oxide is studied as a medical intervention rather than as a greenhouse gas, climate factor, mitigation action, or adaptation action; no substantive climate component is present.
(EXCLUDE) The record concerns clinical cardiac surgery, acute kidney injury, and nitric oxide treatment. It contains no substantive climate/weather factor, climate-related hazard, mitigation action, or adaptation action; nitric oxide is used as a medical intervention rather than a climate-forcing agent.
(EXCLUDE) The record concerns postoperative acute kidney injury and medical nitric oxide administration during cardiac surgery. It has a human-health component, but nitric oxide is used as a clinical intervention rather than a substantive climate factor, mitigation action, or adaptation action.","""comparing the effect of nitric oxide (intervention) versus nitrogen (control) on AKI after cardiac surgery""",0.00,98.15,2026-09-03_18-26-00_terra
60092,2a09ff42-d7a2-4963-a995-057d0242d557,Muslim customer perceived value (MCPV) and tourists' travel decision making in purchasing Islamic tour package / Nurafiqah Mohamad Musa,0,include - high precision,True,,,,,False,False,"[self-consistency: 0/3 INCLUDE]
(EXCLUDE) The record concerns Muslim consumer values, religiosity, and tourism travel-package decision making. It does not explicitly address any climate factor, mitigation or adaptation action, nor human health outcomes or climate-health exposure pathways.
(EXCLUDE) The record concerns Islamic religiosity, consumer values, and tourists' decisions to purchase Islamic travel packages. It does not explicitly address any climate/weather factor, mitigation or adaptation action, or any human health outcome or exposure pathway.
(EXCLUDE) The record concerns Islamic consumer values, religiosity, and Malaysian tourists' travel-package decision-making. It does not explicitly address any climate/weather factor, mitigation or adaptation action, or any human health outcome or climate-health exposure pathway.","""The current study attempted to investigate the relationship between Muslim customer perceived values (MCPV) and tourists' travel decision making.""",0.00,98.64,2026-09-03_18-26-00_terra
60092,2a09ff42-d7a2-4963-a995-057d0242d557,Muslim customer perceived value (MCPV) and tourists' travel decision making in purchasing Islamic tour package / Nurafiqah Mohamad Musa,5,include - best balance,True,,,,,False,False,"[self-consistency: 0/3 INCLUDE]
(EXCLUDE) The record concerns Muslim consumer values, religiosity, and travel-package decision-making. It does not substantively address any climate factor, mitigation or adaptation action, or human health outcome or pathway.
(EXCLUDE) The record examines Muslim consumer values, religiosity, and travel-package decision-making. It contains no substantive climate, weather, mitigation, adaptation, or human-health component.
(EXCLUDE) The record concerns Muslim consumer values, religiosity, and tourism travel-package decision-making. It does not substantively address a climate/weather factor, climate mitigation or adaptation, or a human-health outcome or recognised climate-health pathway.",,0.00,0.00,2026-09-03_18-26-00_terra
60092,2a09ff42-d7a2-4963-a995-057d0242d557,Muslim customer perceived value (MCPV) and tourists' travel decision making in purchasing Islamic tour package / Nurafiqah Mohamad Musa,6,include - high recall,True,,,,,False,False,"[self-consistency: 0/3 INCLUDE]
(EXCLUDE) The record concerns Muslim consumer values, religiosity, and travel-package decision-making. It does not substantively address climate, weather, mitigation, adaptation, or a human-health outcome or exposure pathway.
(EXCLUDE) The record concerns Muslim consumers' religiosity, perceived values, and travel-package decisions. It contains no substantive climate, weather, emissions, mitigation, adaptation, or human-health component.
(EXCLUDE) The record concerns Muslim consumer values, religiosity, and travel-package decision making. It does not substantively address a climate/weather factor, climate mitigation or adaptation, or human health.",,0.00,0.00,2026-09-03_18-26-00_terra
1412,2b7e904e-e2c7-402b-9ac1-947d4a08c9c3,The Cultural Epigenesis of Gender-Based Violence in Cambodia: Local and Buddhist Perspectives,0,include - high precision,True,,,,,False,False,"[self-consistency: 0/3 INCLUDE]
(EXCLUDE) The record substantively concerns violence against women and related distress/prevention, but it contains no explicit climate, weather, climate-change, mitigation, or adaptation component.
(EXCLUDE) The record substantively concerns violence against women and its prevention, which is a human-health-related issue, but it contains no explicit climate, weather, climate hazard, mitigation, or adaptation component.
(EXCLUDE) The record substantively concerns violence against women and related distress/prevention, but it contains no explicit climate, weather, climate-change, mitigation, or adaptation component.","“Almost one in four women in Cambodia is a victim of physical, emotional or sexual violence.”",0.00,98.91,2026-09-03_18-26-00_terra
1412,2b7e904e-e2c7-402b-9ac1-947d4a08c9c3,The Cultural Epigenesis of Gender-Based Violence in Cambodia: Local and Buddhist Perspectives,5,include - best balance,True,,,,,False,False,"[self-consistency: 0/3 INCLUDE]
(EXCLUDE) The record substantively concerns violence against women and prevention, which is a human-health-related issue, but it contains no climate, weather, climate hazard, mitigation, or adaptation component.
(EXCLUDE) The record addresses violence against women and related distress, but contains no substantive climate, weather, climate-change, mitigation, or adaptation component.
(EXCLUDE) The record concerns violence against women and associated distress, so it has a human-health-related topic, but it contains no substantive climate, weather, climate hazard, mitigation, or adaptation component.","""Almost one in four women in Cambodia is a victim of physical, emotional or sexual violence.""",0.00,98.91,2026-09-03_18-26-00_terra
1412,2b7e904e-e2c7-402b-9ac1-947d4a08c9c3,The Cultural Epigenesis of Gender-Based Violence in Cambodia: Local and Buddhist Perspectives,6,include - high recall,True,,,,,False,False,"[self-consistency: 0/3 INCLUDE]
(EXCLUDE) The record concerns cultural explanations and prevention of violence against women in Cambodia, but it does not substantively address any climate/weather factor, climate mitigation, or climate adaptation action.
(EXCLUDE) The record addresses violence against women and associated distress, but it contains no substantive climate, weather, climate hazard, mitigation, or adaptation component.
(EXCLUDE) The record substantively concerns violence against women and related distress/prevention, but it contains no explicit or directly inferable climate, weather, climate hazard, mitigation, or adaptation component.",,0.00,0.00,2026-09-03_18-26-00_terra
32196041,2cbbd675-02fd-4acf-bda6-59327dfd1cce,Spatial-temp oral distribution of fish assemblages in the upstreams of Huangpu River and Suzhou Creek,0,include - high precision,True,,,,,False,False,"[self-consistency: 0/3 INCLUDE]
(EXCLUDE) The record examines fish assemblage diversity and water quality/connectivity. It does not explicitly address a climate or weather factor, climate mitigation/adaptation, or a substantive human health outcome or exposure pathway.
(EXCLUDE) The record concerns fish assemblage diversity and aquatic environmental conditions. It does not substantively address a climate/weather factor, mitigation, or adaptation, and it contains no explicit human-health outcome or human exposure pathway.
(EXCLUDE) The record concerns fish assemblage diversity and water quality/connectivity. It does not explicitly address a climate-related factor, mitigation, or adaptation, nor does it substantively connect to human health or a human exposure pathway.","Further, water quality and interconnectedness of waterways may be important factors influencing diversity of fish species in upper Suzhou creek.",0.00,100.00,2026-09-03_18-26-00_terra
32196041,2cbbd675-02fd-4acf-bda6-59327dfd1cce,Spatial-temp oral distribution of fish assemblages in the upstreams of Huangpu River and Suzhou Creek,5,include - best balance,True,,,,,False,False,"[self-consistency: 0/3 INCLUDE]
(EXCLUDE) The record examines fish assemblage diversity and aquatic environmental characteristics, but does not substantively address a climate/weather factor, climate mitigation/adaptation, or a human-health outcome or pathway.
(EXCLUDE) The record studies freshwater fish assemblages and water-quality-related ecological variation. It does not substantively address a climate/weather factor, climate mitigation or adaptation, nor human health or a recognised human climate-health exposure pathway.
(EXCLUDE) The record studies fish assemblage diversity and waterway characteristics. It does not substantively address a climate/weather factor, climate mitigation/adaptation, or human health or a recognised human-health exposure pathway.","Further, water quality and interconnectedness of waterways may be important factors influencing diversity of fish species in upper Suzhou creek.",0.00,100.00,2026-09-03_18-26-00_terra
32196041,2cbbd675-02fd-4acf-bda6-59327dfd1cce,Spatial-temp oral distribution of fish assemblages in the upstreams of Huangpu River and Suzhou Creek,6,include - high recall,True,,,,,False,False,"[self-consistency: 0/3 INCLUDE]
(EXCLUDE) The record concerns fish assemblages, water quality, and river connectivity. It does not substantively address a climate/weather factor, climate mitigation or adaptation, or human health or a recognised human climate-health pathway.
(EXCLUDE) The record examines fish assemblage diversity and waterway characteristics. It does not substantively address a climate/weather factor, climate mitigation or adaptation, nor human health or a recognised human climate-health exposure pathway.
(EXCLUDE) The record examines fish assemblage diversity and water quality/connectivity in rivers. It does not substantively address a climate or weather factor, mitigation, or adaptation action, and it does not address human health or a recognised climate-health exposure pathway.","""It was suggested that higher species diversity of fish in the upstream section of Huangpu River was due to a larger volume of water body, better interconnectedness of waterways and water quality.""",0.00,99.49,2026-09-03_18-26-00_terra
6994644,2f395670-3519-4993-9fe3-d62efbf02f7d,Itchy and scratchy? An investigation of human cercarial dermatitis in the UK,0,include - high precision,True,,,,,False,False,"[self-consistency: 0/3 INCLUDE]
(EXCLUDE) The record explicitly concerns a human health condition and its impacts on open-water swimmers, but it does not substantively address climate change, a weather/climate factor, climate-related hazard, mitigation, or adaptation.
(EXCLUDE) The record explicitly addresses a human health condition and its impacts on swimmers, but it contains no substantive climate or weather factor, climate mitigation, or climate adaptation component.
(EXCLUDE) The record explicitly concerns a human health condition and its impacts on swimmers, but it does not substantively address a climate or weather factor, climate-change impact, mitigation, or adaptation action.",Human cercarial dermatitis (CD) or cercariosis is a cutaneous allergic response caused by repeated penetration of avian and mammalian schistosome cercariae,0.00,100.00,2026-09-03_18-26-00_terra
6994644,2f395670-3519-4993-9fe3-d62efbf02f7d,Itchy and scratchy? An investigation of human cercarial dermatitis in the UK,5,include - best balance,True,,,,,False,False,"[self-consistency: 0/3 INCLUDE]
(EXCLUDE) The record concerns a human cutaneous disease associated with recreational water exposure, so it has a health component. However, it does not substantively address climate change, weather variables or extremes, greenhouse gases/fossil fuels, or a climate mitigation/adaptation action.
(EXCLUDE) The record concerns a human skin disease among open-water swimmers, but it does not substantively address a climate or weather factor, climate-related hazard, mitigation, or adaptation.
(EXCLUDE) The record addresses a human skin disease associated with recreational water exposure, so it has a health component, but it does not substantively address a climate or weather factor, climate mitigation, or climate adaptation.",Human cercarial dermatitis (CD) or cercariosis is a cutaneous allergic response caused by repeated penetration of avian and mammalian schistosome cercariae,0.00,100.00,2026-09-03_18-26-00_terra
6994644,2f395670-3519-4993-9fe3-d62efbf02f7d,Itchy and scratchy? An investigation of human cercarial dermatitis in the UK,6,include - high recall,True,,,,,False,False,"[self-consistency: 0/3 INCLUDE]
(EXCLUDE) The record concerns a human skin condition associated with open-water swimming and freshwater sites, so it has a health component. However, it does not substantively address climate change, weather variables, climate-related hazards, mitigation, or adaptation.
(EXCLUDE) The record concerns a human skin disease associated with recreational freshwater exposure, but it does not substantively address climate change, weather factors, climate-related hazards, mitigation, or adaptation.
(EXCLUDE) The record substantively addresses a human skin disease and exposure associated with open-water swimming, but it does not explicitly address climate change, weather or climate variables, climate-related hazards, mitigation, or adaptation.","""Human cercarial dermatitis (CD) or cercariosis is a cutaneous allergic response caused by repeated penetration of avian and mammalian schistosome cercariae""",0.00,99.36,2026-09-03_18-26-00_terra
32922,31161b93-6f46-454b-bcf0-1ace1e6f1761,Resilience of international oil trade networks under extreme event shock-recovery simulations,0,include - high precision,True,,,,,False,False,"[self-consistency: 0/3 INCLUDE]
(EXCLUDE) The record addresses oil trade, extreme-event shocks, resilience, and energy security, but it does not explicitly state any human health outcome, health exposure pathway, or health-system relevance. Therefore it lacks the required health component.
(EXCLUDE) The record concerns resilience and energy security in international oil trade networks, but it does not explicitly address a climate/weather factor or climate mitigation/adaptation, and it contains no explicit human health, health-system, or human exposure outcome.
(EXCLUDE) The record substantively concerns oil trade and energy security, which relates to fossil-fuel use, but it contains no explicit human health outcome, exposure, health-system issue, or stated protection of human health.","""Assessing the resilience of the international oil trade network (iOTN) is crucial for evaluating its ability to withstand extreme shocks and recover thereafter, ensuring energy security.""",0.00,98.94,2026-09-03_18-26-00_terra
32922,31161b93-6f46-454b-bcf0-1ace1e6f1761,Resilience of international oil trade networks under extreme event shock-recovery simulations,5,include - best balance,True,,,,,False,False,"[self-consistency: 0/3 INCLUDE]
(EXCLUDE) The record substantively concerns a fossil-fuel (oil) trade network, satisfying the climate component, but it addresses energy security and network resilience only and does not connect these to human health, health systems, or a recognised climate-health exposure pathway.
(EXCLUDE) The record substantively concerns fossil-fuel trade and energy security, which supplies a climate component, but it does not address human health, health systems, or a recognised climate-health exposure pathway.
(EXCLUDE) The record substantively concerns an oil trade network and resilience to extreme shocks, which engages fossil fuels, but it addresses energy security and network performance only. It does not state or infer a human health outcome, health exposure pathway, or protection of human health or health systems.","“Assessing the resilience of the international oil trade network (iOTN) is crucial for evaluating its ability to withstand extreme shocks and recover thereafter, ensuring energy security.”",0.00,98.94,2026-09-03_18-26-00_terra
32922,31161b93-6f46-454b-bcf0-1ace1e6f1761,Resilience of international oil trade networks under extreme event shock-recovery simulations,6,include - high recall,True,,,,,False,False,"[self-consistency: 0/3 INCLUDE]
(EXCLUDE) The record concerns resilience of an international oil trade network and energy security under unspecified extreme shocks. It does not substantively address climate change or a specific climate-related hazard, mitigation, or adaptation action, and it contains no human health outcome, health system, or recognised climate-health exposure pathway.
(EXCLUDE) The record substantively concerns international oil trade and energy-security network resilience, but it does not explicitly identify climate-related hazards or mitigation/adaptation actions, and it contains no human health outcome, exposure pathway, or health-system connection.
(EXCLUDE) The record substantively concerns oil trade and energy-security resilience, but it does not state or directly infer a human-health outcome, health system connection, or recognised climate-health exposure pathway. Its extreme-event resilience framing is not explicitly climate-related adaptation.","Assessing the resilience of the international oil trade network (iOTN) is crucial for evaluating its ability to withstand extreme shocks and recover thereafter, ensuring energy security.",0.00,100.00,2026-09-03_18-26-00_terra
4730636120,336a0cf5-5760-408f-be0a-3179301757d9,The strategic surprise of Russian information operations on social media in 2016 in the United States: mapping a blind spot,0,include - high precision,True,,,,,False,False,"[self-consistency: 0/3 INCLUDE]
(EXCLUDE) The record concerns Russian social-media information operations, cybersecurity, and election manipulation. It does not explicitly address any climate-related factor, mitigation/adaptation action, or human health outcome/exposure.
(EXCLUDE) The record concerns Russian information operations, cybersecurity, and social media manipulation. It does not explicitly address any climate or weather factor, climate mitigation/adaptation, or human health outcome or pathway.
(EXCLUDE) The record concerns Russian social-media information operations, cybersecurity, and the 2016 US election. It does not explicitly address any climate factor, mitigation/adaptation action, or human health outcome or exposure pathway.",“This article addresses the strategic blind spot around Russian information operations and the technocentric Western approach to cybersecurity that led to it.”,0.00,98.74,2026-09-03_18-26-00_terra
4730636120,336a0cf5-5760-408f-be0a-3179301757d9,The strategic surprise of Russian information operations on social media in 2016 in the United States: mapping a blind spot,5,include - best balance,True,,,,,False,False,"[self-consistency: 0/3 INCLUDE]
(EXCLUDE) The record concerns Russian social-media information operations, cybersecurity, and the 2016 US election. It does not substantively address a climate factor, mitigation/adaptation, or human health outcome or pathway.
(EXCLUDE) The record concerns Russian information operations, cybersecurity, and social media manipulation. It does not substantively address a climate-related factor, mitigation/adaptation, or a human health outcome or pathway.
(EXCLUDE) The record concerns cyber conflict, Russian social-media information operations, and cybersecurity. It does not substantively address any climate factor, mitigation/adaptation action, or human health outcome/pathway.",“This article addresses the strategic blind spot around Russian information operations and the technocentric Western approach to cybersecurity that led to it.”,0.00,98.74,2026-09-03_18-26-00_terra
4730636120,336a0cf5-5760-408f-be0a-3179301757d9,The strategic surprise of Russian information operations on social media in 2016 in the United States: mapping a blind spot,6,include - high recall,True,,,,,False,False,"[self-consistency: 0/3 INCLUDE]
(EXCLUDE) The record concerns Russian social-media information operations, cybersecurity, and the 2016 US election. It contains no substantive climate/weather, mitigation, or adaptation component, and no human-health component.
(EXCLUDE) The record concerns Russian social-media information operations, cybersecurity, and election manipulation. It contains no substantive climate, weather, mitigation, adaptation, or human-health component.
(EXCLUDE) The record concerns cybersecurity, Russian social-media information operations, and election manipulation. It contains no substantive climate/weather, mitigation, or adaptation component and no human health component.","""This article addresses the strategic blind spot around Russian information operations and the technocentric Western approach to cybersecurity that led to it.""",0.00,98.74,2026-09-03_18-26-00_terra
9808623,34908dea-73d4-43f1-bc15-d6d38000cded,Spreading Depolarization as a Therapeutic Target in Severe Ischemic Stroke: Physiological and Pharmacological Strategies,0,include - high precision,True,,,,,False,False,"[self-consistency: 0/3 INCLUDE]
(EXCLUDE) The record concerns clinical management and physiological variables in patients with malignant hemispheric stroke. Although it includes temperature, this is a patient physiological measurement rather than an explicitly stated climate or weather exposure; no substantive climate component is present.
(EXCLUDE) The record concerns clinical physiological temperature and pharmacologic treatment following malignant hemispheric stroke. Although it has a clear human-health component, it does not explicitly substantively address climate change, weather/climate exposures, climate mitigation, or climate adaptation.
(EXCLUDE) The record concerns clinical management and physiological variables in malignant hemispheric stroke patients. Although temperature is measured, it is a patient physiological variable and is not explicitly connected to climate, weather, climate change, or a climate-related hazard. Thus, it has a health component but no explicit substantive climate component.","“elevated temperature (OR 2.048, 95% CI 1.442–2.909) and WBC (OR 1.113, 95% CI 1.081–1.922) were associated with increased risk of SD.”",0.00,98.52,2026-09-03_18-26-00_terra
9808623,34908dea-73d4-43f1-bc15-d6d38000cded,Spreading Depolarization as a Therapeutic Target in Severe Ischemic Stroke: Physiological and Pharmacological Strategies,5,include - best balance,True,,,,,False,False,"[self-consistency: 0/3 INCLUDE]
(EXCLUDE) The record concerns clinical physiological variables and ketamine treatment in patients with malignant hemispheric stroke. Although it includes a human-health component, temperature is measured as an individual physiological variable rather than a climate or weather exposure, and no climate component is addressed.
(EXCLUDE) The record concerns clinical management and physiological predictors of spreading depolarization after malignant stroke. Although it measures patient temperature, this is a physiological variable rather than a substantive climate, weather, mitigation, or adaptation factor. Thus it has a health component but no qualifying climate component.
(EXCLUDE) The record concerns clinical management of malignant hemispheric stroke and physiological body temperature as a patient variable. It does not substantively address climate, weather, climate-related hazards, mitigation, or adaptation.","""elevated temperature (OR 2.048, 95% CI 1.442–2.909) and WBC (OR 1.113, 95% CI 1.081–1.922) were associated with increased risk of SD.""",0.00,98.52,2026-09-03_18-26-00_terra
9808623,34908dea-73d4-43f1-bc15-d6d38000cded,Spreading Depolarization as a Therapeutic Target in Severe Ischemic Stroke: Physiological and Pharmacological Strategies,6,include - high recall,True,,,,,False,False,"[self-consistency: 0/3 INCLUDE]
(EXCLUDE) The record concerns clinical management of spreading depolarization after malignant hemispheric stroke. Although it measures patient temperature and has a clear human-health focus, temperature is a physiological variable rather than a substantive climate or weather exposure, and no climate-related hazard, mitigation, or adaptation component is described.
(EXCLUDE) The record concerns physiological variables and ketamine treatment in patients with malignant hemispheric stroke. Although temperature is measured as a clinical physiological variable, it is not addressed as a climate or weather exposure, mitigation action, or adaptation action; therefore no substantive climate component is present.
(EXCLUDE) The record concerns physiological temperature and pharmacologic management in patients with malignant hemispheric stroke. It does not substantively address climate change, weather/climate exposures, climate-related hazards, mitigation, or adaptation; temperature is a clinical physiological variable rather than a climate factor.","""elevated temperature (OR 2.048, 95% CI 1.442–2.909) and WBC (OR 1.113, 95% CI 1.081–1.922) were associated with increased risk of SD.""",0.00,98.52,2026-09-03_18-26-00_terra
596984,350781d3-5778-4871-af69-cb4ac6b6cbaa,Thirty-two essential questions for understanding the social–ecological system of forage fish: the case of pacific herring,0,include - high precision,True,,,,,False,False,"[self-consistency: 0/3 INCLUDE]
(EXCLUDE) The record concerns participatory priority-setting and sustainable fisheries management for Pacific Herring. It does not explicitly address a climate/weather factor, climate mitigation/adaptation, or a substantive human-health outcome or exposure pathway.
(EXCLUDE) The record concerns participatory priority-setting and sustainable management of Pacific Herring fisheries. It does not explicitly address a climate/weather factor, mitigation, or adaptation action, nor does it substantively connect the work to human health, nutrition, food security, or another health outcome.
(EXCLUDE) The record concerns Pacific Herring fisheries management and a social–ecological system, but does not explicitly address a climate-related factor, mitigation, or adaptation, nor a substantive human health outcome or climate-health exposure pathway.",Pacific Herring are emblematic of the management issues facing forage species—they are central components of the Northeast Pacific pelagic food web and support important commercial fisheries.,0.00,100.00,2026-09-03_18-26-00_terra
596984,350781d3-5778-4871-af69-cb4ac6b6cbaa,Thirty-two essential questions for understanding the social–ecological system of forage fish: the case of pacific herring,5,include - best balance,True,,,,,False,False,"[self-consistency: 0/3 INCLUDE]
(EXCLUDE) The record concerns participatory priority-setting and sustainable fisheries management for Pacific Herring, but does not substantively address a climate/weather factor, climate mitigation, or climate adaptation. It also does not establish a direct human-health outcome or recognised climate-health exposure pathway.
(EXCLUDE) The record concerns participatory priority-setting and sustainable fisheries management for Pacific Herring. It does not substantively address a climate/weather factor, climate mitigation, or climate adaptation, and it does not establish a human-health outcome or climate-health pathway.
(EXCLUDE) The record concerns participatory fisheries management and a social–ecological system for Pacific Herring, but it does not substantively address a climate/weather factor, climate mitigation, or climate adaptation action. Therefore, although fisheries may relate to human livelihoods or food, the required climate component is absent.","“We then identified a set of questions, that, if answered, would significantly increase our ability to sustainably manage the Herring.”",0.00,98.52,2026-09-03_18-26-00_terra
596984,350781d3-5778-4871-af69-cb4ac6b6cbaa,Thirty-two essential questions for understanding the social–ecological system of forage fish: the case of pacific herring,6,include - high recall,True,,,,,False,False,"[self-consistency: 0/3 INCLUDE]
(EXCLUDE) The record concerns participatory priority-setting and sustainable management of Pacific Herring fisheries. It does not substantively address climate, weather, climate impacts, mitigation, or adaptation, and no direct climate-health pathway is described.
(EXCLUDE) The record concerns participatory planning and sustainable management of Pacific Herring fisheries, which may relate to food resources, but it does not substantively address a climate/weather factor, climate mitigation, or climate adaptation.
(EXCLUDE) The record concerns participatory priority-setting and sustainable management of Pacific Herring fisheries, but it does not explicitly address climate change, weather factors, climate hazards, mitigation, or adaptation. Therefore, no substantive climate component is established.",“We employed a participatory process to promote collaborative priority-setting for this critical forage species.”,0.00,98.23,2026-09-03_18-26-00_terra
68335678,37472b37-1ecf-4dee-ba11-15e3c9243818,"Cartographies of Everyday Conflicts in Public Spaces. Informal Micro-activities on Formal Infrastructure. Carapungo Entry Park, Quito",0,include - high precision,True,,,,,False,False,"[self-consistency: 0/3 INCLUDE]
(EXCLUDE) The record concerns cartography, informal activities, and use of public space in Quito. It does not explicitly address any climate/weather factor, mitigation or adaptation action, nor any human health outcome or climate-health exposure pathway.
(EXCLUDE) The record examines informal activities, public-space planning, and cartographic representation in Quito. It does not explicitly address a climate or weather factor, climate mitigation/adaptation, or a substantive human-health outcome or exposure pathway.
(EXCLUDE) The record concerns cartographic analysis of informal activities and public-space use in Quito. It does not explicitly address any climate/weather factor, mitigation/adaptation action, or human health outcome or exposure pathway.",,0.00,0.00,2026-09-03_18-26-00_terra
68335678,37472b37-1ecf-4dee-ba11-15e3c9243818,"Cartographies of Everyday Conflicts in Public Spaces. Informal Micro-activities on Formal Infrastructure. Carapungo Entry Park, Quito",5,include - best balance,True,,,,,False,False,"[self-consistency: 0/3 INCLUDE]
(EXCLUDE) The record concerns cartography, informal activities, and use of public space. It does not substantively address a climate/weather factor, climate mitigation or adaptation, or a human-health outcome or pathway.
(EXCLUDE) The record concerns cartographic analysis of informal activities and public-space use in Quito. It does not substantively address a climate/weather factor, climate mitigation or adaptation, or human health outcomes or pathways.
(EXCLUDE) The record concerns cartographic analysis of informal activities and public-space use in a park. It does not substantively address a climate/weather factor, climate mitigation or adaptation, nor human health or a recognised climate-health pathway.","""Carapungo Entry Park located in the north of Quito (Ecuador), is taken as a case study""",0.00,97.73,2026-09-03_18-26-00_terra
68335678,37472b37-1ecf-4dee-ba11-15e3c9243818,"Cartographies of Everyday Conflicts in Public Spaces. Informal Micro-activities on Formal Infrastructure. Carapungo Entry Park, Quito",6,include - high recall,True,,,,,False,False,"[self-consistency: 0/3 INCLUDE]
(EXCLUDE) The record concerns cartography, informal activities, and public-space planning in Quito. It does not substantively address a climate/weather factor, mitigation or adaptation, nor a human health outcome or recognised climate-health pathway.
(EXCLUDE) The record concerns cartography, informal activities, and public-space use in Quito. It does not substantively address a climate/weather factor, mitigation or adaptation action, or a human health outcome or recognised climate-health pathway.
(EXCLUDE) The record concerns cartography, informal activities, and public-space use in Quito. It does not substantively address a climate/weather factor, mitigation/adaptation, or human health outcome or pathway.","""this paper researches the existing and usually invisible relationships between informal micro-activities and formal public spaces.""",0.00,98.48,2026-09-03_18-26-00_terra
5133340359,378085c7-e574-4278-9471-624edde29d42,"Subjective Well-Being, Work Motivation and Organizational Commitment of Chinese Hotel Frontline Employees: A Moderated Mediation Study",0,include - high precision,True,,,,,False,False,"[self-consistency: 0/3 INCLUDE]
(EXCLUDE) The record addresses employee subjective well-being, motivation, and organizational commitment in hotels, but contains no explicit climate, weather, climate-change, mitigation, or adaptation component.
(EXCLUDE) The record examines employee wellbeing, work motivation, and organizational commitment in hotels, but it contains no explicit climate, weather, greenhouse-gas, mitigation, or adaptation component.
(EXCLUDE) The record addresses employee subjective well-being, work motivation, and organizational commitment in hotels, but it contains no explicit climate, weather, greenhouse-gas, mitigation, or adaptation component.",,0.00,0.00,2026-09-03_18-26-00_terra
5133340359,378085c7-e574-4278-9471-624edde29d42,"Subjective Well-Being, Work Motivation and Organizational Commitment of Chinese Hotel Frontline Employees: A Moderated Mediation Study",5,include - best balance,True,,,,,False,False,"[self-consistency: 0/3 INCLUDE]
(EXCLUDE) The record addresses employee subjective well-being and workplace factors, but contains no substantive climate, weather, climate-hazard, mitigation, or adaptation component.
(EXCLUDE) The record concerns employee wellbeing and organizational factors in hotels, but it does not substantively address any climate or weather factor, climate-related hazard, mitigation action, or adaptation action.
(EXCLUDE) The record addresses employee subjective well-being in relation to work motivation and organizational commitment, but it contains no substantive climate, weather, emissions, mitigation, or climate-adaptation component.","""This study examined the relationships among employee work motivation, subjective well-being (SWB), job enrichment and organizational commitment in a hotel industry context.""",0.00,98.85,2026-09-03_18-26-00_terra
5133340359,378085c7-e574-4278-9471-624edde29d42,"Subjective Well-Being, Work Motivation and Organizational Commitment of Chinese Hotel Frontline Employees: A Moderated Mediation Study",6,include - high recall,True,,,,,False,False,"[self-consistency: 0/3 INCLUDE]
(EXCLUDE) The record concerns employee wellbeing, motivation, and organizational commitment, but contains no substantive climate, weather, emissions, mitigation, or adaptation component.
(EXCLUDE) The record addresses employee wellbeing and organizational factors, but contains no substantive climate, weather, climate-impact, mitigation, or adaptation component.
(EXCLUDE) The record concerns employee wellbeing, motivation, and organizational commitment in hotels, but contains no substantive climate, weather, emissions, mitigation, or adaptation component.","This study examined the relationships among employee work motivation, subjective well-being (SWB), job enrichment and organizational commitment in a hotel industry context.",0.00,100.00,2026-09-03_18-26-00_terra
75313,37b7b6e8-f0f1-47ec-b313-b08af971ae5c,Does intellectual disability research consider the potential impact of geographic location?,0,include - high precision,True,,,,,False,False,"[self-consistency: 0/3 INCLUDE]
(EXCLUDE) The record concerns rural versus metropolitan geographic location and access to services for people with intellectual disability. It does not explicitly address climate change, weather, climate-related hazards, mitigation, or adaptation, so it lacks a substantive climate component.
(EXCLUDE) The record concerns rural geographic disadvantage and access to services among people with intellectual disability, but it does not explicitly address any climate/weather factor, climate change, mitigation, or adaptation. Therefore it lacks the required climate component.
(EXCLUDE) The record concerns rural geographic disadvantage and intellectual disability research, but does not explicitly address any climate/weather factor, climate change, mitigation, or adaptation. Although it relates to healthcare access and disability, it lacks the required substantive climate component.",“Little attention has been paid to geographic location in the sampled intellectual disability literature.”,0.00,98.11,2026-09-03_18-26-00_terra
75313,37b7b6e8-f0f1-47ec-b313-b08af971ae5c,Does intellectual disability research consider the potential impact of geographic location?,5,include - best balance,True,,,,,False,False,"[self-consistency: 0/3 INCLUDE]
(EXCLUDE) The record concerns geographic/rural representation in intellectual-disability research and access to services. It has a health-related context, but does not substantively address climate change, weather, climate hazards, mitigation, or adaptation.
(EXCLUDE) The record concerns rural versus metropolitan geographic location and access to services for people with intellectual disability. It addresses a health-related population and healthcare access, but does not substantively address climate change, weather, climate hazards, mitigation, or adaptation.
(EXCLUDE) The record addresses geographic/rural disadvantage and access to healthcare among people with intellectual disability, but it does not substantively address a climate or weather factor, climate mitigation, or climate adaptation.","“Residing in a rural location is associated with socioeconomic disadvantage and reduced access to essential services such as housing, education, transport and healthcare.”",0.00,98.83,2026-09-03_18-26-00_terra
75313,37b7b6e8-f0f1-47ec-b313-b08af971ae5c,Does intellectual disability research consider the potential impact of geographic location?,6,include - high recall,True,,,,,False,False,"[self-consistency: 0/3 INCLUDE]
(EXCLUDE) The record concerns rural versus metropolitan geographic location, socioeconomic disadvantage, service access, and intellectual disability research. It does not substantively address climate change, weather, climate hazards, mitigation, or adaptation.
(EXCLUDE) The record concerns rural versus metropolitan geographic location and access to services for people with intellectual disability. It does not substantively address climate, weather, climate-related hazards, mitigation, or adaptation.
(EXCLUDE) The record addresses rural versus metropolitan geographic disadvantage and intellectual disability research, but does not substantively address climate/weather factors, climate mitigation, or climate adaptation.",Little attention has been paid to geographic location in the sampled intellectual disability literature.,0.00,100.00,2026-09-03_18-26-00_terra
3634593,384fac3b-6696-44be-bb47-87d9b66b3e6c,"Numerical investigation of heat and moisture migration in clayey and sandy soils, exploring seasonal fluctuations",0,include - high precision,True,,,,,False,False,"[self-consistency: 0/3 INCLUDE]
(EXCLUDE) The record substantively concerns geothermal energy systems and meteorological effects on soil thermal behaviour, but it does not explicitly address human health, health systems, human exposure, or a recognised climate-health pathway.
(EXCLUDE) The record substantively addresses meteorological conditions and geothermal-energy system design, but it contains no explicit human health outcome, exposure pathway affecting people, or health-system/livelihood protection aim.
(EXCLUDE) The record substantively examines meteorological and temperature-related effects on shallow geothermal soil systems, but it contains no explicit human-health outcome, exposure pathway affecting people, or health-system connection.","""This research offers crucial insights into the optimization of both the design and implementation of geothermal systems.""",0.00,99.17,2026-09-03_18-26-00_terra
3634593,384fac3b-6696-44be-bb47-87d9b66b3e6c,"Numerical investigation of heat and moisture migration in clayey and sandy soils, exploring seasonal fluctuations",5,include - best balance,True,,,,,False,False,"[self-consistency: 0/3 INCLUDE]
(EXCLUDE) The record addresses geothermal energy systems and meteorological effects on soil thermal behaviour, but it does not substantively connect these topics to human health, health systems, or a recognised climate-health exposure pathway.
(EXCLUDE) The record concerns geothermal energy systems and meteorological effects on soil thermal behaviour, which may relate to low-carbon energy, but it does not substantively address human health, health systems, or a recognised climate-health exposure pathway.
(EXCLUDE) The record addresses geothermal energy and meteorological effects on soil thermal behaviour, which may relate to low-carbon energy, but it does not substantively address any human health outcome, health exposure pathway, or health system.",This research offers crucial insights into the optimization of both the design and implementation of geothermal systems.,0.00,100.00,2026-09-03_18-26-00_terra
3634593,384fac3b-6696-44be-bb47-87d9b66b3e6c,"Numerical investigation of heat and moisture migration in clayey and sandy soils, exploring seasonal fluctuations",6,include - high recall,True,,,,,False,True,"[self-consistency: 3/3 INCLUDE]
(INCLUDE) The record addresses geothermal energy systems, a renewable-energy technology that can reduce or replace fossil-fuel use and therefore constitutes a climate-mitigation action. Under the screening criteria, a mitigation action qualifies even without a separately stated health outcome.
(INCLUDE) The study substantively examines the design and efficiency of geothermal energy systems, a renewable-energy technology that constitutes a climate-mitigation action by replacing fossil-fuel energy use. Under the criteria, a mitigation action qualifies even without a separate health outcome.
(INCLUDE) The study substantively concerns optimizing geothermal energy systems. Geothermal energy is a renewable-energy technology that can replace fossil-fuel energy use and therefore constitutes a climate-mitigation action; mitigation actions qualify even without a separate health outcome.",Geothermal energy is widely known as a sustainable and eco-friendly energy source.,0.00,100.00,2026-09-03_18-26-00_terra
42217886,38c2095e-afd4-41ec-881c-6231082bac2d,Steel Work Design and Analysis of a Mobile Floor Crane,0,include - high precision,True,,,,,False,False,"[self-consistency: 0/3 INCLUDE]
(EXCLUDE) The record concerns the design and fabrication of a mobile floor crane to reduce workshop hazards to engineers. It contains an occupational health/safety context, but no explicit climate, weather, greenhouse-gas, mitigation, or climate-adaptation component.
(EXCLUDE) The record discusses occupational hazards to engineers associated with moving heavy equipment, so it has a health-related aspect. However, it contains no explicit climate, weather, greenhouse-gas, fossil-fuel, mitigation, or climate-adaptation component.
(EXCLUDE) The record concerns design and fabrication of a mobile floor crane to reduce workshop hazards to engineers. Although it mentions health-related workplace hazards, it contains no explicit climate, weather, emissions, fossil fuel, mitigation, or climate-adaptation component.","""The transportation of heavy machine parts and equipment within and outside the workshop has been a source of concern and needs urgent attention because of the hazard it exhibits.""",0.00,99.44,2026-09-03_18-26-00_terra
42217886,38c2095e-afd4-41ec-881c-6231082bac2d,Steel Work Design and Analysis of a Mobile Floor Crane,5,include - best balance,True,,,,,False,False,"[self-consistency: 0/3 INCLUDE]
(EXCLUDE) The record concerns fabrication of a mobile floor crane to reduce workshop hazards to engineers, which is an occupational safety topic. It contains no substantive climate, weather, emissions, fossil fuel, mitigation, or climate-adaptation component.
(EXCLUDE) The document concerns design and fabrication of a mobile floor crane to reduce workshop hazards to engineers. It contains an occupational-health/safety context, but does not substantively address any climate, weather, greenhouse-gas, fossil-fuel, mitigation, or climate-adaptation component.
(EXCLUDE) The record concerns designing and fabricating a mobile floor crane to reduce workshop hazards to engineers. Although it mentions health hazards, it contains no substantive climate, weather, emissions, fossil-fuel, mitigation, or climate-adaptation component.","""The transportation of heavy machine parts and equipment within and outside the workshop has been a source of concern and needs urgent attention because of the hazard it exhibits.""",0.00,99.44,2026-09-03_18-26-00_terra
42217886,38c2095e-afd4-41ec-881c-6231082bac2d,Steel Work Design and Analysis of a Mobile Floor Crane,6,include - high recall,True,,,,,False,False,"[self-consistency: 0/3 INCLUDE]
(EXCLUDE) The record concerns fabrication of a mobile floor crane to reduce workplace hazards for engineers. Although it has an occupational safety/health relevance, it contains no substantive climate, weather, emissions, fossil-fuel, mitigation, or climate-adaptation component.
(EXCLUDE) The document concerns engineering design and fabrication of a mobile floor crane to reduce workshop handling hazards. Although it mentions engineers' health, it contains no substantive climate, weather, emissions, fossil-fuel, mitigation, or climate-adaptation component.
(EXCLUDE) The record concerns the engineering design and fabrication of a mobile floor crane to reduce workshop hazards. Although it mentions engineers' health, it contains no substantive climate, weather, emissions, fossil-fuel, mitigation, or adaptation component.",“The transportation of heavy machine parts and equipment within and outside the workshop has been a source of concern and needs urgent attention because of the hazard it exhibits.”,0.00,99.44,2026-09-03_18-26-00_terra
7749270,39180206-ec56-4643-a33e-e0efd27c176d,Defense Scheme to Avoid Voltage Collapse in Transmission Lines: A Case Study of Paiton- Situbondo Transmission Lines,0,include - high precision,True,,,,,False,False,"[self-consistency: 0/3 INCLUDE]
(EXCLUDE) The record concerns electrical power-system stability and service continuity. It does not explicitly address climate/weather, climate mitigation or adaptation, nor human health outcomes or health systems.
(EXCLUDE) The record concerns electrical transmission-system voltage and frequency stability. It does not explicitly address a climate factor, mitigation or adaptation action, nor human health or health systems.
(EXCLUDE) The record concerns electrical power-system voltage and frequency stability. It does not explicitly address a climate/weather factor, climate mitigation or adaptation, or human health outcomes or exposures.",This paper focuses on the Paiton-Situbondo 150 kV transmission lines as the backbone of the power transfer from Java to Bali to investigating the role and effectiveness of the combination of frequency and voltage threshold to maintain the system stability when the faults occur on the transmission lines.,0.00,100.00,2026-09-03_18-26-00_terra
7749270,39180206-ec56-4643-a33e-e0efd27c176d,Defense Scheme to Avoid Voltage Collapse in Transmission Lines: A Case Study of Paiton- Situbondo Transmission Lines,5,include - best balance,True,,,,,False,False,"[self-consistency: 0/3 INCLUDE]
(EXCLUDE) The record concerns electrical transmission-system stability and service reliability. It does not substantively address a climate factor, climate mitigation/adaptation, or human health outcome or recognised climate-health exposure pathway.
(EXCLUDE) The record concerns electrical transmission-system stability and service continuity. It does not substantively address a climate/weather factor, climate mitigation or adaptation, or human health outcomes or recognised climate-health exposure pathways.
(EXCLUDE) The record concerns electrical power-system voltage and frequency stability. It does not substantively address a climate factor, climate mitigation/adaptation, or human health outcome/pathway.","""This paper focuses on the Paiton-Situbondo 150 kV transmission lines as the backbone of the power transfer from Java to Bali to investigating the role and effectiveness of the combination of frequency and voltage threshold to maintain the system stability when the faults occur on the transmission lines.""",0.00,99.67,2026-09-03_18-26-00_terra
7749270,39180206-ec56-4643-a33e-e0efd27c176d,Defense Scheme to Avoid Voltage Collapse in Transmission Lines: A Case Study of Paiton- Situbondo Transmission Lines,6,include - high recall,True,,,,,False,False,"[self-consistency: 0/3 INCLUDE]
(EXCLUDE) The record concerns electrical power-system stability and voltage/frequency thresholds. It does not substantively address climate factors, mitigation or adaptation, nor human health or a recognised climate-health exposure pathway.
(EXCLUDE) The record concerns electrical transmission-system voltage and frequency stability, rather than climate/weather factors, climate mitigation or adaptation, or human health outcomes/exposure pathways.
(EXCLUDE) The record concerns electrical power-system stability and load shedding following transmission-line faults. It does not substantively address climate change, weather, mitigation/adaptation, or human health.","""This paper focuses on the Paiton-Situbondo 150 kV transmission lines as the backbone of the power transfer from Java to Bali to investigating the role and effectiveness of the combination of frequency and voltage threshold to maintain the system stability when the faults occur on the transmission lines.""",0.00,99.67,2026-09-03_18-26-00_terra
7418,39649e6d-22fa-4eb0-887e-428d094cd979,Removal of Co <sup>2+</sup> Ions in Aqueous Solution via Capacitive Deionization Using a TiO <sub>2</sub> Nanoparticle-Based Electrode,0,include - high precision,True,,,,,False,False,"[self-consistency: 0/3 INCLUDE]
(EXCLUDE) The record explicitly mentions health risks and human health safeguarding, but it does not substantively address any climate/weather factor, climate mitigation, or climate adaptation action. It concerns cobalt removal from wastewater.
(EXCLUDE) The record addresses removal of cobalt contamination and mentions health risks, but it contains no explicit substantive climate, weather, climate-mitigation, or climate-adaptation component. Cobalt contamination and radioactive wastewater treatment are not climate components under the criteria.
(EXCLUDE) The record explicitly mentions environmental and human-health safeguarding, but it concerns cobalt removal from wastewater and does not substantively address climate change, weather, climate-related hazards, greenhouse gases, fossil fuels, or climate mitigation/adaptation.",Cobalt contamination from industrial and radioactive sources poses serious environmental and health risks.,0.00,100.00,2026-09-03_18-26-00_terra
7418,39649e6d-22fa-4eb0-887e-428d094cd979,Removal of Co <sup>2+</sup> Ions in Aqueous Solution via Capacitive Deionization Using a TiO <sub>2</sub> Nanoparticle-Based Electrode,5,include - best balance,True,,,,,False,False,"[self-consistency: 0/3 INCLUDE]
(EXCLUDE) The record concerns removal of cobalt contamination from wastewater using capacitive deionization. Although it mentions health risks and human health safeguarding, it does not substantively address a climate or weather factor, climate mitigation, or climate adaptation.
(EXCLUDE) The record concerns a capacitive deionization system for removing cobalt from wastewater. Although it mentions health risks and human health safeguarding, it does not substantively address any climate/weather factor, climate mitigation, or climate adaptation action.
(EXCLUDE) The record concerns capacitive deionization to remove cobalt from contaminated water, with health safeguarding mentioned as a potential application. It does not substantively address a climate/weather factor, climate mitigation, or climate adaptation action.","""Cobalt contamination from industrial and radioactive sources poses serious environmental and health risks.""",0.00,99.07,2026-09-03_18-26-00_terra
7418,39649e6d-22fa-4eb0-887e-428d094cd979,Removal of Co <sup>2+</sup> Ions in Aqueous Solution via Capacitive Deionization Using a TiO <sub>2</sub> Nanoparticle-Based Electrode,6,include - high recall,True,,,,,False,False,"[self-consistency: 0/3 INCLUDE]
(EXCLUDE) The record concerns removal of cobalt from industrial/radioactive wastewater and mentions health safeguarding, but it does not substantively address a climate or weather factor, climate mitigation, or climate adaptation action.
(EXCLUDE) The record concerns electrochemical removal of cobalt from wastewater and mentions health safeguarding, but it does not substantively address any climate/weather factor, climate mitigation, or climate adaptation action.
(EXCLUDE) The record addresses cobalt removal for environmental remediation and mentions health risks, but it does not substantively address climate change, weather factors, greenhouse gases, fossil fuels, mitigation, or climate adaptation.",Cobalt contamination from industrial and radioactive sources poses serious environmental and health risks.,0.00,100.00,2026-09-03_18-26-00_terra
106849,39744ac9-6ebd-46d1-93ac-c3a09ebafb3a,"Pressurized low polarity water extraction of lignans, proteins and carbohydrates from flaxseed meal",0,include - high precision,True,,,,,False,False,"[self-consistency: 0/3 INCLUDE]
(EXCLUDE) The record concerns food-processing extraction methods and kinetics. Although it mentions potential benefits against cancers and heart diseases, it does not substantively address a climate/weather factor, climate mitigation, or climate adaptation.
(EXCLUDE) The record concerns optimization and kinetics of extracting flaxseed compounds. Although it mentions potential benefits against cancers and heart diseases, it does not substantively address a climate/weather factor, climate mitigation, or climate adaptation.
(EXCLUDE) The record concerns optimization and kinetics of extracting flaxseed compounds. Although it mentions potential benefits against cancers and heart diseases, it does not substantively address any climate/weather factor, climate mitigation or adaptation action, or human climate-health exposure pathway.","“This study (Experiment 1) examined the application of pressurized low polarity water (PLPW) for extraction of lignans, proteins and carbohydrates from defatted flaxseed meal.”",0.00,98.86,2026-09-03_18-26-00_terra
106849,39744ac9-6ebd-46d1-93ac-c3a09ebafb3a,"Pressurized low polarity water extraction of lignans, proteins and carbohydrates from flaxseed meal",5,include - best balance,True,,,,,False,False,"[self-consistency: 0/3 INCLUDE]
(EXCLUDE) The record concerns optimization and kinetics of extracting flaxseed constituents. Although it mentions potential benefits against cancers and heart disease, it does not substantively address a climate/weather factor, climate mitigation, or climate adaptation.
(EXCLUDE) The record concerns optimization and kinetics of a food-component extraction process. Although it briefly mentions potential benefits against cancers and heart diseases, it does not substantively address a climate/weather factor, climate mitigation, or climate adaptation.
(EXCLUDE) The record concerns optimization and kinetics of extracting flaxseed constituents. Although it mentions potential benefits against cancers and heart diseases, it does not substantively address a climate/weather factor, climate mitigation, or climate adaptation.","""This study (Experiment 1) examined the application of pressurized low polarity water (PLPW) for extraction of lignans, proteins and carbohydrates from defatted flaxseed meal.""",0.00,98.86,2026-09-03_18-26-00_terra
106849,39744ac9-6ebd-46d1-93ac-c3a09ebafb3a,"Pressurized low polarity water extraction of lignans, proteins and carbohydrates from flaxseed meal",6,include - high recall,True,,,,,False,False,"[self-consistency: 0/3 INCLUDE]
(EXCLUDE) The record concerns optimization and modelling of flaxseed-meal extraction processes. Although it mentions potential physiological benefits of lignans, it does not substantively address any climate/weather factor, mitigation action, or climate adaptation action.
(EXCLUDE) The record concerns food-processing extraction conditions and kinetics. Although it mentions potential benefits against cancers and heart disease, it does not substantively address climate change, weather, greenhouse gases, mitigation, or adaptation; the extraction temperatures are processing parameters rather than a climate factor.
(EXCLUDE) The record concerns laboratory optimization and kinetics of flaxseed-component extraction. Temperatures are processing conditions rather than a climate/weather exposure or mitigation/adaptation topic, and it does not substantively investigate human health outcomes.","""This study (Experiment 1) examined the application of pressurized low polarity water (PLPW) for extraction of lignans, proteins and carbohydrates from defatted flaxseed meal.""",0.00,98.86,2026-09-03_18-26-00_terra
64427,3cc23bac-8db1-4198-8eba-e311505c5224,Wartime research on malaria chemotherapy.,0,include - high precision,True,,,,,False,False,"[self-consistency: 0/3 INCLUDE]
(EXCLUDE) The record concerns malaria and development and clinical testing of antimalarial drugs, establishing a human-health component. However, it does not explicitly address a climate/weather factor, climate mitigation, or climate adaptation action.
(EXCLUDE) The record substantively concerns human malaria and antimalarial drug trials, but it contains no explicit climate, weather, climate-related hazard, mitigation, or adaptation component.
(EXCLUDE) The record substantively concerns human malaria and antimalarial drug trials, but it does not explicitly address any climate/weather factor, climate-related hazard, mitigation action, or adaptation action.","""Large scale clinical trials of the most promising compounds which emerged from the American and British programs were carried out in Australia.""",0.00,98.62,2026-09-03_18-26-00_terra
64427,3cc23bac-8db1-4198-8eba-e311505c5224,Wartime research on malaria chemotherapy.,5,include - best balance,True,,,,,False,False,"[self-consistency: 0/3 INCLUDE]
(EXCLUDE) The record concerns malaria and antimalarial drug development and clinical trials, so it has a human-health component. However, it does not substantively address climate, weather, climate-related hazards, mitigation, or adaptation.
(EXCLUDE) The record substantively concerns human malaria and antimalarial drug development, so it has a health component. However, it does not address climate, weather, climate-related hazards, greenhouse gases, or climate mitigation/adaptation.
(EXCLUDE) The record concerns malaria and development of antimalarial drugs, but it does not substantively address a climate or weather factor, climate mitigation, or climate adaptation.",“Malaria was a major problem for the opposing forces in World War II.”,0.00,98.55,2026-09-03_18-26-00_terra
64427,3cc23bac-8db1-4198-8eba-e311505c5224,Wartime research on malaria chemotherapy.,6,include - high recall,True,,,,,False,False,"[self-consistency: 0/3 INCLUDE]
(EXCLUDE) The record concerns the wartime development and clinical testing of antimalarial drugs. Although it addresses human health, it does not substantively address a climate/weather factor, climate-related hazard, mitigation, or adaptation action.
(EXCLUDE) The record concerns historical antimalarial drug discovery and clinical trials. It addresses human health (malaria) but contains no substantive climate, weather, climate-related hazard, mitigation, or adaptation component.
(EXCLUDE) The record concerns wartime research and clinical trials of antimalarial drugs. Although it addresses human health (malaria), it does not substantively address a climate or weather factor, climate mitigation, or climate adaptation.",Malaria was a major problem for the opposing forces in World War II.,0.00,100.00,2026-09-03_18-26-00_terra
67548,3d490922-3379-4092-9d5b-f1c7604cd51b,,0,include - high precision,True,,,,,False,False,"[self-consistency: 0/3 INCLUDE]
(EXCLUDE) The record studies ozonated water as an experimental treatment for wound regeneration in zebrafish. It does not substantively address a climate-related ozone exposure or climate action, and the reported health-related outcomes are in an animal model rather than human health.
(EXCLUDE) The record studies ozonated water as an experimental wound-healing treatment in zebrafish. It does not substantively address a climate factor, mitigation, or adaptation, and its health findings are in an animal model rather than human health.
(EXCLUDE) The record studies ozonated water as a treatment in an experimental zebrafish wound-regeneration model. It does not substantively address a climate factor in a climate context, and it provides no human-health outcome or human exposure.",We successfully established a zebrafish model of ozonated water treatment,0.00,100.00,2026-09-03_18-26-00_terra
67548,3d490922-3379-4092-9d5b-f1c7604cd51b,,5,include - best balance,True,,,,,False,False,"[self-consistency: 0/3 INCLUDE]
(EXCLUDE) Exclude. The record studies ozonated water as a treatment in a zebrafish regeneration model. It does not substantively address a climate factor, mitigation, or adaptation, and the health-related findings are in an animal model rather than human health.
(EXCLUDE) Although ozone is mentioned, it is used as an experimental treatment rather than studied as a climate-related exposure or forcing agent. The health-related findings are limited to a zebrafish model, not human health or a human-health exposure pathway.
(EXCLUDE) The study examines ozonated water as a treatment in a zebrafish wound-regeneration model. It does not substantively address a climate-related ozone exposure or climate action, and its health-related findings are not human-health outcomes.","""We successfully established a zebrafish model of ozonated water treatment and demonstrate that ozonated water stimulates the regeneration of the zebrafish caudal fin""",0.00,98.80,2026-09-03_18-26-00_terra
67548,3d490922-3379-4092-9d5b-f1c7604cd51b,,6,include - high recall,True,,,,,False,False,"[self-consistency: 0/3 INCLUDE]
(EXCLUDE) The record studies ozonated water as a treatment in a zebrafish wound-regeneration model. It does not substantively address a climate-related ozone/air-quality exposure, mitigation, or adaptation, and it contains no human health outcome.
(EXCLUDE) The record concerns ozonated-water treatment in a zebrafish wound-regeneration model. Ozone is used as an experimental treatment rather than as a substantive climate factor, and the outcome is not human health.
(EXCLUDE) The record concerns ozonated-water treatment and tissue regeneration in a zebrafish model. It does not substantively address a climate factor, mitigation, or adaptation, and the biological outcome is not a human-health outcome.",We successfully established a zebrafish model of ozonated water treatment and demonstrate that ozonated water stimulates the regeneration of the zebrafish caudal fin,0.00,100.00,2026-09-03_18-26-00_terra
22339,3d63f91c-fdd7-45c1-be82-a5252d727499,Significance of dietary sulphur and sulphate reducing bacteria in lactating dairy cattle: A review,0,include - high precision,True,,,,,True,False,"[self-consistency: 0/3 INCLUDE]
(EXCLUDE) The record mentions methane gas emissions, a climate-forcing agent, but discusses sulphur nutrition and effects in dairy cattle. It does not explicitly address human health, human exposure, or a human health system.
(EXCLUDE) The record mentions methane emissions, which is a climate-forcing agent, but discusses sulphur nutrition and effects in dairy cattle only. It does not explicitly address human health, human exposure, or a human-health-related climate pathway.
(EXCLUDE) The record mentions methane gas emissions, but it concerns sulphur nutrition and performance or harmful effects in dairy cattle. It does not explicitly address a substantive climate topic or human health outcome/exposure.","Controlled amount of sulphur in dairy cattle can improve their performance in context of milk, digestion with the help of sulphate reducing bacteria, methane gas emission, but if given in dose more than the permissible level, may result into harmful effects.",0.00,100.00,2026-09-03_18-26-00_terra
22339,3d63f91c-fdd7-45c1-be82-a5252d727499,Significance of dietary sulphur and sulphate reducing bacteria in lactating dairy cattle: A review,5,include - best balance,True,,,,,True,False,"[self-consistency: 0/3 INCLUDE]
(EXCLUDE) The record concerns sulphur nutrition and performance in dairy cattle, with methane emissions mentioned incidentally. It does not substantively address a climate factor, mitigation/adaptation action, or human health outcome/pathway.
(EXCLUDE) The record mentions methane gas emissions in relation to sulphur supplementation in dairy cattle, but it concerns animal nutrition and performance and does not substantively address human health or a recognised human-health exposure pathway.
(EXCLUDE) The record concerns sulphur nutrition and performance in dairy cattle. Although methane emissions are mentioned, it does not substantively address human health or a recognised human-health exposure pathway.","Controlled amount of sulphur in dairy cattle can improve their performance in context of milk, digestion with the help of sulphate reducing bacteria, methane gas emission, but if given in dose more than the permissible level, may result into harmful effects.",0.00,100.00,2026-09-03_18-26-00_terra
22339,3d63f91c-fdd7-45c1-be82-a5252d727499,Significance of dietary sulphur and sulphate reducing bacteria in lactating dairy cattle: A review,6,include - high recall,True,,,,,True,True,"[self-consistency: 3/5 INCLUDE]
(EXCLUDE) The record concerns sulphur nutrition and performance in dairy cattle. Although methane gas emission is mentioned, it is not substantively analysed as a climate factor or mitigation action, and the document does not address human health or a recognised human climate-health pathway.
(INCLUDE) The record substantively addresses methane gas emissions from dairy cattle. Methane is a greenhouse gas, and managing animal nutrition to affect methane emissions is a plausible mitigation-related practice; mitigation actions qualify under the screening criteria without a separate human-health outcome.
(EXCLUDE) The record concerns sulphur nutrition and performance in dairy cattle. Although methane gas emission is mentioned, it does not substantively address a climate factor, mitigation action, or adaptation action, and it provides no human-health outcome or recognised human climate-health exposure pathway.
(INCLUDE) The record substantively addresses methane gas emissions in dairy cattle. Methane is a greenhouse gas, and modifying animal nutrition to affect methane emissions is a mitigation-related practice, which qualifies even without a separate human-health outcome.
(INCLUDE) The record substantively addresses methane gas emissions in dairy cattle. Methane is a greenhouse gas, so this provides a climate component; dairy production/milk is a food-livestock pathway relevant to human health under the screening criteria.","Controlled amount of sulphur in dairy cattle can improve their performance in context of milk, digestion with the help of sulphate reducing bacteria, methane gas emission, but if given in dose more than the permissible level, may result into harmful effects.",0.00,100.00,2026-09-03_18-26-00_terra
48035405,3de52b5d-ad86-47d8-b524-2291a43dbc56,Occurrence and Genotypic Characterization of Selected Multidrug-resistant ESKAPE-E Pathogens Isolated from Integrated Smallholder Fresh Produce Farms,0,include - high precision,True,,,,,False,False,"[self-consistency: 0/3 INCLUDE]
(EXCLUDE) The record substantively concerns antimicrobial resistance in agricultural water, soil, and produce, which is relevant to public health. However, it does not explicitly address climate change, weather or climate hazards, greenhouse gases/fossil fuels, or a climate mitigation or adaptation action.
(EXCLUDE) The record substantively concerns antimicrobial resistance in irrigation water, soil, and produce, which is a public-health-relevant topic. However, it does not explicitly address climate change, a weather or climate factor, a climate-related hazard, or a climate mitigation/adaptation action. Water is sampled as an agricultural/environmental matrix rather than as a stated climate-related human-health exposure pathway.
(EXCLUDE) The record addresses antimicrobial resistance in agricultural water, soil, and produce, which is relevant to public health, but it does not explicitly address any climate or weather factor, climate-change impact, mitigation action, or climate adaptation action.",This study aimed to evaluate the presence and characteristics (phenotypic and genotypic AMR profiles) of ESBL/AmpC-producing Enterobacterales and P. aeruginosa isolates obtained from the water-soil-plant nexus on smallholder fresh produce farms in South Africa.,0.00,100.00,2026-09-03_18-26-00_terra
48035405,3de52b5d-ad86-47d8-b524-2291a43dbc56,Occurrence and Genotypic Characterization of Selected Multidrug-resistant ESKAPE-E Pathogens Isolated from Integrated Smallholder Fresh Produce Farms,5,include - best balance,True,,,,,False,False,"[self-consistency: 0/3 INCLUDE]
(EXCLUDE) The record substantively concerns antimicrobial resistance and potential food/environmental health risks, but it does not address a climate or weather factor, climate mitigation, or climate adaptation action.
(EXCLUDE) The record concerns antimicrobial resistance in agricultural water, soil, and produce, which is a human-health/public-health issue, but it does not substantively address a climate or weather factor, climate-related hazard, mitigation, or adaptation action.
(EXCLUDE) The record addresses antimicrobial resistance with potential public-health relevance, but it does not substantively address climate change, weather factors, climate-related hazards, or a climate mitigation/adaptation action. Water is sampled as an environmental matrix rather than as a climate-related or human water-health exposure.",This study aimed to evaluate the presence and characteristics (phenotypic and genotypic AMR profiles) of ESBL/AmpC-producing Enterobacterales and P. aeruginosa isolates obtained from the water-soil-plant nexus on smallholder fresh produce farms in South Africa.,0.00,100.00,2026-09-03_18-26-00_terra
48035405,3de52b5d-ad86-47d8-b524-2291a43dbc56,Occurrence and Genotypic Characterization of Selected Multidrug-resistant ESKAPE-E Pathogens Isolated from Integrated Smallholder Fresh Produce Farms,6,include - high recall,True,,,,,False,False,"[self-consistency: 0/3 INCLUDE]
(EXCLUDE) The record substantively concerns antimicrobial resistance in irrigation water, soil, and fresh produce, which is health-relevant, but it does not address a climate/weather factor, climate-related hazard, mitigation action, or adaptation action.
(EXCLUDE) The record concerns antimicrobial resistance in irrigation water, soil, and produce and is relevant to public health, but it does not substantively address a climate/weather factor, climate mitigation, or climate adaptation action.
(EXCLUDE) The record addresses antimicrobial resistance in irrigation water, soil, and fresh produce, which is relevant to public health/food safety, but it does not substantively address climate change, weather variables, climate-related hazards, mitigation, or adaptation.",This study aimed to evaluate the presence and characteristics (phenotypic and genotypic AMR profiles) of ESBL/AmpC-producing Enterobacterales and P. aeruginosa isolates obtained from the water-soil-plant nexus on smallholder fresh produce farms in South Africa.,0.00,100.00,2026-09-03_18-26-00_terra
84065,3e4b457f-593e-49cc-acde-b1b3f5e7fd93,,0,include - high precision,True,,,,,False,False,"[self-consistency: 0/3 INCLUDE]
(EXCLUDE) The record concerns cadmium exposure from cigarette smoke and cadmium binding in autopsied human tissues. Although it relates to a potential toxic effect in human lung, it does not explicitly address a climate or weather factor, climate mitigation, or climate adaptation; cigarette smoke is not presented as a climate-related particulate exposure.
(EXCLUDE) The record concerns cadmium exposure from cigarette smoke and cadmium-binding proteins in autopsied human tissues. Although it discusses potential lung toxicity, it does not explicitly address a climate/weather factor, climate mitigation, or climate adaptation.
(EXCLUDE) The record concerns cadmium exposure from cigarette smoke and cadmium-binding proteins in autopsied smokers. Although it uses human tissue and mentions potential toxicity, it does not substantively address a climate/weather factor, climate mitigation, or climate adaptation.","""It is therefore concluded that human lung exposed to cadmium, in this case via cigarette smoke, contains a CdBP, which binds cadmium.""",0.00,98.52,2026-09-03_18-26-00_terra
84065,3e4b457f-593e-49cc-acde-b1b3f5e7fd93,,5,include - best balance,True,,,,,False,False,"[self-consistency: 0/3 INCLUDE]
(EXCLUDE) The record concerns cadmium exposure from cigarette smoke and cadmium-binding proteins in autopsied human tissues. It does not substantively address a climate/weather factor, climate mitigation, or climate adaptation; cigarette smoke is not fossil-fuel combustion or a climate-related particulate exposure in this context.
(EXCLUDE) The record concerns cadmium exposure from cigarette smoke and cadmium-binding proteins in autopsied human tissues. It does not substantively address a climate/weather factor, climate mitigation, or climate adaptation; cigarette smoke is not treated as fossil-fuel combustion or a climate-forcing exposure in this study.
(EXCLUDE) The record concerns cadmium exposure from cigarette smoke and tissue protein binding in autopsied smokers. It does not substantively address a climate/weather factor, climate mitigation/adaptation, or fossil-fuel-related exposure; therefore it lacks the required climate component.","""It is therefore concluded that human lung exposed to cadmium, in this case via cigarette smoke, contains a CdBP, which binds cadmium.""",0.00,98.52,2026-09-03_18-26-00_terra
84065,3e4b457f-593e-49cc-acde-b1b3f5e7fd93,,6,include - high recall,True,,,,,False,False,"[self-consistency: 0/3 INCLUDE]
(EXCLUDE) The record concerns cadmium exposure from cigarette smoke and cadmium-binding proteins in autopsied human tissues. It does not substantively address a climate/weather factor, climate mitigation, or climate adaptation; cigarette smoke here is not a climate component.
(EXCLUDE) The record concerns cadmium exposure from cigarette smoke and cadmium-binding proteins in autopsied human tissues. It does not substantively address a climate/weather factor, climate mitigation, or climate adaptation; cigarette smoke is not treated as a climate-forcing particulate exposure in this study.
(EXCLUDE) The record concerns cadmium exposure from cigarette smoke and tissue protein binding/toxicity. It does not substantively address a climate or weather factor, climate mitigation, or climate adaptation; cigarette smoke is not treated as a fossil-fuel or climate-forcing exposure in this study.","""human lung exposed to cadmium, in this case via cigarette smoke""",0.00,96.92,2026-09-03_18-26-00_terra
647745619,3f336261-58a2-4c57-9afd-152664094fa8,,0,include - high precision,True,,,,,False,False,"[self-consistency: 0/3 INCLUDE]
(EXCLUDE) The record concerns melatonin, artificial light at night, and cancer/tumor models. It explicitly addresses a health-related topic, but does not substantively address climate change, weather/climate factors, greenhouse gases, fossil fuels, or climate mitigation/adaptation.
(EXCLUDE) The record substantively addresses cancer and melatonin, but it contains no explicit climate/weather factor, climate mitigation, or climate adaptation component. Light at night is not a qualifying climate component in this context.
(EXCLUDE) The record addresses cancer-related health outcomes and melatonin, but it contains no explicit substantive climate or weather factor, climate mitigation, or climate adaptation component. Light at night is not presented as a climate-related exposure.","It has been postulated that in industrialized societies, light at night, by suppressing melatonin production, poses a new risk for the development of breast cancer and, perhaps, other cancers as well.",0.00,100.00,2026-09-03_18-26-00_terra
647745619,3f336261-58a2-4c57-9afd-152664094fa8,,5,include - best balance,True,,,,,False,False,"[self-consistency: 0/3 INCLUDE]
(EXCLUDE) The record addresses cancer and melatonin/light-at-night physiology, but it does not substantively address a climate or weather factor, climate mitigation, or climate adaptation. Therefore it lacks the required climate component.
(EXCLUDE) The record concerns melatonin, light at night, and cancer biology/therapy, but does not substantively address a climate or weather factor, climate mitigation, or climate adaptation. Light at night is not a qualifying climate component under the criteria.
(EXCLUDE) The record addresses cancer biology and effects of light at night on melatonin and tumour growth, but it does not substantively address a climate/weather factor, climate mitigation, or climate adaptation action. Light at night is not presented as a climate-related exposure.",Physiological and pharmacological blood concentrations of melatonin inhibit tumorigenesis in a variety of in vivo and in vitro experimental models of neoplasia.,0.00,100.00,2026-09-03_18-26-00_terra
647745619,3f336261-58a2-4c57-9afd-152664094fa8,,6,include - high recall,True,,,,,False,False,"[self-consistency: 0/3 INCLUDE]
(EXCLUDE) The record concerns melatonin, nighttime light exposure, and cancer biology/therapy. Although it has a human-health topic, it does not substantively address a climate/weather factor, climate mitigation, or climate adaptation action.
(EXCLUDE) The record addresses cancer biology and effects of artificial light at night on melatonin, but it does not substantively address a climate or weather factor, climate mitigation, or climate adaptation.
(EXCLUDE) The record concerns melatonin, light at night, and cancer/tumour growth. Although it addresses a health-related topic, it does not substantively address climate change, weather factors, climate-related hazards, greenhouse gases, fossil fuels, mitigation, or adaptation.","It has been postulated that in industrialized societies, light at night, by suppressing melatonin production, poses a new risk for the development of breast cancer",0.00,100.00,2026-09-03_18-26-00_terra
5417026,40429f32-c29d-4c77-8527-e95fca64a72b,Community Stakeholder Responses to Countering Violent Extremism Locally,0,include - high precision,True,,,,,False,False,"[self-consistency: 0/3 INCLUDE]
(EXCLUDE) The record concerns collaborative governance for countering violent extremism programs in U.S. communities. It does not explicitly address any climate/weather factor, climate mitigation or adaptation, or a human-health outcome or exposure pathway.
(EXCLUDE) The record concerns governance networks for countering violent extremism and does not explicitly address any climate/weather factor, climate mitigation/adaptation action, or human health outcome/exposure.
(EXCLUDE) The record concerns governance networks for countering violent extremism in U.S. communities. It does not explicitly address any climate or weather factor, mitigation/adaptation action, or human health outcome/exposure pathway.",,0.00,0.00,2026-09-03_18-26-00_terra
5417026,40429f32-c29d-4c77-8527-e95fca64a72b,Community Stakeholder Responses to Countering Violent Extremism Locally,5,include - best balance,True,,,,,False,False,"[self-consistency: 0/3 INCLUDE]
(EXCLUDE) The record concerns local governance networks for countering violent extremism. It does not substantively address any climate/weather factor, climate mitigation or adaptation action, or human health outcome/pathway.
(EXCLUDE) The record concerns local governance networks for countering violent extremism in U.S. communities. It does not substantively address a climate factor, climate mitigation/adaptation, or a human-health outcome or pathway.
(EXCLUDE) The record concerns governance networks for countering violent extremism. It does not substantively address a climate/weather factor, climate mitigation or adaptation, or a human health outcome or health system.",,0.00,0.00,2026-09-03_18-26-00_terra
5417026,40429f32-c29d-4c77-8527-e95fca64a72b,Community Stakeholder Responses to Countering Violent Extremism Locally,6,include - high recall,True,,,,,False,False,"[self-consistency: 0/3 INCLUDE]
(EXCLUDE) The record concerns governance networks and collaborative programs for countering violent extremism. It does not substantively address climate, weather, climate mitigation/adaptation, or a climate-related health pathway.
(EXCLUDE) The record concerns the emergence of local countering violent extremism governance networks and stakeholder participation. It does not substantively address climate, weather, climate mitigation/adaptation, or a climate-related health pathway.
(EXCLUDE) The record concerns governance networks for countering violent extremism (CVE). It does not substantively address climate, weather, emissions, mitigation, adaptation, or a climate-related health pathway, nor does it address a human health outcome or health system.","“The article uses a matching technique to identify and compare the community stakeholder responses to CVE in two communities—Houston, TX and Columbus, OH.”",0.00,98.71,2026-09-03_18-26-00_terra
4136132,41e78f71-1f89-458e-890b-451d5e2fc3bd,"The impact of drought in the Karoo - revisiting diatoms as water quality indicators in the upper reaches of the Great Fish River, Eastern Cape, South Africa",0,include - high precision,True,,,,,False,False,"[self-consistency: 0/3 INCLUDE]
(EXCLUDE) The record substantively addresses drought-related reduced flow and water quality, satisfying the climate component. However, it reports ecological water-quality indicators and diatom communities only; it does not explicitly state human exposure, water use, health outcomes, or health-system impacts.
(EXCLUDE) The record explicitly addresses drought-related reduced river flow and water quality, satisfying the climate component. However, it reports ecological water-quality indicators and diatom communities only, with no explicit human exposure, health outcome, drinking-water use, or health-system relevance.
(EXCLUDE) The record substantively addresses drought-related reduced flow and water quality, satisfying the climate component. However, it only evaluates diatoms and ecological water-quality indices and does not explicitly state human exposure, water use, health outcomes, or a health-system connection.",This paper examines the efficacy of diatoms as bioindicators of water quality in the upper reaches of the Great Fish River following a period of reduced flow from drought conditions.,0.00,100.00,2026-09-03_18-26-00_terra
4136132,41e78f71-1f89-458e-890b-451d5e2fc3bd,"The impact of drought in the Karoo - revisiting diatoms as water quality indicators in the upper reaches of the Great Fish River, Eastern Cape, South Africa",5,include - best balance,True,,,,,False,False,"[self-consistency: 0/3 INCLUDE]
(EXCLUDE) The record substantively addresses drought-related reduced river flow and water quality, satisfying the climate component. However, it studies diatoms and ecological water-quality indices only and does not connect the water to human use, exposure, disease, health, or health systems.
(EXCLUDE) The study substantively addresses drought-related reduced river flow and water quality, satisfying the climate component. However, it evaluates diatoms and ecological water-quality indices without connecting the river or its water quality to human use, exposure, health outcomes, or health systems.
(EXCLUDE) The study substantively addresses drought-related reduced river flow and water quality, satisfying the climate component. However, it assesses diatom communities and ecological water-quality indices without linking the river or its water quality to human use, exposure, disease, or any other human-health outcome.",This paper examines the efficacy of diatoms as bioindicators of water quality in the upper reaches of the Great Fish River following a period of reduced flow from drought conditions.,0.00,100.00,2026-09-03_18-26-00_terra
4136132,41e78f71-1f89-458e-890b-451d5e2fc3bd,"The impact of drought in the Karoo - revisiting diatoms as water quality indicators in the upper reaches of the Great Fish River, Eastern Cape, South Africa",6,include - high recall,True,,,,,False,False,"[self-consistency: 0/3 INCLUDE]
(EXCLUDE) The study substantively addresses drought-related reduced river flow and water quality, providing a climate component. However, it examines diatom indicators and ecological river condition without stating human water use, exposure, health outcomes, or a health-system connection.
(EXCLUDE) The record substantively addresses drought-related low flow and river water quality, satisfying a climate component. However, it assesses diatom indicators and ecological water condition only, without an explicit human-health outcome or a stated human water-use, drinking-water, contamination, or pathogen pathway.
(EXCLUDE) The study substantively addresses drought-related reduced river flow and water quality, providing a climate component. However, it assesses diatoms and ecological water quality only, without an explicit human-health outcome or indication that the water is used as a human health resource or hazard.",This paper examines the efficacy of diatoms as bioindicators of water quality in the upper reaches of the Great Fish River following a period of reduced flow from drought conditions.,0.00,100.00,2026-09-03_18-26-00_terra
2445983747,4a1c217b-7524-43ab-a1f4-57601b565e92,REHABILITATION AND PREHABILITATION,0,include - high precision,True,,,,,False,False,"[self-consistency: 0/3 INCLUDE]
(EXCLUDE) The record discusses rehabilitation and medical examination findings, but contains no explicit climate, weather, climate-change, mitigation, or adaptation component.
(EXCLUDE) The record discusses rehabilitation and medical rejection statistics among Selective Service registrants, but it contains no explicit climate, weather, greenhouse-gas, fossil-fuel, mitigation, or adaptation component.
(EXCLUDE) The record concerns rehabilitation and medical examination/rejection statistics, indicating a health-related topic, but it contains no explicit substantive climate, weather, greenhouse-gas, mitigation, or climate-adaptation component.","""This is a matter of considerable national importance at the present time.""",0.00,97.33,2026-09-03_18-26-00_terra
2445983747,4a1c217b-7524-43ab-a1f4-57601b565e92,REHABILITATION AND PREHABILITATION,5,include - best balance,True,,,,,False,False,"[self-consistency: 0/3 INCLUDE]
(EXCLUDE) The record concerns rehabilitation and medical screening of military registrants, but contains no substantive climate, weather, climate-related hazard, mitigation, or adaptation component.
(EXCLUDE) The record concerns rehabilitation and medical examination/rejection statistics, but contains no substantive climate, weather, climate hazard, mitigation, or adaptation component.
(EXCLUDE) The record concerns rehabilitation and medical rejection among Selective Service registrants, but contains no substantive climate, weather, climate-related hazard, mitigation, or adaptation component.","""Selective Service appreciates the privilege of discussing with the American Medical Association, through the Section on Preventive and Industrial Medicine and Public Health, the subject of rehabilitation.""",0.00,99.51,2026-09-03_18-26-00_terra
2445983747,4a1c217b-7524-43ab-a1f4-57601b565e92,REHABILITATION AND PREHABILITATION,6,include - high recall,True,,,,,False,False,"[self-consistency: 0/3 INCLUDE]
(EXCLUDE) The record concerns rehabilitation and medical screening statistics among Selective Service registrants, but contains no stated or inferable climate, weather, greenhouse-gas, mitigation, or climate-adaptation component.
(EXCLUDE) The record concerns rehabilitation and medical examination/rejection statistics among Selective Service registrants, but contains no stated or inferable climate, weather, climate hazard, greenhouse gas, mitigation, or adaptation component.
(EXCLUDE) The record concerns rehabilitation and medical examination/rejection statistics among military registrants, but contains no substantive climate, weather, climate hazard, mitigation, or adaptation component.",“This is a matter of considerable national importance at the present time.”,0.00,97.33,2026-09-03_18-26-00_terra
30801,4a24b611-5471-46da-a4a8-4c2e272b8a46,A QGIS-Assisted Terrain Evaluation and Drainage Performance Assessment of the Shivajinagar Underpass,0,include - high precision,True,,,,,False,False,"[self-consistency: 0/3 INCLUDE]
(EXCLUDE) The record substantively addresses monsoon flooding and drainage-related adaptation/engineering measures, but it does not explicitly state any human health outcome, exposure pathway affecting people, or health-system/health-protection objective. The stated impacts are mobility and pavement conditions.
(EXCLUDE) The record substantively examines recurrent monsoon flooding and drainage engineering, but it does not explicitly address human health outcomes, health-system impacts, or a stated human exposure/health pathway. The stated impacts are mobility disruption and pavement deterioration.
(EXCLUDE) The record substantively assesses monsoon flooding and drainage interventions, but it does not explicitly address human health, health systems, human exposure, injury, mortality, or other recognised health outcomes. The stated impacts concern mobility and pavement conditions.",The Shivajinagar Underpass in Chhatrapati Sambhajinagar experiences repeated monsoon flooding that disrupts mobility and deteriorates pavement conditions.,0.00,100.00,2026-09-03_18-26-00_terra
30801,4a24b611-5471-46da-a4a8-4c2e272b8a46,A QGIS-Assisted Terrain Evaluation and Drainage Performance Assessment of the Shivajinagar Underpass,5,include - best balance,True,,,,,False,False,"[self-consistency: 0/3 INCLUDE]
(EXCLUDE) The record addresses monsoon flooding and drainage adaptation/engineering, but it does not substantively connect these issues to human health, health systems, or a recognised climate-health exposure pathway. The stated impacts are mobility disruption and pavement deterioration.
(EXCLUDE) The record substantively addresses monsoon flooding and drainage-related engineering measures, but it does not connect these issues to human health, wellbeing, health systems, or a recognised climate-health exposure pathway. The stated impacts are mobility disruption and pavement deterioration.
(EXCLUDE) The record substantively addresses monsoon flooding and drainage-related engineering interventions, but it does not connect these to human health, wellbeing, health systems, or a recognised climate-health exposure pathway. The stated impacts are mobility disruption and pavement deterioration.",The Shivajinagar Underpass in Chhatrapati Sambhajinagar experiences repeated monsoon flooding that disrupts mobility and deteriorates pavement conditions.,0.00,100.00,2026-09-03_18-26-00_terra
30801,4a24b611-5471-46da-a4a8-4c2e272b8a46,A QGIS-Assisted Terrain Evaluation and Drainage Performance Assessment of the Shivajinagar Underpass,6,include - high recall,True,,,,,False,True,"[self-consistency: 3/3 INCLUDE]
(INCLUDE) The record substantively addresses recurrent monsoon flooding and evaluates drainage interventions to reduce inundation risk. These are climate-related hazard-management/adaptation actions, which qualify even without an explicitly stated health outcome.
(INCLUDE) The record substantively addresses recurrent monsoon flooding, a climate/weather-related hazard, and evaluates and recommends drainage, sump, and pumping interventions to reduce inundation vulnerability. These constitute climate-risk management/adaptation actions, which qualify as health-relevant under the screening criteria.
(INCLUDE) The record substantively addresses monsoon flooding, a climate/weather-related hazard, and evaluates and recommends drainage and pumping interventions to reduce recurrent flood risk. These constitute climate-risk management/adaptation actions, which qualify as health-relevant under the criteria.","Engineering interventions such as sump construction, dual pump installation, inlet redesign, and drain regrading are recommended.",0.00,100.00,2026-09-03_18-26-00_terra
79999452,4a429933-162c-47eb-ac8e-9a558ab09ff2,Unsupervised robust planar segmentation of terrestrial laser scanner point clouds based on fuzzy clustering methods,0,include - high precision,True,,,,,False,False,"[self-consistency: 0/3 INCLUDE]
(EXCLUDE) The record concerns terrestrial laser-scanner point-cloud segmentation and clustering. It contains no explicit climate/weather, mitigation, or adaptation component and no human health or health-system component.
(EXCLUDE) The record concerns terrestrial laser-scanner point-cloud segmentation and clustering. It does not explicitly address any climate/weather factor, mitigation or adaptation action, nor any human health outcome, exposure pathway, or health system.
(EXCLUDE) The record concerns point-cloud segmentation and terrestrial laser scanning for surveying and architectural data. It does not explicitly address a climate/weather factor, climate mitigation or adaptation, or any human health outcome or exposure pathway.",This paper presents an unsupervised robust clustering approach based on fuzzy methods.,0.00,100.00,2026-09-03_18-26-00_terra
79999452,4a429933-162c-47eb-ac8e-9a558ab09ff2,Unsupervised robust planar segmentation of terrestrial laser scanner point clouds based on fuzzy clustering methods,5,include - best balance,True,,,,,False,False,"[self-consistency: 0/3 INCLUDE]
(EXCLUDE) The record concerns terrestrial laser-scanner point-cloud segmentation and clustering for architectural and synthetic data. It does not substantively address any climate factor, mitigation/adaptation action, or human health outcome/pathway.
(EXCLUDE) The record concerns terrestrial laser-scanner point-cloud segmentation and clustering for surveying/building data. It does not substantively address a climate/weather factor, climate mitigation or adaptation, or any human health outcome or recognised climate-health pathway.
(EXCLUDE) The record concerns terrestrial laser-scanner point-cloud segmentation and clustering for surveying/building data. It does not substantively address any climate factor, mitigation/adaptation action, or human health outcome or pathway.","""This paper presents an unsupervised robust clustering approach based on fuzzy methods.""",0.00,97.73,2026-09-03_18-26-00_terra
79999452,4a429933-162c-47eb-ac8e-9a558ab09ff2,Unsupervised robust planar segmentation of terrestrial laser scanner point clouds based on fuzzy clustering methods,6,include - high recall,True,,,,,False,False,"[self-consistency: 0/3 INCLUDE]
(EXCLUDE) The record concerns computational segmentation of terrestrial laser-scanner point clouds for surveying and architectural data. It does not substantively address climate/weather, mitigation, adaptation, human health, or a recognised climate-health pathway.
(EXCLUDE) The record concerns terrestrial laser-scanner point-cloud segmentation and clustering methods. It does not substantively address climate/weather factors, mitigation/adaptation, or human health.
(EXCLUDE) The record concerns computational segmentation of terrestrial laser-scanner point clouds for surveying and architectural data. It does not substantively address climate/weather, mitigation or adaptation, nor human health.","""This paper presents an unsupervised robust clustering approach based on fuzzy methods.""",0.00,97.73,2026-09-03_18-26-00_terra
612000,4b1c2ca2-2bf9-4559-803b-3a3975295290,A773. TOTAL KNEE ARTHROPLASTY IN SKELETAL DYSPLASIA,0,include - high precision,True,,,,,False,False,"[self-consistency: 0/3 INCLUDE]
(EXCLUDE) The record concerns technical and clinical outcomes of total knee arthroplasty in patients with skeletal dysplasia, but it contains no explicit climate, weather, greenhouse-gas, mitigation, or climate-adaptation component.
(EXCLUDE) The record concerns surgical management and outcomes of total knee arthroplasty in patients with skeletal dysplasia. Although it has a human-health component, it contains no explicit climate, weather, climate-hazard, greenhouse-gas, mitigation, or adaptation component.
(EXCLUDE) The record concerns total knee arthroplasty outcomes and surgical techniques in patients with skeletal dysplasia. Although it has a human health component, it contains no explicit substantive climate, weather, climate-change, mitigation, or adaptation component.",,0.00,0.00,2026-09-03_18-26-00_terra
612000,4b1c2ca2-2bf9-4559-803b-3a3975295290,A773. TOTAL KNEE ARTHROPLASTY IN SKELETAL DYSPLASIA,5,include - best balance,True,,,,,False,False,"[self-consistency: 0/3 INCLUDE]
(EXCLUDE) The record concerns technical outcomes of total knee arthroplasty in patients with skeletal dysplasia. It includes human health and surgical outcomes, but contains no substantive climate, weather, climate hazard, mitigation, or adaptation component.
(EXCLUDE) The record concerns technical and clinical outcomes of total knee arthroplasty in patients with skeletal dysplasia. Although it has a human health component, it contains no substantive climate, weather, greenhouse-gas, mitigation, or adaptation component.
(EXCLUDE) The record concerns surgical management and outcomes of total knee arthroplasty in patients with skeletal dysplasia. It includes human health outcomes, but contains no substantive climate, weather, greenhouse-gas, mitigation, or climate-adaptation component.",,0.00,0.00,2026-09-03_18-26-00_terra
612000,4b1c2ca2-2bf9-4559-803b-3a3975295290,A773. TOTAL KNEE ARTHROPLASTY IN SKELETAL DYSPLASIA,6,include - high recall,True,,,,,False,False,"[self-consistency: 0/3 INCLUDE]
(EXCLUDE) The record concerns orthopedic surgical management and outcomes in patients with skeletal dysplasia. Although it addresses human health, it contains no substantive climate, weather, emissions, mitigation, or adaptation component.
(EXCLUDE) The record concerns orthopedic surgery and patient outcomes, but contains no substantive climate, weather, greenhouse-gas, mitigation, or climate-adaptation component.
(EXCLUDE) The record concerns technical and clinical outcomes of total knee arthroplasty in patients with skeletal dysplasia. It addresses human health but contains no substantive climate, weather, greenhouse-gas, mitigation, or adaptation component.","""Total knee arthroplasty (TKA) in patients with skeletal dysplasia is challenging due to the anatomic variances and deformities.""",0.00,98.45,2026-09-03_18-26-00_terra
92690831,4cb68927-e26b-4425-9ade-4440b6e3f269,"Food Safety, Problems and Measures",0,include - high precision,True,,,,,False,False,"[self-consistency: 0/3 INCLUDE]
(EXCLUDE) The record addresses food safety and the food industry but does not explicitly state any climate, weather, greenhouse-gas, mitigation, or climate-adaptation component.
(EXCLUDE) The record concerns food safety and the food industry, but it does not explicitly state any climate or weather factor, climate-change impact, mitigation action, or adaptation action. Therefore it lacks the required climate component.
(EXCLUDE) The record addresses food safety and the food industry but does not explicitly state any climate or weather factor, climate-change impact, mitigation action, or adaptation action.","The food safety plays a more and more important role in the development of the food industry. The present problems are discussed, some measures are proposed.",0.00,100.00,2026-09-03_18-26-00_terra
92690831,4cb68927-e26b-4425-9ade-4440b6e3f269,"Food Safety, Problems and Measures",5,include - best balance,True,,,,,False,False,"[self-consistency: 0/3 INCLUDE]
(EXCLUDE) The record concerns food safety, which could relate to health, but it provides no substantive climate, weather, climate-change, mitigation, or adaptation component.
(EXCLUDE) The record concerns food safety, which can relate to health, but it provides no substantive climate, weather, climate-change, mitigation, or adaptation component.
(EXCLUDE) The record concerns food safety, which may relate to health, but it provides no substantive climate, weather, emissions, mitigation, or adaptation component.","""The food safety plays a more and more important role in the development of the food industry. The present problems are discussed, some measures are proposed.""",0.00,100.00,2026-09-03_18-26-00_terra
92690831,4cb68927-e26b-4425-9ade-4440b6e3f269,"Food Safety, Problems and Measures",6,include - high recall,True,,,,,False,False,"[self-consistency: 0/3 INCLUDE]
(EXCLUDE) The record concerns food safety and the food industry, but it does not explicitly address climate change, weather, climate-related hazards, greenhouse gases, mitigation, or adaptation.
(EXCLUDE) The record concerns food safety and the food industry, but it contains no explicit or directly inferable climate, weather, greenhouse-gas, mitigation, or adaptation component.
(EXCLUDE) The record concerns food safety and the food industry, but it does not explicitly mention or directly indicate any climate/weather factor, climate-related hazard, mitigation, or adaptation action.",The food safety plays a more and more important role in the development of the food industry.,0.00,100.00,2026-09-03_18-26-00_terra
7933919,4cedc106-6cfe-41a4-abc6-ff0ab1aea9d7,Complex polymer preparations for the protection of seeds of grain crops of agricultural plants,0,include - high precision,True,,,,,False,False,"[self-consistency: 0/3 INCLUDE]
(EXCLUDE) The record discusses arid conditions, moisture deficiency, and temperature-related risks to crop sowing, but it concerns crop yield and seed protection only. It does not explicitly state a human health outcome, human exposure, food security/nutrition, or a health-system or livelihood protection aim.
(EXCLUDE) The record addresses agricultural practices under arid/moisture-deficient conditions, but it does not explicitly connect these conditions or the seed treatments to human health, health systems, or a recognised human climate-health exposure pathway.
(EXCLUDE) The record addresses weather-related agricultural risks (moisture deficiency and positive temperatures/thaws), but it does not explicitly connect the crop treatment or outcomes to human health, nutrition, food security, or other human-health impacts.","""A promising technology for increasing the yield of spring crops in arid zones characterized by moisture deficiency in the summer is winter sowing.""",0.00,98.65,2026-09-03_18-26-00_terra
7933919,4cedc106-6cfe-41a4-abc6-ff0ab1aea9d7,Complex polymer preparations for the protection of seeds of grain crops of agricultural plants,5,include - best balance,True,,,,,False,True,"[self-consistency: 3/3 INCLUDE]
(INCLUDE) The study substantively addresses weather-related moisture deficiency and temperature/thaw risks affecting barley cultivation, and evaluates measures to protect crop yield. Barley is a food crop, so protection of its yield engages the food security and nutrition health pathway.
(INCLUDE) The record addresses moisture deficiency and temperature/thaw-related risks to barley production, and evaluates seed treatments to prevent crop losses. As barley is a food crop, protecting its yield and supply provides a recognised climate-health food-security pathway.
(INCLUDE) The record substantively addresses climate-related conditions (aridity, moisture deficiency, and prolonged positive temperatures/thaws) affecting crop production, and evaluates measures to protect barley grain yield. Barley is a food crop, so protecting its production engages the food security and nutrition health pathway.",A promising technology for increasing the yield of spring crops in arid zones characterized by moisture deficiency in the summer is winter sowing.,0.00,100.00,2026-09-03_18-26-00_terra
7933919,4cedc106-6cfe-41a4-abc6-ff0ab1aea9d7,Complex polymer preparations for the protection of seeds of grain crops of agricultural plants,6,include - high recall,True,,,,,False,True,"[self-consistency: 3/3 INCLUDE]
(INCLUDE) The record addresses an agricultural practice intended to protect crop yield under arid, moisture-deficient conditions, constituting a climate-adaptation action. Adaptation actions qualify as health-relevant under the screening criteria.
(INCLUDE) The record addresses an agricultural practice intended to maintain crop yields under arid, moisture-deficient conditions, constituting a plausible climate-adaptation action. Barley is a food crop, which engages the food-security/nutrition health pathway.
(INCLUDE) The record substantively addresses climate-related moisture deficiency and anomalous warm/thaw conditions affecting barley crop production. Protecting the yield and viability of a food crop constitutes a recognised climate-health food-security pathway, and the described treatment is an adaptation measure to reduce climate-related crop losses.",A promising technology for increasing the yield of spring crops in arid zones characterized by moisture deficiency in the summer is winter sowing.,0.00,100.00,2026-09-03_18-26-00_terra
2986,4e710da8-988a-459f-96fd-703ede1f81dc,Improved RMO picking and velocity model building with prestack skeletons,0,include - high precision,True,,,,,False,False,"[self-consistency: 0/3 INCLUDE]
(EXCLUDE) The record concerns seismic depth-migrated image gathers and velocity picking for geophysical data processing. It does not explicitly address a climate-related factor, mitigation, or adaptation, nor any human health outcome or exposure pathway.
(EXCLUDE) The record concerns seismic depth-migrated image gathers and velocity-picking methodology. It does not explicitly address any climate factor, mitigation or adaptation action, or any human health outcome or exposure pathway.
(EXCLUDE) The record concerns seismic imaging and velocity picking methodology. It does not explicitly address any climate or weather factor, climate mitigation/adaptation, or human health outcome/exposure.",,0.00,0.00,2026-09-03_18-26-00_terra
2986,4e710da8-988a-459f-96fd-703ede1f81dc,Improved RMO picking and velocity model building with prestack skeletons,5,include - best balance,True,,,,,False,False,"[self-consistency: 0/3 INCLUDE]
(EXCLUDE) The record concerns seismic imaging and velocity picking methodology. It does not substantively address a climate/weather factor, mitigation or adaptation, nor any human health outcome or climate-health exposure pathway.
(EXCLUDE) The record concerns seismic imaging and velocity-picking methodology. It does not substantively address a climate/weather factor, climate mitigation or adaptation, or human health.
(EXCLUDE) The record concerns seismic imaging and velocity-picking methodology. It does not substantively address a climate/weather factor, climate mitigation or adaptation, or any human health outcome or climate-health pathway.","""We propose a new methodology for RMO picking of depth migrated image gathers, to produce velocity picks free of interference from coherent noise.""",0.00,99.32,2026-09-03_18-26-00_terra
2986,4e710da8-988a-459f-96fd-703ede1f81dc,Improved RMO picking and velocity model building with prestack skeletons,6,include - high recall,True,,,,,False,False,"[self-consistency: 0/3 INCLUDE]
(EXCLUDE) The record concerns seismic imaging and velocity picking methodology. It does not substantively address climate/weather, mitigation or adaptation, nor human health or a recognized climate-health pathway.
(EXCLUDE) The record concerns seismic depth-migrated image gathers and velocity picking for geophysical data processing. It does not substantively address climate factors, mitigation or adaptation, nor human health or a recognised climate-health pathway.
(EXCLUDE) The record concerns geophysical seismic imaging and velocity picking. It does not substantively address a climate/weather factor, climate mitigation or adaptation, or human health.","""We propose a new methodology for RMO picking of depth migrated image gathers, to produce velocity picks free of interference from coherent noise.""",0.00,99.32,2026-09-03_18-26-00_terra
93858,4e7da8ca-0c90-4755-b2ec-a66c21d44711,Acute effects of air pollution on respiratory health of 50-70 yr old adults,0,include - high precision,True,,,,,True,True,"[self-consistency: 3/3 INCLUDE]
(INCLUDE) The study substantively measures particulate air pollution including black smoke, a listed climate-forcing particulate, and evaluates its associations with respiratory health outcomes in adult humans.
(INCLUDE) The study explicitly measures particulate air pollution, including black smoke (a combustion particulate/climate-forcing agent), and evaluates associations with respiratory health outcomes in adult humans.
(INCLUDE) The study substantively measures particulate air pollution including black smoke and evaluates its associations with respiratory-function decrements and respiratory symptoms in adult humans.","In symptomatic subjects from urban areas, PM10, BS, sulphate and SO2 concentrations were associated with the prevalence of large decrements in morning PEF (>20% below the median).",0.00,100.00,2026-09-03_18-26-00_terra
93858,4e7da8ca-0c90-4755-b2ec-a66c21d44711,Acute effects of air pollution on respiratory health of 50-70 yr old adults,5,include - best balance,True,,,,,True,True,"[self-consistency: 3/3 INCLUDE]
(INCLUDE) The study substantively measures particulate air pollution including black smoke, a climate-forcing particulate under the criteria, and evaluates respiratory health outcomes in adult humans.
(INCLUDE) The study substantively measures particulate air pollution, including black smoke, and links it to respiratory health outcomes in adult humans. Particulate matter/black smoke is a climate-forcing agent and air-quality exposure pathway with direct respiratory-health relevance.
(INCLUDE) The study substantively measures particulate air pollution, including black smoke, and links it to respiratory health outcomes in adult humans. Particulate matter/black smoke is a climate-forcing agent and an air-quality health exposure pathway.","In symptomatic subjects from urban areas, PM10, BS, sulphate and SO2 concentrations were associated with the prevalence of large decrements in morning PEF (>20% below the median).",0.00,100.00,2026-09-03_18-26-00_terra
93858,4e7da8ca-0c90-4755-b2ec-a66c21d44711,Acute effects of air pollution on respiratory health of 50-70 yr old adults,6,include - high recall,True,,,,,True,True,"[self-consistency: 3/3 INCLUDE]
(INCLUDE) The study substantively measures particulate air pollution including black smoke (a climate-forcing particulate under the criteria) and examines respiratory health outcomes in adults.
(INCLUDE) The study substantively measures particulate air pollution, including black smoke, and assesses respiratory health outcomes and symptoms in adults.
(INCLUDE) The study substantively assesses particulate air pollution, including black smoke (a climate-forcing particulate), in relation to respiratory health outcomes in human adults.","""In symptomatic subjects from urban areas, PM10, BS, sulphate and SO2 concentrations were associated with the prevalence of large decrements in morning PEF (>20% below the median).""",0.00,98.90,2026-09-03_18-26-00_terra
1693943,4f115b8e-003f-4c72-9d99-ef84483d5507,Outcome evaluation of community health promotion intervention within a donor funded project climate in Papua New Guinea,0,include - high precision,True,,,,,False,False,"[self-consistency: 0/3 INCLUDE]
(EXCLUDE) The record explicitly concerns maternal and child health services and community health interventions, but it does not state any climate, weather, climate-related hazard, mitigation, or adaptation component.
(EXCLUDE) The record explicitly concerns community health interventions and maternal and child health services, but contains no explicit climate, weather, climate hazard, mitigation, or adaptation component.
(EXCLUDE) The record explicitly concerns maternal and child health services and community-health interventions, but it contains no explicit climate, weather, climate hazard, mitigation, or adaptation component.","The project's community health interventions improved the interaction between the community and health system, and influenced improved use of maternal and child health services.",0.00,100.00,2026-09-03_18-26-00_terra
1693943,4f115b8e-003f-4c72-9d99-ef84483d5507,Outcome evaluation of community health promotion intervention within a donor funded project climate in Papua New Guinea,5,include - best balance,True,,,,,False,False,"[self-consistency: 0/3 INCLUDE]
(EXCLUDE) The record substantively concerns maternal and child health services and community health interventions, but it contains no climate, weather, mitigation, adaptation, or climate-related hazard component.
(EXCLUDE) The record has a human health and health-system component, but it provides no substantive climate, weather, mitigation, or climate-adaptation component.
(EXCLUDE) The record addresses community and maternal/child health services, but contains no substantive climate, weather, mitigation, or adaptation component.","""The project's community health interventions improved the interaction between the community and health system, and influenced improved use of maternal and child health services.""",0.00,99.44,2026-09-03_18-26-00_terra
1693943,4f115b8e-003f-4c72-9d99-ef84483d5507,Outcome evaluation of community health promotion intervention within a donor funded project climate in Papua New Guinea,6,include - high recall,True,,,,,False,False,"[self-consistency: 0/3 INCLUDE]
(EXCLUDE) The record addresses community health interventions and maternal/child health-service use, but contains no explicit or inferable climate, weather, mitigation, or adaptation component.
(EXCLUDE) The record addresses community and maternal/child health services, but contains no explicit or inferable climate, weather, mitigation, or adaptation component.
(EXCLUDE) The record addresses maternal and child health services and community-health interventions, but contains no stated or inferable climate, weather, mitigation, or climate-adaptation component.","The project's community health interventions improved the interaction between the community and health system, and influenced improved use of maternal and child health services.",0.00,100.00,2026-09-03_18-26-00_terra
78958,51ab0487-34cb-43a9-9467-4d6200dcbb15,The ‘Small House’ Phenomenon and Its Impact on Zimbabwean Women’s Sexual Reproductive Health and Rights (SRHR),0,include - high precision,True,,,,,False,False,"[self-consistency: 0/3 INCLUDE]
(EXCLUDE) The record explicitly addresses sexual and reproductive health and rights, but it contains no substantive climate, weather, climate-change, mitigation, or adaptation component.
(EXCLUDE) The record explicitly concerns sexual and reproductive health and rights, gender equality, and family practices, but does not substantively address any climate, weather, climate-related hazard, mitigation, or adaptation component.
(EXCLUDE) The record explicitly discusses sexual and reproductive health and rights, but it contains no substantive climate, weather, climate-change, mitigation, or adaptation component.",“Concerns surrounding women’s sexual reproductive health and rights (SRHR) have been ongoing in Zimbabwe.”,0.00,99.05,2026-09-03_18-26-00_terra
78958,51ab0487-34cb-43a9-9467-4d6200dcbb15,The ‘Small House’ Phenomenon and Its Impact on Zimbabwean Women’s Sexual Reproductive Health and Rights (SRHR),5,include - best balance,True,,,,,False,False,"[self-consistency: 0/3 INCLUDE]
(EXCLUDE) The record addresses sexual and reproductive health and rights and gender equality in Zimbabwe, but it contains no substantive climate, weather, climate-impact, mitigation, or adaptation component.
(EXCLUDE) The chapter substantively concerns sexual and reproductive health and rights and gender equality, but it does not address any climate or weather factor, climate mitigation, or climate adaptation action.
(EXCLUDE) The record substantively concerns sexual and reproductive health and rights, gender equality, and family practices in Zimbabwe, but it contains no climate, weather, climate-related hazard, mitigation, or adaptation component.",,0.00,0.00,2026-09-03_18-26-00_terra
78958,51ab0487-34cb-43a9-9467-4d6200dcbb15,The ‘Small House’ Phenomenon and Its Impact on Zimbabwean Women’s Sexual Reproductive Health and Rights (SRHR),6,include - high recall,True,,,,,False,False,"[self-consistency: 0/3 INCLUDE]
(EXCLUDE) The record addresses sexual and reproductive health and rights, gender equality, and family relationships, but contains no substantive climate, weather, mitigation, or climate-adaptation component.
(EXCLUDE) The record addresses sexual and reproductive health, gender equality, and family practices in Zimbabwe, but contains no substantive climate, weather, climate-hazard, mitigation, or adaptation component.
(EXCLUDE) The chapter substantively concerns sexual and reproductive health and rights, but it contains no explicit or directly inferable climate, weather, climate-hazard, mitigation, or adaptation component.","“This chapter examines the ‘small house’ concept in Zimbabwe, which entails issues to do with extra-marital affairs, cohabitation and polygamy.”",0.00,98.61,2026-09-03_18-26-00_terra
352501,52778b5c-ecc6-4a67-8936-fa44743d050d,,0,include - high precision,True,,,,,False,False,"[self-consistency: 0/3 INCLUDE]
(EXCLUDE) The record concerns materials processing and mechanical properties of NiTi alloys. It contains no explicit climate/weather, mitigation, or adaptation component, and no human health outcome or health-system connection.
(EXCLUDE) The record concerns processing, microstructure, and mechanical shape-memory properties of NiTi alloy bars. It does not explicitly address a climate factor, mitigation/adaptation, or human health outcome or exposure.
(EXCLUDE) The record concerns processing, microstructure, and mechanical properties of NiTi alloy bars. It does not explicitly address any climate factor, mitigation/adaptation action, or human health outcome/exposure.",The objective of this study is to examine fundamental processing-structure-property relationships in polycrystalline NiTi bars.,0.00,100.00,2026-09-03_18-26-00_terra
352501,52778b5c-ecc6-4a67-8936-fa44743d050d,,5,include - best balance,True,,,,,False,False,"[self-consistency: 0/3 INCLUDE]
(EXCLUDE) The record is a materials-science study of NiTi processing, microstructure, and shape-memory properties. It does not substantively address any climate-related factor, mitigation/adaptation action, or human health outcome/exposure pathway.
(EXCLUDE) The record is a materials-science study of processing and mechanical properties of NiTi alloys. It does not substantively address a climate/weather factor, mitigation or adaptation, nor a human-health outcome or recognised climate-health exposure pathway.
(EXCLUDE) The record is a materials-science study of processing and mechanical properties of NiTi shape-memory alloy bars. It does not substantively address a climate/weather factor, mitigation or adaptation, nor human health or a recognised climate-health pathway.",,0.00,0.00,2026-09-03_18-26-00_terra
352501,52778b5c-ecc6-4a67-8936-fa44743d050d,,6,include - high recall,True,,,,,False,False,"[self-consistency: 0/3 INCLUDE]
(EXCLUDE) The record concerns materials processing and mechanical/shape-memory properties of NiTi alloys. It does not substantively address climate factors, mitigation/adaptation, or human health outcomes or exposure pathways.
(EXCLUDE) The record is a materials-science study of NiTi shape-memory alloy processing and mechanical properties. It does not substantively address climate/weather, mitigation or adaptation, nor human health or a recognised climate-health pathway.
(EXCLUDE) The record is a materials-science study of nickel-titanium alloy processing and shape-memory properties. It does not substantively address a climate factor, mitigation/adaptation action, or human health outcome/pathway.","""The objective of this study is to examine fundamental processing-structure-property relationships in polycrystalline NiTi bars.""",0.00,99.22,2026-09-03_18-26-00_terra
802401,542f56a5-5f41-435c-b95e-b0516baee232,Temperature effects on plant gametophyte performance and their consequences for seed reproduction in wild plants,0,include - high precision,True,,,,,False,False,"[self-consistency: 0/3 INCLUDE]
(EXCLUDE) The record substantively addresses climate change and heat stress, but its outcomes concern plant pollen, reproduction, and seed production. It does not explicitly connect these findings to human health, nutrition, food security, human exposure, or health systems.
(EXCLUDE) The record substantively addresses climate change and heat stress, but its outcomes are plant reproduction, pollen, and seed production. It does not explicitly state a connection to human health, human exposure, food security/nutrition, or health systems.
(EXCLUDE) The thesis explicitly addresses climate change-induced heat waves and temperature stress, but its outcomes concern plant pollen, reproduction, seeds, and plant performance. It does not explicitly connect these findings to human health, nutrition/food security, human exposure, or health systems.",The main aim of this thesis was to address these gaps by developing new methods for pollen research based on protocols in literature and investigate the impacts of temperature stress on plant sexual reproduction,0.00,100.00,2026-09-03_18-26-00_terra
802401,542f56a5-5f41-435c-b95e-b0516baee232,Temperature effects on plant gametophyte performance and their consequences for seed reproduction in wild plants,5,include - best balance,True,,,,,False,False,"[self-consistency: 0/3 INCLUDE]
(EXCLUDE) The thesis substantively examines climate change-induced heat stress and plant reproduction, so it has a climate component. However, it does not substantively connect these findings to human health, health systems, human food supply, nutrition, or another recognised human-health pathway; its stated consequences concern plant reproductive performance and wild-population survival.
(EXCLUDE) The document substantively addresses climate change and heat stress effects on plant reproduction, but it does not substantively connect these effects to human health, food for human consumption, nutrition, food security, or health systems. The outcomes concern pollen, seeds, and wild/cultivated plant performance rather than a stated human-health pathway.
(EXCLUDE) The record substantively addresses climate change and heat stress, but its outcomes concern plant pollen, reproduction, and seed traits. It does not substantively connect these findings to human health, health systems, or a specified human food supply/nutrition pathway.","Climate change-induced heat waves can adversely affect seed reproduction in wild plant populations, potentially impacting their long-term survival.",0.00,100.00,2026-09-03_18-26-00_terra
802401,542f56a5-5f41-435c-b95e-b0516baee232,Temperature effects on plant gametophyte performance and their consequences for seed reproduction in wild plants,6,include - high recall,True,,,,,False,False,"[self-consistency: 0/3 INCLUDE]
(EXCLUDE) The record substantively addresses climate change and heat stress, but its outcomes concern plant pollen, reproduction, and seed production in wild and cultivated plants. It does not explicitly connect these findings to human health, food for human consumption, nutrition, food security, or a health system.
(EXCLUDE) The thesis substantively addresses climate change-induced heat stress and its effects on plant reproduction, but it does not establish a human health component or a recognised climate-health exposure pathway. The plants studied are primarily wild species, and the record does not state that the cultivated plants or seeds are food sources for human consumption.
(EXCLUDE) The thesis substantively addresses climate change-induced heat stress and plant reproduction, but it does not establish a human-health outcome or a recognised climate-health exposure pathway. Although cultivated plants are mentioned, the record does not state that the studied seed or pollen effects concern food crops, food supply, nutrition, or other human health impacts.","The main aim of this thesis was to address these gaps by developing new methods for pollen research based on protocols in literature and investigate the impacts of temperature stress on plant sexual reproduction, with a particular emphasis on gametophytic performance in both wild and cultivated plants.",0.00,100.00,2026-09-03_18-26-00_terra
852650,54791913-e3a2-4cb1-8fb8-3527eba34466,Solar Carbothermic Production of Zinc From Zinc Oxide: Solzinc,0,include - high precision,True,,,,,False,False,"[self-consistency: 0/3 INCLUDE]
(EXCLUDE) The record substantively concerns solar-energy storage technology, which can constitute a climate-mitigation component, but it does not explicitly address any human health outcome, exposure, health system, or health-related aim.
(EXCLUDE) The record describes a solar-energy storage technology, which could constitute a climate-mitigation component, but it does not explicitly address human health, health outcomes, exposure, or health systems.
(EXCLUDE) The record describes solar-energy storage technology, which is a climate-mitigation-related component, but it contains no explicit human health outcome, exposure pathway, health-system issue, or health-protection aim.",This paper explores the results of the commissioning to show the technical feasibility of this process to produce zinc and to store solar energy.,0.00,100.00,2026-09-03_18-26-00_terra
852650,54791913-e3a2-4cb1-8fb8-3527eba34466,Solar Carbothermic Production of Zinc From Zinc Oxide: Solzinc,5,include - best balance,True,,,,,False,False,"[self-consistency: 0/3 INCLUDE]
(EXCLUDE) The record concerns a solar-energy storage technology, which may relate to mitigation, but it contains no substantive human health outcome, exposure pathway, health-system issue, or health-protective aim.
(EXCLUDE) The record addresses a solar-energy storage technology, which is a climate mitigation-related component, but it does not substantively address human health, health outcomes, health systems, or a recognised climate-health exposure pathway.
(EXCLUDE) The record concerns solar-energy storage technology, which is a climate-mitigation-related topic, but it does not substantively address human health, health outcomes, health systems, or a recognised climate-health exposure pathway.","""This paper explores the results of the commissioning to show the technical feasibility of this process to produce zinc and to store solar energy.""",0.00,99.32,2026-09-03_18-26-00_terra
852650,54791913-e3a2-4cb1-8fb8-3527eba34466,Solar Carbothermic Production of Zinc From Zinc Oxide: Solzinc,6,include - high recall,True,,,,,False,True,"[self-consistency: 3/3 INCLUDE]
(INCLUDE) The record substantively evaluates a solar-energy storage technology, which is a mitigation action that can reduce or replace fossil-fuel energy use. Under the criteria, a mitigation action qualifies even without a separate stated health outcome.
(INCLUDE) The record substantively concerns solar-energy storage technology, a mitigation action that can reduce or replace fossil-fuel energy use. Under the criteria, a mitigation action qualifies even without a separately stated health outcome.
(INCLUDE) The record substantively concerns a solar-energy storage technology that can support replacement of fossil-fuel electricity, which is a climate-mitigation action. Under the criteria, mitigation actions qualify as health-relevant without a separate stated health outcome.",This paper explores the results of the commissioning to show the technical feasibility of this process to produce zinc and to store solar energy.,0.00,100.00,2026-09-03_18-26-00_terra
2193612884,54d5dd45-a468-4287-a4f0-7ad453758ad8,Risk Assessment of the Cultured Meat,0,include - high precision,True,,,,,True,True,"[self-consistency: 3/3 INCLUDE]
(INCLUDE) The record explicitly discusses cultured meat as a means of reducing greenhouse-gas emissions and addresses human health risks, including microbial contamination, nutrition, and consumer safety.
(INCLUDE) The record explicitly discusses cultured meat as a lower-greenhouse-gas alternative, constituting a climate-mitigation component, and explicitly addresses consumer health risks from microbial contamination and nutritional composition.
(INCLUDE) The record explicitly discusses cultured meat as a lower-greenhouse-gas food-production alternative (a mitigation component) and identifies consumer health risks, including microbial contamination and nutritional composition.","Although it has some exciting benefits such as lower greenhouse gas emissions, land use, and animal suffering... When producing cultured meats, studies have identified health risk factors like microbial contamination throughout production and nutritional composition that should be addressed to ensure consumer safety and regulatory compliance.",0.00,81.10,2026-09-03_18-26-00_terra
2193612884,54d5dd45-a468-4287-a4f0-7ad453758ad8,Risk Assessment of the Cultured Meat,5,include - best balance,True,,,,,True,True,"[self-consistency: 3/3 INCLUDE]
(INCLUDE) The record addresses cultured meat as a lower-greenhouse-gas alternative to conventional animal farming, constituting a climate-mitigation component, and assesses consumer health risks including microbial contamination and nutritional composition.
(INCLUDE) The chapter substantively addresses cultured meat as a lower-greenhouse-gas alternative to conventional animal farming (a mitigation component) and discusses consumer health risks including microbial contamination and nutritional composition.
(INCLUDE) The record substantively discusses cultured meat as a lower-greenhouse-gas alternative to conventional animal farming (a mitigation component) and addresses consumer health risks, including microbial contamination and nutritional composition.","Although it has some exciting benefits such as lower greenhouse gas emissions, land use, and animal suffering, which make it very attractive, its mass adoption presents a lot of risks that need scrutiny.",0.00,100.00,2026-09-03_18-26-00_terra
2193612884,54d5dd45-a468-4287-a4f0-7ad453758ad8,Risk Assessment of the Cultured Meat,6,include - high recall,True,,,,,True,True,"[self-consistency: 3/3 INCLUDE]
(INCLUDE) The record explicitly addresses reduced greenhouse-gas emissions through cultured meat, a mitigation-related food-production alternative, and also discusses consumer health risks including microbial contamination and nutritional composition.
(INCLUDE) The record substantively addresses cultured meat as an alternative food-production approach with lower greenhouse-gas emissions (a mitigation component) and discusses consumer health risks including microbial contamination and nutritional composition.
(INCLUDE) The record substantively concerns cultured meat as an alternative food-production approach with lower greenhouse-gas emissions (a mitigation component) and discusses consumer health risks, including microbial contamination and nutritional composition.","Although it has some exciting benefits such as lower greenhouse gas emissions, land use, and animal suffering, which make it very attractive, its mass adoption presents a lot of risks that need scrutiny.",0.00,100.00,2026-09-03_18-26-00_terra
24113701,55d44eac-d09f-4ad4-a91a-887ebec38d7f,PENDAPAT PESERTA DIDIK SMKN 1 PACET TENTANG HASIL BELAJAR “MENGOPERASIKAN PERALATAN LAYANAN MAKAN DAN MINUM” SEBAGAI KESIAPAN PRAKTEK KERJA INDUSTRI DI RESTORAN HOTEL,0,include - high precision,True,,,,,False,False,"[self-consistency: 0/3 INCLUDE]
(EXCLUDE) The record concerns vocational readiness and food-and-beverage service equipment in hotel restaurants. It does not explicitly address any climate/weather factor, climate mitigation, or climate adaptation action.
(EXCLUDE) The record concerns students' readiness and knowledge for hotel restaurant work. It does not explicitly address any climate, weather, emissions, mitigation, or adaptation factor, and the references to physical and mental condition are not a substantive human-health outcome.
(EXCLUDE) The record concerns students’ readiness and knowledge for hotel-restaurant work practice. It does not explicitly address any climate, weather, greenhouse-gas, mitigation, or adaptation component; references to physical and mental condition are not a substantive climate-health connection.",The study aims to obtain data on The Opinion Of SMKN 1 Pacet Students On Learning Outcome “Operate Food And Beverage Service Equipment” As Readiness Of Industry Working Practice At The Hotel Restaurant,0.00,100.00,2026-09-03_18-26-00_terra
24113701,55d44eac-d09f-4ad4-a91a-887ebec38d7f,PENDAPAT PESERTA DIDIK SMKN 1 PACET TENTANG HASIL BELAJAR “MENGOPERASIKAN PERALATAN LAYANAN MAKAN DAN MINUM” SEBAGAI KESIAPAN PRAKTEK KERJA INDUSTRI DI RESTORAN HOTEL,5,include - best balance,True,,,,,False,False,"[self-consistency: 0/3 INCLUDE]
(EXCLUDE) The record concerns hospitality students' readiness and knowledge for hotel restaurant work. Although it mentions physical and mental condition, it does not substantively address any climate, weather, emissions, mitigation, adaptation, or climate-related hazard, and it does not assess a human health outcome.
(EXCLUDE) The record concerns students' readiness and knowledge for hotel restaurant work. It does not substantively address any climate/weather factor, climate mitigation, or climate adaptation, and it does not examine human health outcomes or a recognised climate-health pathway.
(EXCLUDE) The record concerns vocational students' readiness for hotel restaurant work and operating food and beverage service equipment. It does not substantively address a climate/weather factor, climate mitigation or adaptation, or a human-health outcome or climate-health exposure pathway.","""The study aims to obtain data on The Opinion Of SMKN 1 Pacet Students On Learning Outcome “Operate Food And Beverage Service Equipment” As Readiness Of Industry Working Practice At The Hotel Restaurant""",0.00,99.01,2026-09-03_18-26-00_terra
24113701,55d44eac-d09f-4ad4-a91a-887ebec38d7f,PENDAPAT PESERTA DIDIK SMKN 1 PACET TENTANG HASIL BELAJAR “MENGOPERASIKAN PERALATAN LAYANAN MAKAN DAN MINUM” SEBAGAI KESIAPAN PRAKTEK KERJA INDUSTRI DI RESTORAN HOTEL,6,include - high recall,True,,,,,False,False,"[self-consistency: 0/3 INCLUDE]
(EXCLUDE) The record concerns students' readiness and knowledge for hotel restaurant work practices and operating food-and-beverage service equipment. It does not substantively address any climate/weather factor, mitigation, adaptation, or climate-related health pathway.
(EXCLUDE) The record concerns students' readiness and knowledge for hotel restaurant work and food-and-beverage service equipment. It does not substantively address any climate/weather factor, climate mitigation, or climate adaptation action.
(EXCLUDE) The record concerns vocational students' readiness and knowledge for hotel food-and-beverage service work. It does not substantively address any climate/weather factor, climate mitigation, or climate adaptation action, nor a climate-health pathway.",,0.00,0.00,2026-09-03_18-26-00_terra
58922843,5637a062-b583-4c71-82b0-a59fc43430ef,A 63-year-old Woman With Rapidly Progressive Interstitial Lung Disease,0,include - high precision,True,,,,,False,False,"[self-consistency: 0/3 INCLUDE]
(EXCLUDE) The record explicitly concerns severe human respiratory illness and treatment, but it contains no substantive climate, weather, climate hazard, greenhouse-gas, mitigation, or adaptation component.
(EXCLUDE) The record clearly concerns human health, specifically dermatomyositis and rapidly progressive interstitial lung disease, but it does not explicitly address any climate/weather factor, climate-related hazard, mitigation action, or adaptation action.
(EXCLUDE) The record substantively concerns a human health condition (dermatomyositis-associated interstitial lung disease and respiratory failure), but it contains no explicit climate or weather factor, climate mitigation, or climate adaptation component.",Diagnosis: Rapidly progressive interstitial lung disease due to melanoma differentiation-associated gene 5 dermatomyositis,0.00,100.00,2026-09-03_18-26-00_terra
58922843,5637a062-b583-4c71-82b0-a59fc43430ef,A 63-year-old Woman With Rapidly Progressive Interstitial Lung Disease,5,include - best balance,True,,,,,False,False,"[self-consistency: 0/3 INCLUDE]
(EXCLUDE) The record concerns dermatomyositis-associated rapidly progressive interstitial lung disease and its clinical management. Although it has a human health component, it does not substantively address climate change, weather, climate-related hazards, greenhouse gases, fossil fuels, or climate mitigation/adaptation.
(EXCLUDE) The record clearly concerns a human health condition and respiratory failure, but it does not substantively address climate change, weather, climate-related hazards, greenhouse gases, fossil fuels, or climate mitigation/adaptation.
(EXCLUDE) The record concerns dermatomyositis-associated rapidly progressive interstitial lung disease and acute respiratory failure. Although it has a human health component, it does not substantively address a climate/weather factor, climate mitigation, or climate adaptation.",,0.00,0.00,2026-09-03_18-26-00_terra
58922843,5637a062-b583-4c71-82b0-a59fc43430ef,A 63-year-old Woman With Rapidly Progressive Interstitial Lung Disease,6,include - high recall,True,,,,,False,False,"[self-consistency: 0/3 INCLUDE]
(EXCLUDE) The record is a clinical case of dermatomyositis-associated rapidly progressive interstitial lung disease and does not substantively address climate change, weather, climate-related hazards, greenhouse gases, mitigation, or adaptation.
(EXCLUDE) The record concerns a clinical case of dermatomyositis-associated interstitial lung disease and respiratory failure. It contains a human health component but no substantive climate, weather, climate-related hazard, greenhouse gas, mitigation, or adaptation component.
(EXCLUDE) The record concerns a clinical case of dermatomyositis-associated interstitial lung disease and acute respiratory failure, so it has a human-health component. However, it does not substantively address climate change, weather, climate-related hazards, greenhouse gases, fossil fuels, mitigation, or adaptation. Fever in the clinical presentation is not a climate or weather exposure.",,0.00,0.00,2026-09-03_18-26-00_terra
765198,58d68f60-c075-4baf-af51-f594f1f68100,Material Selection for Lead Cooled Fast Reactors,0,include - high precision,True,,,,,False,False,"[self-consistency: 0/3 INCLUDE]
(EXCLUDE) The record concerns structural materials and coolant compatibility for lead-cooled nuclear reactors. It does not explicitly address a climate factor, climate mitigation/adaptation, or any human health outcome or exposure pathway.
(EXCLUDE) The record concerns structural materials and corrosion/compatibility in lead-cooled nuclear reactors. Its temperature discussion is reactor-operational rather than a climate or weather factor, and it contains no explicit human-health outcome, exposure, or health-system connection.
(EXCLUDE) The record concerns structural materials and corrosion/compatibility issues in lead-cooled nuclear reactors. It does not explicitly address a climate factor, mitigation or adaptation action, nor any human health outcome or exposure pathway.",Materials are one of the challenging issues for all future GENIV reactors.,0.00,100.00,2026-09-03_18-26-00_terra
765198,58d68f60-c075-4baf-af51-f594f1f68100,Material Selection for Lead Cooled Fast Reactors,5,include - best balance,True,,,,,False,False,"[self-consistency: 0/3 INCLUDE]
(EXCLUDE) The record concerns structural materials and corrosion/compatibility issues in lead-cooled nuclear reactors. It does not substantively address a climate or weather factor, climate mitigation/adaptation, or human health outcomes or pathways.
(EXCLUDE) The record concerns structural materials and corrosion/compatibility in lead-cooled nuclear reactors. It does not substantively address a climate or weather factor, climate mitigation/adaptation, or any human-health outcome or recognised climate-health pathway.
(EXCLUDE) The record concerns structural materials, corrosion barriers, and mechanical performance in lead-cooled nuclear reactors. It does not substantively address a climate/weather factor, climate mitigation or adaptation, or human health outcomes/exposure pathways.",Materials are one of the challenging issues for all future GENIV reactors.,0.00,100.00,2026-09-03_18-26-00_terra
765198,58d68f60-c075-4baf-af51-f594f1f68100,Material Selection for Lead Cooled Fast Reactors,6,include - high recall,True,,,,,False,False,"[self-consistency: 0/3 INCLUDE]
(EXCLUDE) The record concerns structural materials, corrosion barriers, and mechanical performance for lead-cooled nuclear reactors. It does not substantively address climate factors, emissions mitigation, climate adaptation, or human health outcomes/pathways.
(EXCLUDE) The record concerns structural materials and corrosion/mechanical performance in lead-cooled nuclear reactors. It does not substantively address a climate factor, climate mitigation action, adaptation, or any human health outcome or recognised climate-health pathway.
(EXCLUDE) The record concerns structural materials and corrosion protection for lead-cooled nuclear reactors. It does not substantively address a climate factor, climate mitigation/adaptation action, or any human health outcome or recognised climate-health pathway.",Materials are one of the challenging issues for all future GENIV reactors.,0.00,100.00,2026-09-03_18-26-00_terra
997047,59baba2a-54cc-4381-b80d-b37d1827c117,世界の人口戦略における公衆衛生的アプローチの有用性 公衆衛生活動を重視するフィリピン家族計画•母子保健プロジェクトの事例報告,0,include - high precision,True,,,,,False,False,"[self-consistency: 0/3 INCLUDE]
(EXCLUDE) The record explicitly concerns public and maternal/child health, but it does not substantively address climate change, weather, climate-related hazards, greenhouse gases, or climate mitigation/adaptation.
(EXCLUDE) The record substantively concerns population growth, development, and public health interventions, but it does not explicitly address climate change, weather/climate factors, climate mitigation, or climate adaptation.
(EXCLUDE) The record explicitly concerns public and maternal/child health and population growth, but it does not substantively address climate change, weather, climate-related hazards, greenhouse gases, fossil fuels, or climate mitigation/adaptation.",JICA assistance to improve maternal and child health status and promote community health initiatives in the Philippines is based on this new paradigm,0.00,100.00,2026-09-03_18-26-00_terra
997047,59baba2a-54cc-4381-b80d-b37d1827c117,世界の人口戦略における公衆衛生的アプローチの有用性 公衆衛生活動を重視するフィリピン家族計画•母子保健プロジェクトの事例報告,5,include - best balance,True,,,,,False,False,"[self-consistency: 0/3 INCLUDE]
(EXCLUDE) The record substantively concerns public health, maternal and child health, reproductive health, and population growth, but it does not address climate change, weather or climate hazards, greenhouse gases, fossil fuels, or climate mitigation/adaptation.
(EXCLUDE) The record substantively concerns public health, maternal and child health, reproductive health, and population growth, but it does not address a climate or weather factor, climate mitigation, or climate adaptation.
(EXCLUDE) The record substantively concerns public health, maternal and child health, reproductive health, and population growth, but it does not address a climate or weather factor, climate-related hazard, greenhouse gas/fossil fuels, or a climate mitigation/adaptation action.","""JICA assistance to improve maternal and child health status and promote community health initiatives in the Philippines is based on this new paradigm""",0.00,98.68,2026-09-03_18-26-00_terra
997047,59baba2a-54cc-4381-b80d-b37d1827c117,世界の人口戦略における公衆衛生的アプローチの有用性 公衆衛生活動を重視するフィリピン家族計画•母子保健プロジェクトの事例報告,6,include - high recall,True,,,,,False,False,"[self-consistency: 0/3 INCLUDE]
(EXCLUDE) The record substantively concerns population policy and maternal, child, reproductive, and community health, but it does not address climate change, weather, climate-related hazards, greenhouse gases, mitigation, or adaptation.
(EXCLUDE) The record substantively concerns public health, maternal and child health, reproductive health, and population growth, but it contains no explicit or directly inferable climate, weather, climate hazard, greenhouse-gas, mitigation, or climate-adaptation component.
(EXCLUDE) The record substantively concerns population growth and public-health, maternal-child health, and reproductive-health initiatives, but does not address a climate or weather factor, climate mitigation, or climate adaptation action.","""JICA assistance to improve maternal and child health status and promote community health initiatives in the Philippines is based on this new paradigm""",0.00,98.68,2026-09-03_18-26-00_terra
30610,5b018801-e746-4d9d-b67c-b465e87bdf9d,,0,include - high precision,True,,,,,False,False,"[self-consistency: 0/3 INCLUDE]
(EXCLUDE) The record concerns Medicaid, Medicare, Certificate of Need policy, and nursing-home behavior/quality. It contains a health-systems component but no explicit climate, weather, emissions, fossil-fuel, mitigation, or climate-adaptation component.
(EXCLUDE) The record concerns nursing-home regulation, Medicaid/Medicare subsidies, cost containment, and care quality, but does not explicitly address any climate or weather factor, climate mitigation, or climate adaptation.
(EXCLUDE) The record concerns Medicaid, Medicare, Certificate of Need policy, and nursing-home quality, but it does not explicitly address any climate, weather, greenhouse-gas, mitigation, or climate-adaptation factor.",,0.00,0.00,2026-09-03_18-26-00_terra
30610,5b018801-e746-4d9d-b67c-b465e87bdf9d,,5,include - best balance,True,,,,,False,False,"[self-consistency: 0/3 INCLUDE]
(EXCLUDE) The record concerns nursing-home policy, care access, cost containment, and quality, which are health-system topics, but it contains no substantive climate, weather, emissions, fossil-fuel, mitigation, or adaptation component.
(EXCLUDE) The record concerns nursing-home regulation, Medicaid/Medicare subsidies, and quality of care, which are health-system topics, but it contains no substantive climate, weather, greenhouse-gas, mitigation, or adaptation component.
(EXCLUDE) The record concerns nursing-home policy, access to care, cost containment, and quality, which are health-system topics, but it contains no substantive climate, weather, emissions, fossil-fuel, mitigation, or adaptation component.",“This paper theoretically and empirically analyzes the impact of Medicaid and CON policy on nursing home behavior.”,0.00,98.26,2026-09-03_18-26-00_terra
30610,5b018801-e746-4d9d-b67c-b465e87bdf9d,,6,include - high recall,True,,,,,False,False,"[self-consistency: 0/3 INCLUDE]
(EXCLUDE) The record concerns nursing-home regulation, Medicaid/Medicare subsidies, cost containment, and quality of care, but it contains no explicit or inferable climate, weather, greenhouse-gas, mitigation, or climate-adaptation component.
(EXCLUDE) The record concerns nursing-home regulation, Medicaid/Medicare subsidies, and quality of care, but does not substantively address any climate, weather, greenhouse-gas, mitigation, or climate-adaptation factor.
(EXCLUDE) The record concerns nursing home policy, quality, and access to care, but it contains no stated or inferable climate, weather, greenhouse-gas, mitigation, or adaptation component.",“This paper theoretically and empirically analyzes the impact of Medicaid and CON policy on nursing home behavior.”,0.00,98.26,2026-09-03_18-26-00_terra
1516253,5b878959-0146-48fc-8a6c-120646353427,,0,include - high precision,True,,,,,False,False,"[self-consistency: 0/3 INCLUDE]
(EXCLUDE) The record explicitly addresses rainfall, storm runoff, and protection from precipitation-related erosion, but it contains no explicit human health outcome, human exposure, health-system connection, or stated protection of people/livelihoods.
(EXCLUDE) The record substantively addresses rainfall and storm runoff, but it concerns mangrove ecology and soil erosion/land protection only. It does not explicitly state any human health outcome, human exposure, health system, or protection of people or livelihoods.
(EXCLUDE) The record substantively addresses rainfall, storm runoff, and erosion mitigation, but it does not explicitly address human health, human exposure, livelihoods, or health systems. Its outcomes concern mangrove ecology and land protection.","""This study aims to investigate the diversity of mangrove species and their soil erosion mitigation performance""",0.00,99.10,2026-09-03_18-26-00_terra
1516253,5b878959-0146-48fc-8a6c-120646353427,,5,include - best balance,True,,,,,False,False,"[self-consistency: 0/3 INCLUDE]
(EXCLUDE) The record addresses rainfall, storm runoff, precipitation, and erosion protection, so it has a climate/weather-related component. However, it concerns mangrove ecology, soil properties, and protection of land/local flora, with no stated human health outcome, health system relevance, or recognised human climate-health exposure pathway.
(EXCLUDE) The study substantively addresses precipitation and storm runoff as climate/weather factors, but it evaluates mangrove biodiversity and soil-erosion protection only. It does not state or establish a connection to human health, health systems, livelihoods, or a recognised climate-health exposure pathway.
(EXCLUDE) The study substantively addresses rainfall, storm runoff, and erosion mitigation, but it only concerns mangrove ecology and land protection. It does not state or directly establish a human-health outcome, health system connection, or recognised climate-health exposure pathway.","""This study aims to investigate the diversity of mangrove species and their soil erosion mitigation performance""",0.00,99.10,2026-09-03_18-26-00_terra
1516253,5b878959-0146-48fc-8a6c-120646353427,,6,include - high recall,True,,,,,False,False,"[self-consistency: 0/3 INCLUDE]
(EXCLUDE) The record addresses rainfall, storm runoff, and erosion mitigation by mangroves, but it does not substantively connect these climate-related factors or actions to human health, health systems, or a recognised climate-health exposure pathway.
(EXCLUDE) The record substantively addresses rainfall, storm runoff, and erosion mitigation, but it concerns mangrove ecology and land protection only. It does not state or directly support a human-health outcome, health system connection, or a recognised climate-health exposure pathway.
(EXCLUDE) The record substantively addresses rainfall and storm runoff and assesses mangroves' erosion-reduction role, but it does not state a human health outcome, health-system relevance, or a recognised climate-health exposure pathway. It concerns protection of land and local flora rather than an explicit climate adaptation action for human health.","“This study aims to investigate the diversity of mangrove species and their soil erosion mitigation performance in Hung Hoa Mangrove Forest, Vinh City, Vietnam.”",0.00,99.38,2026-09-03_18-26-00_terra
836386,60190894-0e01-484d-a867-f6e565870004,Biosurfactant production by Pantoea sp in submerged fermentation using pineapple peel as an alternative medium,0,include - high precision,True,,,,,False,False,"[self-consistency: 0/3 INCLUDE]
(EXCLUDE) The record concerns microbial biosurfactant production and physicochemical/toxicity testing in Artemia salina. It does not explicitly address a climate or weather factor, climate mitigation/adaptation, or a human health outcome, exposure, or health system.
(EXCLUDE) The record concerns microbial biosurfactant production and physicochemical properties. It does not substantively address a climate/weather factor, mitigation, or adaptation, and it contains no human-health outcome or human exposure; toxicity is assessed only in Artemia salina.
(EXCLUDE) The record concerns microbial biosurfactant production and toxicity in Artemia salina. It does not explicitly address a substantive climate factor, mitigation/adaptation action, or human health outcome/exposure.","""The toxicity using Artemia salina showed lower toxicity.""",0.00,94.83,2026-09-03_18-26-00_terra
836386,60190894-0e01-484d-a867-f6e565870004,Biosurfactant production by Pantoea sp in submerged fermentation using pineapple peel as an alternative medium,5,include - best balance,True,,,,,False,False,"[self-consistency: 0/3 INCLUDE]
(EXCLUDE) The record concerns microbial biosurfactant production and characterization. Petroleum products are only materials used in emulsion tests, not a substantive fossil-fuel or climate analysis, and toxicity is assessed in Artemia salina rather than through a human-health outcome or pathway.
(EXCLUDE) The record concerns microbial biosurfactant production and its physicochemical properties. Although petroleum-derived oils are used in emulsion tests, it does not substantively address fossil-fuel use, emissions, climate factors, mitigation, or adaptation. The only toxicity assessment is in Artemia salina, not human health.
(EXCLUDE) The record concerns microbial biosurfactant production and its properties. Although it tests emulsification with petroleum-derived oils, it does not substantively address fossil-fuel mitigation, climate factors, or adaptation. Its toxicity assessment is in Artemia salina rather than humans and does not establish a human-health component.","""The tensio-active produced stable emulsions with petroleum, motor oil, diesel, gasoline, kerosene""",0.00,97.98,2026-09-03_18-26-00_terra
836386,60190894-0e01-484d-a867-f6e565870004,Biosurfactant production by Pantoea sp in submerged fermentation using pineapple peel as an alternative medium,6,include - high recall,True,,,,,False,False,"[self-consistency: 0/3 INCLUDE]
(EXCLUDE) The record concerns microbial biosurfactant production and toxicity testing in Artemia salina. Although petroleum products are used in emulsion tests, fossil fuels are not substantively studied as a climate-related exposure or mitigation target, and no human health outcome or recognised climate-health pathway is addressed.
(EXCLUDE) The document concerns microbial biosurfactant production and its physicochemical properties. Although petroleum products are tested for emulsification, it does not substantively address fossil-fuel use, climate factors, mitigation, or adaptation. Toxicity is assessed only in Artemia salina rather than human health.
(EXCLUDE) The record concerns microbial biosurfactant production and its physicochemical properties. Petroleum products are used only for emulsion testing, not as a substantive fossil-fuel or mitigation topic, and the only toxicity assessment is in Artemia salina rather than human health.","The CMC of the biosurfactant produced by Pantoea sp was approximately 1%, and the toxicity using Artemia salina showed lower toxicity.",0.00,100.00,2026-09-03_18-26-00_terra
16492,60486f40-c23b-42b1-8ea4-53a5e3ac262f,SWOT Analysis of Health Reform Plan on Healthcare Sector from the Stakeholder Perspective,0,include - high precision,True,,,,,False,False,"[self-consistency: 0/3 INCLUDE]
(EXCLUDE) The record substantively concerns healthcare-sector reform and health-system planning, but it does not explicitly address any climate/weather factor, climate mitigation, or climate adaptation action.
(EXCLUDE) The record substantively concerns healthcare-sector reform and health systems, but it does not explicitly address any climate/weather factor, climate-related hazard, mitigation action, or climate adaptation action.
(EXCLUDE) The record substantively concerns healthcare policy and health systems, but it does not explicitly address climate change, weather, climate hazards, greenhouse gases, mitigation, or adaptation.","“So, this study aimed to analyze the Health Reform Plan in healthcare sector using SWOT approach from the stakeholder perspective.”",0.00,98.47,2026-09-03_18-26-00_terra
16492,60486f40-c23b-42b1-8ea4-53a5e3ac262f,SWOT Analysis of Health Reform Plan on Healthcare Sector from the Stakeholder Perspective,5,include - best balance,True,,,,,False,False,"[self-consistency: 0/3 INCLUDE]
(EXCLUDE) The record concerns a healthcare-sector Health Reform Plan and does not substantively address any climate, weather, climate hazard, greenhouse-gas, mitigation, or adaptation factor.
(EXCLUDE) The record concerns a healthcare-sector Health Reform Plan and does not substantively address any climate/weather factor, climate mitigation, or climate adaptation action.
(EXCLUDE) The record concerns a healthcare-sector Health Reform Plan and does not substantively address any climate, weather, climate-related hazard, greenhouse gas, fossil fuel, mitigation, or adaptation component.",,0.00,0.00,2026-09-03_18-26-00_terra
16492,60486f40-c23b-42b1-8ea4-53a5e3ac262f,SWOT Analysis of Health Reform Plan on Healthcare Sector from the Stakeholder Perspective,6,include - high recall,True,,,,,False,False,"[self-consistency: 0/3 INCLUDE]
(EXCLUDE) The record concerns a healthcare-sector reform plan and its stakeholder SWOT analysis. It does not substantively address climate change, weather factors, climate-related hazards, mitigation, or adaptation.
(EXCLUDE) The record concerns a healthcare-sector reform plan and stakeholder analysis. It contains no substantive climate, weather, climate-hazard, mitigation, or adaptation component.
(EXCLUDE) The record concerns a healthcare-sector reform plan and its stakeholder assessment. It does not substantively address climate change, weather, climate hazards, greenhouse gases, mitigation, or adaptation.","“So, this study aimed to analyze the Health Reform Plan in healthcare sector using SWOT approach from the stakeholder perspective.”",0.00,98.47,2026-09-03_18-26-00_terra
1144090637,62822866-52e1-4568-acff-97cdf19bb4db,Future Terrestrial Water Reserves to Undergo Stronger Interannual Variability,0,include - high precision,True,,,,,True,False,"[self-consistency: 0/3 INCLUDE]
(EXCLUDE) The record substantively models climate-change effects on terrestrial water storage and hydrological extremes, but it does not explicitly connect these changes to human health, human exposure, water use by people, or health systems.
(EXCLUDE) The record substantively addresses climate change, droughts, warming, and water-storage variability, but it does not explicitly connect these factors to human health, human exposure, health systems, or people’s use of water. Water scarcity is mentioned without an explicit human-health pathway.
(EXCLUDE) The record substantively models climate-change effects on terrestrial water storage, water scarcity, and hydrological extremes. However, it does not explicitly connect these factors to human health, human use or exposure to water, health systems, or any health outcome.","The above results emphasize the important impacts of climate change on IAVT, as well as divergent importance of different components on future IAVT changes, which can help to cope with water scarcity and hydrological extremes in the context of climate change.",0.00,100.00,2026-09-03_18-26-00_terra
1144090637,62822866-52e1-4568-acff-97cdf19bb4db,Future Terrestrial Water Reserves to Undergo Stronger Interannual Variability,5,include - best balance,True,,,,,True,False,"[self-consistency: 0/3 INCLUDE]
(EXCLUDE) The record substantively models climate-change effects on terrestrial water storage and hydrological extremes, so it has a climate component. However, it does not substantively connect these changes to human health, human water use or drinking water, health outcomes, or health systems.
(EXCLUDE) The record substantively models climate-change effects on terrestrial water storage, drought, and water scarcity, so it has a climate component. However, it does not substantively connect these changes to human health, health systems, human water use, or a stated health-related exposure pathway.
(EXCLUDE) The record substantively models climate-change effects on terrestrial water storage and hydrological extremes, so it has a climate component. However, it does not substantively connect these changes to human health, health systems, human water use, or another specified health pathway; it addresses water resources and hydrology generally.","The above results emphasize the important impacts of climate change on IAVT, as well as divergent importance of different components on future IAVT changes, which can help to cope with water scarcity and hydrological extremes in the context of climate change.",0.00,100.00,2026-09-03_18-26-00_terra
1144090637,62822866-52e1-4568-acff-97cdf19bb4db,Future Terrestrial Water Reserves to Undergo Stronger Interannual Variability,6,include - high recall,True,,,,,True,True,"[self-consistency: 3/3 INCLUDE]
(INCLUDE) The study substantively models climate-change-driven changes in terrestrial water storage, water scarcity, and hydrological extremes. Water availability and scarcity are recognised human-health exposure pathways, and the work provides evidence relevant to climate-risk management/adaptation.
(INCLUDE) The study substantively models climate-change effects on terrestrial water storage, water scarcity, and hydrological extremes. Water availability/scarcity is a recognised human-health exposure pathway, and the results are relevant to coping with this climate-related hazard.
(INCLUDE) The study substantively models climate-change impacts on terrestrial water storage, water scarcity, and hydrological extremes. This provides climate-risk evidence relevant to adaptation and concerns water availability, a recognised human-health resource pathway.","“The above results emphasize the important impacts of climate change on IAVT, as well as divergent importance of different components on future IAVT changes, which can help to cope with water scarcity and hydrological extremes in the context of climate change.”",0.00,99.23,2026-09-03_18-26-00_terra
398109773,62c6f734-c310-483a-8a62-3b2414df6726,Statistical Process Control in Service Industries: Unveiling the keys to quality Management,0,include - high precision,True,,,,,False,False,"[self-consistency: 0/3 INCLUDE]
(EXCLUDE) The record discusses statistical process control and service quality, including healthcare services, but contains no explicit climate, weather, emissions, mitigation, or adaptation component.
(EXCLUDE) The record discusses statistical process control and service quality, including healthcare as one service industry, but it contains no explicit climate, weather, emissions, mitigation, adaptation, or climate-related hazard component.
(EXCLUDE) The record discusses statistical process control and service quality, including healthcare services, but contains no explicit climate, weather, greenhouse-gas, mitigation, or adaptation component.",,0.00,0.00,2026-09-03_18-26-00_terra
398109773,62c6f734-c310-483a-8a62-3b2414df6726,Statistical Process Control in Service Industries: Unveiling the keys to quality Management,5,include - best balance,True,,,,,False,False,"[self-consistency: 0/3 INCLUDE]
(EXCLUDE) The record discusses statistical process control for service quality, including healthcare, but contains no substantive climate, weather, emissions, mitigation, or adaptation component.
(EXCLUDE) The record discusses statistical process control and service quality, including healthcare services, but contains no substantive climate, weather, emissions, mitigation, or adaptation component.
(EXCLUDE) The record discusses statistical process control and service quality, including healthcare services, but contains no substantive climate, weather, emissions, mitigation, or adaptation component.","“According to this study, SPC is highly beneficial for service industries including healthcare, banking, and hospitality.”",0.00,98.36,2026-09-03_18-26-00_terra
398109773,62c6f734-c310-483a-8a62-3b2414df6726,Statistical Process Control in Service Industries: Unveiling the keys to quality Management,6,include - high recall,True,,,,,False,False,"[self-consistency: 0/3 INCLUDE]
(EXCLUDE) The record concerns statistical process control and service quality, with healthcare mentioned as one service sector, but it does not substantively address climate, weather, climate-related hazards, mitigation, or adaptation.
(EXCLUDE) The record discusses statistical process control for service quality, including healthcare, but contains no substantive climate, weather, emissions, mitigation, or adaptation component.
(EXCLUDE) The record concerns statistical process control and service quality (including healthcare services), but it does not substantively address any climate factor, climate mitigation, or climate adaptation action.","""According to this study, SPC is highly beneficial for service industries including healthcare, banking, and hospitality.""",0.00,98.36,2026-09-03_18-26-00_terra
2251477,67ee0971-6ad8-4396-9211-6067fd1bb68a,,0,include - high precision,True,,,,,True,False,"[self-consistency: 0/3 INCLUDE]
(EXCLUDE) The record substantively analyses weather variables, but its outcome is olive anthracnose incidence in olive fruit. It does not explicitly address human health, human exposure, food security/nutrition, or a health system.
(EXCLUDE) The study substantively analyzes weather variables (temperature, humidity, and rain) in relation to olive anthracnose, satisfying the climate component. However, it addresses a plant disease in olive fruit and does not explicitly state any human health, nutrition, food-security, exposure, or health-system outcome.
(EXCLUDE) The record substantively analyses weather variables in relation to olive anthracnose, but it concerns disease affecting olive fruit and does not explicitly state any human health outcome, human exposure, food security/nutrition impact, or health-system relevance.","""used to study the quantitative relationships between OAI and 84 weather variables""",0.00,97.59,2026-09-03_18-26-00_terra
2251477,67ee0971-6ad8-4396-9211-6067fd1bb68a,,5,include - best balance,True,,,,,True,True,"[self-consistency: 3/3 INCLUDE]
(INCLUDE) The study substantively models weather variables (temperature, humidity, and rain) in relation to disease incidence in olive fruit. Olives are a human food crop, so climate-related impacts on this crop engage the food security/food safety health pathway.
(INCLUDE) The study substantively analyses temperature, humidity, and rainfall as weather exposures influencing disease in olive fruit, a food crop. This engages the climate-related food production pathway to human nutrition and food security.
(INCLUDE) The study substantively analyses weather variables (temperature and rainfall) in relation to disease incidence in olive fruit. Olive is a food crop, so prediction and control of a weather-associated disease affecting its fruit engages the food-supply/food-security health pathway.","Olive anthracnose (OA), caused by Colletotrichum spp., is the most important disease affecting olive fruit.",0.00,100.00,2026-09-03_18-26-00_terra
2251477,67ee0971-6ad8-4396-9211-6067fd1bb68a,,6,include - high recall,True,,,,,True,True,"[self-consistency: 3/3 INCLUDE]
(INCLUDE) The study substantively models temperature, humidity, and rainfall in relation to disease incidence in olive fruit. Olive is a human food crop, so weather effects on its disease risk and production engage the food-security/nutrition climate-health pathway.
(INCLUDE) The study substantively analyses weather variables (temperature, humidity, and rain) in relation to disease incidence in olive fruit. Because olives are a human food crop, weather-related impacts on their disease burden and control engage the food-security/nutrition climate-health pathway.
(INCLUDE) The study substantively analyses weather variables (temperature, humidity, and rain) in relation to disease incidence in olive fruit, a human food crop. This engages the climate-related food quality/safety pathway to health.",a long-term dataset (covering 12 years from 2002 to 2013) on anthracnose incidence on olive fruits (OAI) ... was used to study the quantitative relationships between OAI and 84 weather variables,0.00,71.65,2026-09-03_18-26-00_terra
3186494320,69ee550a-da8e-4643-a51e-951ffa7db335,Increasing oil recovery by utilization of AICV: a 3D multiphase simulation study of a heavy oil reservoir with an underlying water aquifer,0,include - high precision,True,,,,,False,False,"[self-consistency: 0/3 INCLUDE]
(EXCLUDE) The record substantively concerns fossil-fuel extraction technology, but it contains no explicit human health outcome, exposure, health-system issue, or health-protective aim.
(EXCLUDE) The record substantively concerns fossil-fuel extraction technology, but it does not explicitly address any human health outcome, exposure, health system, or health-protective aim.
(EXCLUDE) The record substantively concerns fossil-fuel extraction and oil-recovery technology, but it does not explicitly address any human health outcome, exposure, health system, or health-protective aim.",Oil companies are focusing on the development of new technology to improve the recovery of oil in horizontal wells.,0.00,100.00,2026-09-03_18-26-00_terra
3186494320,69ee550a-da8e-4643-a51e-951ffa7db335,Increasing oil recovery by utilization of AICV: a 3D multiphase simulation study of a heavy oil reservoir with an underlying water aquifer,5,include - best balance,True,,,,,False,False,"[self-consistency: 0/3 INCLUDE]
(EXCLUDE) The record concerns engineering technology to increase offshore oil recovery and manage gas/water breakthrough. Although fossil-fuel extraction is a climate component, it does not substantively address human health, a health system, or a recognised climate-health exposure pathway.
(EXCLUDE) The record concerns petroleum extraction technology and oil recovery economics. Although fossil-fuel production is a climate-related activity, it provides no substantive human health outcome, health exposure pathway, or health-system connection.
(EXCLUDE) The record concerns technology for improving offshore oil recovery and managing gas/water breakthrough in oil wells. Although fossil-fuel production is a climate component, it contains no substantive human health outcome, health exposure pathway, or health-system relevance.","""Oil companies are focusing on the development of new technology to improve the recovery of oil in horizontal wells.""",0.00,99.14,2026-09-03_18-26-00_terra
3186494320,69ee550a-da8e-4643-a51e-951ffa7db335,Increasing oil recovery by utilization of AICV: a 3D multiphase simulation study of a heavy oil reservoir with an underlying water aquifer,6,include - high recall,True,,,,,False,False,"[self-consistency: 0/3 INCLUDE]
(EXCLUDE) The record substantively concerns fossil-fuel extraction and oil-recovery technology, which is a climate-related activity, but it does not address human health, health systems, or a recognised climate-health exposure pathway. Improving oil recovery is not presented as a mitigation or adaptation action.
(EXCLUDE) The record substantively concerns oil extraction technology, a fossil-fuel activity, but it does not state or directly infer any human-health outcome, health exposure pathway, mitigation action, or adaptation action. Improving oil recovery is not a mitigation measure.
(EXCLUDE) The record substantively concerns fossil-fuel extraction, but it only evaluates oil-well production technology and reservoir-fluid breakthrough. It does not state or plausibly address human health, a health pathway, mitigation, or adaptation.",Oil companies are focusing on the development of new technology to improve the recovery of oil in horizontal wells.,0.00,100.00,2026-09-03_18-26-00_terra
115451007,6c785663-c106-46f8-9fe2-96a9ef066f0a,Identification of bacterial genes required for diatom-bacteria interactions,0,include - high precision,True,,,,,False,False,"[self-consistency: 0/3 INCLUDE]
(EXCLUDE) The record concerns molecular interactions between marine bacteria and diatoms and carbon sinking, but does not explicitly address climate change, a climate/weather factor, mitigation/adaptation, or human health/exposure outcomes.
(EXCLUDE) The record concerns marine diatom-bacteria aggregation and bacterial gene expression. It does not explicitly address a climate/weather factor, mitigation or adaptation, nor any human health outcome, exposure, or health system.
(EXCLUDE) The record concerns molecular interactions between marine bacteria and diatoms and organic-carbon aggregation. It does not explicitly address a climate/weather factor, mitigation or adaptation action, nor any human health outcome, exposure, or health system.",The results obtained in this study contribute to a better understanding of the molecular and biochemical mechanisms responsible for diatom-bacteria interactions.,0.00,100.00,2026-09-03_18-26-00_terra
115451007,6c785663-c106-46f8-9fe2-96a9ef066f0a,Identification of bacterial genes required for diatom-bacteria interactions,5,include - best balance,True,,,,,False,False,"[self-consistency: 0/3 INCLUDE]
(EXCLUDE) The record concerns molecular interactions between marine bacteria and diatoms and marine-snow aggregation. It does not substantively address a climate/weather factor, mitigation or adaptation, nor any human health outcome or recognised climate-health exposure pathway.
(EXCLUDE) The record studies molecular interactions between marine bacteria and diatoms and marine-snow aggregation. Although organic carbon sinking is mentioned, it does not substantively address climate factors, mitigation, or adaptation, and it contains no human-health outcome or recognised climate-health exposure pathway.
(EXCLUDE) The record concerns molecular interactions between marine bacteria and diatoms and carbon sinking in the ocean. It does not substantively address a climate factor, mitigation/adaptation action, or any human health outcome or recognised climate-health exposure pathway.",The results obtained in this study contribute to a better understanding of the molecular and biochemical mechanisms responsible for diatom-bacteria interactions.,0.00,100.00,2026-09-03_18-26-00_terra
115451007,6c785663-c106-46f8-9fe2-96a9ef066f0a,Identification of bacterial genes required for diatom-bacteria interactions,6,include - high recall,True,,,,,False,False,"[self-consistency: 0/3 INCLUDE]
(EXCLUDE) The record concerns molecular mechanisms of marine diatom-bacteria interactions and marine aggregate formation. It does not substantively address a climate factor, mitigation/adaptation action, or a human-health outcome or recognised climate-health exposure pathway.
(EXCLUDE) The record concerns marine carbon sinking and molecular interactions between a bacterium and a diatom. It does not substantively address a climate/weather factor, mitigation or adaptation action, nor any human-health outcome or recognised climate-health exposure pathway.
(EXCLUDE) The record concerns marine carbon sinking and molecular interactions between a bacterium and a diatom. It does not substantively address climate change, a climate hazard, mitigation/adaptation, or any human health outcome or recognised climate-health exposure pathway.","""The results obtained in this study contribute to a better understanding of the molecular and biochemical mechanisms responsible for diatom-bacteria interactions.""",0.00,98.77,2026-09-03_18-26-00_terra
19235,6d8114ab-1b32-47f8-b841-4b2f550cb497,Comment on egusphere-2025-4506,0,include - high precision,True,,,,,False,False,"[self-consistency: 0/3 INCLUDE]
(EXCLUDE) The record models the mechanics, energy transfer, and morphology of an ancient landslide. It does not explicitly address a climate/weather factor or climate adaptation, nor does it state any human health outcome, exposure, or health-system relevance.
(EXCLUDE) The record models the mechanics, energy transfer, and morphology of an ancient landslide. It does not explicitly address a climate or weather factor, climate adaptation/mitigation, or any human health outcome, exposure, or health system.
(EXCLUDE) The record models the mechanics, energy transfer, and morphology of an ancient landslide. It does not explicitly address a climate or weather factor, climate adaptation/mitigation, or any human health outcome, exposure, or health-system impact.","“In this paper, the contour restoration method is used to restore the topography before the Mogangling landslide”",0.00,98.23,2026-09-03_18-26-00_terra
19235,6d8114ab-1b32-47f8-b841-4b2f550cb497,Comment on egusphere-2025-4506,5,include - best balance,True,,,,,False,False,"[self-consistency: 0/3 INCLUDE]
(EXCLUDE) The record models the physical movement, energy transfer, and morphology of an ancient landslide. It does not substantively address a climate/weather factor, climate adaptation or mitigation, or any human health outcome or recognised climate-health exposure pathway.
(EXCLUDE) The record models the physical evolution, movement, and energy transfer of an ancient landslide. It does not substantively address a climate or weather factor, climate adaptation/mitigation, or any human-health outcome or recognised climate-health exposure pathway.
(EXCLUDE) The record models the movement, energy transfer, and morphology of an ancient landslide. It does not substantively address a climate/weather factor or climate adaptation, and it contains no human health outcome, health exposure pathway, or health-system relevance.","“In this paper, the contour restoration method is used to restore the topography before the Mogangling landslide”",0.00,98.23,2026-09-03_18-26-00_terra
19235,6d8114ab-1b32-47f8-b841-4b2f550cb497,Comment on egusphere-2025-4506,6,include - high recall,True,,,,,False,False,"[self-consistency: 0/3 INCLUDE]
(EXCLUDE) The record models the mechanics, energy transfer, and morphology of an ancient landslide. It does not substantively address a climate/weather factor, climate adaptation or mitigation, or any human health outcome or recognised climate-health pathway.
(EXCLUDE) The record models the mechanics, energy transfer, and morphology of an ancient landslide. It does not substantively address a climate/weather factor, climate adaptation or mitigation, or any human health outcome or recognised climate-health exposure pathway.
(EXCLUDE) The record models the mechanics, energy transfer, and morphology of an ancient landslide. It does not explicitly address climate or weather as a driver, climate adaptation or mitigation, or any human-health outcome or recognised climate-health exposure pathway.","“In this paper, the contour restoration method is used to restore the topography before the Mogangling landslide according to the contour of the surrounding mountains.”",0.00,98.81,2026-09-03_18-26-00_terra
83008,6e00bc2d-9e90-419e-b6d1-c220ea977ccd,"Ableism, Human Rights, and the COVID-19 Pandemic: Healthcare-Related Barriers Experienced by Deaf People in Aotearoa New Zealand",0,include - high precision,True,,,,,False,False,"[self-consistency: 0/3 INCLUDE]
(EXCLUDE) The record substantively concerns healthcare access and disability rights, so it has a health component. However, it does not explicitly address climate change, a climate/weather factor, climate mitigation, or climate adaptation; the COVID-19 pandemic is not itself a qualifying climate component.
(EXCLUDE) The record explicitly concerns healthcare access and disability rights, but it contains no substantive climate, weather, climate-change, mitigation, or climate-adaptation component. COVID-19 pandemic and disaster-management references alone do not establish a climate component.
(EXCLUDE) The record substantively concerns healthcare access and disability rights, but it does not explicitly address a climate or weather factor, climate mitigation, or climate adaptation. COVID-19 and pandemic/disaster management are not, by themselves, climate components.",This study documents and critically analyses Deaf people's healthcare access experiences in Aotearoa New Zealand during the COVID-19 pandemic.,0.00,100.00,2026-09-03_18-26-00_terra
83008,6e00bc2d-9e90-419e-b6d1-c220ea977ccd,"Ableism, Human Rights, and the COVID-19 Pandemic: Healthcare-Related Barriers Experienced by Deaf People in Aotearoa New Zealand",5,include - best balance,True,,,,,False,False,"[self-consistency: 0/3 INCLUDE]
(EXCLUDE) The record substantively addresses healthcare access and disability rights during the COVID-19 pandemic, but it does not address a climate or weather factor, climate mitigation, or climate adaptation.
(EXCLUDE) The record substantively concerns healthcare access and disability rights, so it has a health component. However, it does not address a climate/weather factor, climate mitigation, or climate adaptation to a climate-related hazard; COVID-19 pandemic response alone is not a climate component.
(EXCLUDE) The record substantively concerns healthcare access and disability rights, so it has a health component. However, it does not address a climate/weather factor, climate mitigation, or adaptation to climate-related hazards; the COVID-19 pandemic is not presented as a climate-related event.","""This study documents and critically analyses Deaf people's healthcare access experiences in Aotearoa New Zealand during the COVID-19 pandemic.""",0.00,98.61,2026-09-03_18-26-00_terra
83008,6e00bc2d-9e90-419e-b6d1-c220ea977ccd,"Ableism, Human Rights, and the COVID-19 Pandemic: Healthcare-Related Barriers Experienced by Deaf People in Aotearoa New Zealand",6,include - high recall,True,,,,,False,False,"[self-consistency: 0/3 INCLUDE]
(EXCLUDE) The record concerns healthcare access and disability rights during the COVID-19 pandemic, but it does not substantively address climate change, weather, climate-related hazards, mitigation, or adaptation.
(EXCLUDE) The record substantively concerns healthcare access and disability rights during the COVID-19 pandemic, but does not address a climate/weather factor, climate mitigation, or climate adaptation action.
(EXCLUDE) The record concerns healthcare access and disability rights during the COVID-19 pandemic, but it does not substantively address a climate/weather factor, climate mitigation, or climate adaptation action.",This study documents and critically analyses Deaf people's healthcare access experiences in Aotearoa New Zealand during the COVID-19 pandemic.,0.00,100.00,2026-09-03_18-26-00_terra
53144,6e975306-e918-4856-b2d5-d4da8502e1c1,Characterization of clay and nanoclay extracted from a semi-arid Vertisol and investigation of their carbon sequestration potential,0,include - high precision,True,,,,,False,False,"[self-consistency: 0/3 INCLUDE]
(EXCLUDE) The record explicitly concerns climate-change mitigation through soil carbon sequestration, but it does not state any human health outcome, exposure, health-system impact, or health-protective aim.
(EXCLUDE) The record explicitly addresses climate-change mitigation through soil carbon sequestration, but it contains no explicit human health outcome, exposure pathway, health-system connection, or health-related aim.
(EXCLUDE) The record explicitly addresses climate-change mitigation through soil carbon sequestration, but it contains no explicit human health outcome, exposure pathway affecting people, or health-system connection.",“Mitigation of global climate change by means such as soil carbon (C) sequestration has become an important area of research.”,0.00,99.20,2026-09-03_18-26-00_terra
53144,6e975306-e918-4856-b2d5-d4da8502e1c1,Characterization of clay and nanoclay extracted from a semi-arid Vertisol and investigation of their carbon sequestration potential,5,include - best balance,True,,,,,False,False,"[self-consistency: 0/3 INCLUDE]
(EXCLUDE) The record substantively concerns climate mitigation through soil carbon sequestration, but it does not address human health, health systems, or a recognised climate-health exposure pathway.
(EXCLUDE) The study substantively concerns climate mitigation through soil carbon sequestration, but it only examines nanoclay and soil organic matter stabilization. It does not address human health, health systems, or a recognised climate-health exposure pathway.
(EXCLUDE) The study substantively concerns climate mitigation through soil carbon sequestration, but it reports soil/nanoclay properties and carbon stabilization only. It does not address human health, health systems, or a recognised climate-health exposure pathway.",Mitigation of global climate change by means such as soil carbon (C) sequestration has become an important area of research.,0.00,100.00,2026-09-03_18-26-00_terra
53144,6e975306-e918-4856-b2d5-d4da8502e1c1,Characterization of clay and nanoclay extracted from a semi-arid Vertisol and investigation of their carbon sequestration potential,6,include - high recall,True,,,,,False,True,"[self-consistency: 3/3 INCLUDE]
(INCLUDE) The record substantively concerns soil carbon sequestration, explicitly framed as climate-change mitigation. Under the screening criteria, a mitigation action qualifies as health-relevant without a separate stated health outcome.
(INCLUDE) The record substantively concerns soil carbon sequestration, explicitly framed as mitigation of global climate change. Under the screening criteria, a mitigation action qualifies as health-relevant even without a separate direct health outcome.
(INCLUDE) The study substantively addresses soil carbon sequestration, explicitly identified as climate-change mitigation. Under the screening criteria, a mitigation action qualifies as health-relevant even without a separate human-health outcome.",“Mitigation of global climate change by means such as soil carbon (C) sequestration has become an important area of research.”,0.00,99.20,2026-09-03_18-26-00_terra
5204184321,6f5b6de0-ea91-435d-be55-caaef1747406,Immigration: Europe and the USA—common cause or American exceptionalism?,0,include - high precision,True,,,,,False,False,"[self-consistency: 0/3 INCLUDE]
(EXCLUDE) The provided record consists solely of notes and references about immigration, migration, citizenship, asylum, and globalization. It contains no explicit substantive climate/weather component or human-health component.
(EXCLUDE) The provided text is a list of references concerning immigration, migration, citizenship, and asylum policy. It contains no explicit substantive climate/weather factor, mitigation or adaptation action, or human-health outcome/exposure.
(EXCLUDE) The provided record consists of references about immigration, migration, citizenship, asylum, and related policy. It does not explicitly substantively address a climate/weather factor, mitigation or adaptation, nor human health outcomes or systems.",,0.00,0.00,2026-09-03_18-26-00_terra
5204184321,6f5b6de0-ea91-435d-be55-caaef1747406,Immigration: Europe and the USA—common cause or American exceptionalism?,5,include - best balance,True,,,,,False,False,"[self-consistency: 0/3 INCLUDE]
(EXCLUDE) The provided record consists of bibliographic notes about immigration, migration, citizenship, and asylum policy. It does not substantively address a climate/weather factor, climate mitigation or adaptation, nor a human-health outcome or climate-health pathway.
(EXCLUDE) The provided record is a list of references concerning immigration, migration, citizenship, and asylum policy. It contains no substantive climate/weather, mitigation, or adaptation component, nor a substantive human-health component.
(EXCLUDE) The provided record consists solely of references concerning immigration, migration, citizenship, and asylum policy. It contains no substantive climate/weather factor, mitigation or adaptation activity, or human-health outcome/exposure pathway.","Notes 1. D. L. DeLaet, US Immigration Policy in an Age of Rights, Westport, CT, 2000.",0.00,100.00,2026-09-03_18-26-00_terra
5204184321,6f5b6de0-ea91-435d-be55-caaef1747406,Immigration: Europe and the USA—common cause or American exceptionalism?,6,include - high recall,True,,,,,False,False,"[self-consistency: 0/3 INCLUDE]
(EXCLUDE) The provided text is a bibliography/notes list concerning immigration, migration, citizenship, and asylum policy. It contains no substantive climate-related factor, mitigation/adaptation action, or human-health outcome/pathway.
(EXCLUDE) The provided record consists of citations concerning immigration, migration, citizenship, and asylum policy. It contains no substantive climate/weather, mitigation, or adaptation component, nor a human-health component.
(EXCLUDE) The provided text is a list of references concerning immigration, asylum, citizenship, and migration policy. It does not substantively address a climate factor, mitigation/adaptation, or human health outcome/pathway.","D. L. DeLaet, US Immigration Policy in an Age of Rights",0.00,100.00,2026-09-03_18-26-00_terra
2080,6fb4e655-f3f1-4185-b959-c41cb01450bc,,0,include - high precision,True,,,,,False,False,"[self-consistency: 0/3 INCLUDE]
(EXCLUDE) The record addresses a human health condition and inflammatory biomarkers, but it contains no explicit climate, weather, climate-forcing agent, mitigation, or adaptation component.
(EXCLUDE) The record concerns inflammatory biomarkers in patients with orthostatic hypotension and contains a human health component, but it does not explicitly address any climate/weather factor, climate-related hazard, mitigation, or adaptation action.
(EXCLUDE) The record concerns a human health condition and inflammatory biomarkers, but it does not explicitly address any climate/weather factor, climate-related hazard, mitigation action, or adaptation action.","""A cross-sectional study including 778 patients with unexplained syncope and/or orthostatic intolerance""",0.00,98.08,2026-09-03_18-26-00_terra
2080,6fb4e655-f3f1-4185-b959-c41cb01450bc,,5,include - best balance,True,,,,,False,False,"[self-consistency: 0/3 INCLUDE]
(EXCLUDE) The record concerns human health, specifically orthostatic hypotension and inflammatory biomarkers, but it does not substantively address any climate or weather factor, climate-related hazard, mitigation action, or adaptation action.
(EXCLUDE) The record concerns inflammatory biomarkers and orthostatic hypotension in human patients, so it has a health component, but it does not substantively address climate, weather, climate-related hazards, mitigation, or adaptation.
(EXCLUDE) The record concerns human health, specifically orthostatic hypotension and inflammatory biomarkers, but it does not substantively address any climate/weather factor, climate-related hazard, mitigation action, or adaptation action.","""A cross-sectional study including 778 patients with unexplained syncope and/or orthostatic intolerance""",0.00,98.08,2026-09-03_18-26-00_terra
2080,6fb4e655-f3f1-4185-b959-c41cb01450bc,,6,include - high recall,True,,,,,False,False,"[self-consistency: 0/3 INCLUDE]
(EXCLUDE) The record concerns biomarkers and inflammation in patients with orthostatic hypotension, which is a human-health topic, but it does not substantively address any climate/weather factor, climate-related hazard, mitigation action, or adaptation action.
(EXCLUDE) The record concerns human health, specifically orthostatic hypotension and inflammatory biomarkers, but it contains no substantive climate, weather, climate-hazard, fossil-fuel, mitigation, or adaptation component.
(EXCLUDE) The record concerns inflammatory biomarkers in patients with orthostatic hypotension and contains no substantive climate, weather, climate-hazard, greenhouse-gas, mitigation, or adaptation component.","""Objective: To investigate the inflammatory biomarker signature associated with classical orthostatic hypotension (OH).""",0.00,99.16,2026-09-03_18-26-00_terra
33511484,7205c549-cb66-44b0-aef1-b984a06b7df2,Impact of Tides and Surges on Fluvial Floods in Coastal Regions,0,include - high precision,True,,,,,True,False,"[self-consistency: 0/3 INCLUDE]
(EXCLUDE) The record substantively models climate-related coastal compound flooding, tides, storm surges, and typhoon rainfall, but it does not explicitly address human health outcomes, human exposure, health systems, or protection of people or livelihoods.
(EXCLUDE) The record substantively models climate-related flood, tide, and storm-surge hazards, but it does not explicitly state a human health outcome, human exposure, health-system effect, or a health-focused protective aim. Preventing generic risks in coastal cities is insufficient to establish the health component.
(EXCLUDE) The record substantively models climate-related coastal flooding, tides, storm surges, and typhoon-driven compound events. However, it does not explicitly state a human health outcome, human exposure, health-system effect, or an adaptation aim of protecting people or health; it addresses flood risk in coastal cities generally.",The model framework integrating various flow processes will help to prevent risks of compound events in coastal cities in practical and future projections under different scenarios.,0.00,100.00,2026-09-03_18-26-00_terra
33511484,7205c549-cb66-44b0-aef1-b984a06b7df2,Impact of Tides and Surges on Fluvial Floods in Coastal Regions,5,include - best balance,True,,,,,True,False,"[self-consistency: 1/4 INCLUDE]
(INCLUDE) The study substantively models climate-related compound flooding driven by rainfall, tides, and storm surges. Flooding is a recognised climate-health exposure pathway because it can cause injury, death, mental-health impacts, and disruption of care, even though specific health outcomes are not measured in this record.
(EXCLUDE) The study substantively models climate-related flooding, tides, storm surges, and typhoon compound events, but it does not state a human-health outcome, health-system connection, or an adaptation aim explicitly protecting people, health, or livelihoods.
(EXCLUDE) The study substantively models climate-related coastal flooding, tides, storm surges, and typhoon-driven compound events. However, it does not substantively connect these hazards or the modelling framework to human health, health systems, or a recognised health-exposure pathway; it refers only generally to risks in coastal cities.
(EXCLUDE) The study substantively models climate-related hazards (river floods, tides, storm surges, and typhoon rainfall), but it does not substantively address human health, health systems, or a recognised health exposure pathway. Its stated risk prevention concerns compound flood events in cities without specifying people, health, or livelihoods.",The model framework integrating various flow processes will help to prevent risks of compound events in coastal cities in practical and future projections under different scenarios.,0.00,100.00,2026-09-03_18-26-00_terra
33511484,7205c549-cb66-44b0-aef1-b984a06b7df2,Impact of Tides and Surges on Fluvial Floods in Coastal Regions,6,include - high recall,True,,,,,True,True,"[self-consistency: 3/3 INCLUDE]
(INCLUDE) The record substantively models climate-related coastal flooding, tides, storm surges, and a typhoon. Its flood-risk modelling framework is intended to support prevention of compound-event risks, which constitutes climate adaptation/risk management and qualifies under the screening criteria.
(INCLUDE) The study substantively models climate-related compound flooding from rainfall, tides, storm surges, and a typhoon. Its flood-risk modelling and prevention-oriented framework constitute climate adaptation/risk management, which qualifies even without an explicitly measured health outcome.
(INCLUDE) The record substantively models climate-related compound flooding from rainfall, tides, and storm surges. This hazard-model framework supports prevention and future risk management, constituting climate adaptation; adaptation actions qualify even without a separately stated health outcome.",The model framework integrating various flow processes will help to prevent risks of compound events in coastal cities in practical and future projections under different scenarios.,0.00,100.00,2026-09-03_18-26-00_terra
379644011,735258bb-15e3-4f21-8b7a-673301782912,Observation of black carbon in Northern China in winter of 2018–2020 and its implications for black carbon mitigation,0,include - high precision,True,,,,,True,False,"[self-consistency: 0/3 INCLUDE]
(EXCLUDE) The record substantively addresses black carbon, fossil-fuel and biomass-burning emissions, air quality, and climate mitigation. However, it does not explicitly state any human exposure, health outcome, health-system impact, or protection of human health; air quality is discussed only as an environmental/policy goal.
(EXCLUDE) The record substantively addresses black carbon, fossil-fuel combustion, emissions mitigation, and climate goals. However, it reports ambient air-quality observations and policy co-benefits without explicitly stating human exposure, health outcomes, or protection of human health.
(EXCLUDE) The record substantively addresses black carbon emissions, fossil-fuel combustion, and climate/air-quality mitigation. However, it does not explicitly state human exposure, human health outcomes, or a health-protection aim; air quality is discussed only as an environmental and policy goal.","Enhanced observations of BC in hotspot regions with a high temporal resolution are critical to refining our BC mitigation strategies, which are co-directed by air-quality and climate goals.",0.00,100.00,2026-09-03_18-26-00_terra
379644011,735258bb-15e3-4f21-8b7a-673301782912,Observation of black carbon in Northern China in winter of 2018–2020 and its implications for black carbon mitigation,5,include - best balance,True,,,,,True,True,"[self-consistency: 3/3 INCLUDE]
(INCLUDE) The study substantively measures black carbon, a climate-forcing particulate, including emissions from biomass burning and fossil-fuel combustion. Its explicit air-quality focus provides a recognised human-health exposure pathway through particulate pollution.
(INCLUDE) The study substantively measures black carbon, a climate-forcing particulate, and explicitly addresses air-quality goals. Air quality is a recognised human-health exposure pathway under the screening criteria.
(INCLUDE) The study substantively measures black carbon from biomass burning and fossil-fuel combustion, a climate-forcing particulate, and explicitly concerns air-quality goals. Air quality is a recognised human-health exposure pathway, so the record includes both climate and health components.","Enhanced observations of BC in hotspot regions with a high temporal resolution are critical to refining our BC mitigation strategies, which are co-directed by air-quality and climate goals.",0.00,100.00,2026-09-03_18-26-00_terra
379644011,735258bb-15e3-4f21-8b7a-673301782912,Observation of black carbon in Northern China in winter of 2018–2020 and its implications for black carbon mitigation,6,include - high recall,True,,,,,True,True,"[self-consistency: 3/3 INCLUDE]
(INCLUDE) The study substantively examines black carbon, a climate-forcing particulate, including emissions from biomass burning and fossil fuels, and explicitly addresses air-quality and climate mitigation goals. Air quality involving black carbon/particulate matter is a recognised human-health exposure pathway.
(INCLUDE) The record substantively measures black carbon, a climate-forcing particulate, and evaluates emissions/mitigation in relation to air-quality and climate goals. Air quality involving particulate matter is a recognised climate-health exposure pathway.
(INCLUDE) The record substantively investigates black carbon from biomass burning and fossil-fuel combustion, a climate-forcing particulate, and explicitly addresses mitigation strategies with air-quality and climate goals. Air-quality mitigation is a recognised health-relevant pathway.","Enhanced observations of BC in hotspot regions with a high temporal resolution are critical to refining our BC mitigation strategies, which are co-directed by air-quality and climate goals.",0.00,100.00,2026-09-03_18-26-00_terra
4255,74c351f0-fb9d-4b78-8f5a-7948bece62d2,"THERMAL STRESS TESTING OF SM-2 FUEL ELEMENTS. Final Report for January 1, 1959 to July 1, 1960",0,include - high precision,True,,,,,False,False,"[self-consistency: 0/3 INCLUDE]
(EXCLUDE) The record concerns thermal deflection and stability of reactor fuel elements under experimental temperature differences. It contains no explicit climate-related factor, mitigation/adaptation action, or human health outcome/exposure.
(EXCLUDE) The record concerns thermal deflection and stability of nuclear-reactor fuel elements. Although temperature is measured, it is an engineering operating condition rather than a substantive climate or weather factor, and no human health outcome, exposure, or health-system connection is stated.
(EXCLUDE) The record concerns thermal deflection and stability of nuclear reactor fuel elements. Although temperature differences are studied, they are engineering operating conditions rather than a substantive climate/weather factor, and no human health outcome, exposure, or health-system connection is stated.","""To determine the thermal stability of SM-2-welded plate type fuel elements, test specimens were subjected to temperature differences across plate width.""",0.00,99.35,2026-09-03_18-26-00_terra
4255,74c351f0-fb9d-4b78-8f5a-7948bece62d2,"THERMAL STRESS TESTING OF SM-2 FUEL ELEMENTS. Final Report for January 1, 1959 to July 1, 1960",5,include - best balance,True,,,,,False,False,"[self-consistency: 0/3 INCLUDE]
(EXCLUDE) The record concerns thermal deflection and stability of nuclear reactor fuel elements under operating temperature differences. It does not substantively address climate change, mitigation/adaptation, climate-related hazards, or human health outcomes/pathways.
(EXCLUDE) The record concerns thermal deflection and stability of nuclear reactor fuel elements under operating temperature differences. It does not substantively address climate change, a climate-related factor, mitigation/adaptation, or any human health outcome or pathway.
(EXCLUDE) The record concerns thermal deflection and stability of reactor fuel elements under controlled temperature differences. It does not substantively address climate-related factors, mitigation, or adaptation, and it contains no human health outcome or recognised climate-health exposure pathway.","""To determine the thermal stability of SM-2-welded plate type fuel elements, test specimens were subjected to temperature differences across plate width.""",0.00,99.35,2026-09-03_18-26-00_terra
4255,74c351f0-fb9d-4b78-8f5a-7948bece62d2,"THERMAL STRESS TESTING OF SM-2 FUEL ELEMENTS. Final Report for January 1, 1959 to July 1, 1960",6,include - high recall,True,,,,,False,False,"[self-consistency: 0/3 INCLUDE]
(EXCLUDE) The record concerns thermal deflection and stability of nuclear reactor fuel elements under engineered temperature differences. It does not substantively address climate change, a climate-related exposure or action, or human health.
(EXCLUDE) The record concerns thermal stability and mechanical deflection of reactor fuel elements under controlled temperature differences. It does not substantively address climate change, climate-related weather, mitigation/adaptation, or human health.
(EXCLUDE) The record concerns thermal deflection and stability of nuclear-reactor fuel elements under operating temperature differences. It does not substantively address climate/weather, mitigation or adaptation, nor human health or a recognised climate-health pathway.","""To determine the thermal stability of SM-2-welded plate type fuel elements, test specimens were subjected to temperature differences across plate width.""",0.00,99.35,2026-09-03_18-26-00_terra
4082571503,78983b90-4b65-4ae8-ae9e-52a69a22faf5,Sex Dimorphism in Serum Lecithin: Cholesterol Acyltransferase and Lipoprotein Lipase Activities in Adult Sickle Cell Anaemia Patients with Proteinuria,0,include - high precision,True,,,,,False,False,"[self-consistency: 0/3 INCLUDE]
(EXCLUDE) The record concerns renal insufficiency/proteinuria and lipid-metabolizing enzymes in people with sickle cell anaemia, so it has a human-health component. It contains no explicit substantive climate, weather, greenhouse-gas, mitigation, or climate-adaptation component.
(EXCLUDE) The record explicitly concerns human renal health in sickle cell anaemia, but it contains no substantive climate, weather, climate-forcing agent, mitigation, or adaptation component.
(EXCLUDE) The record explicitly concerns a human health condition (sickle cell anaemia with proteinuria/renal insufficiency), but it contains no substantive climate, weather, greenhouse-gas, mitigation, or climate-adaptation component.","We evaluated sex differences in the activities of Lecithin: cholesterol acyltransferase (LCAT), Lipoprotein lipase (LPL) and the levels of lipoproteins in SCA patients with proteinuria.",0.00,100.00,2026-09-03_18-26-00_terra
4082571503,78983b90-4b65-4ae8-ae9e-52a69a22faf5,Sex Dimorphism in Serum Lecithin: Cholesterol Acyltransferase and Lipoprotein Lipase Activities in Adult Sickle Cell Anaemia Patients with Proteinuria,5,include - best balance,True,,,,,False,False,"[self-consistency: 0/3 INCLUDE]
(EXCLUDE) The record concerns proteinuria and lipid-metabolizing enzymes in people with sickle cell anaemia, but does not substantively address any climate/weather factor, climate-related hazard, mitigation, or adaptation action.
(EXCLUDE) The record concerns proteinuria, renal insufficiency, and lipid-metabolism enzymes in people with sickle cell anaemia, but it does not substantively address any climate/weather factor, climate-related exposure, mitigation, or adaptation action.
(EXCLUDE) The record concerns proteinuria and lipid-metabolizing enzymes in patients with sickle cell anaemia, but it does not substantively address any climate, weather, climate-related hazard, mitigation, or adaptation factor.",,0.00,0.00,2026-09-03_18-26-00_terra
4082571503,78983b90-4b65-4ae8-ae9e-52a69a22faf5,Sex Dimorphism in Serum Lecithin: Cholesterol Acyltransferase and Lipoprotein Lipase Activities in Adult Sickle Cell Anaemia Patients with Proteinuria,6,include - high recall,True,,,,,False,False,"[self-consistency: 0/3 INCLUDE]
(EXCLUDE) The record concerns renal insufficiency/proteinuria and lipid enzymes in people with sickle cell anaemia, but it contains no substantive climate, weather, greenhouse-gas, fossil-fuel, mitigation, or adaptation component.
(EXCLUDE) The record concerns renal insufficiency and lipid enzyme activity in sickle cell anaemia patients, but it contains no substantive climate, weather, greenhouse-gas, mitigation, or adaptation component.
(EXCLUDE) The record concerns proteinuria, renal insufficiency, and lipid-metabolizing enzymes in patients with sickle cell anaemia. It does not explicitly address climate, weather, climate-related hazards, greenhouse gases, fossil fuels, mitigation, or adaptation.","""We evaluated sex differences in the activities of Lecithin: cholesterol acyltransferase (LCAT), Lipoprotein lipase (LPL) and the levels of lipoproteins in SCA patients with proteinuria.""",0.00,98.93,2026-09-03_18-26-00_terra
382503560,79eff6cd-3596-4b7f-a593-3f01d4da1685,Bayesian fractional stochastic models for controlled release mechanisms in nanoparticle drug delivery,0,include - high precision,True,,,,,False,False,"[self-consistency: 0/3 INCLUDE]
(EXCLUDE) The record concerns nanoparticle drug-release modelling and therapeutic delivery. Although temperature is varied experimentally, it is not substantively addressed as a climate or weather exposure, mitigation action, or adaptation issue.
(EXCLUDE) The record concerns nanoparticle drug-release modelling and therapeutic drug delivery. Although temperature is varied experimentally, it is not a substantive climate or weather exposure/component; no climate change, climate-related hazard, mitigation, or adaptation is addressed.
(EXCLUDE) The record concerns nanoparticle drug delivery and therapeutic efficacy, but temperature is only an experimental condition for drug-release modelling, not a substantive climate or weather exposure, climate impact, mitigation, or adaptation component.","""Experimental drug release data were obtained across varying temperature and pH conditions""",0.00,97.80,2026-09-03_18-26-00_terra
382503560,79eff6cd-3596-4b7f-a593-3f01d4da1685,Bayesian fractional stochastic models for controlled release mechanisms in nanoparticle drug delivery,5,include - best balance,True,,,,,False,False,"[self-consistency: 0/3 INCLUDE]
(EXCLUDE) The record concerns nanoparticle drug-release modelling and therapeutic delivery. Although temperature is varied experimentally, it is not studied as a climate or weather exposure, mitigation, or adaptation factor; thus the required substantive climate component is absent.
(EXCLUDE) The record concerns nanoparticle drug-release modelling and therapeutic delivery. Although temperature is varied experimentally, it is not analysed as a climate or weather exposure, climate-change factor, mitigation action, or adaptation measure. Thus, it lacks the required substantive climate component.
(EXCLUDE) The record concerns pharmaceutical nanoparticle drug delivery and therapeutic efficacy. Although temperature is varied experimentally, it is not analysed as a climate or weather exposure, mitigation, or adaptation factor; therefore, no substantive climate component is present.","""Experimental drug release data were obtained across varying temperature and pH conditions""",0.00,97.80,2026-09-03_18-26-00_terra
382503560,79eff6cd-3596-4b7f-a593-3f01d4da1685,Bayesian fractional stochastic models for controlled release mechanisms in nanoparticle drug delivery,6,include - high recall,True,,,,,False,False,"[self-consistency: 0/3 INCLUDE]
(EXCLUDE) The record concerns nanocarrier drug-release modelling and therapeutic delivery. Although temperature is varied experimentally, it is a laboratory condition rather than a substantive climate or weather exposure, climate impact, mitigation, or adaptation topic. Therefore, no qualifying climate-health connection is present.
(EXCLUDE) The record concerns pharmaceutical nanoparticle drug-release modelling. Although temperature is an experimental condition, it is not addressed as a climate or weather exposure, climate hazard, mitigation action, or adaptation action; therefore there is no substantive climate component.
(EXCLUDE) The record concerns nanoparticle drug-delivery modelling and therapeutic efficacy. Although temperature is varied experimentally, it is not addressed as a climate or weather exposure, climate hazard, mitigation, or adaptation action; thus there is no substantive climate component.",Experimental drug release data were obtained across varying temperature and pH conditions,0.00,100.00,2026-09-03_18-26-00_terra
576361,7c26e633-0d28-4444-b67d-baadc300c055,A physically-based modelling framework for operational forecasting of river ice breakup,0,include - high precision,True,,,,,True,False,"[self-consistency: 0/3 INCLUDE]
(EXCLUDE) The record models and forecasts river ice breakup and associated flooding, but it does not explicitly address a climate/weather factor in the required climate-change context or a climate adaptation action aimed at people. It also does not state any human health outcome, human exposure, health-system impact, or protection of health; emergency response alone is insufficient.
(EXCLUDE) The record substantively models a climate/weather-related hazard (river ice breakup and flooding), but it does not explicitly state any human health outcome, human exposure, health-system impact, or protection of people’s health or livelihoods. Emergency response is mentioned without a stated health connection.
(EXCLUDE) The record substantively models river ice breakup and flooding, a weather/climate-related hazard, but it does not explicitly state any human health outcome, human exposure, health system impact, or protection of people/health.",Forecasting river ice breakup is critical for supporting emergency responses to river ice-related flooding along rivers in the northern hemisphere.,0.00,100.00,2026-09-03_18-26-00_terra
576361,7c26e633-0d28-4444-b67d-baadc300c055,A physically-based modelling framework for operational forecasting of river ice breakup,5,include - best balance,True,,,,,True,True,"[self-consistency: 3/5 INCLUDE]
(INCLUDE) The study develops and validates real-time forecasting for river ice breakup and related flooding, constituting climate-hazard risk monitoring/decision support. Flooding is a recognised climate-health exposure pathway with potential consequences for injury, death, mental health, and disruption of care; the emergency-response purpose further supports a human-health relevance.
(EXCLUDE) The record substantively models and forecasts a climate-related flooding hazard, but it does not establish a human-health outcome, health-system connection, or a stated aim of protecting people, health, or livelihoods. Emergency response is mentioned without a specific health connection.
(EXCLUDE) The record substantively models river ice breakup and water temperature for flood forecasting, but it does not state or directly establish a human-health outcome, health exposure pathway, or protection of people/health. Emergency response to flooding alone is insufficient without a specified health or human impact.
(INCLUDE) The study develops an operational forecasting framework for river ice-related flooding, a climate/weather-related hazard. Flood forecasting supports preparedness and emergency response, and flooding is a recognised climate-health exposure pathway involving risks such as injury, death, mental-health impacts, and care disruption.
(INCLUDE) The study models river ice breakup and flooding in cold-region catchments, which involves climate/weather conditions. Flooding is a recognised climate-health exposure pathway, and the stated emergency-response application plausibly concerns protection from flood-related harms.",Forecasting river ice breakup is critical for supporting emergency responses to river ice-related flooding along rivers in the northern hemisphere.,0.00,100.00,2026-09-03_18-26-00_terra
576361,7c26e633-0d28-4444-b67d-baadc300c055,A physically-based modelling framework for operational forecasting of river ice breakup,6,include - high recall,True,,,,,True,True,"[self-consistency: 3/3 INCLUDE]
(INCLUDE) The record substantively models and operationally forecasts river ice breakup and associated flooding, a climate-related hazard. This constitutes climate-risk management/adaptation; adaptation actions qualify even without a separately stated health outcome.
(INCLUDE) The study develops operational forecasting for river ice breakup and associated flooding. This is climate-related hazard modelling and preparedness/adaptation research; adaptation actions qualify under the screening criteria without a separate explicit health outcome.
(INCLUDE) The study develops real-time forecasting for river ice breakup and associated flooding. Flood-risk forecasting and emergency-response support constitute climate-related hazard preparedness/adaptation, which qualifies even without a separately stated health outcome.",Forecasting river ice breakup is critical for supporting emergency responses to river ice-related flooding along rivers in the northern hemisphere.,0.00,100.00,2026-09-03_18-26-00_terra
61638,7c6b7fb0-490d-48fb-a428-ad206082f7b3,Developing spatial models of health service access and utilisation to define health equity in Kenya,0,include - high precision,True,,,,,False,False,"[self-consistency: 0/3 INCLUDE]
(EXCLUDE) The record substantively concerns access to government health services, but it does not explicitly address climate change, weather variables, climate-related hazards, mitigation, or adaptation. Rivers and elevation are included only as spatial-access data, not as climate-health exposures.
(EXCLUDE) The record substantively concerns access to government health services, but it does not explicitly address any climate or weather factor, climate-related hazard, mitigation action, or climate adaptation action. Spatial variables such as elevation and rivers are used for access modelling rather than as climate-health exposures.
(EXCLUDE) The record substantively concerns access to government health services, but it does not explicitly address climate change, weather/climate factors, climate-related hazards, mitigation, or adaptation.",The aim of this thesis was to develop spatial models of access and utilisation of government health services in Kenya.,0.00,100.00,2026-09-03_18-26-00_terra
61638,7c6b7fb0-490d-48fb-a428-ad206082f7b3,Developing spatial models of health service access and utilisation to define health equity in Kenya,5,include - best balance,True,,,,,False,False,"[self-consistency: 0/3 INCLUDE]
(EXCLUDE) The record substantively concerns access to healthcare and health services, but it does not address any climate or weather factor, climate-related hazard, mitigation action, or climate adaptation action.
(EXCLUDE) The record substantively concerns access to and utilisation of health services, but it does not address climate change, weather/climate factors, climate-related hazards, mitigation, or adaptation.
(EXCLUDE) The record substantively concerns healthcare access and health-service utilisation, but it does not address a climate/weather factor, climate-related hazard, mitigation, or climate adaptation action.",The aim of this thesis was to develop spatial models of access and utilisation of government health services in Kenya.,0.00,100.00,2026-09-03_18-26-00_terra
61638,7c6b7fb0-490d-48fb-a428-ad206082f7b3,Developing spatial models of health service access and utilisation to define health equity in Kenya,6,include - high recall,True,,,,,False,False,"[self-consistency: 0/3 INCLUDE]
(EXCLUDE) The record substantively concerns healthcare access and health-service utilization, but it does not address climate change, weather/climate hazards, greenhouse gases, mitigation, or climate adaptation.
(EXCLUDE) The record substantively concerns healthcare access and health services, but it does not address a climate or weather factor, climate mitigation, or climate adaptation.
(EXCLUDE) The record substantively concerns access to and utilisation of healthcare, but it does not address a climate/weather factor, climate mitigation, or climate adaptation.","""The aim of this thesis was to develop spatial models of access and utilisation of government health services in Kenya.""",0.00,98.33,2026-09-03_18-26-00_terra
4982,7cc96b14-6f4e-42c5-beb5-f28e3ff42b64,,0,include - high precision,True,,,,,False,False,"[self-consistency: 0/3 INCLUDE]
(EXCLUDE) The record concerns marine seafloor erosion, sediment transport, and shelf geomorphology. It does not explicitly address a substantive climate factor or mitigation/adaptation action, and it contains no human health outcome, exposure, or health-system connection.
(EXCLUDE) The record concerns marine seafloor erosion, sediment transport, and bathymetry. It does not explicitly address a climate-related factor, mitigation, or adaptation, and it contains no human health outcome, exposure, or health-system connection.
(EXCLUDE) The record concerns marine seafloor erosion, sediment transport, and shelf geomorphology. It does not explicitly address a climate-related factor, mitigation, or adaptation, nor any human health outcome, exposure, or health system.","Recent chirp seismic reflection data combined with multibeam bathymetry, backscatter, and analysis of grab samples and short cores provide evidence of significant recent erosion on the outer New Jersey shelf.",0.00,100.00,2026-09-03_18-26-00_terra
4982,7cc96b14-6f4e-42c5-beb5-f28e3ff42b64,,5,include - best balance,True,,,,,False,False,"[self-consistency: 0/3 INCLUDE]
(EXCLUDE) The record concerns marine seafloor erosion, sediment transport, and geomorphology. It does not substantively address a climate factor, mitigation, or adaptation, and it contains no human-health outcome or recognised climate-health exposure pathway.
(EXCLUDE) The record concerns marine seafloor erosion, sediment transport, and shelf geomorphology. It does not substantively address a climate-related factor, mitigation, or adaptation, and it contains no human health outcome, health exposure pathway, or health-system connection.
(EXCLUDE) The record concerns marine seafloor erosion, sediment transport, and shelf geomorphology. It does not substantively address human health, health systems, or a recognised climate-health exposure pathway.","Recent chirp seismic reflection data combined with multibeam bathymetry, backscatter, and analysis of grab samples and short cores provide evidence of significant recent erosion on the outer New Jersey shelf.",0.00,100.00,2026-09-03_18-26-00_terra
4982,7cc96b14-6f4e-42c5-beb5-f28e3ff42b64,,6,include - high recall,True,,,,,False,False,"[self-consistency: 0/3 INCLUDE]
(EXCLUDE) The record concerns marine seafloor erosion, sediment transport, and geological morphology. It does not substantively address a climate/weather factor, climate mitigation or adaptation, or any human health outcome or recognised climate-health exposure pathway.
(EXCLUDE) The record concerns marine seafloor erosion, sediment transport, and shelf geomorphology. It does not substantively address climate/weather factors, climate mitigation or adaptation, or any human health outcome or recognised climate-health exposure pathway.
(EXCLUDE) The record concerns marine seafloor erosion, sediment transport, and geomorphology. It does not substantively address a climate-related factor, mitigation/adaptation, or human health outcome/exposure pathway.","“Recent chirp seismic reflection data combined with multibeam bathymetry, backscatter, and analysis of grab samples and short cores provide evidence of significant recent erosion on the outer New Jersey shelf.”",0.00,99.05,2026-09-03_18-26-00_terra
1336477806,7d7b1592-30fe-470b-8995-0cc561d89e3d,Regional Collaboration for Aircraft Accident Investigation as Impetus for Aviation Safety in Africa,0,include - high precision,True,,,,,False,False,"[self-consistency: 0/3 INCLUDE]
(EXCLUDE) The record concerns regional collaboration for aircraft accident investigation and aviation safety in Africa. It does not explicitly address a climate or weather factor, climate mitigation/adaptation, or a human-health outcome or climate-health exposure pathway.
(EXCLUDE) The record concerns regional collaboration and resource capacity for aircraft accident investigation and aviation safety in Africa. It does not explicitly address any climate/weather factor, mitigation or adaptation action, nor human health outcomes or climate-health exposure pathways.
(EXCLUDE) The record concerns aviation safety and regional accident-investigation capacity. It does not explicitly address a climate or weather factor, climate mitigation/adaptation, or a human health outcome/pathway.",,0.00,0.00,2026-09-03_18-26-00_terra
1336477806,7d7b1592-30fe-470b-8995-0cc561d89e3d,Regional Collaboration for Aircraft Accident Investigation as Impetus for Aviation Safety in Africa,5,include - best balance,True,,,,,False,False,"[self-consistency: 0/3 INCLUDE]
(EXCLUDE) The record concerns regional collaboration for aircraft accident investigation and aviation safety in Africa. It does not substantively address a climate/weather factor, climate mitigation or adaptation, or human health outcomes or pathways.
(EXCLUDE) The record concerns aviation accident investigation and safety collaboration. It does not substantively address a climate/weather factor, climate mitigation or adaptation, or human health outcomes or health systems.
(EXCLUDE) The record concerns regional collaboration for aircraft accident investigation and aviation safety in Africa. It does not substantively address a climate or weather factor, climate mitigation/adaptation, or a human-health outcome or recognised climate-health pathway.",,0.00,0.00,2026-09-03_18-26-00_terra
1336477806,7d7b1592-30fe-470b-8995-0cc561d89e3d,Regional Collaboration for Aircraft Accident Investigation as Impetus for Aviation Safety in Africa,6,include - high recall,True,,,,,False,False,"[self-consistency: 0/3 INCLUDE]
(EXCLUDE) The record concerns aviation accident investigation and safety collaboration. It does not substantively address climate/weather factors, climate mitigation or adaptation, or human health outcomes/pathways as defined.
(EXCLUDE) The record concerns aviation accident investigation and aviation safety collaboration. It does not substantively address a climate/weather factor, climate mitigation or adaptation, or human health/health systems.
(EXCLUDE) The record concerns aviation accident investigation and safety collaboration in Africa. It does not substantively address a climate/weather factor, climate mitigation/adaptation, or a human health outcome or climate-health exposure pathway.","""This article examines regional collaboration for aircraft accident investigation in Africa.""",0.00,97.85,2026-09-03_18-26-00_terra
38182,7e86ba10-8575-4d09-b3cc-739d14822b6f,,0,include - high precision,True,,,,,False,False,"[self-consistency: 0/3 INCLUDE]
(EXCLUDE) The record describes a radiochemical enzyme assay for folylpolyglutamate synthetase. It contains no explicit climate/weather, mitigation, or adaptation component, and no substantive human health outcome or exposure pathway.
(EXCLUDE) The record describes a laboratory radiochemical enzyme-assay method. It contains no explicit climate or weather factor, mitigation/adaptation action, or human health outcome/exposure.
(EXCLUDE) The record describes a radiochemical enzyme assay procedure. It does not explicitly address any climate/weather factor, mitigation or adaptation action, nor any human health outcome or human exposure pathway.",,0.00,0.00,2026-09-03_18-26-00_terra
38182,7e86ba10-8575-4d09-b3cc-739d14822b6f,,5,include - best balance,True,,,,,False,False,"[self-consistency: 0/3 INCLUDE]
(EXCLUDE) The record describes a radiochemical enzyme assay for folylpolyglutamate synthetase. It does not substantively address any climate-related factor, mitigation, or adaptation action, nor does it connect the work to human health outcomes or a recognised climate-health pathway.
(EXCLUDE) The record describes a radiochemical enzyme-assay method for folylpolyglutamate synthetase. It does not substantively address climate, weather, climate mitigation/adaptation, or a human health outcome or exposure pathway.
(EXCLUDE) The record describes a laboratory radiochemical enzyme-assay method. It does not substantively address a climate/weather factor, mitigation or adaptation, nor a human health outcome or climate-health exposure pathway.",,0.00,0.00,2026-09-03_18-26-00_terra
38182,7e86ba10-8575-4d09-b3cc-739d14822b6f,,6,include - high recall,True,,,,,False,False,"[self-consistency: 0/3 INCLUDE]
(EXCLUDE) The record describes a radiochemical laboratory method for measuring enzyme activity and does not substantively address any climate/weather factor, mitigation or adaptation action, or human health outcome/pathway.
(EXCLUDE) The record describes a radiochemical laboratory method for measuring enzyme activity. It contains no substantive climate/weather, mitigation, or adaptation component, and no human health outcome or recognised climate-health exposure pathway.
(EXCLUDE) The record describes a radiochemical enzyme assay for folylpolyglutamate synthetase. It contains no substantive climate/weather factor, mitigation/adaptation action, or human-health outcome/pathway.",,0.00,0.00,2026-09-03_18-26-00_terra
74529645,7f68ebcf-b865-4d14-adc5-82ccc52537f4,Bases moléculaires de l'adaptation du protéome à haute pression dans les Archées extrémophiles,0,include - high precision,True,,,,,False,False,"[self-consistency: 0/3 INCLUDE]
(EXCLUDE) The record concerns molecular adaptations of archaeal proteins to high hydrostatic pressure and temperature. It does not substantively address a listed climate factor, mitigation, or climate adaptation, and it contains no explicit human health outcome, exposure, or health-system connection.
(EXCLUDE) The record concerns molecular adaptation of archaeal proteins to high hydrostatic pressure in extreme environments. It does not substantively address a specified climate factor, mitigation, or climate adaptation, and it contains no human health outcome, exposure, or health-system component.
(EXCLUDE) The record concerns molecular adaptation of archaea to high hydrostatic pressure. It does not explicitly address a climate-related factor, mitigation, or adaptation, nor any human health outcome, exposure, or health system.","Thus, I set out to study orthologous proteins from Thermococcus barophilus and Thermococcus kodakarensis, two nearly isogenic hyperthermophilic Archaea belonging to the order of Thermococcales, to identify the physico-chemical basis of the adaptation at the atomic scale.",0.00,100.00,2026-09-03_18-26-00_terra
74529645,7f68ebcf-b865-4d14-adc5-82ccc52537f4,Bases moléculaires de l'adaptation du protéome à haute pression dans les Archées extrémophiles,5,include - best balance,True,,,,,False,False,"[self-consistency: 0/3 INCLUDE]
(EXCLUDE) The record studies molecular adaptation of archaea to high hydrostatic pressure. It does not substantively address a climate-related factor, mitigation, or adaptation, and it contains no human health outcome, exposure pathway, or health-system relevance.
(EXCLUDE) The record studies molecular adaptation of archaea to high hydrostatic pressure. It does not substantively address a climate-related factor, mitigation, or adaptation, and it contains no human health or health-system component.
(EXCLUDE) The record studies molecular adaptation of archaea to high hydrostatic pressure. It does not substantively address a climate-related factor, mitigation, or adaptation, and it contains no human health or health-system component.","Thus, I set out to study orthologous proteins from Thermococcus barophilus and Thermococcus kodakarensis, two nearly isogenic hyperthermophilic Archaea belonging to the order of Thermococcales, to identify the physico-chemical basis of the adaptation at the atomic scale.",0.00,100.00,2026-09-03_18-26-00_terra
74529645,7f68ebcf-b865-4d14-adc5-82ccc52537f4,Bases moléculaires de l'adaptation du protéome à haute pression dans les Archées extrémophiles,6,include - high recall,True,,,,,False,False,"[self-consistency: 0/3 INCLUDE]
(EXCLUDE) The record investigates molecular adaptation of archaeal proteins to high hydrostatic pressure and temperature in extreme environments. It does not substantively address climate change, climate-related weather hazards, mitigation, or adaptation, and it contains no human health or health-system component.
(EXCLUDE) The record concerns molecular adaptations of microorganisms to high hydrostatic pressure in extreme environments. It does not substantively address a qualifying climate factor, mitigation/adaptation action, or any human health outcome or climate-health exposure pathway.
(EXCLUDE) The record concerns molecular adaptations of archaeal proteins to high hydrostatic pressure. It does not substantively address a listed climate factor, mitigation, or climate adaptation, and it contains no human health or health-system component.","Thus, I set out to study orthologous proteins from Thermococcus barophilus and Thermococcus kodakarensis, two nearly isogenic hyperthermophilic Archaea belonging to the order of Thermococcales, to identify the physico-chemical basis of the adaptation at the atomic scale.",0.00,100.00,2026-09-03_18-26-00_terra
5163486702,83d587f9-123a-46f4-bedb-3bf8f441cc41,"Viruses, Exploits, Malware and Security Issues on IoT Devices",0,include - high precision,True,,,,,False,False,"[self-consistency: 0/3 INCLUDE]
(EXCLUDE) The record concerns cybersecurity and certification for IoT devices. Although healthcare is mentioned as an example of an application field, it does not substantively address human health, and it contains no explicit climate, weather, emissions, mitigation, or adaptation component.
(EXCLUDE) The record concerns cybersecurity and certification of IoT devices. Although healthcare is mentioned as an example of an IoT application, it does not substantively address human health outcomes, exposures, or health systems, and it contains no explicit climate, weather, mitigation, or adaptation component.
(EXCLUDE) The record concerns cybersecurity and certification for IoT devices. It does not substantively address any climate/weather factor, mitigation, or adaptation action, and healthcare is mentioned only as an example use case rather than as a health outcome or health-system topic.","""The main challenge for having reasonable security for IoT devices is the fragmentation of the market landscape and protocols""",0.00,98.41,2026-09-03_18-26-00_terra
5163486702,83d587f9-123a-46f4-bedb-3bf8f441cc41,"Viruses, Exploits, Malware and Security Issues on IoT Devices",5,include - best balance,True,,,,,False,False,"[self-consistency: 0/3 INCLUDE]
(EXCLUDE) The record concerns IoT cybersecurity and certification. Although healthcare is mentioned as an example of an IoT use case, it does not substantively address human health, climate/weather factors, climate mitigation, or climate adaptation.
(EXCLUDE) The record concerns cybersecurity and IoT certification/gateway security. Although healthcare is mentioned as an example of an IoT use case, it does not substantively address human health or a health system, and it contains no climate, weather, mitigation, or adaptation component.
(EXCLUDE) The record concerns IoT device cybersecurity. Although healthcare is mentioned as an example use case, it does not substantively address human health or health systems, and it contains no climate, weather, mitigation, or adaptation component.",“The last section offers conclusions regarding the cybersecurity for the IoT gateways and nodes.”,0.00,98.96,2026-09-03_18-26-00_terra
5163486702,83d587f9-123a-46f4-bedb-3bf8f441cc41,"Viruses, Exploits, Malware and Security Issues on IoT Devices",6,include - high recall,True,,,,,False,False,"[self-consistency: 0/3 INCLUDE]
(EXCLUDE) The record concerns cybersecurity and certification for Internet-of-Things devices. Although healthcare is mentioned as an example of a use case, it does not substantively address human health, climate factors, mitigation, or adaptation.
(EXCLUDE) The record concerns IoT-device cybersecurity and certification. Although healthcare is mentioned as an example of an IoT use case, it does not substantively address human health, climate/weather factors, mitigation, or adaptation.
(EXCLUDE) The record concerns cybersecurity and certification of IoT devices. Although healthcare is mentioned as an example of an IoT use case, it does not substantively address human health, climate factors, mitigation, or adaptation.","""The main challenge for having reasonable security for IoT devices is the fragmentation of the market landscape and protocols""",0.00,98.41,2026-09-03_18-26-00_terra
8463,8481b566-5d87-4948-a477-7d97eeb3a055,Association Between Vitamin D and Cortisol Concentrations Among Pregnant Women,0,include - high precision,True,,,,,False,False,"[self-consistency: 0/3 INCLUDE]
(EXCLUDE) The record concerns vitamin D status and cortisol concentrations in pregnant women. It explicitly addresses maternal health, but contains no substantive climate, weather, greenhouse-gas, mitigation, or climate-adaptation component.
(EXCLUDE) The record concerns vitamin D status and cortisol among pregnant women, which is a human-health topic, but it does not explicitly address any climate/weather factor, climate-related exposure, mitigation, or adaptation action.
(EXCLUDE) The record concerns vitamin D status, cortisol, and pregnancy-related health, but it does not explicitly address any climate/weather factor, climate mitigation, or climate adaptation component.",,0.00,0.00,2026-09-03_18-26-00_terra
8463,8481b566-5d87-4948-a477-7d97eeb3a055,Association Between Vitamin D and Cortisol Concentrations Among Pregnant Women,5,include - best balance,True,,,,,False,False,"[self-consistency: 0/3 INCLUDE]
(EXCLUDE) The record concerns vitamin D status, cortisol, and pregnancy-related health, but does not substantively address a climate or weather factor, climate mitigation, or climate adaptation.
(EXCLUDE) The record addresses vitamin D status, cortisol, and pregnancy-related health, but it does not substantively address a climate/weather factor, climate mitigation, or climate adaptation.
(EXCLUDE) The record addresses maternal health and pregnancy-related biomarkers, but it does not substantively address a climate/weather factor, climate mitigation, or climate adaptation.",Our objective for this study was to determine the association between vitamin D and cortisol concentrations among pregnant women.,0.00,100.00,2026-09-03_18-26-00_terra
8463,8481b566-5d87-4948-a477-7d97eeb3a055,Association Between Vitamin D and Cortisol Concentrations Among Pregnant Women,6,include - high recall,True,,,,,False,False,"[self-consistency: 0/3 INCLUDE]
(EXCLUDE) The record concerns vitamin D status, cortisol, and pregnancy outcomes, but does not substantively address any climate/weather factor, climate-related hazard, mitigation, or adaptation action.
(EXCLUDE) The record concerns vitamin D status and cortisol among pregnant women, but it does not substantively address any climate/weather factor, climate-related hazard, mitigation action, or adaptation action.
(EXCLUDE) The record addresses vitamin D status and cortisol among pregnant women, but does not substantively address climate change, weather, climate-related hazards, greenhouse gases, fossil fuels, mitigation, or adaptation.",“Our objective for this study was to determine the association between vitamin D and cortisol concentrations among pregnant women.”,0.00,98.47,2026-09-03_18-26-00_terra
4386165423,84a56dc2-a0b5-4542-87e9-6173b03eaf09,Bacteria-mediated green synthesis of ZnO nanoparticles via,0,include - high precision,True,,,,,False,False,"[self-consistency: 0/3 INCLUDE]
(EXCLUDE) The record concerns bacterial synthesis and antimicrobial activity of zinc oxide nanoparticles. It does not explicitly address a climate/weather factor, climate mitigation or adaptation, or a substantive human-health outcome or human exposure.
(EXCLUDE) The record concerns bacterial synthesis and antimicrobial testing of zinc oxide nanoparticles. It does not substantively address a climate/weather factor, mitigation, or adaptation, and it does not state a human health outcome or human exposure.
(EXCLUDE) The record concerns bacterial synthesis and antimicrobial activity of zinc oxide nanoparticles. It does not substantively address a climate/weather factor, mitigation, or adaptation, nor does it explicitly connect the work to human health or human exposure.","""The antifungal, antibacterial, and anti-biofilm activities of biosynthesized ZnO NPs were studied.""",0.00,98.00,2026-09-03_18-26-00_terra
4386165423,84a56dc2-a0b5-4542-87e9-6173b03eaf09,Bacteria-mediated green synthesis of ZnO nanoparticles via,5,include - best balance,True,,,,,False,False,"[self-consistency: 0/3 INCLUDE]
(EXCLUDE) The study concerns bacterial synthesis and antimicrobial properties of zinc oxide nanoparticles. It does not substantively address a climate/weather factor, climate mitigation or adaptation, or human health outcomes/pathways; the stated applications are industrial.
(EXCLUDE) The record concerns bacterial biosynthesis and in-vitro antimicrobial properties of zinc oxide nanoparticles. It does not substantively address a climate/weather factor, mitigation, or adaptation, and it provides no human-health outcome or human exposure pathway.
(EXCLUDE) The study concerns bacterial synthesis and antimicrobial properties of zinc oxide nanoparticles under laboratory conditions. It does not substantively address a climate factor, mitigation, or adaptation, nor does it report a human health outcome or human-health exposure pathway.","""The antifungal, antibacterial, and anti-biofilm activities of biosynthesized ZnO NPs were studied.""",0.00,98.00,2026-09-03_18-26-00_terra
4386165423,84a56dc2-a0b5-4542-87e9-6173b03eaf09,Bacteria-mediated green synthesis of ZnO nanoparticles via,6,include - high recall,True,,,,,False,False,"[self-consistency: 0/3 INCLUDE]
(EXCLUDE) The record concerns bacterial biosynthesis and antimicrobial activity of zinc oxide nanoparticles. It does not substantively address a climate/weather factor, climate mitigation, or climate adaptation, and it contains no human-health outcome or recognised climate-health exposure pathway.
(EXCLUDE) The record concerns bacterial biosynthesis and antimicrobial properties of zinc oxide nanoparticles. It does not substantively address a climate or weather factor, climate mitigation/adaptation, or a human-health outcome/pathway.
(EXCLUDE) The record concerns bacterial biosynthesis and antimicrobial properties of zinc oxide nanoparticles. It does not substantively address a climate/weather factor, climate mitigation, or climate adaptation, nor does it establish a human-health outcome or recognised climate-health exposure pathway.",,0.00,0.00,2026-09-03_18-26-00_terra
47342667,8566dd87-aed1-4295-85b2-00354e47c6af,Diagnosis and management of schistosomiasis,0,include - high precision,True,,,,,True,True,"[self-consistency: 3/3 INCLUDE]
(INCLUDE) The record explicitly discusses climate change as affecting aquatic environments and waterborne-disease transmission, and it substantively addresses schistosomiasis as a human infectious disease with major disease burden and health effects.
(INCLUDE) The record explicitly links climate change to altered aquatic environments and transmission/distribution of waterborne diseases, and it substantively discusses schistosomiasis as a major human infectious disease with health burdens.
(INCLUDE) The record explicitly discusses climate change as affecting aquatic environments and waterborne-disease transmission, and explicitly describes schistosomiasis as a major human infectious disease with substantial burden and health effects.",Climate change will alter aquatic environments and subsequently the transmission and distribution of waterborne diseases.,0.00,100.00,2026-09-03_18-26-00_terra
47342667,8566dd87-aed1-4295-85b2-00354e47c6af,Diagnosis and management of schistosomiasis,5,include - best balance,True,,,,,True,True,"[self-consistency: 3/3 INCLUDE]
(INCLUDE) The record explicitly addresses climate change as affecting aquatic environments and transmission/distribution of schistosomiasis, a human parasitic disease with substantial described health burden.
(INCLUDE) The record explicitly addresses climate change as affecting aquatic environments and the transmission of schistosomiasis, a major human infectious disease with described morbidity and disease burden.
(INCLUDE) The record explicitly links climate change to altered aquatic environments and transmission of waterborne disease, and it concerns schistosomiasis, a major human infectious disease.",Climate change will alter aquatic environments and subsequently the transmission and distribution of waterborne diseases.,0.00,100.00,2026-09-03_18-26-00_terra
47342667,8566dd87-aed1-4295-85b2-00354e47c6af,Diagnosis and management of schistosomiasis,6,include - high recall,True,,,,,True,True,"[self-consistency: 3/3 INCLUDE]
(INCLUDE) The record explicitly discusses climate change affecting aquatic environments and the transmission/distribution of schistosomiasis, a human waterborne parasitic disease with substantial described health burden.
(INCLUDE) The record explicitly addresses climate change as affecting aquatic environments and the transmission/distribution of schistosomiasis, a human waterborne infectious disease with substantial health burden.
(INCLUDE) The record explicitly addresses climate change as affecting aquatic environments and the transmission/distribution of schistosomiasis, a human waterborne infectious disease.",Climate change will alter aquatic environments and subsequently the transmission and distribution of waterborne diseases.,0.00,100.00,2026-09-03_18-26-00_terra
288058697,88985e78-9f1b-49b3-9f59-09b184b60c91,,0,include - high precision,True,,,,,False,False,"[self-consistency: 0/3 INCLUDE]
(EXCLUDE) The record concerns maintenance, defects, inspection, and lifespan prediction for timber bridges. It does not explicitly address a climate or weather factor, climate mitigation/adaptation, or any human-health outcome or exposure pathway.
(EXCLUDE) The record concerns timber-bridge deterioration, inspection, maintenance, and lifespan prediction. It does not explicitly address a climate or weather factor, climate mitigation/adaptation, or any human-health outcome or exposure pathway.
(EXCLUDE) The record concerns maintenance, defects, inspection, and lifespan prediction for timber bridges. It does not explicitly address a climate or weather factor, climate mitigation/adaptation, or any human health outcome or exposure pathway.",“This paper documents the current state of knowledge relating to the deterioration of timber bridges in Australia.”,0.00,99.12,2026-09-03_18-26-00_terra
288058697,88985e78-9f1b-49b3-9f59-09b184b60c91,,5,include - best balance,True,,,,,False,False,"[self-consistency: 0/3 INCLUDE]
(EXCLUDE) The record concerns maintenance, inspection, and lifespan prediction for timber bridges. It does not substantively address a climate/weather factor, climate mitigation or adaptation, or any human health outcome or recognised climate-health exposure pathway.
(EXCLUDE) The record concerns maintenance, inspection, and lifespan prediction for timber bridges. It does not substantively address a climate or weather factor, climate mitigation/adaptation, or a human health outcome or recognised climate-health pathway.
(EXCLUDE) The record concerns maintenance, inspection, and lifespan prediction for timber bridges. It does not substantively address a climate/weather factor, climate mitigation or adaptation, or a human health outcome or recognised climate-health exposure pathway.",This paper documents the current state of knowledge relating to the deterioration of timber bridges in Australia.,0.00,100.00,2026-09-03_18-26-00_terra
288058697,88985e78-9f1b-49b3-9f59-09b184b60c91,,6,include - high recall,True,,,,,False,False,"[self-consistency: 0/3 INCLUDE]
(EXCLUDE) The record concerns inspection, maintenance, and lifespan prediction for deteriorating timber bridges. It does not explicitly address climate/weather factors, climate mitigation or adaptation, or a human-health outcome or recognised climate-health pathway.
(EXCLUDE) The record concerns inspection, maintenance, and lifespan prediction for timber bridges. It does not substantively address a climate-related factor, mitigation, or climate adaptation, and it does not identify a human health outcome or recognised climate-health exposure pathway.
(EXCLUDE) The record concerns infrastructure deterioration, inspection, maintenance, and bridge lifespan. It does not substantively address a climate or weather factor, climate mitigation/adaptation, or a human-health outcome or recognised climate-health exposure pathway.","""This paper documents the current state of knowledge relating to the deterioration of timber bridges in Australia.""",0.00,99.12,2026-09-03_18-26-00_terra
3322946278,88bdbaac-a901-421f-9718-a5b63d7fc98a,Ion transport in hypertension: are changes in the cell membrane responsible?,0,include - high precision,True,,,,,False,False,"[self-consistency: 0/3 INCLUDE]
(EXCLUDE) The record substantively concerns hypertension and blood pressure, but it contains no explicit climate, weather, greenhouse-gas, fossil-fuel, climate mitigation, or climate-adaptation component.
(EXCLUDE) The record concerns hypertension, cell membrane lipid composition, and dietary intervention, so it has a human-health component. However, it does not explicitly address any climate or weather factor, climate mitigation, or climate adaptation action.
(EXCLUDE) The record concerns mechanisms and dietary intervention for essential hypertension, which is a human health topic, but it does not explicitly address any climate or weather factor, climate-related hazard, mitigation action, or adaptation action.","“Disturbances in several, distinct cell membrane ion transport processes have been demonstrated in essential hypertension”",0.00,99.17,2026-09-03_18-26-00_terra
3322946278,88bdbaac-a901-421f-9718-a5b63d7fc98a,Ion transport in hypertension: are changes in the cell membrane responsible?,5,include - best balance,True,,,,,False,False,"[self-consistency: 0/3 INCLUDE]
(EXCLUDE) The record addresses hypertension and possible dietary intervention, but contains no substantive climate, weather, greenhouse-gas, fossil-fuel, mitigation, or climate-adaptation component.
(EXCLUDE) The record concerns cellular membrane lipid composition, ion transport, hypertension, and possible dietary intervention. Although it has a human-health component (blood pressure/hypertension), it contains no substantive climate, weather, greenhouse-gas, fossil-fuel, mitigation, or climate-adaptation component.
(EXCLUDE) The record addresses essential hypertension, cell membrane lipid composition, and possible dietary intervention, but it contains no substantive climate, weather, greenhouse-gas, fossil-fuel, mitigation, or climate-adaptation component.","“Disturbances in several, distinct cell membrane ion transport processes have been demonstrated in essential hypertension”",0.00,99.17,2026-09-03_18-26-00_terra
3322946278,88bdbaac-a901-421f-9718-a5b63d7fc98a,Ion transport in hypertension: are changes in the cell membrane responsible?,6,include - high recall,True,,,,,False,False,"[self-consistency: 0/3 INCLUDE]
(EXCLUDE) The record concerns hypertension, cell membrane lipid composition, and dietary intervention, but does not substantively address any climate/weather factor, climate mitigation, or climate adaptation action.
(EXCLUDE) The record concerns cell membrane lipid composition, ion transport, hypertension, and dietary intervention. Although it has a human health component, it does not substantively address any climate/weather factor, climate-related hazard, mitigation action, or adaptation action.
(EXCLUDE) The record concerns cellular membrane lipids, ion transport, hypertension, and possible dietary intervention. It does not substantively address any climate/weather factor, climate-related hazard, greenhouse gas, fossil fuel, mitigation action, or adaptation action.","""Disturbances in several, distinct cell membrane ion transport processes have been demonstrated in essential hypertension""",0.00,99.17,2026-09-03_18-26-00_terra
1735207144,88c97b5e-6c8b-4f40-a3ce-59fcbc9569ba,Incorporating free‐flowing rivers into global biodiversity targets: Prioritization and targeted interventions to maintain ecological integrity,0,include - high precision,True,,,,,True,False,"[self-consistency: 0/3 INCLUDE]
(EXCLUDE) Although climate change is explicitly mentioned as a pressure on rivers, the record concerns freshwater biodiversity, ecological condition, and river protection/management. It does not explicitly address human health, human exposure, or a human-health protection objective.
(EXCLUDE) Climate change is mentioned as a pressure on rivers, but the record focuses on freshwater biodiversity, ecological condition, and river protection. It does not explicitly address human health, human exposure, or a recognised climate-health pathway affecting people.
(EXCLUDE) Although climate change is explicitly mentioned as a pressure on rivers, the record concerns freshwater biodiversity, ecological condition, and river protection/management. It does not explicitly address human health, human exposure, health outcomes, or health systems.",“Considering the increasing pressures rivers are likely to experience from human and climate change impacts”,0.00,98.15,2026-09-03_18-26-00_terra
1735207144,88c97b5e-6c8b-4f40-a3ce-59fcbc9569ba,Incorporating free‐flowing rivers into global biodiversity targets: Prioritization and targeted interventions to maintain ecological integrity,5,include - best balance,True,,,,,True,False,"[self-consistency: 0/3 INCLUDE]
(EXCLUDE) The record concerns freshwater biodiversity, river connectivity, and conservation planning. Climate change is mentioned only as a future pressure and is not substantively analysed, and there is no direct human-health outcome or recognised climate-health exposure pathway.
(EXCLUDE) Climate change is mentioned only as a general future pressure on rivers, rather than being substantively analysed. The record concerns freshwater biodiversity, ecological condition, connectivity, and conservation targets, with no direct human-health outcome or recognised human-health exposure pathway.
(EXCLUDE) Although climate change is mentioned as a pressure on rivers, the record concerns freshwater biodiversity, ecological condition, connectivity, and river protection. It does not substantively address human health, health systems, or a recognised climate-health exposure pathway.","Considering the increasing pressures rivers are likely to experience from human and climate change impacts, particularly in semi‐arid to temperate environments, urgent prioritization and monitoring of FFRs is called for",0.00,100.00,2026-09-03_18-26-00_terra
1735207144,88c97b5e-6c8b-4f40-a3ce-59fcbc9569ba,Incorporating free‐flowing rivers into global biodiversity targets: Prioritization and targeted interventions to maintain ecological integrity,6,include - high recall,True,,,,,True,False,"[self-consistency: 0/3 INCLUDE]
(EXCLUDE) Although climate change is mentioned as a pressure on rivers, the record concerns freshwater biodiversity, river connectivity, and ecological protection. It does not substantively address human health, a health system, or a recognised climate-health exposure pathway.
(EXCLUDE) The record concerns freshwater biodiversity, river connectivity, and ecological protection. Climate change is mentioned only as a future pressure and is not substantively analysed, and no human health outcome, health system, or recognised climate-health exposure pathway is addressed.
(EXCLUDE) The record concerns freshwater biodiversity, ecological condition, and protection of free-flowing rivers. Climate change is only mentioned generally as a future pressure, and there is no substantive human-health outcome or recognised climate-health exposure pathway.",“Considering the increasing pressures rivers are likely to experience from human and climate change impacts”,0.00,98.15,2026-09-03_18-26-00_terra
72336610,8b706986-c99c-4daf-950f-a602b8e92ddc,,0,include - high precision,True,,,,,False,False,"[self-consistency: 0/3 INCLUDE]
(EXCLUDE) The record concerns recycled construction aggregates and their mechanical performance in roads. Although it mentions environmental contamination, groundwater, and climatic testing conditions, it does not explicitly address climate change/climate hazards in a substantive way or connect these issues to human health, health outcomes, or human exposure.
(EXCLUDE) The record evaluates recycled glass and marl mixtures for road-construction mechanical performance and discusses environmental waste management. It does not substantively analyse a climate factor, mitigation or adaptation action, nor does it explicitly connect the work to human health or human exposure; groundwater contamination is mentioned only as an environmental threat.
(EXCLUDE) The record concerns recycling glass debris and marl for road construction. Although it mentions environmental contamination and possible future testing under temperature and freeze–thaw conditions, it does not substantively address a climate factor, mitigation/adaptation, or any explicit human health outcome or exposure pathway.",“The present experimental study is conducted in this context. It aims at valorizing local natural materials (marl) and recycled materials (glass debris) in road construction.”,0.00,98.86,2026-09-03_18-26-00_terra
72336610,8b706986-c99c-4daf-950f-a602b8e92ddc,,5,include - best balance,True,,,,,False,False,"[self-consistency: 0/3 INCLUDE]
(EXCLUDE) The record concerns recycling glass debris and marl for road-construction aggregate performance. It does not substantively address a climate/weather factor, climate mitigation or adaptation, nor a direct or recognised-pathway human health outcome.
(EXCLUDE) The record concerns recycled construction materials and their mechanical performance in road construction. Although it mentions environmental contamination and climatic testing conditions, it does not substantively address a climate factor, mitigation/adaptation, or a human-health outcome or recognised climate-health exposure pathway.
(EXCLUDE) The study evaluates recycled glass and marl as road-construction aggregates using mechanical tests. It does not substantively analyse a climate factor, mitigation/adaptation action, or a human-health outcome/pathway; environmental contamination and sustainability are mentioned without a direct human-health connection.","""It aims at valorizing local natural materials (marl) and recycled materials (glass debris) in road construction.""",0.00,98.25,2026-09-03_18-26-00_terra
72336610,8b706986-c99c-4daf-950f-a602b8e92ddc,,6,include - high recall,True,,,,,False,False,"[self-consistency: 0/3 INCLUDE]
(EXCLUDE) The record concerns reuse of glass debris and marl as road-construction aggregates. Although it discusses environmental contamination and recycling, it does not substantively address a climate/weather factor, climate mitigation/adaptation, or a human-health outcome or recognised climate-health exposure pathway.
(EXCLUDE) The record concerns recycling glass debris and marl for road-construction aggregate performance. It mentions environmental contamination and future climatic testing only incidentally, but does not substantively address a climate factor, mitigation/adaptation action, or human health outcome/pathway.
(EXCLUDE) The record evaluates recycled glass and marl as road-construction aggregates. It does not substantively address a climate factor, mitigation/adaptation action, or a direct/plausible human-health outcome; environmental and groundwater contamination are mentioned only generally.","""The present experimental study is conducted in this context. It aims at valorizing local natural materials (marl) and recycled materials (glass debris) in road construction.""",0.00,98.86,2026-09-03_18-26-00_terra
1508,8d09ba8a-be6e-4c15-a6aa-3e2a40dd0039,Web Optimization of Compression Ignition Aviation Engine Crankshaft,0,include - high precision,True,,,,,False,False,"[self-consistency: 0/3 INCLUDE]
(EXCLUDE) The record concerns engineering optimization of an aircraft engine crankshaft. It does not explicitly address a climate or weather factor, climate mitigation/adaptation, or any human health outcome or exposure pathway.
(EXCLUDE) The record concerns engineering optimization of an aircraft engine crankshaft. It does not explicitly address a climate/weather factor, climate mitigation or adaptation, nor any human health outcome or exposure pathway.
(EXCLUDE) The record concerns engineering optimization of an aircraft engine crankshaft. It does not explicitly address a climate factor, climate mitigation/adaptation, or any human health outcome or exposure pathway.","""The focus of this study was the weight reduction of crankshaft web regions of an inline 4 cylinder, 250 HP compression ignition engine""",0.00,99.26,2026-09-03_18-26-00_terra
1508,8d09ba8a-be6e-4c15-a6aa-3e2a40dd0039,Web Optimization of Compression Ignition Aviation Engine Crankshaft,5,include - best balance,True,,,,,False,False,"[self-consistency: 0/3 INCLUDE]
(EXCLUDE) The record concerns mechanical weight optimization of an aircraft compression-ignition engine. It does not substantively address climate factors, mitigation or adaptation, and it contains no human health outcome, exposure pathway, or health-system component.
(EXCLUDE) The record concerns mechanical design optimization of an aircraft engine crankshaft. It does not substantively address climate factors, mitigation or adaptation, nor human health outcomes or pathways.
(EXCLUDE) The record concerns mechanical design optimization of an aircraft compression-ignition engine. It does not substantively address a climate factor, climate mitigation/adaptation, or any human health outcome or recognised climate-health pathway.","""The focus of this study was the weight reduction of crankshaft web regions of an inline 4 cylinder, 250 HP compression ignition engine... intended for use in aircraft.""",0.00,89.85,2026-09-03_18-26-00_terra
1508,8d09ba8a-be6e-4c15-a6aa-3e2a40dd0039,Web Optimization of Compression Ignition Aviation Engine Crankshaft,6,include - high recall,True,,,,,False,False,"[self-consistency: 0/3 INCLUDE]
(EXCLUDE) The record concerns mechanical optimization and weight reduction of an aircraft engine crankshaft. It does not substantively address climate factors, emissions mitigation, adaptation, or any human health outcome or climate-health exposure pathway.
(EXCLUDE) The record concerns mechanical design optimization and weight reduction for an aircraft compression-ignition engine. It does not substantively address climate factors, emissions mitigation, adaptation, human health, or a recognised climate-health pathway.
(EXCLUDE) The record concerns mechanical design optimization and weight reduction of an aircraft engine crankshaft. It does not substantively address climate/weather factors, greenhouse-gas mitigation, climate adaptation, or human health.","""The focus of this study was the weight reduction of crankshaft web regions of an inline 4 cylinder, 250 HP compression ignition engine""",0.00,99.26,2026-09-03_18-26-00_terra
597949,8d3f3c04-cfa6-4e82-9faa-d7349c528ab3,Nutritional Profile of Fish Powder Made from Tuna By-Products: Establishment and Evaluation,0,include - high precision,True,,,,,False,False,"[self-consistency: 0/3 INCLUDE]
(EXCLUDE) The record explicitly concerns food production, nutritional content, microbial safety, and community nutrition, but it does not substantively address any climate/weather factor, climate mitigation, or climate adaptation action.
(EXCLUDE) The record addresses food utilization, nutrition, and microbial safety, but it contains no explicit climate or weather factor, climate mitigation, or climate adaptation component.
(EXCLUDE) The record explicitly concerns nutrition and microbiological safety of a food additive, providing a human-health/nutrition component. However, it does not explicitly address climate change, weather, climate hazards, greenhouse gases, fossil fuels, or a climate mitigation/adaptation action.","The objective of this research is to create tuna fish powder from fish skeletons and head bones, assess the viability of using tuna fish bone waste by analyzing its nutritional value and level of microbial contamination, and then offer a substitute for enhancing community nutrition.",0.00,100.00,2026-09-03_18-26-00_terra
597949,8d3f3c04-cfa6-4e82-9faa-d7349c528ab3,Nutritional Profile of Fish Powder Made from Tuna By-Products: Establishment and Evaluation,5,include - best balance,True,,,,,False,False,"[self-consistency: 0/3 INCLUDE]
(EXCLUDE) The record concerns food-waste utilization, nutritional composition, and microbial safety, which provides a health/nutrition component. However, it does not substantively address climate change, weather, climate hazards, greenhouse gases, fossil fuels, mitigation, or adaptation.
(EXCLUDE) The record concerns nutritional and microbiological evaluation of tuna-bone flour as a food additive, but it does not substantively address any climate/weather factor, climate-related hazard, mitigation action, or adaptation action.
(EXCLUDE) The record addresses food waste utilization, nutritional content, microbial safety, and community nutrition, which provides a health-related component. However, it does not substantively address any climate or weather factor, climate-related hazard, mitigation action, or adaptation action.","The objective of this research is to create tuna fish powder from fish skeletons and head bones, assess the viability of using tuna fish bone waste by analyzing its nutritional value and level of microbial contamination, and then offer a substitute for enhancing community nutrition.",0.00,100.00,2026-09-03_18-26-00_terra
597949,8d3f3c04-cfa6-4e82-9faa-d7349c528ab3,Nutritional Profile of Fish Powder Made from Tuna By-Products: Establishment and Evaluation,6,include - high recall,True,,,,,False,False,"[self-consistency: 0/3 INCLUDE]
(EXCLUDE) The record addresses food-waste utilisation, nutrition, and microbial safety, which are health-related, but it contains no substantive climate, weather, climate-hazard, mitigation, or adaptation component.
(EXCLUDE) The record concerns food-waste utilisation, nutritional composition, and microbiological safety of tuna bone flour. Although it has a nutrition/food-health relevance, it does not substantively address a climate or weather factor, climate mitigation, or climate adaptation.
(EXCLUDE) The record addresses food waste utilisation, nutritional value, microbial safety, and community nutrition, which provides a health-related component. However, it does not substantively address climate change, weather, greenhouse gases, fossil fuels, or an explicitly climate-mitigation or adaptation action.","The objective of this research is to create tuna fish powder from fish skeletons and head bones, assess the viability of using tuna fish bone waste by analyzing its nutritional value and level of microbial contamination, and then offer a substitute for enhancing community nutrition.",0.00,100.00,2026-09-03_18-26-00_terra
5220687338,8ec20bdd-a3d2-448d-b485-2dacb8b5199f,RNN-based Mental Fatigue Prediction using EEG Data in High-Stress Environments,0,include - high precision,True,,,,,False,False,"[self-consistency: 0/3 INCLUDE]
(EXCLUDE) The record addresses mental fatigue and safety in high-stress occupational settings, but it contains no explicit climate, weather, greenhouse-gas, mitigation, or climate-adaptation component.
(EXCLUDE) The record substantively addresses mental fatigue and occupational safety, but it contains no explicit climate, weather, greenhouse-gas, mitigation, or climate-adaptation component.
(EXCLUDE) The record concerns EEG-based prediction and management of mental fatigue in high-stress occupations, which is health-related, but it contains no explicit substantive climate, weather, emissions, mitigation, or climate-adaptation component.",This research introduces an innovative method for forecasting mental fatigue using Electroencephalogram (EEG) data and Recurrent Neural Networks (RNNs).,0.00,100.00,2026-09-03_18-26-00_terra
5220687338,8ec20bdd-a3d2-448d-b485-2dacb8b5199f,RNN-based Mental Fatigue Prediction using EEG Data in High-Stress Environments,5,include - best balance,True,,,,,False,False,"[self-consistency: 0/3 INCLUDE]
(EXCLUDE) The record concerns mental fatigue monitoring using EEG and RNNs in high-stress occupational settings. It has a human health-related topic, but contains no substantive climate, weather, climate hazard, greenhouse gas, fossil-fuel, mitigation, or adaptation component.
(EXCLUDE) The record addresses mental fatigue detection using EEG and RNNs in high-stress occupations, but it does not substantively address any climate/weather factor, climate-related hazard, mitigation action, or adaptation action.
(EXCLUDE) The record concerns EEG-based prediction and management of mental fatigue in high-stress occupations, which is a health/safety topic, but it does not substantively address any climate or weather factor, climate-related hazard, mitigation, or adaptation action.",“This research introduces an innovative method for forecasting mental fatigue using Electroencephalogram (EEG) data and Recurrent Neural Networks (RNNs).”,0.00,98.70,2026-09-03_18-26-00_terra
5220687338,8ec20bdd-a3d2-448d-b485-2dacb8b5199f,RNN-based Mental Fatigue Prediction using EEG Data in High-Stress Environments,6,include - high recall,True,,,,,False,False,"[self-consistency: 0/3 INCLUDE]
(EXCLUDE) The record addresses mental fatigue detection and occupational safety using EEG and RNNs, but it does not substantively address any climate/weather factor, climate mitigation, or climate adaptation action.
(EXCLUDE) The record concerns EEG/RNN forecasting of mental fatigue in high-stress occupational settings, but it does not substantively address a climate or weather factor, climate mitigation, or climate adaptation.
(EXCLUDE) The record addresses mental fatigue detection and safety in high-stress occupations, but it contains no substantive climate, weather, greenhouse-gas, fossil-fuel, mitigation, or climate-adaptation component.","""This research introduces an innovative method for forecasting mental fatigue using Electroencephalogram (EEG) data and Recurrent Neural Networks (RNNs).""",0.00,98.70,2026-09-03_18-26-00_terra
2881444016,9030242a-03a6-424f-9025-751812cbf88c,Harboring Sustainability: Assessing the Carbon Footprint of Maritime Fender Systems for Sustainable Ports,0,include - high precision,True,,,,,True,False,"[self-consistency: 0/3 INCLUDE]
(EXCLUDE) The record explicitly addresses greenhouse-gas (CO2) emissions and measures to reduce them, satisfying the climate/mitigation component. However, it does not substantively address human health, health systems, or a recognised human climate-health exposure pathway; the reference to the planet’s health is not a human-health outcome.
(EXCLUDE) The record substantively concerns greenhouse-gas emissions reduction, so it has a climate/mitigation component. However, it does not explicitly address human health, health systems, human exposure, or a recognised climate-health pathway; “planet’s health” does not establish a human-health component.
(EXCLUDE) The record explicitly concerns CO2 emissions and emission-reduction measures, satisfying the climate component. However, it does not substantively address human health, health systems, human exposure, or a recognised climate-health pathway; “planet’s health” does not establish a human-health component.",“This paper outlines a series of critical advancements in the maritime industry’s efforts toward greater transparency in greenhouse gas emissions linked to fender manufacturing activities.”,0.00,98.94,2026-09-03_18-26-00_terra
2881444016,9030242a-03a6-424f-9025-751812cbf88c,Harboring Sustainability: Assessing the Carbon Footprint of Maritime Fender Systems for Sustainable Ports,5,include - best balance,True,,,,,True,False,"[self-consistency: 0/3 INCLUDE]
(EXCLUDE) The record substantively addresses climate mitigation through reducing and assessing CO2 emissions from manufacturing. However, it does not substantively connect this work to human health, health systems, or a recognized climate-health exposure pathway; “planet’s health” is not a human-health outcome.
(EXCLUDE) The record substantively concerns greenhouse-gas/CO2 emissions reduction in maritime fender manufacturing, satisfying the climate component. However, it does not address human health, health systems, or a recognised climate-health exposure pathway; “planet’s health” is not a human-health outcome.
(EXCLUDE) The record substantively addresses greenhouse-gas (CO2) emissions reduction in manufacturing, so it has a climate/mitigation component. However, it does not substantively connect this work to human health, health systems, or a recognised climate-health exposure pathway; “planet’s health” is not a human-health outcome.",“This paper outlines a series of critical advancements in the maritime industry’s efforts toward greater transparency in greenhouse gas emissions linked to fender manufacturing activities.”,0.00,98.94,2026-09-03_18-26-00_terra
2881444016,9030242a-03a6-424f-9025-751812cbf88c,Harboring Sustainability: Assessing the Carbon Footprint of Maritime Fender Systems for Sustainable Ports,6,include - high recall,True,,,,,True,True,"[self-consistency: 3/3 INCLUDE]
(INCLUDE) The record substantively addresses greenhouse-gas (CO2) emissions and measures to reduce them in manufacturing and supply chains. These are mitigation actions, which qualify as health-relevant under the screening criteria even without a separate health outcome.
(INCLUDE) The record substantively addresses greenhouse-gas emissions and measures to reduce CO2 emissions, which is a climate mitigation action. Under the criteria, a mitigation action qualifies as health-relevant without a separate health outcome.
(INCLUDE) The record substantively addresses greenhouse-gas (CO2) emissions and measures to reduce them through manufacturing design, material selection, transport, and maintenance. These are climate mitigation actions, which qualify as health-relevant under the screening criteria even without a separate health outcome.","""various measures that all fender manufacturers can adopt to reduce CO2 emissions through design modifications, material selection, transportation, and maintenance practices.""",0.00,98.86,2026-09-03_18-26-00_terra
1677110707,906f7dba-7ab3-4e57-9d1d-acc6dc81793a,Pre-existing conditions and the COVID-19 pandemic : the factors driving female television journalists to leave the news industry,0,include - high precision,True,,,,,False,False,"[self-consistency: 0/3 INCLUDE]
(EXCLUDE) The record addresses occupational wellbeing, burnout, and turnover during COVID-19, but contains no substantive climate, weather, climate-hazard, mitigation, or adaptation component. A natural disaster is only mentioned hypothetically as a possible future crisis.
(EXCLUDE) The record addresses occupational burnout, job satisfaction, and turnover during the COVID-19 pandemic, but it does not substantively address a climate/weather factor, climate mitigation, or climate adaptation. Natural disasters are mentioned only incidentally as a possible future crisis.
(EXCLUDE) The record addresses occupational burnout, job satisfaction, and turnover during COVID-19, but does not substantively address a climate/weather factor, climate mitigation, or climate adaptation. Natural disasters are mentioned only as a possible future crisis and are not analysed.",This qualitative study investigates the voluntary turnover and job satisfaction of ten female former television journalists following the onset of the COVID-19 pandemic.,0.00,100.00,2026-09-03_18-26-00_terra
1677110707,906f7dba-7ab3-4e57-9d1d-acc6dc81793a,Pre-existing conditions and the COVID-19 pandemic : the factors driving female television journalists to leave the news industry,5,include - best balance,True,,,,,False,False,"[self-consistency: 0/3 INCLUDE]
(EXCLUDE) The record addresses occupational job satisfaction, burnout, and turnover during the COVID-19 pandemic. It does not substantively address a climate/weather factor, climate mitigation, or climate adaptation, so it lacks the required climate component.
(EXCLUDE) The record addresses occupational wellbeing and job turnover in relation to the COVID-19 pandemic, but it does not substantively address a climate/weather factor, climate mitigation, or climate adaptation.
(EXCLUDE) The record addresses occupational burnout, job satisfaction, and turnover during the COVID-19 pandemic, but it does not substantively address a climate/weather factor, climate mitigation, or climate adaptation.",This qualitative study investigates the voluntary turnover and job satisfaction of ten female former television journalists following the onset of the COVID-19 pandemic.,0.00,100.00,2026-09-03_18-26-00_terra
1677110707,906f7dba-7ab3-4e57-9d1d-acc6dc81793a,Pre-existing conditions and the COVID-19 pandemic : the factors driving female television journalists to leave the news industry,6,include - high recall,True,,,,,False,False,"[self-consistency: 0/3 INCLUDE]
(EXCLUDE) The record concerns occupational turnover, job satisfaction, and stress during the COVID-19 pandemic. It does not substantively address a climate/weather factor, climate mitigation, or climate adaptation action, so it lacks the required climate component.
(EXCLUDE) The record concerns occupational turnover, job satisfaction, and stress during the COVID-19 pandemic. It does not substantively address a climate/weather factor, climate mitigation, or climate adaptation action; the mention of a possible future natural disaster is only incidental.
(EXCLUDE) The record concerns occupational turnover, job satisfaction, and burnout during the COVID-19 pandemic. It does not substantively address a climate/weather factor, climate mitigation, or climate adaptation action.","""This qualitative study investigates the voluntary turnover and job satisfaction of ten female former television journalists following the onset of the COVID-19 pandemic.""",0.00,99.41,2026-09-03_18-26-00_terra
3324,9198a82a-e217-483c-86bb-d6f342972561,Analysis of water cycle characteristics and soil water movement in the agricultural irrigation area in Inner Mongolia,0,include - high precision,True,,,,,False,False,"[self-consistency: 0/3 INCLUDE]
(EXCLUDE) The record analyzes irrigation, groundwater, soil water, precipitation, runoff, and environmental water-resource issues, but it does not explicitly address climate change/climate-related hazards or a mitigation/adaptation action. It also contains no substantive human health outcome, exposure, or health-system connection.
(EXCLUDE) The record concerns agricultural irrigation, water balance, runoff, and soil-water modelling. Although precipitation is mentioned, it is not framed as a climate-related hazard or climate-change issue, and no human health outcome, exposure, or health-system connection is stated.
(EXCLUDE) The record examines agricultural irrigation, groundwater/soil-water balance, evaporation, sewage, and runoff. It does not explicitly address a climate or weather factor substantively, nor does it state any human health outcome, exposure, or health-related adaptation/mitigation aim.","""This study mainly focused on the water resource and environmental crisis,which are both caused by agricultural irrigation in the Inner Mongolia irrigation area.""",0.00,99.38,2026-09-03_18-26-00_terra
3324,9198a82a-e217-483c-86bb-d6f342972561,Analysis of water cycle characteristics and soil water movement in the agricultural irrigation area in Inner Mongolia,5,include - best balance,True,,,,,False,False,"[self-consistency: 0/3 INCLUDE]
(EXCLUDE) The record substantively examines precipitation, irrigation, and water-cycle processes, satisfying a climate/weather-related component. However, it does not address human health, health systems, human water use, food yield/safety/supply, or another specified climate-health pathway.
(EXCLUDE) The record substantively examines irrigation, precipitation, and water-cycle processes, but it does not connect these factors to human health, health systems, or a recognised climate-health exposure pathway such as drinking-water safety/availability or food supply.
(EXCLUDE) The record substantively addresses precipitation, irrigation, and water resources, providing a climate/weather-related component. However, it does not describe human health outcomes, health systems, or a recognised health exposure pathway; the agricultural water and soil-water analysis is not connected to food supply, nutrition, or other human-health effects.","""The runoff of water was closely related to irrigation or precipitation""",0.00,97.22,2026-09-03_18-26-00_terra
3324,9198a82a-e217-483c-86bb-d6f342972561,Analysis of water cycle characteristics and soil water movement in the agricultural irrigation area in Inner Mongolia,6,include - high recall,True,,,,,False,False,"[self-consistency: 0/3 INCLUDE]
(EXCLUDE) The record substantively examines water, irrigation, and precipitation, but it does not state or directly infer a human-health outcome, health system relevance, or a recognised climate-health exposure pathway such as food yield/safety, drinking-water hazards, or disease.
(EXCLUDE) The record examines irrigation, groundwater, soil water, runoff, and precipitation in an agricultural area. It does not substantively address climate change or a climate-related hazard, nor does it connect water resources or agriculture to human health, food supply, or another recognised health pathway.
(EXCLUDE) The study substantively examines irrigation, precipitation, and water-cycle processes, which provides a climate/weather component. However, it does not explicitly address human health, health systems, food yield/supply/safety, or water as a human drinking or health resource; it focuses on agricultural water balances and soil-water dynamics.",“The runoff of water was closely related to irrigation or precipitation”,0.00,97.22,2026-09-03_18-26-00_terra
149753415,9331f6c9-341b-4a74-8c97-544789992906,WAYS TO MOTIVATE EMPLOYEES IN AN ORGANIZATION,0,include - high precision,True,,,,,False,False,"[self-consistency: 0/3 INCLUDE]
(EXCLUDE) The record concerns employee motivation, organizational management, productivity, and workplace conditions. It mentions COVID-19 and war as modern challenges but contains no substantive climate/weather factor, mitigation/adaptation action, or explicit human health outcome.
(EXCLUDE) The record concerns employee motivation and organizational management. Although it mentions COVID-19 and war as modern challenges, it does not explicitly address a climate or weather factor, climate mitigation/adaptation, or a substantive human-health outcome or climate-health exposure pathway.
(EXCLUDE) The record concerns employee motivation, productivity, satisfaction, and workplace management. It does not explicitly address any climate/weather factor, climate mitigation or adaptation, or a substantive climate-related health pathway.",,0.00,0.00,2026-09-03_18-26-00_terra
149753415,9331f6c9-341b-4a74-8c97-544789992906,WAYS TO MOTIVATE EMPLOYEES IN AN ORGANIZATION,5,include - best balance,True,,,,,False,False,"[self-consistency: 0/3 INCLUDE]
(EXCLUDE) The record concerns employee motivation, organizational management, and workplace productivity. It does not substantively address a climate/weather factor, climate mitigation, or climate adaptation; COVID-19 and war are not climate components.
(EXCLUDE) The record concerns employee motivation and organizational management. It does not substantively address any climate/weather factor, climate mitigation/adaptation action, or a climate-related health pathway; COVID-19 is mentioned only as a contextual challenge.
(EXCLUDE) The record concerns employee motivation and organizational management. It does not substantively address a climate/weather factor, climate mitigation, or climate adaptation, and it contains no climate-health connection.","“Particular attention is paid to the analysis of their effectiveness in the context of modern challenges, such as economic instability, the COVID-19 pandemic and war.”",0.00,98.80,2026-09-03_18-26-00_terra
149753415,9331f6c9-341b-4a74-8c97-544789992906,WAYS TO MOTIVATE EMPLOYEES IN AN ORGANIZATION,6,include - high recall,True,,,,,False,False,"[self-consistency: 0/3 INCLUDE]
(EXCLUDE) The record concerns employee motivation, productivity, and organizational management. It mentions COVID-19 and war as general contextual challenges, but does not substantively address climate change, weather, climate hazards, mitigation, or adaptation.
(EXCLUDE) The record concerns employee motivation and organizational management. Although it mentions the COVID-19 pandemic, it contains no substantive climate, weather, mitigation, or climate-adaptation component.
(EXCLUDE) The record concerns employee motivation and organizational management. It mentions COVID-19 and other non-climate challenges, but does not substantively address a climate/weather factor, climate mitigation, or climate adaptation.","“Particular attention is paid to the analysis of their effectiveness in the context of modern challenges, such as economic instability, the COVID-19 pandemic and war.”",0.00,98.80,2026-09-03_18-26-00_terra
9587,9394bc32-630d-4128-8dfc-04448776fd1f,"Climate and mortality in Australia: retrospective study, 1979-1990, and predicted impacts in five major cities in 2030",0,include - high precision,True,,,,,True,True,"[self-consistency: 3/3 INCLUDE]
(INCLUDE) The record explicitly analyses climatic extremes and temperature in relation to human mortality, and projects public-health impacts under climate and demographic change.
(INCLUDE) The record explicitly analyses climatic extremes and temperature in relation to human mortality, and projects public-health impacts under scenarios of climate and demographic change.
(INCLUDE) The record explicitly analyses climatic extremes and temperature in relation to human mortality, and projects public-health impacts under climate and demographic change.",We therefore aimed to quantify the relationship between climatic extremes and mortality in the 5 largest Australian cities during the period 1979-1990.,0.00,100.00,2026-09-03_18-26-00_terra
9587,9394bc32-630d-4128-8dfc-04448776fd1f,"Climate and mortality in Australia: retrospective study, 1979-1990, and predicted impacts in five major cities in 2030",5,include - best balance,True,,,,,True,True,"[self-consistency: 3/3 INCLUDE]
(INCLUDE) The record substantively analyses climate extremes and temperature in relation to human mortality and projects public-health impacts under climate-change scenarios.
(INCLUDE) The record substantively analyses climatic extremes and temperature in relation to human mortality, and projects public-health impacts under climate and demographic change.
(INCLUDE) The record substantively analyses temperature and climatic extremes and their association with human mortality, and projects public-health impacts under future climate and demographic scenarios.",We therefore aimed to quantify the relationship between climatic extremes and mortality in the 5 largest Australian cities during the period 1979-1990.,0.00,100.00,2026-09-03_18-26-00_terra
9587,9394bc32-630d-4128-8dfc-04448776fd1f,"Climate and mortality in Australia: retrospective study, 1979-1990, and predicted impacts in five major cities in 2030",6,include - high recall,True,,,,,True,True,"[self-consistency: 3/3 INCLUDE]
(INCLUDE) The record substantively analyses climatic extremes and temperature thresholds in relation to human mortality, and projects public-health impacts under future warming scenarios.
(INCLUDE) The record explicitly analyzes climatic extremes/temperature and human mortality, and projects public-health impacts under climate-change scenarios.
(INCLUDE) The record explicitly analyses climatic extremes/temperature and human mortality, and projects public-health impacts under climate and demographic change.",We therefore aimed to quantify the relationship between climatic extremes and mortality in the 5 largest Australian cities during the period 1979-1990.,0.00,100.00,2026-09-03_18-26-00_terra
85722109,961f3bf9-0c1e-40c1-8385-4667dc9303aa,,0,include - high precision,True,,,,,False,False,"[self-consistency: 0/3 INCLUDE]
(EXCLUDE) The record concerns mechanical and thermal fatigue failure of diesel train-engine crankshafts. Although diesel fuel is mentioned, it is not substantively addressed as fossil-fuel use or a climate factor, and there is no explicit human health outcome, exposure, or health-system connection.
(EXCLUDE) The record concerns mechanical and thermal fatigue failure of diesel train-engine crankshafts. Although diesel fuel is a fossil fuel, its use is not substantively analysed as a climate factor or mitigation issue, and no human health outcome, exposure, or health-system connection is stated.
(EXCLUDE) The record concerns mechanical and thermal fatigue failure of diesel-engine crankshafts. It does not substantively address a climate factor, mitigation/adaptation, or any human health outcome or exposure pathway.",A failure investigation has been conducted on three cases of failed diesel engine crankshafts used in train and made up of forged carbon steel.,0.00,100.00,2026-09-03_18-26-00_terra
85722109,961f3bf9-0c1e-40c1-8385-4667dc9303aa,,5,include - best balance,True,,,,,False,False,"[self-consistency: 0/3 INCLUDE]
(EXCLUDE) The record examines mechanical and thermal fatigue failures in train diesel-engine crankshafts. It does not substantively address climate factors, mitigation, or adaptation, and it contains no human health outcome or recognised climate-health exposure pathway.
(EXCLUDE) The record concerns mechanical and thermal fatigue failure of diesel train-engine crankshafts. It does not substantively address a climate-related factor, mitigation or adaptation, nor any human health outcome or recognised climate-health exposure pathway.
(EXCLUDE) The record concerns mechanical and thermal fatigue failure of train diesel engine crankshafts. Although it involves diesel engines, it does not substantively address fossil-fuel use as a climate factor or mitigation, and it contains no human health outcome, exposure pathway, or health-system connection.",A failure investigation has been conducted on three cases of failed diesel engine crankshafts used in train,0.00,100.00,2026-09-03_18-26-00_terra
85722109,961f3bf9-0c1e-40c1-8385-4667dc9303aa,,6,include - high recall,True,,,,,False,False,"[self-consistency: 0/3 INCLUDE]
(EXCLUDE) The record is a mechanical-engineering investigation of fatigue failures in diesel-engine crankshafts. Although diesel is mentioned, fossil-fuel use is not substantively analysed as a climate factor or mitigation target, and no human health outcome, exposure pathway, or health-system issue is addressed.
(EXCLUDE) The record concerns mechanical/thermal fatigue failure analysis of diesel train-engine crankshafts. Although diesel engines involve fossil fuel technology, the study does not substantively address fossil-fuel use, emissions, climate factors, mitigation/adaptation, or any human health outcome or pathway.
(EXCLUDE) The record concerns mechanical and thermal fatigue failures in diesel train engine crankshafts. Although it involves diesel engines, it does not substantively address fossil-fuel use as a climate factor or mitigation, and it contains no human health outcome, exposure pathway, or health-system component.",A failure investigation has been conducted on three cases of failed diesel engine crankshafts used in train and made up of forged carbon steel.,0.00,100.00,2026-09-03_18-26-00_terra
23358,966f36ec-b1f0-4be8-907d-16dfc4857d22,Assessing the economic efficiency of local structural protection measures - prevent-building - a tool for building insurances,0,include - high precision,True,,,,,False,False,"[self-consistency: 0/3 INCLUDE]
(EXCLUDE) The record addresses prevention and mitigation of natural-hazard damage to buildings, but it does not explicitly address climate or weather factors as such, nor any human health outcome, exposure, health system, or protection of people.
(EXCLUDE) The record concerns prevention of natural-hazard damage to buildings and economic decision support for building insurers. It does not explicitly identify a climate or weather factor, and it contains no substantive human health, wellbeing, or health-system outcome.
(EXCLUDE) The record concerns prevention of natural-hazard damage to buildings and evaluation of economic efficiency of protection measures. It does not explicitly address climate/weather factors as such, nor does it substantively connect the measures or hazards to human health, health systems, or human exposure.",In recent years cantonal building insurances in Switzerland have been confronted with increasing damage to buildings because of natural hazards.,0.00,100.00,2026-09-03_18-26-00_terra
23358,966f36ec-b1f0-4be8-907d-16dfc4857d22,Assessing the economic efficiency of local structural protection measures - prevent-building - a tool for building insurances,5,include - best balance,True,,,,,False,False,"[self-consistency: 0/3 INCLUDE]
(EXCLUDE) The record concerns prevention of natural-hazard damage to buildings and economic evaluation of protection measures. It does not substantively address human health, health systems, or a recognised climate-health exposure pathway; the stated protected assets are buildings.
(EXCLUDE) The record concerns natural-hazard damage prevention for buildings and economic efficiency of protection measures. It does not substantively address a climate/weather factor or climate adaptation in a way connected to human health, health systems, or a recognised climate-health exposure pathway.
(EXCLUDE) The record concerns natural-hazard prevention and insurance protection measures for buildings, but it does not substantively address a climate/weather factor or climate change, nor does it connect the measures to human health, health systems, or a recognised climate-health exposure pathway.",“Local protection measures can be a very effective and efficient way to prevent damage to buildings.”,0.00,98.02,2026-09-03_18-26-00_terra
23358,966f36ec-b1f0-4be8-907d-16dfc4857d22,Assessing the economic efficiency of local structural protection measures - prevent-building - a tool for building insurances,6,include - high recall,True,,,,,False,False,"[self-consistency: 0/3 INCLUDE]
(EXCLUDE) The record concerns insurance and protection measures to prevent damage to buildings from unspecified natural hazards. It does not explicitly identify a climate/weather factor or climate adaptation context, and it contains no human health, wellbeing, healthcare, or recognised climate-health exposure pathway.
(EXCLUDE) The record concerns insurance and prevention of building damage from unspecified natural hazards. It does not explicitly address a climate/weather factor or climate adaptation, and it contains no human health or health-system component.
(EXCLUDE) The record concerns prevention of natural-hazard damage to buildings and insurance decision support. It does not explicitly identify a climate-related hazard or climate-change context, and it contains no human-health outcome, exposure pathway, or health-system component.",In recent years cantonal building insurances in Switzerland have been confronted with increasing damage to buildings because of natural hazards.,0.00,100.00,2026-09-03_18-26-00_terra
19966,96cfedc7-a996-4889-b776-ed69ba02dcdf,Bestimmung von Kohlenstoff und Wasserstoff in organischen Verbindungen,0,include - high precision,True,,,,,False,False,"[self-consistency: 0/3 INCLUDE]
(EXCLUDE) The record substantively concerns methane oxidation catalysts, which is relevant to a climate-forcing gas, but it provides no explicit human health outcome, exposure pathway, health-system connection, or health-protective aim.
(EXCLUDE) The record substantively studies methane oxidation, which relates to a climate-forcing gas, but it contains no explicit human health outcome, exposure pathway, health-system connection, or health-protective aim.
(EXCLUDE) The record substantively studies methane oxidation, which is relevant to a climate-forcing gas, but it provides no explicit human health outcome, human exposure, health pathway, or health-system connection.","""The test substance was methane in mixture with oxygen (4 volume %) and the lowest temperature was established at which the methane is completely oxidized to water and carbon dioxide.""",0.00,98.91,2026-09-03_18-26-00_terra
19966,96cfedc7-a996-4889-b776-ed69ba02dcdf,Bestimmung von Kohlenstoff und Wasserstoff in organischen Verbindungen,5,include - best balance,True,,,,,False,False,"[self-consistency: 0/3 INCLUDE]
(EXCLUDE) Although methane is a greenhouse gas and the study examines its catalytic oxidation, the record contains no substantive human health outcome, health exposure pathway, or health-system connection.
(EXCLUDE) The record studies catalytic methane combustion under standard conditions. Although methane is a greenhouse gas, the document provides no substantive connection to human health, health systems, or a recognised climate-health exposure pathway.
(EXCLUDE) The record studies catalytic methane combustion, which relates to a greenhouse gas/fossil-fuel process, but it contains no substantive human health outcome, exposure pathway, or health-system connection.",“The test substance was methane in mixture with oxygen (4 volume %) and the lowest temperature was established at which the methane is completely oxidized to water and carbon dioxide.”,0.00,98.91,2026-09-03_18-26-00_terra
19966,96cfedc7-a996-4889-b776-ed69ba02dcdf,Bestimmung von Kohlenstoff und Wasserstoff in organischen Verbindungen,6,include - high recall,True,,,,,False,False,"[self-consistency: 0/3 INCLUDE]
(EXCLUDE) Although methane is a greenhouse gas, this record is a laboratory study of catalyst oxidation activity under standard conditions and does not substantively address climate change, mitigation in a real-world emissions context, human health, or a recognised climate-health pathway.
(EXCLUDE) The record studies catalytic methane oxidation under laboratory standard conditions. Although methane is a greenhouse gas, the document does not state a mitigation application or any human-health outcome, exposure pathway, or health-system relevance.
(EXCLUDE) The record studies catalyst performance for methane oxidation under standard conditions. Although methane is a greenhouse gas, the document does not describe emissions mitigation in a real-world context or any human health outcome, exposure pathway, adaptation, or health-system relevance.",“The test substance was methane in mixture with oxygen (4 volume %) and the lowest temperature was established at which the methane is completely oxidized to water and carbon dioxide.”,0.00,98.91,2026-09-03_18-26-00_terra
30983921,97eb1a3f-c9f4-4c88-94a2-74c28c6f7441,,0,include - high precision,True,,,,,False,False,"[self-consistency: 0/3 INCLUDE]
(EXCLUDE) The record concerns HDL cholesterol and cardiovascular risk, providing a human health component, but it contains no explicit substantive climate, weather, greenhouse-gas, mitigation, or adaptation component.
(EXCLUDE) The record substantively concerns cardiovascular health and HDL-related interventions, but it contains no explicit climate, weather, greenhouse-gas, fossil-fuel, mitigation, or climate-adaptation component.
(EXCLUDE) The record concerns HDL cholesterol, cardiovascular risk, and pharmacological interventions. It does not explicitly address any climate or weather factor, climate mitigation, or climate adaptation action.",Despite numerous epidemiological studies demonstrating that high-density lipoprotein cholesterol (HDL-C) levels are inversely associated with cardiovascular risk,0.00,100.00,2026-09-03_18-26-00_terra
30983921,97eb1a3f-c9f4-4c88-94a2-74c28c6f7441,,5,include - best balance,True,,,,,False,False,"[self-consistency: 0/3 INCLUDE]
(EXCLUDE) The record concerns HDL cholesterol, cardiovascular risk, and pharmacological interventions. Although it has a human-health component, it does not substantively address any climate/weather factor, climate mitigation, or climate adaptation action.
(EXCLUDE) The document discusses HDL cholesterol, cardiovascular risk, and pharmacological therapies, but contains no substantive climate, weather, greenhouse-gas, fossil-fuel, mitigation, or adaptation component.
(EXCLUDE) The record concerns cardiovascular risk and HDL-targeted therapies, so it has a health component, but it contains no substantive climate, weather, greenhouse-gas, fossil-fuel, mitigation, or adaptation component.","Studies of pharmacological interventions to raise HDL-C, such as niacin4,5 and 2 cholesteryl ester transfer protein inhibitors,6,7 have shown no benefit in reducing cardiovascular events.",0.00,100.00,2026-09-03_18-26-00_terra
30983921,97eb1a3f-c9f4-4c88-94a2-74c28c6f7441,,6,include - high recall,True,,,,,False,False,"[self-consistency: 0/3 INCLUDE]
(EXCLUDE) The record concerns HDL cholesterol, cardiovascular risk, and pharmacological interventions. It contains no substantive climate/weather factor, climate-related hazard, mitigation action, or adaptation action.
(EXCLUDE) The document discusses HDL cholesterol, cardiovascular risk, and related pharmacological interventions, but contains no substantive climate, weather, greenhouse-gas, fossil-fuel, mitigation, or climate-adaptation component.
(EXCLUDE) The record concerns HDL cholesterol, cardiovascular risk, and pharmacological interventions, but contains no substantive climate, weather, climate hazard, greenhouse-gas, mitigation, or adaptation component.","""Despite numerous epidemiological studies demonstrating that high-density lipoprotein cholesterol (HDL-C) levels are inversely associated with cardiovascular risk""",0.00,99.38,2026-09-03_18-26-00_terra
704433831,982b5f05-65fb-4b76-9632-fbac54cb6b96,Air Pollution and the Inner-City.,0,include - high precision,True,,,,,True,True,"[self-consistency: 3/3 INCLUDE]
(INCLUDE) The record explicitly concerns pollution (a particulate climate-forcing agent) and its effects on the health of vulnerable human populations.
(INCLUDE) The record explicitly concerns pollution and its effects on health in vulnerable human populations. Pollution/particulate matter is a climate-forcing agent under the criteria, and health effects are explicitly stated.
(INCLUDE) The record explicitly addresses pollution, a climate-forcing particulate matter category under the criteria, and explicitly states effects on health in vulnerable human populations.",Text of speech by Barbara Jordan regarding inner-city pollution and its effects on health on vulnerable populations.,0.00,100.00,2026-09-03_18-26-00_terra
704433831,982b5f05-65fb-4b76-9632-fbac54cb6b96,Air Pollution and the Inner-City.,5,include - best balance,True,,,,,True,True,"[self-consistency: 3/3 INCLUDE]
(INCLUDE) The record substantively concerns pollution, a climate-forcing particulate/air-quality factor, and its effects on health in vulnerable human populations.
(INCLUDE) The record addresses pollution, which is a climate-forcing particulate/air-quality factor under the criteria, and explicitly concerns its effects on health in vulnerable populations.
(INCLUDE) The record substantively concerns pollution, which is directly inferable as a climate-forcing particulate/air-quality exposure, and explicitly addresses its effects on health in vulnerable populations.",Text of speech by Barbara Jordan regarding inner-city pollution and its effects on health on vulnerable populations.,0.00,100.00,2026-09-03_18-26-00_terra
704433831,982b5f05-65fb-4b76-9632-fbac54cb6b96,Air Pollution and the Inner-City.,6,include - high recall,True,,,,,True,True,"[self-consistency: 3/3 INCLUDE]
(INCLUDE) The record explicitly concerns pollution and its effects on human health in vulnerable populations. Particulate pollution is a climate-forcing agent under the screening criteria, and health effects are directly stated.
(INCLUDE) The record explicitly concerns pollution and its effects on human health, especially among vulnerable populations. Particulate pollution is a climate-forcing agent under the criteria, so this provides a plausible climate-and-health connection.
(INCLUDE) The record explicitly concerns pollution and its effects on human health in vulnerable populations. Pollution/particulate matter is a climate-forcing agent under the screening criteria, and health effects are directly stated.",Text of speech by Barbara Jordan regarding inner-city pollution and its effects on health on vulnerable populations.,0.00,100.00,2026-09-03_18-26-00_terra
2244677359,9b006557-dcfa-4813-8f6d-41c5c5f85b18,Osadnictwo kultur rolniczych w dorzeczu środkowej Kłodnicy a atrakcyjnośc krajobrazu,0,include - high precision,True,,,,,False,False,"[self-consistency: 0/3 INCLUDE]
(EXCLUDE) The record concerns archaeological excavation, settlement history, geology, soils, and palaeoenvironmental reconstruction. It does not explicitly address a climate/weather factor or climate action, nor any human health outcome, exposure, or health system.
(EXCLUDE) The record concerns archaeological excavation, palaeoenvironmental reconstruction, and radiocarbon dating. It does not explicitly substantively address a climate/weather factor, climate mitigation/adaptation, or any human health outcome or exposure pathway.
(EXCLUDE) The record concerns archaeological excavation, settlement history, and palaeoenvironmental reconstruction. It does not explicitly address a substantive climate or weather factor, climate mitigation/adaptation, or any human-health outcome or climate-health exposure pathway.","Almost simultaneously an inter-disciplinary program has been initiated, focused on estimation of environmental elements influencing the intensive pre- and protohistoric settlement in this area.",0.00,100.00,2026-09-03_18-26-00_terra
2244677359,9b006557-dcfa-4813-8f6d-41c5c5f85b18,Osadnictwo kultur rolniczych w dorzeczu środkowej Kłodnicy a atrakcyjnośc krajobrazu,5,include - best balance,True,,,,,False,False,"[self-consistency: 0/3 INCLUDE]
(EXCLUDE) The record concerns archaeological excavation and palaeoenvironmental reconstruction. It does not substantively address a climate-related factor, mitigation, or adaptation, and it contains no human health outcome, health exposure pathway, or health-system component.
(EXCLUDE) The record concerns archaeological excavation, settlement chronology, and palaeoenvironmental reconstruction. It does not substantively address a climate factor, climate action, or a human-health outcome or recognised climate-health pathway.
(EXCLUDE) The record concerns archaeological excavation and environmental/palaeographic reconstruction. It does not substantively address a climate-related factor, mitigation, or adaptation, and it contains no human health outcome or recognised climate-health exposure pathway.","Almost simultaneously an inter-disciplinary program has been initiated, focused on estimation of environmental elements influencing the intensive pre- and protohistoric settlement in this area.",0.00,100.00,2026-09-03_18-26-00_terra
2244677359,9b006557-dcfa-4813-8f6d-41c5c5f85b18,Osadnictwo kultur rolniczych w dorzeczu środkowej Kłodnicy a atrakcyjnośc krajobrazu,6,include - high recall,True,,,,,False,False,"[self-consistency: 0/3 INCLUDE]
(EXCLUDE) The record concerns archaeological rescue excavation, settlement chronology, and palaeoenvironmental reconstruction. It does not substantively address a climate factor, mitigation/adaptation, or any human-health outcome or recognised climate-health exposure pathway.
(EXCLUDE) The record describes archaeological rescue excavations and environmental/palaeographic reconstruction. It does not substantively address a climate factor, mitigation, or adaptation, and it contains no explicit or inferable human-health outcome or climate-health exposure pathway.
(EXCLUDE) The record describes archaeological rescue excavations, settlement chronology, and palaeoenvironmental reconstruction. It does not substantively address a climate factor, climate mitigation/adaptation, or a human health outcome or recognised climate-health pathway.","Almost simultaneously an inter-disciplinary program has been initiated, focused on estimation of environmental elements influencing the intensive pre- and protohistoric settlement in this area.",0.00,100.00,2026-09-03_18-26-00_terra
178692345,9dc46a0b-7152-49c6-b814-de34f0a76f58,The importance of considering human well-being to understand social preferences of ecosystem services,0,include - high precision,True,,,,,False,False,"[self-consistency: 0/3 INCLUDE]
(EXCLUDE) The record explicitly concerns human well-being, but it does not substantively address climate change, a weather/climate factor, climate mitigation, or climate adaptation. Water provision and pollution control are discussed as ecosystem services rather than as climate-related health exposures or interventions.
(EXCLUDE) The record explicitly discusses human well-being and ecosystem services, including water and food, but it does not substantively address any climate/weather factor, climate change impact, mitigation action, or climate adaptation action.
(EXCLUDE) The record explicitly addresses human wellbeing and resources relevant to people, but it does not substantively address climate change, a climate/weather factor, climate mitigation, or climate adaptation. References to pollution control and summer water provision are not explicitly framed as climate-related.",Understanding social preferences of ES based on their links with human well-being helps to address their relevance and potential trade-offs for land planning and management decision-making,0.00,100.00,2026-09-03_18-26-00_terra
178692345,9dc46a0b-7152-49c6-b814-de34f0a76f58,The importance of considering human well-being to understand social preferences of ecosystem services,5,include - best balance,True,,,,,False,False,"[self-consistency: 0/3 INCLUDE]
(EXCLUDE) The record addresses ecosystem-service preferences and links to human well-being, but it does not substantively assess climate change, weather, climate-related hazards, mitigation, or adaptation.
(EXCLUDE) The record addresses ecosystem-service preferences and human well-being, but it does not substantively address climate change, weather/climate variables, climate-related hazards, mitigation, or adaptation.
(EXCLUDE) The record addresses perceived links between ecosystem services and human well-being, but it does not substantively analyse climate change, a weather/climate exposure, a climate-related hazard, or a climate mitigation/adaptation action. Reference to water provision during summer is insufficient to establish a climate component.",“Understanding social preferences of ES based on their links with human well-being helps to address their relevance and potential trade-offs for land planning and management decision-making”,0.00,98.95,2026-09-03_18-26-00_terra
178692345,9dc46a0b-7152-49c6-b814-de34f0a76f58,The importance of considering human well-being to understand social preferences of ecosystem services,6,include - high recall,True,,,,,False,False,"[self-consistency: 0/3 INCLUDE]
(EXCLUDE) The record addresses social preferences for ecosystem services and perceived human well-being, but it does not substantively address climate change, a climate/weather hazard, mitigation, or adaptation. Water provision during summer is mentioned as an ecosystem service rather than as a climate-related exposure or intervention.
(EXCLUDE) The record addresses ecosystem-service preferences and perceived human wellbeing benefits, but it does not substantively address climate change, a climate/weather hazard, mitigation, or adaptation.
(EXCLUDE) The record substantively discusses human wellbeing and ecosystem-service preferences, including water and food provision, but does not substantively address climate change, a climate/weather hazard, mitigation, or climate adaptation. Mention of summer water provision is insufficient to establish a climate component.","“Using a case study in South-Central Chile, we showed how the human well-being approach might reveal social preferences on ecosystem services.”",0.00,98.60,2026-09-03_18-26-00_terra
24718,9f05824a-babd-48db-8212-a06e7b2655ac,Hepatotoxicity and chromosomal abnormalities evaluation due to single and repeated oral exposures of chromium oxide nanoparticles in Wistar rats,0,include - high precision,True,,,,,False,False,"[self-consistency: 0/3 INCLUDE]
(EXCLUDE) The record concerns toxicity of chromium oxide nanoparticles in rats. It does not explicitly address a climate factor, mitigation, or adaptation, and its health findings are animal-only rather than human health outcomes.
(EXCLUDE) The record concerns toxicity of chromium oxide nanoparticles in rats, not an explicit climate/weather factor, climate mitigation/adaptation action, or human health outcome/exposure. Occupational settings are mentioned only as a future-use context, without human health evidence.
(EXCLUDE) The record studies toxicity of chromium oxide nanoparticles in rats, not a substantive climate/weather factor, mitigation, or adaptation action. Its health findings are animal-model outcomes and therefore do not establish a human-health component under the criteria.",“Dose- and time-dependent toxicity assessment of Cr<sub>2</sub>O<sub>3</sub> NPs was carried out in Wistar rats”,0.00,98.21,2026-09-03_18-26-00_terra
24718,9f05824a-babd-48db-8212-a06e7b2655ac,Hepatotoxicity and chromosomal abnormalities evaluation due to single and repeated oral exposures of chromium oxide nanoparticles in Wistar rats,5,include - best balance,True,,,,,False,False,"[self-consistency: 0/3 INCLUDE]
(EXCLUDE) The record assesses toxicity of chromium oxide nanoparticles in rats. It does not substantively address a climate factor, mitigation, or adaptation, and the health effects are not human-health outcomes.
(EXCLUDE) The record concerns toxicological effects of chromium oxide nanoparticles in rats. It does not substantively address a climate factor, mitigation, or adaptation, and its health findings are in an animal model rather than human health.
(EXCLUDE) The record evaluates toxicity of chromium oxide nanoparticles in rats. It does not substantively address a climate/weather factor, mitigation, or adaptation, and its health findings are from an animal model rather than human health.",“Dose- and time-dependent toxicity assessment of Cr<sub>2</sub>O<sub>3</sub> NPs was carried out in Wistar rats”,0.00,98.21,2026-09-03_18-26-00_terra
24718,9f05824a-babd-48db-8212-a06e7b2655ac,Hepatotoxicity and chromosomal abnormalities evaluation due to single and repeated oral exposures of chromium oxide nanoparticles in Wistar rats,6,include - high recall,True,,,,,False,False,"[self-consistency: 0/3 INCLUDE]
(EXCLUDE) The record concerns toxicological effects of chromium oxide nanoparticles in rats and does not substantively address a climate/weather factor, climate mitigation or adaptation, or a human health outcome.
(EXCLUDE) The record concerns toxicity of chromium oxide nanoparticles in rats, with no substantive climate, weather, mitigation, or adaptation component. Its health-related findings are also animal-model outcomes rather than direct human health outcomes.
(EXCLUDE) The record evaluates chromium oxide nanoparticle toxicity in rats, including liver injury and genotoxicity. It does not substantively address climate, weather, greenhouse gases, fossil fuels, mitigation, or adaptation, and animal-only health outcomes do not meet the human-health criterion.",“Dose- and time-dependent toxicity assessment of Cr<sub>2</sub>O<sub>3</sub> NPs was carried out in Wistar rats”,0.00,98.21,2026-09-03_18-26-00_terra
2347708,a0a922c8-0935-48c8-a9ce-5ff833a1f2f8,Unknown fault recognition and diagnosis under domain and class shift via neighborhood invariance learning and cross-domain mixup,0,include - high precision,True,,,,,False,False,"[self-consistency: 0/3 INCLUDE]
(EXCLUDE) The record concerns transfer learning for industrial fault diagnosis and does not explicitly address any climate-related factor, mitigation/adaptation action, or human health outcome/exposure.
(EXCLUDE) The record concerns transfer learning for industrial fault diagnosis and does not explicitly address any climate/weather factor, mitigation or adaptation action, or human health outcome/exposure.
(EXCLUDE) The record concerns transfer learning for industrial fault diagnosis and does not explicitly address any climate or weather factor, climate mitigation/adaptation, or human health outcome or exposure.",,0.00,0.00,2026-09-03_18-26-00_terra
2347708,a0a922c8-0935-48c8-a9ce-5ff833a1f2f8,Unknown fault recognition and diagnosis under domain and class shift via neighborhood invariance learning and cross-domain mixup,5,include - best balance,True,,,,,False,False,"[self-consistency: 0/3 INCLUDE]
(EXCLUDE) The record concerns transfer learning for industrial fault diagnosis under domain and label shifts. It does not substantively address any climate/weather factor, mitigation or adaptation action, nor human health or a recognised climate-health exposure pathway.
(EXCLUDE) The record concerns transfer learning for industrial fault diagnosis under domain and label shifts. It does not substantively address a climate/weather factor, mitigation or adaptation, nor human health or a recognised climate-health pathway.
(EXCLUDE) The record concerns transfer learning for industrial fault diagnosis under domain and label shifts. It does not substantively address any climate/weather factor, mitigation/adaptation action, or human health outcome/pathway.",,0.00,0.00,2026-09-03_18-26-00_terra
2347708,a0a922c8-0935-48c8-a9ce-5ff833a1f2f8,Unknown fault recognition and diagnosis under domain and class shift via neighborhood invariance learning and cross-domain mixup,6,include - high recall,True,,,,,False,False,"[self-consistency: 0/3 INCLUDE]
(EXCLUDE) The record concerns machine-learning methods for industrial fault diagnosis and does not substantively address climate factors, mitigation/adaptation, human health, or health systems.
(EXCLUDE) The record concerns transfer learning for industrial fault diagnosis and does not substantively address climate/weather factors, climate mitigation or adaptation, or human health.
(EXCLUDE) The record concerns transfer learning and universal domain adaptation for industrial fault diagnosis. It contains no substantive climate/weather, mitigation, or adaptation component and no human health or health-system component.",“The experimental results demonstrate that the method proposed in this manuscript achieves superior performance compared to state-of-the-art universal domain adaptation methods.”,0.00,99.44,2026-09-03_18-26-00_terra
347011,a2382563-97d5-44e3-a1fe-22584b6a15ea,Information mining and comparison analysis of PM2.5 periodical paper both in English and Chinese in China,0,include - high precision,True,,,,,True,False,"[self-consistency: 0/3 INCLUDE]
(EXCLUDE) The record substantively concerns PM2.5, air pollution, haze, and particulate matter, satisfying a climate-related air-quality component. However, it is a bibliometric analysis of publication trends and does not explicitly analyse human exposure, health outcomes, or health-system effects; the mention of “health” is only a journal subject category.
(EXCLUDE) The record substantively concerns PM2.5 air pollution and haze, which can constitute a climate-related particulate factor, but it is a bibliometric analysis of publication patterns and does not explicitly analyse human health outcomes, human exposure, or health-system effects. Mentioning that journals include the subject of health is insufficient to establish a health component.
(EXCLUDE) The record is a bibliometric analysis of PM2.5 publications, so it substantively concerns particulate matter. However, it does not explicitly report a human health outcome, human exposure/effect, or a health-protective intervention; “health” is only listed as a subject area for journals.","The periodicals that carry Chinese PM2.5 literature are mainly in the subjects of environment, health, resources.",0.00,100.00,2026-09-03_18-26-00_terra
347011,a2382563-97d5-44e3-a1fe-22584b6a15ea,Information mining and comparison analysis of PM2.5 periodical paper both in English and Chinese in China,5,include - best balance,True,,,,,True,False,"[self-consistency: 2/5 INCLUDE]
(INCLUDE) The record substantively concerns PM2.5 air pollution, haze, and particulate matter. These are air-quality/climate-forcing particulates with a recognised human-health exposure pathway; the record also explicitly identifies health as a subject area.
(EXCLUDE) The record is a bibliometric analysis of PM2.5 publications. Although PM2.5/air pollution is a climate-health-relevant exposure, the study does not substantively examine or connect it to human health outcomes, exposures, health systems, or health-protective actions; “health” is mentioned only as a journal subject category.
(INCLUDE) The record substantively concerns PM2.5 air pollution and haze. Particulate matter is a climate-forcing agent under the criteria and is a recognised air-quality exposure pathway to human health; the record also explicitly identifies health as a subject area.
(EXCLUDE) The record substantively concerns PM2.5 air pollution and haze through a bibliometric analysis, satisfying a climate-related exposure component. However, it does not analyse or connect PM2.5 to any human health outcome, exposure pathway, health protection, or health system; the mention of health is only as a journal subject category.
(EXCLUDE) The record substantively concerns PM2.5 air pollution/haze, which is a climate-relevant particulate exposure, but it is a bibliometric analysis of publication patterns and does not assess or connect PM2.5 to any human-health outcome, exposure pathway, or health-system issue. Mentioning health as a journal subject area is not a substantive health component.","The periodicals that carry Chinese PM2.5 literature are mainly in the subjects of environment, health, resources.",0.00,100.00,2026-09-03_18-26-00_terra
347011,a2382563-97d5-44e3-a1fe-22584b6a15ea,Information mining and comparison analysis of PM2.5 periodical paper both in English and Chinese in China,6,include - high recall,True,,,,,True,True,"[self-consistency: 3/4 INCLUDE]
(EXCLUDE) The record is a bibliometric analysis of PM2.5 publications. Although PM2.5/air pollution is a climate-relevant factor, the study does not substantively examine human health outcomes, exposures, or health systems; health is only mentioned as a publication subject area.
(INCLUDE) The record substantively concerns PM2.5 air pollution/particulate matter, which is a climate-forcing particulate and an air-quality exposure with a recognised human-health pathway. It also explicitly identifies health among the relevant subject areas.
(INCLUDE) The record substantively examines the PM2.5 research literature. PM2.5 particulate air pollution is a climate-forcing particulate matter and an air-quality exposure with a recognised human-health pathway; the record also explicitly identifies health as a subject area.
(INCLUDE) The record substantively concerns PM2.5 air pollution and haze, which are particulate-matter air-quality exposures with an established human-health pathway. It also explicitly identifies health as a subject area of the PM2.5 literature reviewed.","Research terms mainly include PM2.5 air pollution, haze, particulate matter.",0.00,100.00,2026-09-03_18-26-00_terra
31154,a26fa122-7828-4f5b-88e2-65068ad494d0,A nanobiosensor integrating FRET and MEF processes for fluorescence-based detection of Chlorpyrifos pesticide through AuNPs@ZIF-8 nanocomposite platform,0,include - high precision,True,,,,,False,False,"[self-consistency: 0/3 INCLUDE]
(EXCLUDE) The record explicitly mentions human health effects and monitoring pesticide residues in food products, but it does not substantively address any climate or weather factor, climate-change impact, mitigation action, or adaptation action. Chlorpyrifos is studied as a pesticide toxicant rather than as a climate-forcing agent.
(EXCLUDE) The record explicitly mentions human-health effects from pesticide residues, but it does not substantively address a climate/weather factor, climate mitigation, or climate adaptation. Chlorpyrifos is studied as a pesticide contaminant rather than a climate-forcing agent.
(EXCLUDE) The record explicitly concerns human health risks from pesticide residues, but it does not substantively address climate change, weather, climate-related hazards, greenhouse gases, or a climate mitigation/adaptation action. Chlorpyrifos is studied as a pesticide contaminant rather than a climate-forcing agent.","Chlorpyrifos (CPF), as a widely used organophosphate pesticide in many developing countries, requires precise monitoring due to its adverse effects on human health and the environment.",0.00,100.00,2026-09-03_18-26-00_terra
31154,a26fa122-7828-4f5b-88e2-65068ad494d0,A nanobiosensor integrating FRET and MEF processes for fluorescence-based detection of Chlorpyrifos pesticide through AuNPs@ZIF-8 nanocomposite platform,5,include - best balance,True,,,,,False,False,"[self-consistency: 0/3 INCLUDE]
(EXCLUDE) The record concerns detection of pesticide residues in pistachios and notes human-health effects, but it does not substantively address any climate/weather factor, climate mitigation, or climate adaptation action.
(EXCLUDE) The record concerns detection of a pesticide residue in pistachios and notes human-health relevance, but it does not substantively address a climate/weather factor, climate mitigation, or climate adaptation action. Chlorpyrifos is not presented as a climate-forcing agent or fossil-fuel-related pollutant.
(EXCLUDE) The record concerns detection of a pesticide residue in pistachios and notes human-health relevance, but it does not substantively address a climate/weather factor, climate mitigation, or climate adaptation.","Chlorpyrifos (CPF), as a widely used organophosphate pesticide in many developing countries, requires precise monitoring due to its adverse effects on human health and the environment.",0.00,100.00,2026-09-03_18-26-00_terra
31154,a26fa122-7828-4f5b-88e2-65068ad494d0,A nanobiosensor integrating FRET and MEF processes for fluorescence-based detection of Chlorpyrifos pesticide through AuNPs@ZIF-8 nanocomposite platform,6,include - high recall,True,,,,,False,False,"[self-consistency: 0/3 INCLUDE]
(EXCLUDE) The record addresses monitoring pesticide residues and explicitly notes human-health relevance, but it does not substantively address climate change, weather/climate factors, greenhouse gases, fossil fuels, mitigation, or adaptation.
(EXCLUDE) The record concerns detection of a pesticide residue in agricultural products and notes human-health effects, but it does not substantively address a climate or weather factor, climate mitigation, or climate adaptation action.
(EXCLUDE) The record concerns detection of pesticide residues in food products and notes human-health effects, but it does not substantively address a climate/weather factor, climate mitigation, or climate adaptation.","Chlorpyrifos (CPF), as a widely used organophosphate pesticide in many developing countries, requires precise monitoring due to its adverse effects on human health and the environment.",0.00,100.00,2026-09-03_18-26-00_terra
65355,a4d83c6a-517a-47d9-a31f-d0bb97b17d15,Study on the Mechanical Properties of Steel Slag Cement–Solidified Silt Soil and the Law of Chloride Ion Transport under Different Erosion Times,0,include - high precision,True,,,,,False,False,"[self-consistency: 0/3 INCLUDE]
(EXCLUDE) The record is an engineering study of chloride erosion and mechanical properties of cement-solidified soil. It does not explicitly address a climate-related factor, mitigation/adaptation action, or any human health outcome or exposure pathway.
(EXCLUDE) The record concerns material and geotechnical performance of cement-solidified soil under chloride erosion. It does not explicitly address a climate factor, climate mitigation/adaptation, or human health outcome or exposure.
(EXCLUDE) The record concerns chloride erosion and mechanical/material properties of cement-solidified soil. It does not explicitly address a climate-related factor, mitigation/adaptation, or any human health outcome or exposure pathway.","“To study the influence of chloride erosion on the mechanical properties of steel slag cement–solidified silt soil and the law of chloride ion migration, indoor tests were carried out”",0.00,99.45,2026-09-03_18-26-00_terra
65355,a4d83c6a-517a-47d9-a31f-d0bb97b17d15,Study on the Mechanical Properties of Steel Slag Cement–Solidified Silt Soil and the Law of Chloride Ion Transport under Different Erosion Times,5,include - best balance,True,,,,,False,False,"[self-consistency: 0/3 INCLUDE]
(EXCLUDE) The record concerns laboratory testing of chloride erosion and mechanical properties of cement-solidified soil. It does not substantively address a climate/weather factor, mitigation or adaptation, nor any human health outcome or recognised climate-health pathway.
(EXCLUDE) The record concerns laboratory testing of chloride erosion and mechanical properties of cement-solidified soil. It does not substantively address a climate/weather factor, climate mitigation or adaptation, or human health outcomes/exposure pathways.
(EXCLUDE) The record concerns laboratory testing of chloride erosion effects on cement-solidified soil mechanical properties and microstructure. It does not substantively address climate factors, climate mitigation/adaptation, or human health outcomes/pathways.","""To study the influence of chloride erosion on the mechanical properties of steel slag cement–solidified silt soil and the law of chloride ion migration, indoor tests were carried out""",0.00,99.45,2026-09-03_18-26-00_terra
65355,a4d83c6a-517a-47d9-a31f-d0bb97b17d15,Study on the Mechanical Properties of Steel Slag Cement–Solidified Silt Soil and the Law of Chloride Ion Transport under Different Erosion Times,6,include - high recall,True,,,,,False,False,"[self-consistency: 0/3 INCLUDE]
(EXCLUDE) The record concerns laboratory testing of chloride erosion and mechanical properties of cement-solidified soil. It does not substantively address a climate factor, mitigation/adaptation action, or human health outcome/pathway.
(EXCLUDE) The record concerns laboratory testing of chloride erosion and mechanical properties of cement-solidified soil. It does not substantively address a climate factor, mitigation/adaptation, or any human health outcome or recognised climate-health pathway.
(EXCLUDE) The record concerns engineering properties and chloride erosion of cement-solidified soil. It does not substantively address a climate factor, mitigation/adaptation action, or any human health outcome or recognised climate-health pathway.","To study the influence of chloride erosion on the mechanical properties of steel slag cement–solidified silt soil and the law of chloride ion migration, indoor tests were carried out",0.00,100.00,2026-09-03_18-26-00_terra
42411020,a6b3b36a-399b-49d4-bb66-ee9cdbc9c189,The role of noninvasive ventilation in the management of type II respiratory failure in patients with myotonic dystrophy,0,include - high precision,True,,,,,False,False,"[self-consistency: 0/3 INCLUDE]
(EXCLUDE) The record concerns noninvasive ventilation and respiratory failure in patients with myotonic dystrophy, but it contains no explicit climate, weather, climate-related hazard, greenhouse-gas, mitigation, or adaptation component.
(EXCLUDE) The record concerns noninvasive ventilation for respiratory failure in patients with myotonic dystrophy, but it does not explicitly address any climate, weather, greenhouse-gas, mitigation, or climate-adaptation component.
(EXCLUDE) The record concerns noninvasive ventilation and respiratory failure in patients with myotonic dystrophy, but it does not explicitly address any climate, weather, climate-related hazard, greenhouse-gas/fossil-fuel issue, or climate mitigation/adaptation action.",,0.00,0.00,2026-09-03_18-26-00_terra
42411020,a6b3b36a-399b-49d4-bb66-ee9cdbc9c189,The role of noninvasive ventilation in the management of type II respiratory failure in patients with myotonic dystrophy,5,include - best balance,True,,,,,False,False,"[self-consistency: 0/3 INCLUDE]
(EXCLUDE) The record concerns noninvasive ventilation and respiratory failure in people with myotonic dystrophy, but it does not substantively address any climate/weather factor, climate mitigation, or climate adaptation action.
(EXCLUDE) The record concerns noninvasive ventilation for respiratory failure in myotonic dystrophy and does not substantively address any climate, weather, climate-related hazard, greenhouse gas, or mitigation/adaptation action.
(EXCLUDE) The record concerns noninvasive ventilation and respiratory failure in patients with myotonic dystrophy, but it does not substantively address any climate, weather, greenhouse-gas, mitigation, or climate-adaptation factor.",,0.00,0.00,2026-09-03_18-26-00_terra
42411020,a6b3b36a-399b-49d4-bb66-ee9cdbc9c189,The role of noninvasive ventilation in the management of type II respiratory failure in patients with myotonic dystrophy,6,include - high recall,True,,,,,False,False,"[self-consistency: 0/3 INCLUDE]
(EXCLUDE) The record concerns noninvasive ventilation and respiratory failure in myotonic dystrophy, but it does not substantively address any climate/weather factor, climate mitigation, or climate adaptation action.
(EXCLUDE) The record addresses respiratory failure and noninvasive ventilation in myotonic dystrophy, but contains no substantive climate, weather, greenhouse-gas, mitigation, or adaptation component. Carbon dioxide tension is a clinical measurement, not a climate-related exposure.
(EXCLUDE) The record concerns noninvasive ventilation for respiratory failure in myotonic dystrophy. Although it addresses human health, it contains no explicit or directly inferable climate, weather, climate-related hazard, fossil fuel, mitigation, or adaptation component.",,0.00,0.00,2026-09-03_18-26-00_terra
3522,a7eda8a9-ef16-4830-8fde-a1971b7b3a6a,The Application of Automated Techniques in the Management and Control of Source Materials,0,include - high precision,True,,,,,False,False,"[self-consistency: 0/3 INCLUDE]
(EXCLUDE) The document discusses historical technological adaptation and computer use in archival/manuscript work. It contains no explicit climate or weather factor, climate mitigation/adaptation, or human health outcome/pathway.
(EXCLUDE) The excerpt concerns the use of computers for archival, manuscript, and information-retrieval work. It does not explicitly address a climate/weather factor, mitigation or adaptation, nor any human health outcome or exposure pathway.
(EXCLUDE) The text concerns the adaptation and uses of computers for archival, manuscript, and information-retrieval work. It does not explicitly address a climate or weather factor, climate mitigation/adaptation, or any human health outcome or exposure pathway.","""By applying the computer in archival and manuscript work, the professions can attack problems that long ago were abandoned as prohibitively expensive.""",0.00,98.68,2026-09-03_18-26-00_terra
3522,a7eda8a9-ef16-4830-8fde-a1971b7b3a6a,The Application of Automated Techniques in the Management and Control of Source Materials,5,include - best balance,True,,,,,False,False,"[self-consistency: 0/3 INCLUDE]
(EXCLUDE) The document discusses applications of computers in archival and manuscript work, without substantively addressing any climate-related factor, mitigation/adaptation action, or human health outcome/pathway.
(EXCLUDE) The excerpt discusses computer applications in archival, manuscript, and information-retrieval work. It contains no substantive climate/weather, mitigation, or adaptation component and no human-health outcome, exposure pathway, or health-system component.
(EXCLUDE) The document discusses technological adaptation and computer applications in archival and manuscript work. It contains no substantive climate/weather, mitigation, or climate-adaptation component and no human health outcome or climate-health exposure pathway.",,0.00,0.00,2026-09-03_18-26-00_terra
3522,a7eda8a9-ef16-4830-8fde-a1971b7b3a6a,The Application of Automated Techniques in the Management and Control of Source Materials,6,include - high recall,True,,,,,False,False,"[self-consistency: 0/3 INCLUDE]
(EXCLUDE) The record discusses applications of computers to archival, manuscript, and information-retrieval work. It contains no substantive climate/weather, mitigation, or adaptation component and no human-health component.
(EXCLUDE) The excerpt discusses applications of computers to archival, manuscript, and information-retrieval work. It contains no substantive climate/weather, mitigation, or adaptation component, and no human health or health-system component.
(EXCLUDE) The document discusses historical applications of technology and computers in archival and manuscript work. It contains no substantive climate/weather, mitigation, or adaptation component, and no human health or health-system component.","""By applying the computer in archival and manuscript work, the professions can attack problems that long ago were abandoned as prohibitively expensive.""",0.00,98.68,2026-09-03_18-26-00_terra
566051,a9851f18-ec23-4979-a23d-5d1130d7d574,Chemical composition and nutritional properties of Terminalia catappa L. oil and kernels from Benin,0,include - high precision,True,,,,,False,False,"[self-consistency: 0/3 INCLUDE]
(EXCLUDE) The record reports nutritional and chemical properties of kernels and oil, but it does not substantively address a climate factor, climate mitigation, or climate adaptation. The potential use as biofuel is mentioned only incidentally, without an explicit emissions-reduction or fossil-fuel-replacement aim.
(EXCLUDE) The record discusses nutritional composition and potential biofuel use, but it does not explicitly address climate change, a weather factor, greenhouse-gas emissions, or a mitigation/adaptation action targeting climate-related harms. Biofuel is mentioned only as a possible use, not as a substantive climate-mitigation analysis.
(EXCLUDE) The record discusses nutritional composition and potential biofuel use, but it does not explicitly address climate change, weather, greenhouse-gas emissions, fossil-fuel replacement, or a mitigation/adaptation action. Biofuel is mentioned only as a possible use, without a stated climate purpose.",These kernels and their unsaturated oil are of interesting nutritional value but could also be used as a biofuel or lubricant.,0.00,100.00,2026-09-03_18-26-00_terra
566051,a9851f18-ec23-4979-a23d-5d1130d7d574,Chemical composition and nutritional properties of Terminalia catappa L. oil and kernels from Benin,5,include - best balance,True,,,,,False,False,"[self-consistency: 0/3 INCLUDE]
(EXCLUDE) The record discusses nutritional composition and potential use as biofuel, but it does not substantively address a climate/weather factor, greenhouse-gas mitigation, or climate adaptation. It therefore lacks the required climate component, despite a potential food/nutrition relevance.
(EXCLUDE) The record discusses nutritional composition and possible biofuel use, but it does not substantively address climate, weather, greenhouse-gas emissions, climate mitigation, or adaptation. Biofuel is mentioned only as a potential use, without analysis of fossil-fuel replacement or emissions reduction.
(EXCLUDE) The record addresses nutritional composition and potential biofuel use, but does not substantively assess a climate/weather factor, climate impact, mitigation action, or adaptation action. The mention of biofuel is only a potential use and is not linked to emissions reduction or climate mitigation.","""These kernels and their unsaturated oil are of interesting nutritional value but could also be used as a biofuel or lubricant.""",0.00,98.44,2026-09-03_18-26-00_terra
566051,a9851f18-ec23-4979-a23d-5d1130d7d574,Chemical composition and nutritional properties of Terminalia catappa L. oil and kernels from Benin,6,include - high recall,True,,,,,False,False,"[self-consistency: 0/3 INCLUDE]
(EXCLUDE) The record discusses nutritional composition and potential biofuel use, but does not substantively address climate change, weather, greenhouse-gas emissions, mitigation, adaptation, or a climate-related health pathway. Biofuel is mentioned only as a possible use rather than as a studied mitigation action.
(EXCLUDE) The record concerns nutritional and chemical characterization of plant kernels and oil. Although biofuel is mentioned as a potential use, it is not a substantively analysed mitigation or climate topic, and the document does not address any climate/weather factor or climate-health connection.
(EXCLUDE) The record characterizes the nutritional and chemical properties of Terminalia catappa kernels and oil, but does not substantively address a climate/weather factor, climate mitigation action, or climate adaptation action. Mention of possible biofuel use is incidental and not an analysed mitigation intervention.",These kernels and their unsaturated oil are of interesting nutritional value but could also be used as a biofuel or lubricant.,0.00,100.00,2026-09-03_18-26-00_terra
17846,aae03dfb-fdc5-43a5-bce9-5e4fe9b0c49f,ASG-YOLOv5: Improved YOLOv5 unmanned aerial vehicle remote sensing aerial images scenario for small object detection based on attention and spatial gating,0,include - high precision,True,,,,,False,False,"[self-consistency: 0/3 INCLUDE]
(EXCLUDE) The record concerns an improved drone aerial-image small-target detection model and benchmark datasets. It does not explicitly address any climate/weather factor, mitigation or adaptation action, nor any human health outcome or climate-health exposure pathway.
(EXCLUDE) The record concerns computer-vision methods for small-target detection in drone aerial imagery. It does not explicitly address a climate/weather factor, mitigation or adaptation action, or any human health outcome or exposure pathway.
(EXCLUDE) The record concerns computer-vision methods for detecting small targets in drone aerial images. It does not explicitly address any climate factor, mitigation/adaptation action, or human health outcome/exposure.",,0.00,0.00,2026-09-03_18-26-00_terra
17846,aae03dfb-fdc5-43a5-bce9-5e4fe9b0c49f,ASG-YOLOv5: Improved YOLOv5 unmanned aerial vehicle remote sensing aerial images scenario for small object detection based on attention and spatial gating,5,include - best balance,True,,,,,False,False,"[self-consistency: 0/3 INCLUDE]
(EXCLUDE) The record concerns computer-vision methods for detecting small targets in drone aerial images. It does not substantively address any climate/weather factor, mitigation or adaptation action, or human health outcome or climate-health exposure pathway.
(EXCLUDE) The record concerns computer-vision methods for detecting small targets in drone aerial imagery. It does not substantively address any climate or weather factor, mitigation/adaptation action, or human health outcome or pathway.
(EXCLUDE) The record concerns computer-vision methods for small-target detection in drone aerial imagery. It does not substantively address a climate or weather factor, climate mitigation/adaptation, or any human-health outcome or recognised climate-health pathway.","""This paper trains and tests the model on the VisDrone2021 and AI-TOD datasets.""",0.00,97.50,2026-09-03_18-26-00_terra
17846,aae03dfb-fdc5-43a5-bce9-5e4fe9b0c49f,ASG-YOLOv5: Improved YOLOv5 unmanned aerial vehicle remote sensing aerial images scenario for small object detection based on attention and spatial gating,6,include - high recall,True,,,,,False,False,"[self-consistency: 0/3 INCLUDE]
(EXCLUDE) The record describes a drone aerial-image small-target detection model and reports computer-vision performance. It does not substantively address a climate/weather factor, mitigation or adaptation action, or a human health outcome or pathway.
(EXCLUDE) The record concerns computer-vision methods for detecting small targets in drone aerial imagery. It does not substantively address climate/weather factors, climate mitigation or adaptation, or human health outcomes/pathways.
(EXCLUDE) The record concerns computer-vision methods for small-target detection in drone aerial imagery. It does not substantively address any climate/weather factor, mitigation or adaptation action, nor any human health outcome or recognised climate-health pathway.","""This paper trains and tests the model on the VisDrone2021 and AI-TOD datasets.""",0.00,97.50,2026-09-03_18-26-00_terra
889575517,ab0b70b5-5310-4348-a183-6180a52d1f3b,"Application of GIS for Risk Identification and Assessment of the Road Infrastructure from the Occurrence of Landslide Processes - Study for the Territory of Sliven Region, Bulgaria",0,include - high precision,True,,,,,False,False,"[self-consistency: 0/3 INCLUDE]
(EXCLUDE) The record assesses landslide risk to road infrastructure using GIS. It does not explicitly address a climate or weather factor, climate adaptation, or mitigation, and it contains no human health outcome, exposure, or health-system connection.
(EXCLUDE) The record concerns GIS-based landslide risk assessment for road infrastructure. It does not explicitly address a climate or weather factor, climate adaptation to climate-related hazards, or any human health outcome, exposure, or health-system impact.
(EXCLUDE) The record assesses landslide risk to road infrastructure using GIS, but it does not explicitly address a climate or weather factor, climate adaptation, or mitigation. It also contains no substantive human health, health-system, or human exposure outcome.","""determine the most vulnerable sections of the road infrastructure""",0.00,97.01,2026-09-03_18-26-00_terra
889575517,ab0b70b5-5310-4348-a183-6180a52d1f3b,"Application of GIS for Risk Identification and Assessment of the Road Infrastructure from the Occurrence of Landslide Processes - Study for the Territory of Sliven Region, Bulgaria",5,include - best balance,True,,,,,False,False,"[self-consistency: 0/3 INCLUDE]
(EXCLUDE) The record concerns GIS-based assessment of landslide risk to road infrastructure. It does not substantively address a climate or weather factor, climate mitigation/adaptation, or human health outcomes or health-related exposure pathways.
(EXCLUDE) The record assesses landslide risks to road infrastructure. It does not substantively address a climate or weather factor, climate adaptation for people, or any human health outcome or health-related exposure pathway.
(EXCLUDE) The record assesses landslide risk to road infrastructure using GIS. It does not substantively address a climate or weather factor, climate adaptation aimed at people, or any human health outcome or recognised climate-health exposure pathway.",The paper is focused on using the capabilities of GIS in order to determine how appropriate their application is for identification and assessment of the risk to the road infrastructure from the occurrence of landslide processes.,0.00,100.00,2026-09-03_18-26-00_terra
889575517,ab0b70b5-5310-4348-a183-6180a52d1f3b,"Application of GIS for Risk Identification and Assessment of the Road Infrastructure from the Occurrence of Landslide Processes - Study for the Territory of Sliven Region, Bulgaria",6,include - high recall,True,,,,,False,False,"[self-consistency: 0/3 INCLUDE]
(EXCLUDE) The record addresses landslide risk to road infrastructure, but does not explicitly connect landslides to climate or weather factors, climate adaptation, or any human health outcome or recognised health exposure pathway.
(EXCLUDE) The record assesses landslide risk to road infrastructure using GIS. It does not explicitly link landslides to climate-related hazards or address human health, healthcare, or a recognised climate-health exposure pathway.
(EXCLUDE) The record concerns GIS assessment of landslide risks to road infrastructure. It does not explicitly address a climate/weather factor or climate adaptation, and it provides no direct or inferable human-health outcome or health-system connection.",“The paper is focused on using the capabilities of GIS in order to determine how appropriate their application is for identification and assessment of the risk to the road infrastructure from the occurrence of landslide processes.”,0.00,99.57,2026-09-03_18-26-00_terra
521359478,ac766dc4-9743-45cf-82af-a1c1bdc35392,AN AYURVEDIC APPROACH IN THE MANAGEMENT OF URTICARIA(SHEETPITTA): A CASE STUDY,0,include - high precision,True,,,,,False,False,"[self-consistency: 0/3 INCLUDE]
(EXCLUDE) The record concerns treatment of a human skin condition, so it has a health component. However, industrialization and pollution are only mentioned in passing as possible epidemiological context; no climate/weather factor, climate-related hazard, mitigation, or adaptation action is substantively analysed.
(EXCLUDE) The record concerns a human urticaria case and its Ayurvedic treatment, so it has a health component. However, it does not explicitly substantively address climate change, a weather/climate factor, a climate-related hazard, or a mitigation/adaptation action; pollution is mentioned only as general background.
(EXCLUDE) The record concerns treatment of a human urticaria case, so it has a health component. However, it does not substantively address an explicit climate/weather factor, climate mitigation, or climate adaptation; pollution is mentioned only as general background and is not analysed as a climate-related exposure.","Epidemologically urticaria is increasing now days due to industrialization, pol-lution, increased use of various skin products, changes in lifestyle.",0.00,100.00,2026-09-03_18-26-00_terra
521359478,ac766dc4-9743-45cf-82af-a1c1bdc35392,AN AYURVEDIC APPROACH IN THE MANAGEMENT OF URTICARIA(SHEETPITTA): A CASE STUDY,5,include - best balance,True,,,,,False,False,"[self-consistency: 0/3 INCLUDE]
(EXCLUDE) The record concerns treatment of human urticaria, so it has a health component. However, it does not substantively analyse a climate/weather factor, climate-related hazard, mitigation action, or adaptation action. Pollution is only mentioned as a general possible contributor and is not studied as a climate-related exposure.
(EXCLUDE) The record concerns treatment of a human skin condition, so it has a health component. However, it does not substantively address a climate/weather factor, climate mitigation, or climate adaptation; pollution is mentioned only as background and is not analysed as an exposure or intervention.
(EXCLUDE) The record concerns treatment of a human urticaria case, so it has a health component. However, it does not substantively measure, analyse, or address a climate/weather factor, climate mitigation, or climate adaptation; pollution is only mentioned as background and is not a climate component as used in the case study.","“Epidemologically urticaria is increasing now days due to industrialization, pol-lution, increased use of various skin products, changes in lifestyle.”",0.00,98.68,2026-09-03_18-26-00_terra
521359478,ac766dc4-9743-45cf-82af-a1c1bdc35392,AN AYURVEDIC APPROACH IN THE MANAGEMENT OF URTICARIA(SHEETPITTA): A CASE STUDY,6,include - high recall,True,,,,,False,False,"[self-consistency: 0/3 INCLUDE]
(EXCLUDE) The record concerns treatment of urticaria in a human patient, but it does not substantively address a climate/weather factor, climate mitigation, or climate adaptation. Pollution is mentioned only as general background and is not analysed as an exposure or linked to a climate-related pollutant.
(EXCLUDE) The record concerns treatment of human urticaria, so it has a health component, but it does not substantively address a climate/weather factor, climate-related hazard, mitigation action, or adaptation action. Pollution is only mentioned as background and is not analysed as a climate-related exposure.
(EXCLUDE) The record concerns treatment of a human urticaria case, but it does not substantively analyse a climate/weather factor, climate-related hazard, greenhouse gas, mitigation, or adaptation. Pollution is mentioned only as general background and is not assessed as an exposure or intervention.","Epidemologically urticaria is increasing now days due to industrialization, pol-lution, increased use of various skin products, changes in lifestyle.",0.00,100.00,2026-09-03_18-26-00_terra
7036,aca9a3eb-cb4e-41dd-9b8e-ece878f7294a,BIOREMEDIATION OF HYDROCARBON POLLUTANTS USING SEWAGE SLUGE AS BIOSTIMULATION AGENTS,0,include - high precision,True,,,,,False,False,"[self-consistency: 0/3 INCLUDE]
(EXCLUDE) The record concerns bacterial biodegradation of crude-oil pollution using sewage sludge. It does not explicitly address climate change, a climate-related factor, mitigation, or adaptation, and it reports no human health outcome, exposure, or health-system connection.
(EXCLUDE) The record studies bacterial degradation of spilled crude oil as environmental remediation. It does not explicitly address a climate or weather factor, climate mitigation/adaptation, or a human-health outcome, exposure, or health system.
(EXCLUDE) The record concerns biodegradation of crude-oil pollution and environmental restoration, but it does not explicitly address human health, human exposure, health outcomes, or a human climate-health pathway.",“The devastating effect of crude oil on both living and non living components of the environment is something that deserves serious attention.”,0.00,98.60,2026-09-03_18-26-00_terra
7036,aca9a3eb-cb4e-41dd-9b8e-ece878f7294a,BIOREMEDIATION OF HYDROCARBON POLLUTANTS USING SEWAGE SLUGE AS BIOSTIMULATION AGENTS,5,include - best balance,True,,,,,False,False,"[self-consistency: 0/3 INCLUDE]
(EXCLUDE) The study substantively concerns crude oil pollution and bacterial degradation, which is a climate-relevant fossil-fuel-related topic. However, it reports environmental remediation and microbial/chemical analyses only, without a direct human-health outcome, health-system connection, or stated human exposure pathway.
(EXCLUDE) The study substantively concerns crude-oil pollution and bioremediation, which is a climate-related fossil-fuel component. However, it reports bacterial degradation and environmental restoration only, without a substantive connection to human health, health outcomes, health systems, or a recognised climate-health exposure pathway.
(EXCLUDE) The record substantively concerns crude-oil pollution and bacterial biodegradation, which relates to fossil hydrocarbons, but it does not address human health, health systems, or a recognised climate-health exposure pathway. Its stated focus is restoration of the nonliving environment.",The devastating effect of crude oil on both living and non living components of the environment is something that deserves serious attention.,0.00,100.00,2026-09-03_18-26-00_terra
7036,aca9a3eb-cb4e-41dd-9b8e-ece878f7294a,BIOREMEDIATION OF HYDROCARBON POLLUTANTS USING SEWAGE SLUGE AS BIOSTIMULATION AGENTS,6,include - high recall,True,,,,,False,False,"[self-consistency: 0/3 INCLUDE]
(EXCLUDE) The record studies bacterial bioremediation of crude-oil pollution. Although crude oil is a fossil fuel, the document does not state or directly infer a human-health outcome, health-system relevance, or a recognised climate-health exposure pathway.
(EXCLUDE) The record studies bacterial degradation of spilled crude oil using sewage sludge, but does not substantively address climate change, a climate-related hazard, mitigation, or adaptation. It also provides no explicit human-health outcome or recognised climate-health exposure pathway.
(EXCLUDE) The record substantively concerns crude-oil spill remediation and bacterial degradation, which relates to a fossil-fuel pollution issue, but it does not state or directly infer a human-health outcome, exposure pathway, public-health concern, or health-system impact.",Experiments were conducted to determine the nutritional contents of sewage sludge with a view to assessing their effect in bacterial degradation of Bonny light crude oil.,0.00,100.00,2026-09-03_18-26-00_terra
926700823,acddf54f-c7c5-4d60-b209-811d1d2a01c8,Oxidative stress: animal adaptations in nature.,0,include - high precision,True,,,,,False,False,"[self-consistency: 0/3 INCLUDE]
(EXCLUDE) The record concerns antioxidant adaptations to oxygen limitation and reperfusion in animal models. It does not substantively address a climate/weather factor, mitigation, or adaptation, nor does it connect the research to human health.
(EXCLUDE) The record concerns oxidative-stress adaptations in animal models during oxygen limitation and reoxygenation. It does not explicitly address a substantive climate/weather factor, climate action, or human health outcome/exposure.
(EXCLUDE) The record concerns antioxidant responses to oxygen variation and reperfusion injury in animal models. It does not explicitly address a climate/weather factor, mitigation, or adaptation, nor does it substantively connect these findings to human health.","“In recent studies using various animal models (anoxia-tolerant turtles, freeze-tolerant snakes and frogs, estivating snails)”",0.00,98.41,2026-09-03_18-26-00_terra
926700823,acddf54f-c7c5-4d60-b209-811d1d2a01c8,Oxidative stress: animal adaptations in nature.,5,include - best balance,True,,,,,False,False,"[self-consistency: 0/3 INCLUDE]
(EXCLUDE) The record concerns antioxidant responses to oxygen limitation and reperfusion in animal models. It does not substantively address a climate/weather factor, climate mitigation/adaptation, or human health outcome/pathway.
(EXCLUDE) The record concerns oxidative-stress adaptations in animal models during variable oxygen availability. It does not substantively address a climate/weather factor, climate action, or human health outcome/pathway.
(EXCLUDE) The record concerns oxidative-stress adaptations in animal models under changing oxygen availability. It does not substantively address a climate/weather factor, mitigation, or adaptation, and it does not address human health outcomes or health systems.","“In recent studies using various animal models (anoxia-tolerant turtles, freeze-tolerant snakes and frogs, estivating snails) our laboratory has explored the adaptations of antioxidant defenses”",0.00,98.97,2026-09-03_18-26-00_terra
926700823,acddf54f-c7c5-4d60-b209-811d1d2a01c8,Oxidative stress: animal adaptations in nature.,6,include - high recall,True,,,,,False,False,"[self-consistency: 0/3 INCLUDE]
(EXCLUDE) The record concerns antioxidant adaptations and oxidative stress in animal models. It does not substantively address a climate-related factor, mitigation, or adaptation action, and it contains no human health or health-system component.
(EXCLUDE) The record concerns antioxidant responses to changing oxygen availability in animal models. It does not substantively address climate/weather factors, mitigation, adaptation, or human health outcomes or pathways.
(EXCLUDE) The record concerns antioxidant responses to oxygen availability and reperfusion in animal models. It does not substantively address climate/weather factors, climate mitigation or adaptation, nor human health outcomes or a recognised climate-health pathway.","In recent studies using various animal models (anoxia-tolerant turtles, freeze-tolerant snakes and frogs, estivating snails) our laboratory has explored the adaptations of antioxidant defenses",0.00,100.00,2026-09-03_18-26-00_terra
4530077023,ad72ee43-2509-4647-9f38-59df709eadc7,Analytical model of fully developed wind farms in conventionally neutral atmospheric boundary layers,0,include - high precision,True,,,,,False,False,"[self-consistency: 0/3 INCLUDE]
(EXCLUDE) The record substantively concerns wind-farm modelling and performance, which is relevant to fossil-fuel-replacing energy/mitigation, but it contains no explicit human health, wellbeing, exposure, health-system, or livelihood outcome.
(EXCLUDE) The record concerns wind-farm engineering and performance, which relates to renewable energy/mitigation, but it contains no explicit human health outcome, exposure pathway, health-system connection, or health-protection aim.
(EXCLUDE) The record substantively concerns wind-farm modelling, which is a climate-mitigation-related technology, but it contains no explicit human health outcome, exposure, health-system, or wellbeing component.","""The wind energy industry relies on computationally efficient engineering-type models to design wind farms.""",0.00,99.07,2026-09-03_18-26-00_terra
4530077023,ad72ee43-2509-4647-9f38-59df709eadc7,Analytical model of fully developed wind farms in conventionally neutral atmospheric boundary layers,5,include - best balance,True,,,,,False,False,"[self-consistency: 0/3 INCLUDE]
(EXCLUDE) The record concerns wind-farm engineering and atmospheric boundary-layer modelling. Although wind energy can be a mitigation technology, the document contains no substantive human-health outcome, exposure pathway, or health-system connection.
(EXCLUDE) The record concerns wind-farm engineering and atmospheric flow modelling. Although wind energy is a mitigation-related technology, the document contains no substantive human health outcome, health exposure pathway, or health-system connection.
(EXCLUDE) The record concerns wind-farm engineering, atmospheric boundary-layer modelling, and power production. Although wind energy can be a climate-mitigation technology, the document contains no substantive human health outcome, health exposure pathway, or health-system connection.","""The wind energy industry relies on computationally efficient engineering-type models to design wind farms.""",0.00,99.07,2026-09-03_18-26-00_terra
4530077023,ad72ee43-2509-4647-9f38-59df709eadc7,Analytical model of fully developed wind farms in conventionally neutral atmospheric boundary layers,6,include - high recall,True,,,,,False,True,"[self-consistency: 3/3 INCLUDE]
(INCLUDE) The study substantively concerns wind-farm design and performance. Wind energy is a renewable-energy technology that replaces fossil-fuel use and therefore constitutes a climate-change mitigation action; under the criteria, this qualifies without a separate health outcome.
(INCLUDE) The study substantively addresses wind-farm design and performance. Wind energy replaces fossil-fuel electricity generation and is therefore a climate-mitigation action, which qualifies without a separate health outcome.
(INCLUDE) The record substantively addresses wind-farm design and performance. Wind energy is a renewable-energy technology that replaces fossil-fuel generation and therefore constitutes a climate-mitigation action; mitigation actions qualify without a separate health outcome.",The wind energy industry relies on computationally efficient engineering-type models to design wind farms.,0.00,100.00,2026-09-03_18-26-00_terra
1469,af9b48f4-efb0-4264-ba99-cbcab2cdff8e,Overexpression of spinach non-symbiotic hemoglobin in Arabidopsis resulted in decreased NO content and lowered nitrate and other abiotic stresses tolerance,0,include - high precision,True,,,,,False,False,"[self-consistency: 0/3 INCLUDE]
(EXCLUDE) The record is a plant molecular biology study of spinach/Arabidopsis responses to nitrate, salt, and osmotic stress. It does not explicitly address a climate factor, climate mitigation/adaptation, or any human health outcome or human exposure pathway.
(EXCLUDE) The record studies gene expression and abiotic stress responses in spinach and Arabidopsis plants. It does not explicitly address a climate/weather factor or climate action, and it contains no substantive human health, exposure, or health-system component.
(EXCLUDE) The record concerns plant molecular responses to nitrate, salinity, and osmotic stress in spinach and Arabidopsis. It does not explicitly address a climate-related factor substantively in the required sense, nor does it include any human health outcome, human exposure, health system, or recognised climate-health pathway.","""A class 1 non-symbiotic hemoglobin family gene, SoHb, was isolated from spinach.""",0.00,98.77,2026-09-03_18-26-00_terra
1469,af9b48f4-efb0-4264-ba99-cbcab2cdff8e,Overexpression of spinach non-symbiotic hemoglobin in Arabidopsis resulted in decreased NO content and lowered nitrate and other abiotic stresses tolerance,5,include - best balance,True,,,,,False,False,"[self-consistency: 0/3 INCLUDE]
(EXCLUDE) The record concerns molecular and stress responses in spinach and Arabidopsis plants. It does not substantively address a climate/weather factor, climate action, or human health outcome or recognised human-health exposure pathway.
(EXCLUDE) The record concerns plant molecular responses to nitrate, salinity, and osmotic stress in spinach and Arabidopsis. It does not substantively address a climate-related factor or action, nor does it include any human health outcome, health system issue, or recognised climate-health exposure pathway.
(EXCLUDE) The record concerns gene expression and abiotic-stress tolerance in spinach and Arabidopsis plants. It does not substantively address a climate-related factor or action, nor does it connect the findings to human health or a recognised climate-health pathway.","""Our results indicated that the decreasing NO content in Arabidopsis by overexpressing SoHb might be responsible for lowered tolerance to nitrate and other abiotic stresses.""",0.00,99.42,2026-09-03_18-26-00_terra
1469,af9b48f4-efb0-4264-ba99-cbcab2cdff8e,Overexpression of spinach non-symbiotic hemoglobin in Arabidopsis resulted in decreased NO content and lowered nitrate and other abiotic stresses tolerance,6,include - high recall,True,,,,,False,False,"[self-consistency: 0/3 INCLUDE]
(EXCLUDE) The record concerns molecular and stress-response effects in spinach and Arabidopsis plants. It does not substantively address a climate factor, climate mitigation/adaptation, or human health/health pathways.
(EXCLUDE) The record reports laboratory plant genetics and abiotic stress responses in spinach and Arabidopsis. It does not substantively address a climate factor or mitigation/adaptation action, nor does it connect findings to human health or a recognised human health pathway.
(EXCLUDE) The record concerns gene expression and abiotic-stress tolerance in spinach and Arabidopsis plants. It does not substantively address a climate factor, mitigation/adaptation action, or human health/health-relevant exposure pathway.","""Our results indicated that the decreasing NO content in Arabidopsis by overexpressing SoHb might be responsible for lowered tolerance to nitrate and other abiotic stresses.""",0.00,99.42,2026-09-03_18-26-00_terra
35705,afa486d0-9c8e-42a2-98e0-3ef950ac206b,BIOFOR Aerated Bio-filter Process for Municipal Wastewater Treatment,0,include - high precision,True,,,,,False,False,"[self-consistency: 0/3 INCLUDE]
(EXCLUDE) The record concerns a biological wastewater-treatment and water-reuse process, but does not explicitly address a climate/weather factor, climate mitigation, or climate adaptation. It also does not state a human-health outcome or human exposure pathway.
(EXCLUDE) The record concerns a wastewater-treatment and water-reuse process, but does not explicitly address any climate/weather factor, climate mitigation, or climate adaptation action. It also does not state a substantive human-health outcome or exposure pathway.
(EXCLUDE) The record concerns a wastewater-treatment and water-reuse process, but it does not explicitly address a climate/weather factor, mitigation, or climate adaptation. It also does not state a human-health outcome, human exposure pathway, or health-protection aim.",The process was used in Malanhe Wastewater Treatment Plant.,0.00,100.00,2026-09-03_18-26-00_terra
35705,afa486d0-9c8e-42a2-98e0-3ef950ac206b,BIOFOR Aerated Bio-filter Process for Municipal Wastewater Treatment,5,include - best balance,True,,,,,False,False,"[self-consistency: 0/3 INCLUDE]
(EXCLUDE) The record concerns a wastewater-treatment technology and recycled-water quality, but does not substantively address a climate/weather factor, climate mitigation/adaptation, or a direct human-health outcome or recognised climate-health pathway.
(EXCLUDE) The record concerns a biological wastewater-treatment and water-reuse process, but it does not substantively address a climate/weather factor, climate mitigation, or climate adaptation. It also does not explicitly connect the process to human health outcomes or a climate-health pathway.
(EXCLUDE) The record evaluates a wastewater-treatment and water-reuse process, but does not substantively address a climate/weather factor, climate mitigation, or climate adaptation. It also does not state a human-health outcome or climate-health exposure pathway.",“BIOFOR~ Aerated Bio-filter Process is characterized by combining the biological wastewater treatment with suspended solids removal process.”,0.00,99.29,2026-09-03_18-26-00_terra
35705,afa486d0-9c8e-42a2-98e0-3ef950ac206b,BIOFOR Aerated Bio-filter Process for Municipal Wastewater Treatment,6,include - high recall,True,,,,,False,False,"[self-consistency: 0/3 INCLUDE]
(EXCLUDE) The record concerns a wastewater-treatment and recycled-water process, but does not substantively address climate, weather, climate hazards, mitigation, or climate adaptation. It therefore lacks the required climate component.
(EXCLUDE) The record concerns a wastewater-treatment technology and reclaimed-water quality, but it does not substantively address climate/weather factors, climate mitigation, or climate adaptation. Therefore it has no qualifying climate-and-health connection.
(EXCLUDE) The record concerns an aerated bio-filter wastewater-treatment and water-reuse process, but it does not substantively address any climate/weather factor, greenhouse-gas emissions, mitigation, or climate adaptation. Therefore it lacks the required climate component.","“The practical operation proves that it has advantages of less land occupied and high treatment efficiency,and the effluent quality reaches the standard on the Reuse of Urban Recycling Water——Water Quality Standard for Urban Miscellaneous Water Consumption.”",0.00,99.61,2026-09-03_18-26-00_terra
73841,b0ae89d1-ac46-4761-bf98-b0b4cdd86b43,"The Connotation Value, Design and Implementation of Outdoor Games for Infants under the Concept of Natural Education",0,include - high precision,True,,,,,False,False,"[self-consistency: 0/3 INCLUDE]
(EXCLUDE) The record addresses outdoor play and child development, but does not explicitly discuss climate change, weather/climate factors, climate-related hazards, or a mitigation/adaptation action. Urbanization and environmentally friendly game materials alone do not establish a substantive climate component.
(EXCLUDE) The record explicitly concerns child development and wellbeing, but it does not substantively address climate change, weather/climate factors, greenhouse gases, mitigation, or climate adaptation. Its references to nature and environmentally friendly materials are not a climate component.
(EXCLUDE) The record explicitly concerns child health and development, but it does not substantively address climate change, weather/climate factors, climate-related hazards, or climate mitigation/adaptation. References to nature and environmentally friendly game materials are not an explicit climate component.","“With the rapid development of urbanization, the growth environment of infants and young children is gradually alienated from nature.”",0.00,98.51,2026-09-03_18-26-00_terra
73841,b0ae89d1-ac46-4761-bf98-b0b4cdd86b43,"The Connotation Value, Design and Implementation of Outdoor Games for Infants under the Concept of Natural Education",5,include - best balance,True,,,,,False,False,"[self-consistency: 0/3 INCLUDE]
(EXCLUDE) The record addresses child health and development, but it does not substantively address climate change, weather/climate factors, climate mitigation, or climate adaptation. References to nature and environmentally friendly materials are not a substantive climate component.
(EXCLUDE) The record addresses child development and wellbeing through outdoor nature-based play, but it does not substantively address a climate or weather factor, climate mitigation, or climate adaptation.
(EXCLUDE) The record addresses child health and development, but it does not substantively address climate change, weather/climate factors, climate hazards, mitigation, or adaptation. References to nature and environmentally friendly materials are not sufficient climate components.","“Based on the concept of natural education, outdoor games are of great significance to the healthy growth, cognitive learning ability, emotional and social development of infants and young children.”",0.00,98.99,2026-09-03_18-26-00_terra
73841,b0ae89d1-ac46-4761-bf98-b0b4cdd86b43,"The Connotation Value, Design and Implementation of Outdoor Games for Infants under the Concept of Natural Education",6,include - high recall,True,,,,,False,False,"[self-consistency: 0/3 INCLUDE]
(EXCLUDE) The record addresses child health and development through outdoor play, but it does not substantively address climate change, weather/climate factors, climate hazards, mitigation, or adaptation. References to nature and environmentally friendly materials do not establish a climate component.
(EXCLUDE) The record addresses child health and development through outdoor play, but it does not substantively address climate change, weather/climate factors, climate hazards, mitigation, or adaptation. References to nature and environmentally friendly materials do not establish a climate component.
(EXCLUDE) The record addresses child development and outdoor/nature-based play, but it does not substantively address climate change, weather/climate factors, climate hazards, mitigation, or adaptation.","Based on the concept of natural education, outdoor games are of great significance to the healthy growth, cognitive learning ability, emotional and social development of infants and young children.",0.00,100.00,2026-09-03_18-26-00_terra
63776,b4bd891c-b7b0-40e5-ac93-0bffe31ca78a,The importance of Georgia's resort and recreational resources and geographical classification of resorts,0,include - high precision,True,,,,,False,True,"[self-consistency: 3/3 INCLUDE]
(INCLUDE) The record explicitly addresses climate and weather variables as criteria for classifying resorts, and explicitly connects the resorts to treatment of diseases and the impact of the natural environment on human health.
(INCLUDE) The record explicitly addresses climate-related factors (including temperature, humidity, sunlight, and other climatic conditions) in its resort classification and explicitly identifies human health and treatment of diseases as relevant purposes of the resorts.
(INCLUDE) The record explicitly addresses climate/weather variables as part of resort classification and explicitly identifies human health and treatment of diseases as relevant aspects of resort research.","Classification of resorts according to location, landscapes, purpose (treatment of diseases), mineral or thermal waters, climate (dryness index, sunlight, temperature amplitude, pressure, humidity, snow cover)",0.00,100.00,2026-09-03_18-26-00_terra
63776,b4bd891c-b7b0-40e5-ac93-0bffe31ca78a,The importance of Georgia's resort and recreational resources and geographical classification of resorts,5,include - best balance,True,,,,,False,True,"[self-consistency: 3/3 INCLUDE]
(INCLUDE) The record substantively addresses climatic conditions as part of resort classification (including temperature, humidity, sunlight, and other climate variables) and explicitly considers impacts of the natural environment on human health and resorts for disease treatment.
(INCLUDE) The record substantively considers climate variables as part of resort classification and connects resorts/natural environments to human health, including treatment of diseases.
(INCLUDE) The record substantively concerns resort resources classified partly by climate variables (including temperature, humidity, sunlight, and snow cover) and explicitly identifies effects of the natural environment on human health and resort treatment of diseases.","For geographical research of resorts and resort economy, it is desirable to study such issues as: The impact of the natural environment or landscape on human health;",0.00,100.00,2026-09-03_18-26-00_terra
63776,b4bd891c-b7b0-40e5-ac93-0bffe31ca78a,The importance of Georgia's resort and recreational resources and geographical classification of resorts,6,include - high recall,True,,,,,False,True,"[self-consistency: 3/3 INCLUDE]
(INCLUDE) The record explicitly addresses human health through the effects of natural environments and resorts intended for disease treatment. It also substantively considers climatic factors, including temperature, humidity, sunlight, pressure, and snow cover, in its classification of resorts.
(INCLUDE) The article substantively addresses climatic/weather variables as part of resort classification and explicitly concerns resort purposes including treatment of diseases and the natural environment's impact on human health.
(INCLUDE) The record substantively considers climatic variables as parameters for classifying resort resources and explicitly includes resorts' purpose in treatment of diseases, establishing both climate and human-health components.",The impact of the natural environment or landscape on human health;,0.00,100.00,2026-09-03_18-26-00_terra
7628840,b579bbbe-a08e-42a5-aaec-3408c99391f0,ELECTROCHEMICAL PHENOMENA IN CHARGED MEMBRANES,0,include - high precision,True,,,,,False,False,"[self-consistency: 0/3 INCLUDE]
(EXCLUDE) The record concerns diets, reproduction, and longevity in black soldier flies for waste bioconversion. It does not explicitly address a climate or weather factor, mitigation/adaptation action, or human health outcome/exposure pathway.
(EXCLUDE) The record concerns diets, oviposition, longevity, and egg production in black soldier flies. It does not explicitly address a climate/weather factor, climate mitigation/adaptation, or human health.
(EXCLUDE) The record concerns diets, oviposition, longevity, and egg production in black soldier flies. It does not explicitly address a climate or weather factor, mitigation/adaptation, or human health outcome/exposure pathway.",,0.00,0.00,2026-09-03_18-26-00_terra
7628840,b579bbbe-a08e-42a5-aaec-3408c99391f0,ELECTROCHEMICAL PHENOMENA IN CHARGED MEMBRANES,5,include - best balance,True,,,,,False,False,"[self-consistency: 0/3 INCLUDE]
(EXCLUDE) The record studies diets, oviposition, longevity, and egg production in black soldier flies. It does not substantively address a climate/weather factor, climate mitigation or adaptation, or human health or a recognised climate-health pathway.
(EXCLUDE) The record studies diets, longevity, and egg production in black soldier flies for industrial/research rearing. It does not substantively address a climate or weather factor, mitigation/adaptation, or a human-health outcome or recognised climate-health pathway.
(EXCLUDE) The record concerns diets and reproductive performance in black soldier flies. It does not substantively address a climate/weather factor, mitigation or adaptation, nor human health or a recognised climate-health pathway.",,0.00,0.00,2026-09-03_18-26-00_terra
7628840,b579bbbe-a08e-42a5-aaec-3408c99391f0,ELECTROCHEMICAL PHENOMENA IN CHARGED MEMBRANES,6,include - high recall,True,,,,,False,False,"[self-consistency: 0/3 INCLUDE]
(EXCLUDE) The record studies diets, oviposition, longevity, and egg production in black soldier flies. It does not substantively address a climate factor, mitigation/adaptation action, or human health/health pathway.
(EXCLUDE) The record studies diets, reproduction, and longevity in black soldier flies for waste bioconversion. It does not substantively address a climate factor, mitigation/adaptation action, or a human-health outcome or recognised climate-health pathway.
(EXCLUDE) The record studies diets, oviposition, longevity, and egg production in black soldier flies. It does not substantively address a climate factor, mitigation, adaptation, human health, or a recognised climate-health pathway.",,0.00,0.00,2026-09-03_18-26-00_terra
26613,b79e6c03-a2ef-4dba-bd40-2aeb531b9e4e,Spatial Characteristics of Interannual Variability in Wind Stress over the Western North Pacific,0,include - high precision,True,,,,,False,False,"[self-consistency: 0/3 INCLUDE]
(EXCLUDE) The record substantively examines wind-stress variability and El Niño-related wind anomalies, but it contains no explicit human health outcome, exposure pathway affecting people, health system, or health-protective action.
(EXCLUDE) The record substantively examines wind-stress variability and El Niño-related wind anomalies, but it contains no explicit human health, health-system, exposure, or wellbeing component.
(EXCLUDE) The record substantively analyses wind variability and El Niño-related anomalies, but it contains no explicit human health outcome, exposure, health-system, or human-impact component.","""It is suggested that the variations in these period bands are related to the large eastward wind anomalies in the western equatorial Pacific occurring in the years of El Niño events.""",0.00,99.45,2026-09-03_18-26-00_terra
26613,b79e6c03-a2ef-4dba-bd40-2aeb531b9e4e,Spatial Characteristics of Interannual Variability in Wind Stress over the Western North Pacific,5,include - best balance,True,,,,,False,False,"[self-consistency: 0/3 INCLUDE]
(EXCLUDE) The record substantively examines wind-stress variability and El Niño-related anomalies, so it has a climate/weather component, but it contains no human health outcome, health exposure pathway, or health-system connection.
(EXCLUDE) The record substantively analyses wind variability and El Niño-related anomalies, so it has a climate/weather component, but it contains no human health outcome, health system topic, or recognised climate-health exposure pathway.
(EXCLUDE) The record substantively analyzes wind variability and El Niño-related anomalies, but it contains no human health outcome, health-system issue, or recognised climate-health exposure pathway.","""It is suggested that the variations in these period bands are related to the large eastward wind anomalies in the western equatorial Pacific occurring in the years of El Niño events.""",0.00,99.45,2026-09-03_18-26-00_terra
26613,b79e6c03-a2ef-4dba-bd40-2aeb531b9e4e,Spatial Characteristics of Interannual Variability in Wind Stress over the Western North Pacific,6,include - high recall,True,,,,,False,False,"[self-consistency: 0/3 INCLUDE]
(EXCLUDE) The record substantively examines wind-stress variability and El Niño-related wind anomalies, which is a climate component, but it contains no human health outcome, health system connection, mitigation/adaptation action, or recognised climate-health exposure pathway.
(EXCLUDE) The record substantively examines wind-stress variability and El Niño-related wind anomalies, but it contains no human health outcome, health system topic, mitigation/adaptation action, or recognised climate-health exposure pathway.
(EXCLUDE) The record analyzes oceanic wind stress variability and its relationship to the Southern Oscillation/El Niño. Although it addresses a weather/climate variable, it contains no human health outcome, health system issue, mitigation/adaptation action, or recognized climate-health exposure pathway.","""It is suggested that the variations in these period bands are related to the large eastward wind anomalies in the western equatorial Pacific occurring in the years of El Niño events.""",0.00,99.45,2026-09-03_18-26-00_terra
712110,b7fe7d7d-00b7-411a-a269-5fb9542e9c94,Adhesion and anti-inflammatory potential of<i>Lactobacillus rhamnosus</i>GG in a sea buckthorn based beverage matrix,0,include - high precision,True,,,,,False,False,"[self-consistency: 0/3 INCLUDE]
(EXCLUDE) The record addresses a probiotic beverage and gastrointestinal inflammation in zebrafish, without any explicit climate, weather, greenhouse-gas, mitigation, or adaptation component. Its health-related findings are also in an animal model rather than humans.
(EXCLUDE) The record concerns a probiotic beverage and gastrointestinal inflammation in zebrafish, with no explicit climate, weather, greenhouse-gas, mitigation, or adaptation component. It also does not establish a substantive human-health outcome, as the in vivo findings are in zebrafish.
(EXCLUDE) The record concerns a probiotic beverage and gastrointestinal inflammation in a zebrafish model. It contains no explicit substantive climate, weather, mitigation, or adaptation component, and the reported health effects are in animals rather than humans.","""In this study, we investigated the effect of a sea buckthorn (Hippophae rhamnoides L.) based, malt supplemented, beverage matrix (SBT + M) on the physiological characteristics of the probiotic strain L. rhamnosus GG""",0.00,99.08,2026-09-03_18-26-00_terra
712110,b7fe7d7d-00b7-411a-a269-5fb9542e9c94,Adhesion and anti-inflammatory potential of<i>Lactobacillus rhamnosus</i>GG in a sea buckthorn based beverage matrix,5,include - best balance,True,,,,,False,False,"[self-consistency: 0/3 INCLUDE]
(EXCLUDE) The record concerns a probiotic beverage and gastrointestinal inflammation in a zebrafish model. It contains no substantive climate, weather, mitigation, or adaptation component, and the health effects are not human-health outcomes.
(EXCLUDE) The record concerns a probiotic beverage and gastrointestinal inflammation in zebrafish, with no substantive climate, weather, mitigation, or adaptation component. Moreover, its reported health findings are in an animal model rather than human health.
(EXCLUDE) The record concerns a probiotic beverage and inflammation in zebrafish, but does not substantively address a climate/weather factor, climate mitigation, or climate adaptation. Its health-related findings are also in an animal model rather than human health.","""this study also determined the protective effect of SBT + M on the in vivo functionality of LR in alleviating LPS induced inflammation in zebrafish (Danio rerio).""",0.00,98.78,2026-09-03_18-26-00_terra
712110,b7fe7d7d-00b7-411a-a269-5fb9542e9c94,Adhesion and anti-inflammatory potential of<i>Lactobacillus rhamnosus</i>GG in a sea buckthorn based beverage matrix,6,include - high recall,True,,,,,False,False,"[self-consistency: 0/3 INCLUDE]
(EXCLUDE) The record concerns probiotic beverage effects on experimentally induced intestinal inflammation in zebrafish and cell-line testing. It does not substantively address climate, weather, climate-related hazards, emissions, mitigation, or adaptation; moreover, the reported health effects are not human-health outcomes.
(EXCLUDE) The record concerns probiotic beverage effects on experimentally induced intestinal inflammation in zebrafish. It does not substantively address a climate/weather factor, climate mitigation, or climate adaptation, and the health-related findings are not human-health outcomes.
(EXCLUDE) The record concerns probiotic food and gastrointestinal inflammation in zebrafish. It contains no substantive climate, weather, emissions, mitigation, or adaptation component, and its health findings are in an animal model rather than humans.",,0.00,0.00,2026-09-03_18-26-00_terra
2636,b8772c16-7feb-4779-8217-f0fe5c5f1be2,THE MANAGEMENT OF THE DOMESTIC REFRIGERATION: HYGIENIC AND SANITARY CHARACTERISTICS OF REFRIGERATORS FROM NORTHEN AND CENTRAL ITALY,0,include - high precision,True,,,,,False,False,"[self-consistency: 0/3 INCLUDE]
(EXCLUDE) The record explicitly addresses food safety and prevention of foodborne disease, but it does not substantively address any climate/weather factor, climate mitigation, or climate adaptation action.
(EXCLUDE) The record explicitly concerns food safety and prevention of foodborne disease, but its refrigerator temperature measurements are not a climate or weather factor and no climate change, mitigation, or adaptation component is stated.
(EXCLUDE) The record explicitly concerns food safety and foodborne disease, providing a health component, but it does not substantively address climate change, weather/climate factors, climate mitigation, or climate adaptation. Refrigerator temperature is a food-storage condition rather than a climate-related exposure.",Consumer education should be focused in order to reduce foodborne disease.,0.00,100.00,2026-09-03_18-26-00_terra
2636,b8772c16-7feb-4779-8217-f0fe5c5f1be2,THE MANAGEMENT OF THE DOMESTIC REFRIGERATION: HYGIENIC AND SANITARY CHARACTERISTICS OF REFRIGERATORS FROM NORTHEN AND CENTRAL ITALY,5,include - best balance,True,,,,,False,False,"[self-consistency: 0/3 INCLUDE]
(EXCLUDE) The record concerns refrigerated-food management, microbiological contamination, and prevention of foodborne disease, which provides a health component. However, it does not substantively address a climate or weather factor, climate mitigation, or climate adaptation action.
(EXCLUDE) The record addresses food refrigeration, microbiological food safety, and foodborne disease, but it does not substantively address any climate/weather factor, climate mitigation, or climate adaptation action.
(EXCLUDE) The record concerns refrigerated-food management, refrigerator temperatures, and microbiological food safety/foodborne disease, but it does not substantively address a climate or weather factor, climate mitigation, or climate adaptation action.",This study aimed to provide information on the consumer management of refrigerated food.,0.00,100.00,2026-09-03_18-26-00_terra
2636,b8772c16-7feb-4779-8217-f0fe5c5f1be2,THE MANAGEMENT OF THE DOMESTIC REFRIGERATION: HYGIENIC AND SANITARY CHARACTERISTICS OF REFRIGERATORS FROM NORTHEN AND CENTRAL ITALY,6,include - high recall,True,,,,,False,False,"[self-consistency: 0/3 INCLUDE]
(EXCLUDE) The record addresses food safety and foodborne disease through consumer refrigerator management, but it contains no substantive climate, weather, climate-change, mitigation, or adaptation component.
(EXCLUDE) The record addresses refrigerated-food handling, refrigerator microbiology, and foodborne disease prevention, which provides a health component. However, it does not substantively address climate factors, climate-related hazards, mitigation, or adaptation.
(EXCLUDE) The record concerns refrigerated-food management, microbiological contamination, and foodborne disease, so it has a health component. However, it does not substantively address climate change, weather, climate hazards, greenhouse gases, mitigation, or adaptation.",Consumer education should be focused in order to reduce foodborne disease.,0.00,100.00,2026-09-03_18-26-00_terra
9492,bcb62fae-400a-4e03-849b-e9654159a988,"LOADING AND STRUCTURAL RESPONSE OF DEVELOPED SHORELINES UNDER WAVES, SURGE, AND TSUNAMI OVERLAND FLOW HAZARDS",0,include - high precision,True,,,,,True,False,"[self-consistency: 0/3 INCLUDE]
(EXCLUDE) The record substantively examines storm surge, waves, and tsunami hazards, satisfying the climate-related hazard component. However, it focuses on hydrodynamics, structural forces, and building damage, without explicitly stating human health outcomes, human exposure/effects, or protection of people or health systems.
(EXCLUDE) The record substantively studies storm surge, waves, and tsunami hazards affecting coastal structures, but it does not explicitly address human health, human exposure, injury, mortality, wellbeing, or health systems. Its outcomes concern structural loading, damage, and failure.
(EXCLUDE) The record substantively addresses climate-related extreme events (storms, surge, and tsunami) and their effects on coastal structures, but it does not explicitly address human health, human exposure, injury, mortality, or health systems. The stated survival concerns structures rather than people.","Prediction of surge, wave, and tsunami flow transformation over the built and natural environment is essential in determining survival and failure of near-coast structures.",0.00,100.00,2026-09-03_18-26-00_terra
9492,bcb62fae-400a-4e03-849b-e9654159a988,"LOADING AND STRUCTURAL RESPONSE OF DEVELOPED SHORELINES UNDER WAVES, SURGE, AND TSUNAMI OVERLAND FLOW HAZARDS",5,include - best balance,True,,,,,True,False,"[self-consistency: 0/3 INCLUDE]
(EXCLUDE) The record substantively addresses climate-related coastal hazards (storms, storm surge, and tsunami) and modelling of their effects on structures. However, it focuses on hydrodynamics, building loads, and structural damage, without a substantive human-health outcome, exposure pathway, or stated protection of people or health systems.
(EXCLUDE) The record substantively addresses storm surge, waves, and tsunami inundation, but its outcomes are structural loading, building damage, and failure of coastal structures. It does not connect these hazards to human health, wellbeing, injury, mortality, or health systems.
(EXCLUDE) The record substantively addresses storm surge, waves, and tsunami hazards and modelling relevant to coastal resilience, but it focuses on hydrodynamics, building forces, and structural damage. It does not substantively connect these hazards or the research to human health, lives, injuries, health systems, or livelihoods.","Prediction of surge, wave, and tsunami flow transformation over the built and natural environment is essential in determining survival and failure of near-coast structures.",0.00,100.00,2026-09-03_18-26-00_terra
9492,bcb62fae-400a-4e03-849b-e9654159a988,"LOADING AND STRUCTURAL RESPONSE OF DEVELOPED SHORELINES UNDER WAVES, SURGE, AND TSUNAMI OVERLAND FLOW HAZARDS",6,include - high recall,True,,,,,True,True,"[self-consistency: 3/3 INCLUDE]
(INCLUDE) The record substantively studies storm surge and waves, which are climate-related extreme-weather hazards, and generates evidence on coastal-structure survival and damage that is relevant to hazard preparedness and resilience (adaptation).
(INCLUDE) The study substantively models storm-surge and tsunami inundation hazards and generates evidence relevant to coastal resilience and climate-risk management. This adaptation-oriented hazard research qualifies under the screening criteria.
(INCLUDE) The record substantively studies storm surge, waves, and tsunami inundation and generates evidence on coastal-structure loading and failure, which is climate-related hazard/risk-management research. This adaptation-relevant work qualifies even without a separately measured health outcome.","Prediction of surge, wave, and tsunami flow transformation over the built and natural environment is essential in determining survival and failure of near-coast structures.",0.00,100.00,2026-09-03_18-26-00_terra
2929,bd59352e-90a0-47fc-ab8c-d59e2f4fa6e6,Analysing Mechanical Properties of Synthetic Material for Artificial Organ Manufacturing by Finite Element Analysis,0,include - high precision,True,,,,,False,False,"[self-consistency: 0/3 INCLUDE]
(EXCLUDE) The document concerns finite-element modelling of material deformation and stress distributions. Although temperature is mentioned as a material-model parameter, it does not substantively address climate/weather or climate action, and it contains no human health outcome, exposure, or health-system connection.
(EXCLUDE) The document concerns finite-element analysis of material deformation and fracture. Although temperature is mentioned as a material-model parameter, it is not a substantive climate or weather factor, and there is no explicit human health outcome, exposure, or health-system connection.
(EXCLUDE) The record concerns finite-element modelling of material mechanics. Although temperature is mentioned as a parameter, it is not a substantive climate or weather factor, and no human health outcome, exposure, or health-system connection is stated.","""Numerical simulations allow for analysis in terms of nonlinear materiality using various constitutive models so as to account for the effects of strain rate, temperature, etc.""",0.00,98.87,2026-09-03_18-26-00_terra
2929,bd59352e-90a0-47fc-ab8c-d59e2f4fa6e6,Analysing Mechanical Properties of Synthetic Material for Artificial Organ Manufacturing by Finite Element Analysis,5,include - best balance,True,,,,,False,False,"[self-consistency: 0/3 INCLUDE]
(EXCLUDE) The document concerns finite-element modelling of material mechanics, deformation, fracture, stress, and temperature as a material parameter. It does not substantively address a climate factor, mitigation/adaptation, or any human health outcome or pathway.
(EXCLUDE) The document concerns finite-element modelling of mechanical material behaviour. Temperature is mentioned only as a parameter affecting material deformation, not as a climate or weather exposure, and it contains no human-health outcome, exposure pathway, or health-system connection.
(EXCLUDE) The document concerns finite-element modelling of material deformation and fracture. Although temperature is mentioned as a material-analysis parameter, it does not substantively address a climate factor, climate action, or human health outcome/pathway.","""The Finite Element Method (FEM) is commonly applied to analyze the mechanical correctness of different materials as well as synthetic matter.""",0.00,99.30,2026-09-03_18-26-00_terra
2929,bd59352e-90a0-47fc-ab8c-d59e2f4fa6e6,Analysing Mechanical Properties of Synthetic Material for Artificial Organ Manufacturing by Finite Element Analysis,6,include - high recall,True,,,,,False,False,"[self-consistency: 0/3 INCLUDE]
(EXCLUDE) The document concerns finite-element modelling of material deformation, stress, and fracture. Although temperature is mentioned as a parameter affecting material behaviour, it does not substantively address climate, weather, mitigation, adaptation, or any human health outcome or pathway.
(EXCLUDE) The record concerns finite-element modelling of material deformation and fracture. Although temperature is mentioned as a material-analysis parameter, it does not substantively address climate, weather, mitigation, adaptation, or any human-health outcome or pathway.
(EXCLUDE) The record concerns finite-element analysis of material mechanics, deformation, fracture, and temperature effects in simulations. It does not substantively address a climate-related factor, mitigation/adaptation, or any human health outcome or recognised climate-health pathway.","""The Finite Element Method (FEM) is commonly applied to analyze the mechanical correctness of different materials as well as synthetic matter.""",0.00,99.30,2026-09-03_18-26-00_terra
5779183,be731386-597a-4a78-86fa-9dc8b6dae252,,0,include - high precision,True,,,,,False,False,"[self-consistency: 0/3 INCLUDE]
(EXCLUDE) The record studies microbial enzyme activity under changing CO2 concentrations in a chemostat, but it contains no explicit human health outcome, human exposure, health system relevance, or climate-health pathway.
(EXCLUDE) The record substantively concerns changing CO2 concentrations, but it reports enzyme activity in a bacterium and provides no explicit human health outcome, exposure, health system, or human-relevant climate-health pathway.
(EXCLUDE) The record substantively studies changing CO2 concentrations, but it concerns enzyme activity in a bacterium and contains no explicit human health outcome, exposure, health system, or human-relevant climate-health pathway.","“An adaptation of the d-ribulose-1,5-bisphosphate carboxylase (RuBPCase) activity to changing CO2 concentrations in the growth medium in the chemostat was observed in the obligate chemolithotroph Thiobacillus neapolitanus.”",0.00,99.55,2026-09-03_18-26-00_terra
5779183,be731386-597a-4a78-86fa-9dc8b6dae252,,5,include - best balance,True,,,,,False,False,"[self-consistency: 0/3 INCLUDE]
(EXCLUDE) The record examines bacterial enzyme activity under changing CO2 concentrations, but it does not substantively address human health, a health system, or a recognised climate-health exposure pathway.
(EXCLUDE) The record studies microbial enzymatic adaptation to CO2 concentrations in a chemostat. Although CO2 is a climate-forcing agent, there is no substantive connection to human health, health systems, or a recognized climate-health exposure pathway.
(EXCLUDE) The record studies microbial enzymatic adaptation to CO2 concentrations in a chemostat. It does not substantively address human health, a health system, or a recognised climate-health exposure pathway.","An adaptation of the d-ribulose-1,5-bisphosphate carboxylase (RuBPCase) activity to changing CO2 concentrations in the growth medium in the chemostat was observed in the obligate chemolithotroph Thiobacillus neapolitanus.",0.00,100.00,2026-09-03_18-26-00_terra
5779183,be731386-597a-4a78-86fa-9dc8b6dae252,,6,include - high recall,True,,,,,False,False,"[self-consistency: 0/3 INCLUDE]
(EXCLUDE) The record studies microbial enzyme activity under CO2 concentrations in a chemostat. It does not substantively address climate change, mitigation, or adaptation, and it contains no human health outcome or recognised climate-health exposure pathway.
(EXCLUDE) The record examines microbial enzyme activity under changing CO2 concentrations in a chemostat. It does not substantively address human health, a health system, or a recognised climate-health exposure pathway; nor is it a climate mitigation or adaptation action.
(EXCLUDE) The record studies enzymatic adaptation to CO2 concentrations in a bacterium under chemostat conditions. It does not substantively address climate change, mitigation, or adaptation, nor any human health outcome or recognised climate-health exposure pathway.","“An adaptation of the d-ribulose-1,5-bisphosphate carboxylase (RuBPCase) activity to changing CO2 concentrations in the growth medium in the chemostat was observed in the obligate chemolithotroph Thiobacillus neapolitanus.”",0.00,99.55,2026-09-03_18-26-00_terra
554363356,beb7530b-0185-4940-9b8c-9d2c28ba1ed6,,0,include - high precision,True,,,,,False,False,"[self-consistency: 0/3 INCLUDE]
(EXCLUDE) The record concerns analytical identification of organic compounds in meteorites and astrobiology. It does not explicitly address a climate factor, mitigation or adaptation, nor human health or a human-health exposure pathway.
(EXCLUDE) The record concerns analytical identification of organic molecules in meteorites and astrobiology. It does not explicitly address a climate-related factor, mitigation, or adaptation, nor any human health outcome, exposure, or health system.
(EXCLUDE) The record concerns analytical identification of organic compounds in meteorites and astrobiology. It does not explicitly address a climate-related factor, mitigation, adaptation, human health, or human exposure.","This work proposes an integrative analytical workflow, no longer based on GC-MS instruments, to enhance comprehensive analysis of organic markers in these objects.",0.00,100.00,2026-09-03_18-26-00_terra
554363356,beb7530b-0185-4940-9b8c-9d2c28ba1ed6,,5,include - best balance,True,,,,,False,False,"[self-consistency: 0/3 INCLUDE]
(EXCLUDE) The record concerns analytical identification of organic molecules in meteorites and astrobiology. It does not substantively address a climate factor, mitigation or adaptation, nor human health or a recognised climate-health pathway.
(EXCLUDE) The record concerns analytical identification of organic molecules in meteorites and astrobiology. It does not substantively address a climate-related factor, mitigation/adaptation, or human health outcome/pathway.
(EXCLUDE) The record concerns analytical identification of organic compounds in meteorites and astrobiology. It does not substantively address climate, weather, climate mitigation/adaptation, or human health.","""This work proposes an integrative analytical workflow... to enhance comprehensive analysis of organic markers in these objects.""",0.00,71.32,2026-09-03_18-26-00_terra
554363356,beb7530b-0185-4940-9b8c-9d2c28ba1ed6,,6,include - high recall,True,,,,,False,False,"[self-consistency: 0/3 INCLUDE]
(EXCLUDE) The record concerns analytical identification of organic molecules in meteorites and astrobiology. It does not substantively address climate factors, mitigation/adaptation, human health, or a recognised climate-health pathway.
(EXCLUDE) The record concerns analytical identification of organic molecules in meteorites and astrobiology. It does not substantively address a climate-related factor, mitigation/adaptation, or human health outcome or pathway.
(EXCLUDE) The record concerns analytical identification of organic compounds in meteorites and astrobiology. It does not substantively address climate factors, mitigation/adaptation, or human health.","This work proposes an integrative analytical workflow, no longer based on GC-MS instruments, to enhance comprehensive analysis of organic markers in these objects.",0.00,100.00,2026-09-03_18-26-00_terra
184493,c2313a7b-8dc4-41ac-bfc1-f44443f3b07c,Assessing the efficacy of group model building workshops in an applied setting through purposive text analysis,0,include - high precision,True,,,,,False,False,"[self-consistency: 0/3 INCLUDE]
(EXCLUDE) The abstract describes evaluation of group model-building workshops and mental models, but does not explicitly address any climate-related factor, mitigation/adaptation action, or human health outcome/pathway.
(EXCLUDE) The record concerns evaluation of group model-building workshops and participants' mental models. It does not explicitly address a climate factor, mitigation, adaptation, or any human health outcome or pathway.
(EXCLUDE) The record describes evaluation of group model-building workshops and participants' mental models, but does not explicitly address any climate factor, mitigation/adaptation activity, or human health outcome/exposure.","""Group model building (GMB) approaches have been shown to improve participants' understanding of complexity by shifting and aligning individuals' mental models of the interconnections within complex systems.""",0.00,99.04,2026-09-03_18-26-00_terra
184493,c2313a7b-8dc4-41ac-bfc1-f44443f3b07c,Assessing the efficacy of group model building workshops in an applied setting through purposive text analysis,5,include - best balance,True,,,,,False,False,"[self-consistency: 0/3 INCLUDE]
(EXCLUDE) The abstract concerns evaluation of group model-building workshops and participants' mental models. It does not substantively address a climate/weather factor, mitigation or adaptation, nor a human-health outcome or health-related exposure pathway.
(EXCLUDE) The record evaluates group model-building workshops and participants' mental models, without substantively addressing a climate/weather factor, mitigation or adaptation action, or a human health outcome or health-related exposure pathway.
(EXCLUDE) The record concerns evaluation of group model-building workshops and participants' mental models. It does not substantively address a climate/weather factor, mitigation/adaptation, or human health outcome, exposure pathway, or health system.","""We address each of these items by comparing the outputs of multiple community‐based GMB workshops to participants' mental models elicited through pre‐workshop interviews.""",0.00,98.84,2026-09-03_18-26-00_terra
184493,c2313a7b-8dc4-41ac-bfc1-f44443f3b07c,Assessing the efficacy of group model building workshops in an applied setting through purposive text analysis,6,include - high recall,True,,,,,False,False,"[self-consistency: 0/3 INCLUDE]
(EXCLUDE) The abstract concerns evaluation of group model-building workshops and participants' mental models. It does not explicitly address climate/weather, mitigation or adaptation, nor human health or a recognised climate-health pathway.
(EXCLUDE) The abstract concerns evaluation of group model building workshops and participants' mental models, without any explicit or directly inferable climate/weather, mitigation, adaptation, or human health component.
(EXCLUDE) The abstract concerns evaluation of group model-building workshops and participants' mental models, without any explicit or directly inferable climate/weather factor, mitigation/adaptation action, or human health outcome/pathway.","""We address each of these items by comparing the outputs of multiple community‐based GMB workshops to participants' mental models elicited through pre‐workshop interviews.""",0.00,98.84,2026-09-03_18-26-00_terra
71169918,c2e698ec-97e5-4ee3-9a19-15f7a0506a94,"Xuezhikang, Extract of Red Yeast Rice, Improved Abnormal Hemorheology, Suppressed Caveolin-1 and Increased eNOS Expression in Atherosclerotic Rats",0,include - high precision,True,,,,,False,False,"[self-consistency: 0/3 INCLUDE]
(EXCLUDE) The record concerns an intervention in atherosclerotic rats and does not explicitly address any climate, weather, climate-forcing agent, mitigation, or adaptation component. It also does not establish a human health outcome.
(EXCLUDE) The record concerns an experimental treatment in atherosclerotic rats. It does not explicitly address a climate factor, climate mitigation/adaptation, or human health outcome/exposure.
(EXCLUDE) The record concerns a drug intervention in a rat model of atherosclerosis. It contains no explicit climate, weather, mitigation, or adaptation component, and the health-related findings are limited to animals rather than human health.","""Xuezhikang up-regulated eNOS expression in vascular endothelia and RBCs, increased plasma NOx and improved abnormal hemorheology in high cholesterol diet induced atherosclerotic rats.""",0.00,99.46,2026-09-03_18-26-00_terra
71169918,c2e698ec-97e5-4ee3-9a19-15f7a0506a94,"Xuezhikang, Extract of Red Yeast Rice, Improved Abnormal Hemorheology, Suppressed Caveolin-1 and Increased eNOS Expression in Atherosclerotic Rats",5,include - best balance,True,,,,,False,False,"[self-consistency: 0/3 INCLUDE]
(EXCLUDE) The record concerns a treatment and physiological effects in a rat model of atherosclerosis. It does not substantively address a climate/weather factor, climate mitigation, or climate adaptation, and the health-related findings are in animals rather than human health.
(EXCLUDE) The record concerns a treatment and physiological effects in a rat atherosclerosis model. It does not substantively address any climate, weather, mitigation, or adaptation factor, and the health findings are animal-based rather than human health.
(EXCLUDE) The record concerns an intervention in atherosclerotic rats and does not substantively address any climate, weather, emissions, mitigation, or adaptation factor. It also reports animal-model outcomes rather than human health.","Xuezhikang up-regulated eNOS expression in vascular endothelia and RBCs, increased plasma NOx and improved abnormal hemorheology in high cholesterol diet induced atherosclerotic rats.",0.00,100.00,2026-09-03_18-26-00_terra
71169918,c2e698ec-97e5-4ee3-9a19-15f7a0506a94,"Xuezhikang, Extract of Red Yeast Rice, Improved Abnormal Hemorheology, Suppressed Caveolin-1 and Increased eNOS Expression in Atherosclerotic Rats",6,include - high recall,True,,,,,False,False,"[self-consistency: 0/3 INCLUDE]
(EXCLUDE) The record concerns a treatment in diet-induced atherosclerotic rats and does not substantively address a climate/weather factor, climate mitigation, or climate adaptation. It also does not provide a qualifying human-health connection.
(EXCLUDE) The record concerns atherosclerosis-related effects in rats and does not substantively address any climate, weather, emissions, mitigation, or adaptation component. It also provides no direct human-health connection.
(EXCLUDE) The record concerns a drug-related intervention in a rat model of diet-induced atherosclerosis. It contains no substantive climate, weather, emissions, mitigation, or adaptation component.","""Xuezhikang up-regulated eNOS expression in vascular endothelia and RBCs, increased plasma NOx and improved abnormal hemorheology in high cholesterol diet induced atherosclerotic rats.""",0.00,99.46,2026-09-03_18-26-00_terra
3390026142,c38d896a-d7bd-43bd-adb9-5f69328eb6f3,Understanding adaptations in a community-vetted COVID-19 testing program,0,include - high precision,True,,,,,False,False,"[self-consistency: 0/3 INCLUDE]
(EXCLUDE) The record explicitly concerns public health and clinical programs, but it does not state any climate, weather, climate-related hazard, mitigation, or climate adaptation component. The referenced adaptations are to interventions and implementation rather than climate-related adaptation.
(EXCLUDE) The record concerns adapting public-health and clinical interventions, but it does not explicitly state any climate change, weather hazard, mitigation, or climate-related adaptation component.
(EXCLUDE) The record explicitly concerns public health and clinical programs, but its discussion of “adaptations” refers to adapting interventions for implementation and does not explicitly identify any climate, weather, climate hazard, mitigation, or climate-related adaptation component.","""This work describes our systematic and prospective approach to document and analyze adaptations over a two-year period and assesses the impact of these adaptations.""",0.00,99.39,2026-09-03_18-26-00_terra
3390026142,c38d896a-d7bd-43bd-adb9-5f69328eb6f3,Understanding adaptations in a community-vetted COVID-19 testing program,5,include - best balance,True,,,,,False,False,"[self-consistency: 0/3 INCLUDE]
(EXCLUDE) The record concerns adaptation of public-health and clinical interventions, but it does not identify any climate, weather, climate hazard, mitigation, or climate-related adaptation component.
(EXCLUDE) The record concerns adaptation of public-health and clinical interventions, but it does not substantively address climate change, weather, climate-related hazards, mitigation, or climate adaptation. Therefore, it lacks the required climate component.
(EXCLUDE) The record concerns adapting public-health and clinical interventions, but does not identify climate change, weather, climate hazards, mitigation, or climate adaptation. Therefore it lacks a substantive climate component.","""This work describes our systematic and prospective approach to document and analyze adaptations over a two-year period and assesses the impact of these adaptations.""",0.00,99.39,2026-09-03_18-26-00_terra
3390026142,c38d896a-d7bd-43bd-adb9-5f69328eb6f3,Understanding adaptations in a community-vetted COVID-19 testing program,6,include - high recall,True,,,,,False,False,"[self-consistency: 0/3 INCLUDE]
(EXCLUDE) The record addresses adaptation of public-health and clinical interventions, but does not state or directly indicate climate change, weather, climate hazards, mitigation, or climate adaptation. Therefore it lacks a substantive climate component.
(EXCLUDE) The record concerns adaptation of public-health and clinical interventions, but does not explicitly state or directly indicate climate change, weather hazards, mitigation, or climate-risk adaptation. Therefore, it lacks a substantive climate component.
(EXCLUDE) The record concerns adaptation of public-health and clinical interventions, but does not explicitly identify climate change, weather, climate hazards, mitigation, or climate-risk adaptation. Therefore it lacks a substantive climate component.","""Lessons learned from this work can be used to develop best practices for adapting interventions to ensure sustainable implementation and address disparities in public health and clinical programs.""",0.00,99.49,2026-09-03_18-26-00_terra
1726091,c4dddcf3-7f6b-4969-8bea-babd7e2bca6b,THE EFFECTS OF GAMOLENIC ACID ON ADULT ATOPIC ECZEMA AND PREMENSTRUAL EXACERBATION OF ECZEMA,0,include - high precision,True,,,,,False,False,"[self-consistency: 0/3 INCLUDE]
(EXCLUDE) The record concerns a clinical treatment trial for adult atopic eczema. It includes a human health outcome but contains no explicit climate, weather, greenhouse-gas, fossil-fuel, mitigation, or adaptation component.
(EXCLUDE) The record reports a placebo-controlled treatment trial for adult atopic eczema using evening primrose oil. Although it includes a human health outcome, it contains no explicit substantive climate, weather, greenhouse-gas, fossil-fuel, mitigation, or adaptation component.
(EXCLUDE) The record reports a placebo-controlled treatment trial for adult atopic eczema using evening primrose oil. It contains a human health outcome but no explicit climate, weather, greenhouse-gas, fossil-fuel, mitigation, or adaptation component.","""A double blind, parallel, placebo controlled study was performed to assess the effects of four months treatment with gamolenic acid in evening primrose oil on adult atopic eczema.""",0.00,99.44,2026-09-03_18-26-00_terra
1726091,c4dddcf3-7f6b-4969-8bea-babd7e2bca6b,THE EFFECTS OF GAMOLENIC ACID ON ADULT ATOPIC ECZEMA AND PREMENSTRUAL EXACERBATION OF ECZEMA,5,include - best balance,True,,,,,False,False,"[self-consistency: 0/3 INCLUDE]
(EXCLUDE) The record is a placebo-controlled clinical trial of evening primrose oil for adult atopic eczema. It contains a human health outcome but does not substantively address any climate/weather factor, climate-related exposure, mitigation, or adaptation.
(EXCLUDE) The record concerns a clinical treatment trial for adult atopic eczema. It includes a human health outcome but contains no substantive climate, weather, greenhouse-gas, fossil-fuel, mitigation, or adaptation component.
(EXCLUDE) The record reports a placebo-controlled treatment trial for adult atopic eczema using evening primrose oil. It contains a human health outcome but no substantive climate, weather, greenhouse-gas, fossil-fuel, mitigation, or adaptation component.",,0.00,0.00,2026-09-03_18-26-00_terra
1726091,c4dddcf3-7f6b-4969-8bea-babd7e2bca6b,THE EFFECTS OF GAMOLENIC ACID ON ADULT ATOPIC ECZEMA AND PREMENSTRUAL EXACERBATION OF ECZEMA,6,include - high recall,True,,,,,False,False,"[self-consistency: 0/3 INCLUDE]
(EXCLUDE) The record concerns a clinical treatment trial for atopic eczema and does not substantively address climate, weather, climate-related hazards, emissions, mitigation, or adaptation.
(EXCLUDE) The record concerns a clinical treatment trial for adult atopic eczema and contains no substantive climate, weather, emissions, fossil-fuel, mitigation, or adaptation component.
(EXCLUDE) The record concerns a clinical treatment trial for adult atopic eczema and contains no substantive climate, weather, climate hazard, mitigation, or adaptation component.","“A double blind, parallel, placebo controlled study was performed to assess the effects of four months treatment with gamolenic acid in evening primrose oil on adult atopic eczema.”",0.00,99.44,2026-09-03_18-26-00_terra
3627,c79d3b29-7dff-4b50-a574-b3fbd580c269,"Critical Perspectives on Representation, Equity, and Rights Developing a Comparative Politics of Environmental Justice",0,include - high precision,True,,,,,False,False,"[self-consistency: 0/3 INCLUDE]
(EXCLUDE) The record explicitly mentions climate change, but it is a comparative review of environmental justice and governance and does not substantively address human health, health outcomes, health systems, or a stated climate-health exposure pathway.
(EXCLUDE) The record explicitly mentions climate change, but it does not substantively address human health, health outcomes, health systems, or a recognised climate-health exposure pathway. The reference to environmental defenders risking their lives is not connected to the climate-change discussion and is incidental to the chapter's focus on environmental justice and governance.
(EXCLUDE) The chapter explicitly mentions climate change, but it does not substantively address human health outcomes, health exposures, health systems, or a climate action aimed at protecting health. References to defenders risking their lives are within environmental justice politics and are not connected to a climate-related health pathway.",“Frontline environmental justice communities now include nation-states like Fiji that faces existential threats from climate change.”,0.00,98.50,2026-09-03_18-26-00_terra
3627,c79d3b29-7dff-4b50-a574-b3fbd580c269,"Critical Perspectives on Representation, Equity, and Rights Developing a Comparative Politics of Environmental Justice",5,include - best balance,True,,,,,False,False,"[self-consistency: 0/3 INCLUDE]
(EXCLUDE) The chapter substantively mentions climate change as an environmental threat, but it does not substantively address human health outcomes, health systems, or a recognised climate-health exposure pathway. Its focus is environmental justice, governance, and politics.
(EXCLUDE) Although climate change is mentioned as a threat facing Fiji, the chapter concerns environmental justice, governance, and comparative environmental politics and does not substantively address a human health outcome, health system, or recognised climate-health exposure pathway.
(EXCLUDE) Although climate change is mentioned as a threat facing Fiji, the chapter is a comparative review of environmental justice, governance, and politics rather than a substantive analysis of a climate factor, mitigation, or adaptation. It does not substantively address human health, health outcomes, or a recognised climate-health pathway.",Frontline environmental justice communities now include nation-states like Fiji that faces existential threats from climate change.,0.00,100.00,2026-09-03_18-26-00_terra
3627,c79d3b29-7dff-4b50-a574-b3fbd580c269,"Critical Perspectives on Representation, Equity, and Rights Developing a Comparative Politics of Environmental Justice",6,include - high recall,True,,,,,False,False,"[self-consistency: 0/3 INCLUDE]
(EXCLUDE) The record mentions climate change in the context of environmental justice and governance, but does not substantively address human health, health outcomes, health systems, or a recognised climate-health exposure pathway.
(EXCLUDE) Although climate change is mentioned, it is contextual to a chapter on environmental justice and governance. The record does not substantively address a climate factor, mitigation, or adaptation in connection with human health, health systems, or a recognised climate-health pathway.
(EXCLUDE) The chapter explicitly mentions climate change, but it is a review of environmental justice and governance and does not substantively address human health, health systems, or a recognised climate-health exposure pathway.",“Frontline environmental justice communities now include nation-states like Fiji that faces existential threats from climate change.”,0.00,98.50,2026-09-03_18-26-00_terra
5004377118,c98f4925-c410-418f-a941-323085290671,,0,include - high precision,True,,,,,True,False,"[self-consistency: 0/3 INCLUDE]
(EXCLUDE) The record explicitly addresses climate warming and adaptation of water management, but its outcomes concern Chinook salmon habitat and productivity rather than human health, health systems, or a recognised human climate-health exposure pathway.
(EXCLUDE) The record substantively addresses climate warming and adaptation through water management, but its outcomes concern Chinook salmon habitat and productivity rather than human health, health systems, or an explicit human climate-health exposure pathway.
(EXCLUDE) The record substantively addresses climatic warming and adaptation through water management, but its outcomes concern Chinook salmon habitat and productivity rather than human health, health systems, or an explicit human exposure pathway.","Future climatic warming could lead to alterations of the river’s temperature regime, which could further reduce the already fragmented Chinook habitat.",0.00,100.00,2026-09-03_18-26-00_terra
5004377118,c98f4925-c410-418f-a941-323085290671,,5,include - best balance,True,,,,,True,False,"[self-consistency: 0/3 INCLUDE]
(EXCLUDE) The record substantively addresses climate warming and adaptation through water management, but it concerns Chinook salmon habitat and productivity only. It does not connect these changes to human health, food supply for human consumption, or a health system outcome.
(EXCLUDE) The record substantively addresses climate warming, river temperature, drought, and adaptation through water management, but its outcomes concern Chinook salmon habitat and productivity. It does not state or directly establish a human-health outcome or a recognised human climate-health exposure pathway.
(EXCLUDE) The record substantively addresses climate warming, river temperature, drought, and water-management adaptation, but its outcomes concern Chinook salmon habitat and productivity only. It does not state a human-health outcome or connect the salmon to human food supply, health, or wellbeing.","Future climatic warming could lead to alterations of the river’s temperature regime, which could further reduce the already fragmented Chinook habitat.",0.00,100.00,2026-09-03_18-26-00_terra
5004377118,c98f4925-c410-418f-a941-323085290671,,6,include - high recall,True,,,,,True,True,"[self-consistency: 3/3 INCLUDE]
(INCLUDE) The record substantively models climate-warming impacts and adaptation through water management to protect Chinook salmon habitat. Climate adaptation actions qualify as health-relevant under the screening criteria, even without a separate direct human-health outcome.
(INCLUDE) The record substantively addresses climate warming and an adaptation option (water management to maintain cold-water spawning and rearing habitat). Adaptation actions qualify as health-relevant under the screening criteria even though the outcome concerns salmon rather than a direct human-health outcome.
(INCLUDE) The record substantively addresses climate warming and adaptation through water management to maintain cold-water habitat. It concerns Chinook salmon, a food fish, so climate impacts on its habitat and productivity plausibly engage the food security/nutrition health pathway.","Future climatic warming could lead to alterations of the river’s temperature regime, which could further reduce the already fragmented Chinook habitat.",0.00,100.00,2026-09-03_18-26-00_terra
5996,ccb24fb6-538e-4ca7-975e-4633cfbe5547,Influence of spraying by suspended dry yeast bread and soaked licorice root and salsalic acid to resist fungus Sclerotinia sclerotiorum on eggplant,0,include - high precision,True,,,,,False,False,"[self-consistency: 0/3 INCLUDE]
(EXCLUDE) The record concerns laboratory and field treatments for fungal disease in eggplant plants. It does not explicitly address a climate or weather factor, mitigation/adaptation, or any human health outcome or human exposure pathway.
(EXCLUDE) The record concerns laboratory and field treatments for a fungal disease of eggplant. It does not explicitly address a climate or weather factor, climate mitigation/adaptation, or human health outcomes/exposure pathways.
(EXCLUDE) The record concerns laboratory and field treatments for a fungal disease in eggplant. It does not explicitly address a climate or weather factor, climate mitigation/adaptation, or human health.",,0.00,0.00,2026-09-03_18-26-00_terra
5996,ccb24fb6-538e-4ca7-975e-4633cfbe5547,Influence of spraying by suspended dry yeast bread and soaked licorice root and salsalic acid to resist fungus Sclerotinia sclerotiorum on eggplant,5,include - best balance,True,,,,,False,False,"[self-consistency: 0/3 INCLUDE]
(EXCLUDE) The record concerns experimental control of a fungal disease in eggplant. It does not substantively address a climate/weather factor, climate mitigation, or climate adaptation action. Although eggplant is a food crop, no climate-related effect on food production or other human-health connection is described.
(EXCLUDE) The record concerns an agricultural experiment on controlling fungal disease in eggplant. It does not substantively address a climate/weather factor, climate mitigation/adaptation, or a human-health outcome or recognised climate-health exposure pathway.
(EXCLUDE) The record concerns laboratory and field treatments for a fungal disease of eggplant. It does not substantively address a climate/weather factor, climate mitigation or adaptation, nor a human-health outcome or recognised climate-health exposure pathway.","""to see the effect of the use of yeast bread and soaked water for licorice and salisalic said on the growth of fungus Sclerotinia sclerotiorum that causes mold white eggplant""",0.00,98.86,2026-09-03_18-26-00_terra
5996,ccb24fb6-538e-4ca7-975e-4633cfbe5547,Influence of spraying by suspended dry yeast bread and soaked licorice root and salsalic acid to resist fungus Sclerotinia sclerotiorum on eggplant,6,include - high recall,True,,,,,False,False,"[self-consistency: 0/3 INCLUDE]
(EXCLUDE) The record concerns experimental control of a fungal disease in eggplant. Although eggplant is a food crop, it does not substantively address a climate/weather factor, mitigation, or climate adaptation action, so it lacks the required climate component.
(EXCLUDE) The record concerns laboratory and field treatments for a fungal disease of eggplant. It does not substantively address a climate/weather factor, climate mitigation or adaptation, nor human health or a recognised climate-health exposure pathway.
(EXCLUDE) The record concerns laboratory and field treatment of a fungal disease in eggplant. It does not substantively address a climate/weather factor, climate mitigation/adaptation, or a human-health outcome or recognised climate-health pathway.","""the effect of the use of yeast bread and soaked water for licorice and salisalic said on the growth of fungus Sclerotinia sclerotiorum that causes mold white eggplant""",0.00,98.81,2026-09-03_18-26-00_terra
83407,cd227c2e-3bba-44ba-9417-b8b9bff106bb,,0,include - high precision,True,,,,,False,False,"[self-consistency: 0/3 INCLUDE]
(EXCLUDE) The record is a materials-science study of polysulfone/clay nanocomposite membrane properties. It does not explicitly address a climate factor, mitigation or adaptation, nor any human health outcome, exposure, or health system.
(EXCLUDE) The record concerns material properties of polysulfone/montmorillonite membranes and does not explicitly address a climate factor, mitigation/adaptation action, or any human health outcome or exposure.
(EXCLUDE) The record is a materials-science study of nanocomposite membrane properties. It does not explicitly address a climate factor, mitigation or adaptation, nor any human health outcome, exposure, or health-system connection.","The purpose was to study the MMT addition with contents of 0.5 and 3.0 mass% MMT in the preparation of nanocomposite membranes by means of morphology, thermal, mechanical and hydrophilic properties of nanocomposite membranes",0.00,100.00,2026-09-03_18-26-00_terra
83407,cd227c2e-3bba-44ba-9417-b8b9bff106bb,,5,include - best balance,True,,,,,False,False,"[self-consistency: 0/3 INCLUDE]
(EXCLUDE) The record concerns material properties of polysulfone/montmorillonite nanocomposite membranes. It does not substantively address a climate factor, mitigation/adaptation action, or human health outcome or exposure pathway.
(EXCLUDE) The record is a materials-science study of membrane properties. It does not substantively address a climate factor, mitigation or adaptation, nor any human health outcome or recognised climate-health pathway.
(EXCLUDE) The record describes material properties of polysulfone/clay nanocomposite membranes. It does not substantively address a climate factor, mitigation or adaptation, nor any human health outcome, exposure pathway, or health system.","The purpose was to study the MMT addition with contents of 0.5 and 3.0 mass% MMT in the preparation of nanocomposite membranes by means of morphology, thermal, mechanical and hydrophilic properties of nanocomposite membranes.",0.00,99.56,2026-09-03_18-26-00_terra
83407,cd227c2e-3bba-44ba-9417-b8b9bff106bb,,6,include - high recall,True,,,,,False,False,"[self-consistency: 0/3 INCLUDE]
(EXCLUDE) The record is a materials-science study of polysulfone/montmorillonite membrane properties. It does not substantively address climate factors, mitigation or adaptation, nor human health outcomes or a recognised climate-health pathway.
(EXCLUDE) The record is a materials-science study of polysulfone/clay nanocomposite membrane properties. It does not substantively address climate or weather factors, mitigation/adaptation, or human health outcomes/exposure pathways.
(EXCLUDE) The record is a materials-science study of polysulfone/montmorillonite membrane properties. It does not substantively address climate/weather, emissions, mitigation/adaptation, or human health outcomes or pathways.","""The purpose was to study the MMT addition with contents of 0.5 and 3.0 mass% MMT in the preparation of nanocomposite membranes by means of morphology, thermal, mechanical and hydrophilic properties of nanocomposite membranes""",0.00,99.12,2026-09-03_18-26-00_terra
86824372,cdb14e29-e9bc-44db-861f-ffc3fe1d5872,Regime Interaction and Climate Change,0,include - high precision,True,,,,,False,False,"[self-consistency: 0/3 INCLUDE]
(EXCLUDE) The record explicitly addresses climate-change mitigation through regulation of greenhouse-gas emissions from aviation and maritime transport, but it contains no explicit human health outcome, exposure, health-system connection, or health-protective aim.
(EXCLUDE) The record substantively concerns climate mitigation through regulation of greenhouse-gas emissions from transport, but it contains no explicit human health outcome, exposure pathway, health-system issue, or health-protective aim.
(EXCLUDE) The record substantively concerns climate mitigation through regulation of greenhouse-gas emissions from aviation and maritime transport, but it contains no explicit human-health outcome, exposure pathway, health-system issue, or health-protective aim.","""The regulation of greenhouse gas emissions from international aviation and maritime transport has proved to be a difficult task for international climate negotiations such as the Paris Agreement in 2015.""",0.00,99.51,2026-09-03_18-26-00_terra
86824372,cdb14e29-e9bc-44db-861f-ffc3fe1d5872,Regime Interaction and Climate Change,5,include - best balance,True,,,,,False,False,"[self-consistency: 0/3 INCLUDE]
(EXCLUDE) The record substantively concerns climate-change mitigation through regulation of greenhouse-gas emissions from transport, but it does not address human health, health outcomes, health systems, or a recognised climate-health pathway.
(EXCLUDE) The record substantively concerns climate mitigation policy through regulation of greenhouse-gas emissions from aviation and maritime transport, but it contains no human health outcome, health exposure pathway, or health-system connection.
(EXCLUDE) The record substantively concerns climate-change mitigation policy through regulation of greenhouse-gas emissions from aviation and maritime transport, but it contains no human health outcome, health-related exposure pathway, or health-system component.","""The regulation of greenhouse gas emissions from international aviation and maritime transport has proved to be a difficult task for international climate negotiations such as the Paris Agreement in 2015.""",0.00,99.51,2026-09-03_18-26-00_terra
86824372,cdb14e29-e9bc-44db-861f-ffc3fe1d5872,Regime Interaction and Climate Change,6,include - high recall,True,,,,,False,False,"[self-consistency: 0/3 INCLUDE]
(EXCLUDE) The record substantively concerns climate-change mitigation policy through regulation of greenhouse-gas emissions from aviation and maritime transport, but it does not state or directly infer a human-health outcome, exposure pathway, health intervention, or health-system connection.
(EXCLUDE) The record substantively concerns climate-change mitigation policy through regulation of greenhouse-gas emissions from aviation and maritime transport, but it does not state or directly infer a human-health outcome, health exposure pathway, health intervention, or health-system connection.
(EXCLUDE) The record substantively concerns climate-change mitigation policy through regulation of greenhouse-gas emissions from aviation and maritime transport, but it contains no stated or directly inferable human health outcome, health system issue, or recognised climate-health exposure pathway. It is a legal/governance analysis.","""The regulation of greenhouse gas emissions from international aviation and maritime transport has proved to be a difficult task for international climate negotiations such as the Paris Agreement in 2015.""",0.00,99.51,2026-09-03_18-26-00_terra
893154889,ce8c2f1f-e2c1-4108-9317-007c01a9cca6,Youth and Political Violence in India: A Social Psychological Account of Conflict Experiences from the Kashmir Valley,0,include - high precision,True,,,,,False,False,"[self-consistency: 0/3 INCLUDE]
(EXCLUDE) The record explicitly addresses psychological and behavioural effects of political violence, but contains no substantive climate, weather, climate-change, mitigation, or adaptation component.
(EXCLUDE) The record explicitly concerns psychological and behavioural effects of political violence, but it contains no substantive climate, weather, climate-change, mitigation, or adaptation component.
(EXCLUDE) The record explicitly addresses psychological and behavioural effects of political violence, but it contains no substantive climate, weather, climate-change, mitigation, or adaptation component.","""This book offers a socio-cultural and interdisciplinary understanding of the impact of political violence on youth behaviour.""",0.00,99.60,2026-09-03_18-26-00_terra
893154889,ce8c2f1f-e2c1-4108-9317-007c01a9cca6,Youth and Political Violence in India: A Social Psychological Account of Conflict Experiences from the Kashmir Valley,5,include - best balance,True,,,,,False,False,"[self-consistency: 0/3 INCLUDE]
(EXCLUDE) The record addresses psychological and behavioural effects of political violence on youth, but it contains no substantive climate, weather, climate-hazard, mitigation, or adaptation component.
(EXCLUDE) The record addresses psychological and social effects of political violence on youth, but it contains no substantive climate, weather, climate-hazard, mitigation, or adaptation component.
(EXCLUDE) The record substantively concerns psychological and social effects of political violence on youth, but it does not address any climate/weather factor, climate mitigation, or climate adaptation action.","""This book offers a socio-cultural and interdisciplinary understanding of the impact of political violence on youth behaviour.""",0.00,99.60,2026-09-03_18-26-00_terra
893154889,ce8c2f1f-e2c1-4108-9317-007c01a9cca6,Youth and Political Violence in India: A Social Psychological Account of Conflict Experiences from the Kashmir Valley,6,include - high recall,True,,,,,False,False,"[self-consistency: 0/3 INCLUDE]
(EXCLUDE) The record addresses political violence and its psychological and social effects on youth, but contains no substantive climate, weather, climate-hazard, mitigation, or adaptation component.
(EXCLUDE) The record addresses psychological and social effects of political violence on youth, but contains no substantive climate, weather, climate-related hazard, mitigation, or adaptation component.
(EXCLUDE) The record addresses psychological and social effects of political violence on youth, but it contains no substantive climate, weather, climate-hazard, mitigation, or adaptation component.","""This book offers a socio-cultural and interdisciplinary understanding of the impact of political violence on youth behaviour.""",0.00,99.60,2026-09-03_18-26-00_terra
884154561,cebde748-1fac-48d5-b225-206fa2ac0822,Effect of the β-glucan from Lentinus edodes on colitis-associated colorectal cancer and gut microbiota,0,include - high precision,True,,,,,False,False,"[self-consistency: 0/3 INCLUDE]
(EXCLUDE) The record concerns beta-glucan treatment for colorectal cancer, but it contains no explicit substantive climate, weather, greenhouse-gas, mitigation, or climate-adaptation component.
(EXCLUDE) The record concerns β-glucan therapy for colorectal cancer in cell and mouse models. It does not explicitly address any climate/weather factor, climate mitigation, or climate adaptation component.
(EXCLUDE) The record concerns β-glucan treatment for colorectal cancer in cell and mouse models. It does not explicitly address any climate/weather factor, climate mitigation/adaptation action, or human exposure pathway; it also does not report a substantive human-health outcome.","In this study, the β-glucan isolated from Lentinus edodes was successfully fractionated into three fractions with different weight-average molecular weight (M<sub>w</sub>) by ultrasonic degradation and used for the treatment of colorectal cancer.",0.00,100.00,2026-09-03_18-26-00_terra
884154561,cebde748-1fac-48d5-b225-206fa2ac0822,Effect of the β-glucan from Lentinus edodes on colitis-associated colorectal cancer and gut microbiota,5,include - best balance,True,,,,,False,False,"[self-consistency: 0/3 INCLUDE]
(EXCLUDE) The record concerns a beta-glucan treatment for colorectal cancer, using in-vitro and mouse-model experiments. It does not substantively address a climate/weather factor, climate mitigation, or climate adaptation, and it provides no human-health study or climate-health pathway.
(EXCLUDE) The record concerns a beta-glucan treatment for colorectal cancer, primarily in vitro and in a mouse model. It contains no substantive climate, weather, climate-mitigation, or climate-adaptation component, and the health-related findings are not direct human-health outcomes.
(EXCLUDE) The record concerns β-glucan treatment for colorectal cancer in in-vitro and mouse-model experiments, but it does not substantively address any climate/weather factor, climate mitigation, or climate adaptation action.",“The in vitro results indicate that β-glucan fractions inhibited colon cancer cell proliferation”,0.00,97.94,2026-09-03_18-26-00_terra
884154561,cebde748-1fac-48d5-b225-206fa2ac0822,Effect of the β-glucan from Lentinus edodes on colitis-associated colorectal cancer and gut microbiota,6,include - high recall,True,,,,,False,False,"[self-consistency: 0/3 INCLUDE]
(EXCLUDE) The record concerns beta-glucan treatment for colorectal cancer in in-vitro and mouse models. It does not substantively address a climate/weather factor, climate mitigation, or climate adaptation action.
(EXCLUDE) The record addresses colorectal cancer treatment and related mouse/in-vitro findings, but it contains no substantive climate, weather, climate hazard, greenhouse-gas, mitigation, or adaptation component.
(EXCLUDE) The record concerns beta-glucan treatment for colorectal cancer in vitro and in a mouse model. It contains no substantive climate, weather, climate-forcing, mitigation, or adaptation component, and the health findings are not human-health outcomes.",,0.00,0.00,2026-09-03_18-26-00_terra
24714391,d012a632-9749-4d03-827d-9af94781a040,The role of biotic and abiotic cues in stimulating aggregation by larval cane toads (<i>Rhinella marina</i>),0,include - high precision,True,,,,,False,False,"[self-consistency: 0/3 INCLUDE]
(EXCLUDE) The record measures temperature in relation to cane toad tadpole aggregation, but it contains no explicit human health, health-system, human exposure, or human climate-health pathway component.
(EXCLUDE) The record substantively examines temperature in relation to cane toad tadpole aggregation, but it contains no explicit human health outcome, human exposure, health-system connection, or recognised climate-health pathway affecting people.
(EXCLUDE) Although temperature is explicitly measured, the study concerns cane toad tadpole aggregation and behaviour. It does not substantively address human health, human exposure, or a recognised human climate-health pathway.",“the density of cane toad tadpoles increased with increasing temperature”,0.00,97.26,2026-09-03_18-26-00_terra
24714391,d012a632-9749-4d03-827d-9af94781a040,The role of biotic and abiotic cues in stimulating aggregation by larval cane toads (<i>Rhinella marina</i>),5,include - best balance,True,,,,,False,False,"[self-consistency: 0/3 INCLUDE]
(EXCLUDE) Although temperature is measured as an environmental factor, the study concerns cane toad tadpole aggregation and does not substantively address human health, health systems, or a recognised human climate-health exposure pathway.
(EXCLUDE) The record measures temperature effects, but it concerns cane toad tadpole aggregation and provides no substantive connection to human health, health systems, or a recognised climate-health exposure pathway.
(EXCLUDE) Although the study measures temperature, it examines aggregation behaviour in cane toad tadpoles and does not substantively address human health, health systems, or a recognised climate-health exposure pathway.","""the density of cane toad tadpoles increased with increasing temperature""",0.00,97.26,2026-09-03_18-26-00_terra
24714391,d012a632-9749-4d03-827d-9af94781a040,The role of biotic and abiotic cues in stimulating aggregation by larval cane toads (<i>Rhinella marina</i>),6,include - high recall,True,,,,,False,False,"[self-consistency: 0/3 INCLUDE]
(EXCLUDE) The record examines temperature in relation to cane toad tadpole aggregation, so it has a weather-related factor, but it contains no substantive human health outcome, health-system connection, or recognised climate-health exposure pathway.
(EXCLUDE) The study substantively examines temperature as an abiotic factor, but its outcomes concern cane toad tadpole aggregation and behaviour only. It does not state or directly support a human-health outcome or a recognised climate-health exposure pathway.
(EXCLUDE) The record substantively examines temperature, but it concerns cane toad tadpole aggregation and laboratory behavioral responses only. It does not address human health, health systems, or a recognised climate-health exposure pathway.",“the density of cane toad tadpoles increased with increasing temperature”,0.00,97.26,2026-09-03_18-26-00_terra
1669761,d25fb0e3-9a35-43db-8ac4-5c48cf7bc749,Applying the Ecosystem Service Concept to Waterborne Transport Infrastructure,0,include - high precision,True,,,,,False,False,"[self-consistency: 0/3 INCLUDE]
(EXCLUDE) The record concerns ecosystem services in waterborne transport infrastructure planning. It does not explicitly address a climate-related factor, mitigation, or adaptation, and it does not substantively connect the work to human health or a recognised climate-health exposure pathway.
(EXCLUDE) The record concerns ecosystem-services concepts for waterborne transport infrastructure and does not explicitly address a climate factor, mitigation/adaptation action, or a substantive human-health outcome or exposure pathway.
(EXCLUDE) The record concerns ecosystem-services considerations in waterborne transport infrastructure planning. It does not explicitly address a climate factor, mitigation, or adaptation, nor does it substantively connect the work to human health outcomes or climate-health exposure pathways.","""Considering the potential multi-functionality of WTI, well-designed projects can create economic, social and environmental benefits well beyond their intended transport objectives.""",0.00,98.90,2026-09-03_18-26-00_terra
1669761,d25fb0e3-9a35-43db-8ac4-5c48cf7bc749,Applying the Ecosystem Service Concept to Waterborne Transport Infrastructure,5,include - best balance,True,,,,,False,False,"[self-consistency: 0/3 INCLUDE]
(EXCLUDE) The record concerns ecosystem-services concepts for planning waterborne transport infrastructure. It does not substantively address a climate/weather factor, climate mitigation/adaptation, or a direct/inferable human-health outcome or pathway.
(EXCLUDE) The record concerns ecosystem-services concepts in planning waterborne transport infrastructure. It does not substantively address climate/weather factors, climate mitigation or adaptation, nor does it establish a substantive human-health outcome or climate-health exposure pathway.
(EXCLUDE) The record concerns ecosystem-services concepts for waterborne transport infrastructure and sustainability planning. It does not substantively address a climate factor, mitigation, or climate adaptation, nor does it substantively connect the work to human health or a recognised climate-health pathway.","""This presentation introduces the ES concept in the context of the Waterborne Transport Infrastructure (WTI) community.""",0.00,98.33,2026-09-03_18-26-00_terra
1669761,d25fb0e3-9a35-43db-8ac4-5c48cf7bc749,Applying the Ecosystem Service Concept to Waterborne Transport Infrastructure,6,include - high recall,True,,,,,False,False,"[self-consistency: 0/3 INCLUDE]
(EXCLUDE) The record concerns ecosystem-services considerations in planning waterborne transport infrastructure. It does not substantively address a climate/weather hazard, mitigation, or adaptation action, nor does it establish a human-health outcome or recognised climate-health exposure pathway.
(EXCLUDE) The record discusses ecosystem services and planning of waterborne transport infrastructure, including biodiversity, fisheries, recreation, and sustainability, but does not substantively address a climate/weather factor, mitigation, or climate adaptation. It also does not establish a human-health outcome or recognised climate-health exposure pathway.
(EXCLUDE) The record concerns applying ecosystem-services concepts to planning waterborne transport infrastructure, biodiversity, fisheries, recreation, and project decision-making. It does not substantively address a climate factor, mitigation or adaptation action, or a human-health outcome/pathway.",This presentation introduces the ES concept in the context of the Waterborne Transport Infrastructure (WTI) community.,0.00,100.00,2026-09-03_18-26-00_terra
754826,d6cf7c21-67ad-4452-9aea-fd0c4a8a5243,Preharvest Application of Seaweed Based Biostimulant Reduced Cherry (Prunus Avium L.) Cracking,0,include - high precision,True,,,,,True,False,"[self-consistency: 0/3 INCLUDE]
(EXCLUDE) The record explicitly addresses a climate-related rainfall impact on cherry production and evaluates an agricultural intervention. However, it does not explicitly connect this to human health, nutrition, food security, or other human health outcomes; fruit nutritional characteristics are measured as quality attributes only.
(EXCLUDE) The record explicitly discusses climate-change-related excess rainfall and an agricultural strategy to reduce cherry cracking. However, it does not substantively connect this to human health, nutrition, food security, or human consumption; its nutritional measurements concern fruit quality rather than a human health outcome.
(EXCLUDE) The record explicitly discusses climate-change-related excess rainfall and a biostimulant to reduce cherry cracking, so it has a climate component. However, it reports crop quality, yield, and nutritional characteristics without explicitly connecting these to human nutrition, food security, or another human health outcome.",The climate change predictions point to an increase in the duration of excess rainfall before harvest that may cause higher cherry cracking.,0.00,100.00,2026-09-03_18-26-00_terra
754826,d6cf7c21-67ad-4452-9aea-fd0c4a8a5243,Preharvest Application of Seaweed Based Biostimulant Reduced Cherry (Prunus Avium L.) Cracking,5,include - best balance,True,,,,,True,True,"[self-consistency: 3/3 INCLUDE]
(INCLUDE) The study addresses excess rainfall associated with climate-change projections and evaluates a biostimulant strategy to reduce resulting losses in a food crop. Cherries are a human food source, so protecting their production and quality meets the recognised food-security/nutrition health pathway.
(INCLUDE) The study substantively addresses projected climate-related excess rainfall and evaluates a biostimulant to reduce resulting losses in a food crop. Protection of cherry production and quality engages the food supply/nutrition climate-health pathway.
(INCLUDE) The study substantively addresses climate-change-related excess rainfall and tests an intervention to reduce resulting losses in a food crop. Cherries are a food source, so protecting their production and quality engages the food security/nutrition health pathway.",The climate change predictions point to an increase in the duration of excess rainfall before harvest that may cause higher cherry cracking.,0.00,100.00,2026-09-03_18-26-00_terra
754826,d6cf7c21-67ad-4452-9aea-fd0c4a8a5243,Preharvest Application of Seaweed Based Biostimulant Reduced Cherry (Prunus Avium L.) Cracking,6,include - high recall,True,,,,,True,True,"[self-consistency: 3/3 INCLUDE]
(INCLUDE) The record explicitly addresses a projected climate-change-related increase in excess rainfall and evaluates a biostimulant strategy to reduce resulting losses in a food crop (cherries). This is a climate-related agricultural adaptation relevant to human food supply.
(INCLUDE) The study explicitly addresses projected climate-change-related excess rainfall and evaluates a biostimulant to reduce resulting losses in cherries, a human food crop. This is a climate-related adaptation action affecting food production.
(INCLUDE) The record explicitly addresses climate-change-related excess rainfall and tests a biostimulant strategy to reduce cracking and production losses in a food crop. This is an adaptation-related action affecting cherry production, which engages the food security/nutrition health pathway.",The climate change predictions point to an increase in the duration of excess rainfall before harvest that may cause higher cherry cracking.,0.00,100.00,2026-09-03_18-26-00_terra
8876,d9a5d682-9d39-4c07-ad11-dee7ec2b5549,"Youth theatre and the climate crisis in Australia: the role of ‘unmediatised liveness’ in performing recovery, resistance, and survival",0,include - high precision,True,,,,,True,True,"[self-consistency: 3/5 INCLUDE]
(INCLUDE) The record explicitly concerns the climate crisis and related disaster preparedness, response, and recovery. It also describes benefits for young people’s recovery and survival, constituting an explicit human wellbeing/health connection.
(EXCLUDE) The climate-crisis and disaster-preparedness components are explicit, but the record does not explicitly describe a human health outcome, health-system issue, or a stated aim to protect health or lives. Recovery and survival are discussed in a broad performance and activism context, so a health connection cannot be established at the required high-precision level.
(EXCLUDE) The climate-crisis and disaster-preparedness components are explicit, but the record does not explicitly state a human health, mental health, healthcare, or recognised climate-health exposure outcome. Recovery and survival are discussed in the context of youth performance and activism rather than as a stated health intervention or outcome.
(INCLUDE) The record explicitly addresses the climate crisis and climate-related disaster preparedness and recovery. It also describes work promoting young people's recovery and survival, constituting an explicit human wellbeing/health-related protective outcome.
(INCLUDE) The record explicitly concerns the climate crisis and climate-related disaster preparedness, response, and recovery. It also explicitly concerns promoting recovery and survival among young people in response to this crisis, constituting a stated human wellbeing/life-protection component.","“experiences not filtered through digital technology, is vital to performances that promote recovery, resistance, and survival among young people in response to the climate crisis.”",0.00,98.90,2026-09-03_18-26-00_terra
8876,d9a5d682-9d39-4c07-ad11-dee7ec2b5549,"Youth theatre and the climate crisis in Australia: the role of ‘unmediatised liveness’ in performing recovery, resistance, and survival",5,include - best balance,True,,,,,True,True,"[self-consistency: 3/3 INCLUDE]
(INCLUDE) The record substantively concerns the climate crisis and climate-disaster preparedness, response, and recovery. Its focus on young people's recovery and survival through community action and performance directly engages the psychosocial recovery/coping pathway relevant to mental health and wellbeing.
(INCLUDE) The paper substantively addresses the climate crisis, including disaster preparedness, response, recovery, and activism. It also concerns young people's recovery and survival in this context, which plausibly represents protection of human wellbeing and psychosocial resilience.
(INCLUDE) The record explicitly addresses the climate crisis and climate-related disaster preparedness, response, and recovery. It also concerns young people’s recovery and survival, plausibly engaging psychosocial wellbeing and protection from climate-related harms.","‘unmediatised liveness', or experiences not filtered through digital technology, is vital to performances that promote recovery, resistance, and survival among young people in response to the climate crisis.",0.00,100.00,2026-09-03_18-26-00_terra
8876,d9a5d682-9d39-4c07-ad11-dee7ec2b5549,"Youth theatre and the climate crisis in Australia: the role of ‘unmediatised liveness’ in performing recovery, resistance, and survival",6,include - high recall,True,,,,,True,True,"[self-consistency: 3/3 INCLUDE]
(INCLUDE) The record explicitly addresses the climate crisis and climate-related disaster preparedness and recovery. It also concerns young people's recovery, survival, community action, and resilience; moreover, disaster preparedness and recovery are climate adaptation actions, which qualify as health-relevant under the criteria.
(INCLUDE) The record substantively addresses the climate crisis and climate-related disaster preparedness, response, and recovery. These are adaptation and resilience actions, which qualify as health-relevant under the screening criteria.
(INCLUDE) The record explicitly addresses the climate crisis and disaster preparedness, response, and recovery among young people. Its focus on recovery, resilience, community action, and survival in response to climate-related disasters constitutes climate adaptation, which qualifies as health-relevant under the screening criteria.","This paper presents the provocation that ‘unmediatised liveness', or experiences not filtered through digital technology, is vital to performances that promote recovery, resistance, and survival among young people in response to the climate crisis.",0.00,100.00,2026-09-03_18-26-00_terra
63408,db227fc0-c226-4718-beae-72f1653d6533,Cerebral Venous Sinus Thrombosis Following Nitrous Oxide Abuse: A Clinical Reminder of a Growing Trend,0,include - high precision,True,,,,,False,False,"[self-consistency: 0/3 INCLUDE]
(EXCLUDE) The record clearly concerns a human health outcome (cerebral venous sinus thrombosis), but nitrous oxide is addressed as a recreational exposure causing vitamin B12 deficiency, rather than as a climate-forcing agent or in relation to climate change, mitigation, or adaptation. Therefore, no substantive climate component is stated.
(EXCLUDE) The record clearly concerns a human health outcome (CVST), but nitrous oxide is discussed as an individual exposure causing vitamin B12 deficiency, not as a climate-forcing agent or other substantive climate factor. No climate, weather, mitigation, or adaptation component is explicitly addressed.
(EXCLUDE) The record has a clear human-health component (CVST and vitamin B12 deficiency), but nitrous oxide is discussed solely as a recreational/toxic exposure causing disease, not as a climate-forcing agent or in relation to climate change, mitigation, adaptation, or weather.",He reported recent chronic nitrous oxide use.,0.00,100.00,2026-09-03_18-26-00_terra
63408,db227fc0-c226-4718-beae-72f1653d6533,Cerebral Venous Sinus Thrombosis Following Nitrous Oxide Abuse: A Clinical Reminder of a Growing Trend,5,include - best balance,True,,,,,False,False,"[self-consistency: 0/3 INCLUDE]
(EXCLUDE) The record concerns a human health outcome (cerebral venous sinus thrombosis) associated with nitrous oxide use, but nitrous oxide is studied as an individual toxicant/exposure causing functional vitamin B12 deficiency, not as a climate-forcing agent, emissions source, mitigation issue, or climate-related hazard. Therefore it lacks the required substantive climate component.
(EXCLUDE) Although the record concerns a human health outcome (cerebral venous sinus thrombosis), nitrous oxide is discussed as a recreational/toxic exposure causing vitamin B12 deficiency, not as a climate-forcing agent or other substantive climate factor. Therefore, it lacks the required climate component.
(EXCLUDE) Although the record concerns a human health outcome (cerebral venous sinus thrombosis), nitrous oxide is discussed as a recreational exposure causing functional vitamin B12 deficiency, not as a climate-forcing agent, climate/weather factor, mitigation action, or adaptation action. Thus it lacks a substantive climate component.",He reported recent chronic nitrous oxide use.,0.00,100.00,2026-09-03_18-26-00_terra
63408,db227fc0-c226-4718-beae-72f1653d6533,Cerebral Venous Sinus Thrombosis Following Nitrous Oxide Abuse: A Clinical Reminder of a Growing Trend,6,include - high recall,True,,,,,False,False,"[self-consistency: 0/3 INCLUDE]
(EXCLUDE) The record concerns a clinical case of nitrous oxide exposure causing vitamin B12 deficiency and cerebral venous sinus thrombosis. It does not substantively address climate change, climate/weather factors, fossil fuels, or a mitigation/adaptation action; nitrous oxide is discussed as a recreational exposure rather than as a climate-forcing agent.
(EXCLUDE) The record concerns a clinical case of nitrous oxide-induced vitamin B12 deficiency and cerebral venous sinus thrombosis. Although nitrous oxide is a climate-forcing agent, it is addressed here as an individual recreational exposure/toxicant rather than as a substantive climate factor, emissions source, mitigation, or adaptation topic.
(EXCLUDE) The record concerns a clinical case of nitrous oxide-associated vitamin B12 deficiency and cerebral venous sinus thrombosis. Although nitrous oxide can be a climate-forcing agent, here it is used as an individual exposure/toxicant rather than being substantively studied as a climate factor, emissions source, mitigation issue, or adaptation issue.",He reported recent chronic nitrous oxide use.,0.00,100.00,2026-09-03_18-26-00_terra
2837763439,db513ed1-980d-4aed-976c-e5170d729fd3,Secondary active nutrient transport in membrane vesicles: theoretical basis for use of isotope exchange at equilibrium and contributions to transport mechanisms.,0,include - high precision,True,,,,,False,False,"[self-consistency: 0/3 INCLUDE]
(EXCLUDE) The record discusses membrane-vesicle transport kinetics and rabbit intestinal/renal cotransport mechanisms. It contains no explicit climate, weather, greenhouse-gas, mitigation, or adaptation component, and it does not substantively address human health outcomes or health systems.
(EXCLUDE) The record concerns membrane-vesicle transport kinetics and intestinal/renal cotransport mechanisms. It does not explicitly address a climate or weather factor, climate mitigation/adaptation, or a substantive human-health outcome or climate-health exposure pathway.
(EXCLUDE) The record concerns membrane-vesicle transport kinetics and rabbit intestinal/renal solute cotransport. It does not explicitly address any climate factor, climate mitigation/adaptation action, or human health outcome/exposure pathway.",,0.00,0.00,2026-09-03_18-26-00_terra
2837763439,db513ed1-980d-4aed-976c-e5170d729fd3,Secondary active nutrient transport in membrane vesicles: theoretical basis for use of isotope exchange at equilibrium and contributions to transport mechanisms.,5,include - best balance,True,,,,,False,False,"[self-consistency: 0/3 INCLUDE]
(EXCLUDE) The record concerns membrane transport kinetics in vesicles and rabbit intestinal/renal transporters. It does not substantively address a climate-related factor, mitigation, or adaptation, nor does it connect the work to human health outcomes or systems.
(EXCLUDE) The record concerns quantitative transport kinetics in membrane vesicles and rabbit intestinal/renal cotransporters. It contains no substantive climate, weather, mitigation, or adaptation component, and it does not address a human health outcome or health system.
(EXCLUDE) The record concerns transport kinetics in membrane vesicles and rabbit/renal transporters. It contains no substantive climate, weather, emissions, mitigation, or adaptation component, and does not substantively address human health outcomes or systems.","""A detailed and quantitative analysis of secondary active transport mechanisms in membrane vesicles is complicated by heterogeneity of the vesicles.""",0.00,99.32,2026-09-03_18-26-00_terra
2837763439,db513ed1-980d-4aed-976c-e5170d729fd3,Secondary active nutrient transport in membrane vesicles: theoretical basis for use of isotope exchange at equilibrium and contributions to transport mechanisms.,6,include - high recall,True,,,,,False,False,"[self-consistency: 0/3 INCLUDE]
(EXCLUDE) The record concerns membrane-vesicle transport kinetics and rabbit intestinal/renal cotransport mechanisms. It contains no substantive climate, weather, emissions, mitigation, adaptation, or human climate-health component.
(EXCLUDE) The record concerns kinetic analysis of solute transport in membrane vesicles and intestinal/renal transporters. It does not substantively address a climate or weather factor, mitigation/adaptation action, or a human-health outcome or climate-health exposure pathway.
(EXCLUDE) The record concerns membrane-vesicle transport kinetics and intestinal/renal sodium cotransport. It does not substantively address climate, weather, climate-related hazards, greenhouse gases, mitigation, adaptation, or a climate-health exposure pathway.",,0.00,0.00,2026-09-03_18-26-00_terra
3477260206,db919bf7-9989-4b99-9305-673d22f7255b,REVERSAL OF INSULIN RESISTANCE IN DIABETIC RAT ADIPOCYTES BY INSULIN THERAPY - RESTORATION OF POOL OF GLUCOSE TRANSPORTERS AND ENHANCEMENT OF GLUCOSE-TRANSPORT ACTIVITY,0,include - high precision,True,,,,,False,False,"[self-consistency: 0/3 INCLUDE]
(EXCLUDE) The record is an experimental study of insulin therapy and glucose transport in diabetic rat adipocytes. It does not explicitly address any climate, weather, emissions, mitigation, adaptation, or climate-related exposure, and it does not report human health outcomes.
(EXCLUDE) The record reports an insulin-treatment experiment in diabetic rats and does not explicitly address any climate, weather, greenhouse-gas, mitigation, or adaptation factor. It also uses an animal model rather than a substantive human-health outcome.
(EXCLUDE) The record concerns insulin therapy and glucose transport in streptozocin-induced diabetic rat adipocytes. It contains no explicit climate, weather, greenhouse-gas, mitigation, or adaptation component, and it does not address human health.",,0.00,0.00,2026-09-03_18-26-00_terra
3477260206,db919bf7-9989-4b99-9305-673d22f7255b,REVERSAL OF INSULIN RESISTANCE IN DIABETIC RAT ADIPOCYTES BY INSULIN THERAPY - RESTORATION OF POOL OF GLUCOSE TRANSPORTERS AND ENHANCEMENT OF GLUCOSE-TRANSPORT ACTIVITY,5,include - best balance,True,,,,,False,False,"[self-consistency: 0/3 INCLUDE]
(EXCLUDE) The record is an animal study of insulin resistance and glucose transport in diabetic rat adipocytes. It contains no substantive climate, weather, mitigation, or adaptation component, and its health relevance is not a human-health outcome.
(EXCLUDE) The record concerns insulin treatment and glucose transport in diabetic rat adipocytes. It contains no substantive climate, weather, climate-hazard, mitigation, or adaptation component, and its animal-model findings do not establish a human-health component under the criteria.
(EXCLUDE) The record concerns insulin treatment and glucose transport in diabetic rat adipocytes. It contains no substantive climate, weather, mitigation, or adaptation component, and the health-related findings are in an animal model rather than human health.","""streptozocin-induced diabetic rats were treated with 5 U/day s.c. of insulin""",0.00,97.44,2026-09-03_18-26-00_terra
3477260206,db919bf7-9989-4b99-9305-673d22f7255b,REVERSAL OF INSULIN RESISTANCE IN DIABETIC RAT ADIPOCYTES BY INSULIN THERAPY - RESTORATION OF POOL OF GLUCOSE TRANSPORTERS AND ENHANCEMENT OF GLUCOSE-TRANSPORT ACTIVITY,6,include - high recall,True,,,,,False,False,"[self-consistency: 0/3 INCLUDE]
(EXCLUDE) The record concerns insulin therapy, glucose transport, and insulin resistance in diabetic rat adipocytes. It contains no substantive climate/weather factor, climate mitigation, or climate adaptation component, and its health-related findings are in an animal model rather than human health.
(EXCLUDE) The record concerns insulin treatment, glucose transport, and insulin resistance in diabetic rat adipocytes. It contains no substantive climate, weather, emissions, mitigation, or adaptation component, and it does not address human health.
(EXCLUDE) The record concerns insulin treatment and glucose transport in diabetic rat adipocytes. It contains no substantive climate, weather, climate-forcing, mitigation, or adaptation component, and it does not address human health.",“streptozocin-induced diabetic rats were treated with 5 U/day s.c. of insulin”,0.00,97.44,2026-09-03_18-26-00_terra
448392700,deb56673-589d-40e5-a267-b797a94c954d,Critical issues tn the study of epidemiological pattern of hepatitis C virus infection : Malaysian experience,0,include - high precision,True,,,,,False,False,"[self-consistency: 0/3 INCLUDE]
(EXCLUDE) The record concerns hepatitis C epidemiology and diagnostic testing in Malaysian populations. Although it mentions test sensitivity to temperature/incubation time, it does not substantively address a climate or weather factor, climate change, mitigation, or adaptation.
(EXCLUDE) The record concerns epidemiology, transmission risk factors, and laboratory testing for hepatitis C virus infection, which is a human-health topic. Although it mentions test sensitivity to temperature and incubation time, it does not substantively address a climate/weather factor, climate change, mitigation, or adaptation.
(EXCLUDE) The record concerns human hepatitis C epidemiology and transmission, but it does not substantively address climate change, weather/climate factors, climate mitigation, or climate adaptation. The reference to test incubation temperature is a laboratory condition, not a climate component.","""The present test kits are highly sensitive to critical temperature and incubation tinu explanation for which is not well understood.""",0.00,98.51,2026-09-03_18-26-00_terra
448392700,deb56673-589d-40e5-a267-b797a94c954d,Critical issues tn the study of epidemiological pattern of hepatitis C virus infection : Malaysian experience,5,include - best balance,True,,,,,False,False,"[self-consistency: 0/3 INCLUDE]
(EXCLUDE) The record concerns epidemiology, transmission risks, and diagnostic testing for hepatitis C in humans, so it has a health component. However, it does not substantively address climate change, weather exposures, climate-related hazards, mitigation, or adaptation; the reference to test-kit temperature sensitivity is a laboratory condition rather than a climate factor.
(EXCLUDE) The record concerns HCV epidemiology and transmission risk factors, which is a human-health topic, but it does not substantively address climate change, weather, climate-related hazards, mitigation, or adaptation. The reference to test sensitivity to temperature concerns laboratory incubation conditions, not a climate factor.
(EXCLUDE) The record concerns epidemiology and transmission risk factors for hepatitis C infection, which is a human-health topic, but it does not substantively address climate change, weather, climate-related hazards, mitigation, or adaptation. The mention of test sensitivity to temperature/incubation is laboratory-related rather than a climate component.","""Hepatitis C virus infection is common in.Malaysia in specific high risk group people""",0.00,97.67,2026-09-03_18-26-00_terra
448392700,deb56673-589d-40e5-a267-b797a94c954d,Critical issues tn the study of epidemiological pattern of hepatitis C virus infection : Malaysian experience,6,include - high recall,True,,,,,False,False,"[self-consistency: 0/3 INCLUDE]
(EXCLUDE) The record concerns hepatitis C epidemiology, transmission risk factors, and diagnostic testing. Although temperature is mentioned, it relates only to laboratory test sensitivity and is not a substantive climate or weather exposure, mitigation, or adaptation component.
(EXCLUDE) The record concerns epidemiology, transmission risk factors, and laboratory testing for hepatitis C virus infection. Although it mentions test temperature/incubation sensitivity, it does not substantively address climate, weather, climate-related hazards, mitigation, or adaptation.
(EXCLUDE) The record concerns hepatitis C epidemiology and transmission risk factors. Although it mentions laboratory test temperature sensitivity, it does not substantively address climate, weather, climate-related hazards, mitigation, or adaptation.","""The present test kits are highly sensitive to critical temperature and incubation tinu explanation for which is not well understood.""",0.00,98.51,2026-09-03_18-26-00_terra
1015,e0f2bbc2-f257-450f-b078-5d377db903c2,A Comparative Analysis of Optimal Operation Scenarios in Hybrid Emission-Free Ferry Ships,0,include - high precision,True,,,,,False,False,"[self-consistency: 0/3 INCLUDE]
(EXCLUDE) The record concerns green-energy ship power management and operating costs, but it does not explicitly address a human-health outcome, human exposure pathway, or health-system impact. Therefore it does not meet both required components.
(EXCLUDE) The record addresses green-energy ship power and operational scheduling, which may constitute a mitigation-related component, but it contains no explicit human health, wellbeing, exposure, health-system, or health outcome component.
(EXCLUDE) The record concerns green-energy/fuel-cell and battery operation for a ferry, which may constitute a climate-mitigation-related technology, but it contains no explicit human health outcome, exposure pathway, health-system consideration, or health-protection aim.",This article considers a ferry ship supplied by fuel cells (FCs) and batteries as the main sources of ship's power.,0.00,100.00,2026-09-03_18-26-00_terra
1015,e0f2bbc2-f257-450f-b078-5d377db903c2,A Comparative Analysis of Optimal Operation Scenarios in Hybrid Emission-Free Ferry Ships,5,include - best balance,True,,,,,False,False,"[self-consistency: 0/3 INCLUDE]
(EXCLUDE) The record concerns green-energy ship power management, which may relate to mitigation, but it does not substantively address human health, health systems, or a recognised climate-health exposure pathway.
(EXCLUDE) The record addresses green-energy ship power systems, which plausibly relates to climate mitigation, but it contains no substantive human-health outcome, exposure pathway, or health-system connection.
(EXCLUDE) The record addresses green-energy ship power and operational optimization, which may relate to mitigation, but it contains no substantive human health outcome, exposure pathway, or health-system connection.",This article considers a ferry ship supplied by fuel cells (FCs) and batteries as the main sources of ship's power.,0.00,100.00,2026-09-03_18-26-00_terra
1015,e0f2bbc2-f257-450f-b078-5d377db903c2,A Comparative Analysis of Optimal Operation Scenarios in Hybrid Emission-Free Ferry Ships,6,include - high recall,True,,,,,False,True,"[self-consistency: 3/3 INCLUDE]
(INCLUDE) The study substantively examines replacement of conventional ship energy use with fuel cells and batteries, an energy/fossil-fuel mitigation action. Under the criteria, a mitigation action qualifies even without a separately stated health outcome.
(INCLUDE) The study addresses replacement of conventional ship energy use with fuel cells and batteries, a plausible fossil-fuel-reducing mitigation action. Under the criteria, a mitigation action itself qualifies as health-relevant even though no separate health outcome is reported.
(INCLUDE) The record substantively concerns replacing conventional ship energy use with fuel cells and batteries, which is a plausible fossil-fuel-reducing mitigation technology. Under the criteria, a mitigation action qualifies even without a separately stated health outcome.",“This article considers a ferry ship supplied by fuel cells (FCs) and batteries as the main sources of ship's power.”,0.00,98.29,2026-09-03_18-26-00_terra
5966,e1052446-8637-4193-83e3-fd108d50443e,Seed Priming with Salicylic Acid Improves Germination and Seedling Growth of Rice (Oryza sativa L.) under PEG-6000 Induced Water Stress,0,include - high precision,True,,,,,True,False,"[self-consistency: 0/3 INCLUDE]
(EXCLUDE) The record substantively examines drought/deficit-water stress in rice, but it does not explicitly address human health, nutrition, food security, human exposure, or any other health outcome. Plant germination and seedling growth alone do not meet the health-component criterion.
(EXCLUDE) The record substantively addresses drought/deficit-water stress, but all outcomes concern rice germination and seedling growth. It does not explicitly connect this work to human health, nutrition, food security, or any other human-health outcome or exposure pathway.
(EXCLUDE) The record substantively examines water-deficit/drought stress in rice, which provides a climate-related component. However, it only reports plant germination and growth outcomes and does not explicitly connect the rice crop to human food security, nutrition, human exposure, or any other human health outcome.","""An experiment was carried out ... to evaluate the effectiveness of seed priming ... in improving seed germination, seedling vigor index and growth characteristics of rice grown under deficit water stress.""",0.00,85.44,2026-09-03_18-26-00_terra
5966,e1052446-8637-4193-83e3-fd108d50443e,Seed Priming with Salicylic Acid Improves Germination and Seedling Growth of Rice (Oryza sativa L.) under PEG-6000 Induced Water Stress,5,include - best balance,True,,,,,True,True,"[self-consistency: 3/4 INCLUDE]
(INCLUDE) The study substantively addresses drought/deficit water stress and evaluates priming to improve rice germination and growth. Rice is a human food crop, so protecting its production under drought engages the food security and nutrition climate-health pathway.
(INCLUDE) The study substantively examines water-deficit (drought) stress and a seed-priming adaptation to improve establishment of rice, a human food crop. This engages the climate-related food supply and nutrition/food-security health pathway.
(EXCLUDE) The study substantively examines drought/deficit-water stress, providing a climate-related component. However, it reports plant germination and seedling growth only and does not substantively connect these findings to human health, nutrition, food supply, or any other recognised health outcome or pathway.
(INCLUDE) The study substantively addresses drought/deficit-water stress and an adaptation-relevant practice (seed priming) that improves rice germination and growth. Rice is a human food crop, so protection of its production engages the recognised food-security and nutrition health pathway.","In drought prone areas, poor seed germination and seedling emergence are the major problems.",0.00,100.00,2026-09-03_18-26-00_terra
5966,e1052446-8637-4193-83e3-fd108d50443e,Seed Priming with Salicylic Acid Improves Germination and Seedling Growth of Rice (Oryza sativa L.) under PEG-6000 Induced Water Stress,6,include - high recall,True,,,,,True,True,"[self-consistency: 3/3 INCLUDE]
(INCLUDE) The study addresses drought/deficit-water stress and evaluates seed priming to improve rice establishment under that stress. This is an adaptation action protecting a human food crop, which qualifies through the food-security/nutrition pathway.
(INCLUDE) The study substantively addresses deficit water stress (a drought/climate-related hazard) and evaluates seed priming to improve rice establishment under that stress. Rice is a human food crop, so this engages the food security and nutrition climate-health pathway.
(INCLUDE) The study substantively addresses drought/deficit-water stress and tests seed priming to improve rice establishment under this climate-related hazard. Rice is a human food crop, so improving its performance under water stress fits the recognised food-security/nutrition climate-health exposure pathway.",Seed priming is known to improve germination and seedling emergence under different environmental stresses.,0.00,100.00,2026-09-03_18-26-00_terra
6025236,e23817a4-d899-448e-bd7f-1556bb670b93,Nanotechnology Applications in the Sectors of Renewable Energy Sources,0,include - high precision,True,,,,,False,False,"[self-consistency: 0/3 INCLUDE]
(EXCLUDE) The chapter substantively discusses renewable-energy technologies, which can constitute climate mitigation, but it does not explicitly state any human health outcome, health exposure pathway, or health-system connection.
(EXCLUDE) The record substantively concerns renewable-energy technologies, which can constitute climate mitigation, but it does not explicitly state any human health outcome, exposure pathway affecting people, or health-system relevance.
(EXCLUDE) The record substantively concerns renewable-energy technologies, which may relate to climate mitigation, but it does not explicitly address human health, health outcomes, human exposure, or health systems. General societal and environmental betterment is not a stated health component.","""The main motive of this chapter is to present the contributions of nanotechnology toward the RESs and to promote the use of more and more RESs for the betterment of society.""",0.00,98.86,2026-09-03_18-26-00_terra
6025236,e23817a4-d899-448e-bd7f-1556bb670b93,Nanotechnology Applications in the Sectors of Renewable Energy Sources,5,include - best balance,True,,,,,False,False,"[self-consistency: 0/3 INCLUDE]
(EXCLUDE) The record substantively addresses renewable energy technologies, which is a climate-mitigation component. However, it does not substantively address human health, health outcomes, health systems, or a recognised climate-health exposure pathway; societal and environmental betterment alone is insufficient.
(EXCLUDE) The chapter substantively concerns renewable-energy technologies, which can constitute a climate-mitigation component, but it does not substantively address human health, health outcomes, health systems, or a recognised climate-health exposure pathway.
(EXCLUDE) The record substantively concerns renewable-energy technologies, which can constitute climate mitigation, but it does not substantively address human health, health systems, or a recognised climate-health exposure pathway.",“This chapter covers numerous contributions from nanotechnology to the RESs.”,0.00,97.40,2026-09-03_18-26-00_terra
6025236,e23817a4-d899-448e-bd7f-1556bb670b93,Nanotechnology Applications in the Sectors of Renewable Energy Sources,6,include - high recall,True,,,,,False,True,"[self-consistency: 3/3 INCLUDE]
(INCLUDE) The record substantively concerns renewable-energy technologies, including solar and wind energy. Renewable energy constitutes a climate-mitigation action by reducing or replacing fossil-fuel use; under the criteria, a mitigation action qualifies even without a separate health outcome.
(INCLUDE) The chapter substantively discusses renewable-energy technologies (solar, wind, batteries, and supercapacitors), which are mitigation actions that reduce or replace fossil-fuel energy. Under the criteria, a mitigation action qualifies as health-relevant without a separate health outcome.
(INCLUDE) The chapter substantively discusses renewable-energy technologies (solar, wind, batteries, and supercapacitors), which are mitigation actions because they can reduce or replace fossil-fuel energy use. Under the screening criteria, a mitigation action qualifies even without a separately stated health outcome.","Some prominent examples of nanotechnology applications in the energy sector such as solar, wind energy, batteries, and super capacitors are discussed in this chapter.",0.00,100.00,2026-09-03_18-26-00_terra
1447017,e28e4893-afee-4a9c-9bfb-1306085b86fd,Interactions between Polygenetic Variants and Lifestyle Factors in Hypothyroidism: A Hospital-Based Cohort Study,0,include - high precision,True,,,,,False,False,"[self-consistency: 0/3 INCLUDE]
(EXCLUDE) The record substantively concerns human hypothyroidism and disease risk, but it contains no explicit climate, weather, greenhouse-gas, fossil-fuel, mitigation, or climate-adaptation component.
(EXCLUDE) The record substantively concerns human hypothyroidism and its genetic and dietary risk factors, but it contains no explicit climate, weather, greenhouse-gas, climate mitigation, or climate adaptation component.
(EXCLUDE) The record substantively concerns human hypothyroidism and related health risks, but it contains no explicit climate, weather, climate-related hazard, greenhouse-gas/fossil-fuel, mitigation, or adaptation component.",This study aimed to investigate the polygenic variants associated with hypothyroidism risk and the interaction of polygenic risk scores (PRS) with dietary patterns in influencing disease risk,0.00,100.00,2026-09-03_18-26-00_terra
1447017,e28e4893-afee-4a9c-9bfb-1306085b86fd,Interactions between Polygenetic Variants and Lifestyle Factors in Hypothyroidism: A Hospital-Based Cohort Study,5,include - best balance,True,,,,,False,False,"[self-consistency: 0/3 INCLUDE]
(EXCLUDE) The record substantively concerns a human health outcome (hypothyroidism), but it does not address a climate/weather factor, climate-related hazard, mitigation action, or adaptation action. Dietary patterns and smoking are studied as individual risk-factor interactions, not as climate-related exposures or interventions.
(EXCLUDE) The record addresses a human health condition (hypothyroidism) and genetic/dietary risk factors, but it does not substantively address any climate or weather factor, climate-related hazard, mitigation action, or adaptation action.
(EXCLUDE) The record substantively addresses a human health outcome (hypothyroidism), but it contains no substantive climate or weather factor, climate-related hazard, mitigation action, or adaptation action. Dietary patterns and smoking are studied as non-climate risk modifiers.",This study aimed to investigate the polygenic variants associated with hypothyroidism risk and the interaction of polygenic risk scores (PRS) with dietary patterns in influencing disease risk,0.00,100.00,2026-09-03_18-26-00_terra
1447017,e28e4893-afee-4a9c-9bfb-1306085b86fd,Interactions between Polygenetic Variants and Lifestyle Factors in Hypothyroidism: A Hospital-Based Cohort Study,6,include - high recall,True,,,,,False,False,"[self-consistency: 0/3 INCLUDE]
(EXCLUDE) The record concerns hypothyroidism, genetics, diet, and smoking, but does not substantively address any climate or weather factor, climate-related hazard, greenhouse-gas/fossil-fuel issue, mitigation, or adaptation action.
(EXCLUDE) The record addresses a human health outcome (hypothyroidism) and diet/genetic risk factors, but it contains no substantive climate, weather, greenhouse-gas, fossil-fuel, mitigation, or climate-adaptation component.
(EXCLUDE) The record substantively concerns hypothyroidism, genetics, diet, and lifestyle, so it has a health component. However, it does not address any climate or weather factor, climate-related hazard, greenhouse gas, fossil fuel, mitigation, or adaptation action.",“This study aimed to investigate the polygenic variants associated with hypothyroidism risk and the interaction of polygenic risk scores (PRS) with dietary patterns in influencing disease risk”,0.00,98.96,2026-09-03_18-26-00_terra
323408018,e3491617-087e-4f55-95d0-3f2261ba2642,Boosting Catalytic and Anti-fluorination Performance of the Ru/Vanadia–Titania Catalyst for the Oxidative Destruction of Freon by Sulfuric Acid Modification,0,include - high precision,True,,,,,False,False,"[self-consistency: 0/3 INCLUDE]
(EXCLUDE) The record has an explicit climate component because it studies catalytic removal of greenhouse gases (CFCs). However, it does not explicitly address human health, human exposure, health outcomes, or health systems; it is a catalyst-performance study.
(EXCLUDE) The record substantively concerns mitigation of a greenhouse gas through catalytic CFC removal, but it contains no explicit human health outcome, human exposure, health-system connection, or stated protection of people or health.
(EXCLUDE) The record explicitly concerns removal of CFCs, which are climate-forcing greenhouse gases and therefore provides a climate/mitigation component. However, it reports catalyst performance and reaction chemistry only, with no explicit human-health outcome, human exposure, or health-system connection.",Chlorofluorocarbons (CFCs) exert a strong greenhouse effect and constitute the largest contributor to ozone depletion.,0.00,100.00,2026-09-03_18-26-00_terra
323408018,e3491617-087e-4f55-95d0-3f2261ba2642,Boosting Catalytic and Anti-fluorination Performance of the Ru/Vanadia–Titania Catalyst for the Oxidative Destruction of Freon by Sulfuric Acid Modification,5,include - best balance,True,,,,,False,False,"[self-consistency: 0/3 INCLUDE]
(EXCLUDE) The study substantively addresses climate mitigation through catalytic removal of the greenhouse gas CFC-12. However, it reports catalyst activity and reaction mechanisms only, with no substantive human-health outcome, health exposure pathway, or health-protection aim.
(EXCLUDE) The study has a substantive climate-mitigation component through catalytic removal of the greenhouse gas CFC-12. However, it reports catalyst performance and reaction mechanisms only, with no substantive human-health outcome, exposure pathway, or stated health-protection aim.
(EXCLUDE) The study substantively concerns removal of a greenhouse gas (CFC-12), so it has a climate-mitigation component. However, it reports catalyst performance and reaction chemistry only, with no substantive connection to human health, health systems, or a recognised climate-health exposure pathway.",“Chlorofluorocarbons (CFCs) exert a strong greenhouse effect and constitute the largest contributor to ozone depletion. Catalytic removal is considered an effective pathway for eliminating low-concentration CFCs”,0.00,99.53,2026-09-03_18-26-00_terra
323408018,e3491617-087e-4f55-95d0-3f2261ba2642,Boosting Catalytic and Anti-fluorination Performance of the Ru/Vanadia–Titania Catalyst for the Oxidative Destruction of Freon by Sulfuric Acid Modification,6,include - high recall,True,,,,,False,True,"[self-consistency: 3/3 INCLUDE]
(INCLUDE) The study directly investigates catalytic removal of CFC-12, a potent greenhouse gas. This is a mitigation technology/action, which qualifies as health-relevant under the screening criteria even without a separate human-health outcome.
(INCLUDE) The study substantively evaluates catalytic removal of CFC-12, a potent greenhouse gas. This is a climate-mitigation action, which qualifies as health-relevant under the screening criteria even without a separate human-health outcome.
(INCLUDE) The record substantively studies catalytic removal of CFC-12, a stated greenhouse gas. This is a greenhouse-gas mitigation action, which qualifies under the criteria even without a separate human-health outcome.",Catalytic removal is considered an effective pathway for eliminating low-concentration CFCs under mild conditions.,0.00,100.00,2026-09-03_18-26-00_terra
4376,e3ec4f4a-7a2c-4830-b594-b82b015197c4,"In-flight fiber optic acoustic emission sensor (FAESense) system for the real time detection, localization, and classification of damage in composite aircraft structures",0,include - high precision,True,,,,,False,False,"[self-consistency: 0/3 INCLUDE]
(EXCLUDE) The record concerns structural health monitoring of aerospace and other engineered structures. It does not explicitly address a climate/weather factor, mitigation or adaptation, nor human health outcomes, exposures, or health systems.
(EXCLUDE) The record concerns structural health monitoring of aerospace and other engineered structures. It does not explicitly address climate/weather factors, climate mitigation or adaptation, or human health outcomes/exposures.
(EXCLUDE) The record concerns structural health monitoring of aerospace and other engineered structures. It does not explicitly address climate factors, climate mitigation/adaptation, or human health outcomes/exposures.","""Acoustic emission sensing is a leading structural health monitoring technique use for the early warning detection of structural damage associated with impacts, cracks, fracture, and delaminations in advanced materials.""",0.00,99.54,2026-09-03_18-26-00_terra
4376,e3ec4f4a-7a2c-4830-b594-b82b015197c4,"In-flight fiber optic acoustic emission sensor (FAESense) system for the real time detection, localization, and classification of damage in composite aircraft structures",5,include - best balance,True,,,,,False,False,"[self-consistency: 0/3 INCLUDE]
(EXCLUDE) The record concerns structural health monitoring of aerospace, industrial, and wind-turbine structures. “Health” refers to structural condition rather than human health, and it does not substantively address climate factors, mitigation, adaptation, or human health outcomes.
(EXCLUDE) The record concerns structural health monitoring of aerospace and other engineered structures. It does not substantively address climate, weather, mitigation, adaptation, or a human-health outcome/pathway; “structural health” is not human health.
(EXCLUDE) The record concerns structural health monitoring of aerospace and other engineered structures. It does not substantively address a climate/weather factor, climate mitigation or adaptation, or human health outcomes/exposure pathways; “health monitoring” refers to structural condition rather than human health.","“Acoustic emission sensing is a leading structural health monitoring technique use for the early warning detection of structural damage associated with impacts, cracks, fracture, and delaminations in advanced materials.”",0.00,99.54,2026-09-03_18-26-00_terra
4376,e3ec4f4a-7a2c-4830-b594-b82b015197c4,"In-flight fiber optic acoustic emission sensor (FAESense) system for the real time detection, localization, and classification of damage in composite aircraft structures",6,include - high recall,True,,,,,False,False,"[self-consistency: 0/3 INCLUDE]
(EXCLUDE) The record concerns structural health monitoring of aerospace and other engineered structures. It does not substantively address climate, weather, mitigation, adaptation, or human health.
(EXCLUDE) The record concerns structural health monitoring of aerospace and other engineered structures. It does not substantively address climate factors, mitigation/adaptation, or human health outcomes/exposure pathways; “health monitoring” refers to structural integrity.
(EXCLUDE) The record concerns structural health monitoring of aerospace and industrial structures. Although wind turbine blades are listed among potential applications, climate mitigation is not substantively analysed, and no human health outcome, exposure pathway, or health-system relevance is addressed.","This paper describes progress towards the development of a wireless in-flight distributed fiber optic acoustic emission monitoring system (FAESense™) suitable for the onboard-unattended detection, localization, and classification of damage in avionics and aerospace structures.",0.00,100.00,2026-09-03_18-26-00_terra
184770,e430ce1e-6df5-4a1b-a7f5-9f5c592f0eb3,,0,include - high precision,True,,,,,False,False,"[self-consistency: 0/3 INCLUDE]
(EXCLUDE) The record concerns mutagenicity of a particulate-associated chemical in human cells and mentions potential human lung cancer risk, but it does not substantively address climate change, a climate/weather factor, or a mitigation/adaptation action. Diesel particulates are discussed as a toxicant exposure rather than as a climate-forcing agent or fossil-fuel/climate topic.
(EXCLUDE) The record concerns the in-vitro mutagenic mechanism of a specific chemical in human cells. Although it mentions diesel exhaust and airborne particulates and discusses potential human cancer risk, it does not substantively analyse a climate factor, mitigation/adaptation action, or human exposure/health outcomes; a single chemical studied in vitro is explicitly insufficient for the climate component.
(EXCLUDE) The record examines the mutagenic mechanism of a specific chemical in plasmids and human cells. Although it mentions diesel exhaust and airborne particulates, it does not substantively analyse a climate factor, climate mitigation/adaptation, or human exposure to climate-related particulate pollution; the chemical is studied as a mutagen/toxicant.",3-Nitrobenzanthrone (3-NBA) is a potent environmental mutagen and a potential human carcinogen present in diesel exhaust and airborne particulates.,0.00,100.00,2026-09-03_18-26-00_terra
184770,e430ce1e-6df5-4a1b-a7f5-9f5c592f0eb3,,5,include - best balance,True,,,,,False,False,"[self-consistency: 0/3 INCLUDE]
(EXCLUDE) The record investigates in-vitro/cellular mutagenic mechanisms of a diesel-exhaust particulate constituent. Diesel exhaust is mentioned as the source of the chemical, but no climate/weather factor, mitigation, or adaptation is substantively analysed. The health relevance is limited to cellular findings and a potential cancer-risk implication, rather than a direct human-health outcome.
(EXCLUDE) The record concerns mutagenicity of a specific diesel-exhaust particulate chemical in human cells. Although it mentions potential human cancer risk, it does not substantively address a climate/weather factor, climate mitigation, or adaptation; the particulate-associated chemical is studied as a toxicant rather than as a climate-forcing exposure.
(EXCLUDE) The record studies mutagenic mechanisms of a diesel-exhaust chemical in human cell models. It does not substantively address a climate factor, mitigation, or adaptation, and the cellular findings do not constitute a direct human-health outcome under the criteria.",Here we analyzed mutations induced by N-Aco-ABA using supF shuttle vector plasmids to elucidate the mutagenic specificity of 3-NBA in human cells.,0.00,100.00,2026-09-03_18-26-00_terra
184770,e430ce1e-6df5-4a1b-a7f5-9f5c592f0eb3,,6,include - high recall,True,,,,,False,False,"[self-consistency: 0/3 INCLUDE]
(EXCLUDE) The record addresses mutagenicity and potential human lung-cancer risk from a specific diesel-exhaust-associated chemical, using plasmids and human cell models. Although particulate matter is mentioned as the source, no climate factor, mitigation, or adaptation action is substantively analysed; this is a toxicology study of a single chemical.
(EXCLUDE) Although 3-NBA is described as occurring in diesel exhaust and airborne particulates and the paper mentions human lung-cancer risk, the study is an in-vitro/cellular mutagenicity investigation of a specific chemical metabolite. It does not substantively analyse a climate factor, mitigation/adaptation action, or human health outcome.
(EXCLUDE) The record studies mutagenicity and DNA adducts in human cell/plasmid models for a chemical found in diesel exhaust. It does not substantively assess a climate factor or mitigation/adaptation action, and the potential human cancer relevance is not evaluated through a human-health outcome.",3-Nitrobenzanthrone (3-NBA) is a potent environmental mutagen and a potential human carcinogen present in diesel exhaust and airborne particulates.,0.00,100.00,2026-09-03_18-26-00_terra
85383,e4d06672-832b-4364-a782-0cffd3ec1a53,,0,include - high precision,True,,,,,False,False,"[self-consistency: 0/3 INCLUDE]
(EXCLUDE) The record concerns optimization of a biomass-derived hydrogen-production process and CO2 capture, but it contains no explicit human health outcome, human exposure, health-system issue, or stated health benefit.
(EXCLUDE) The record concerns hydrogen production and CO2 capture in a biomass-derived fuel-processing process. Although it includes a potentially climate-relevant mitigation technology, it contains no explicit human health outcome, exposure, health system, or health-protection component.
(EXCLUDE) The record concerns an industrial hydrogen-production process and CO2 sorption. Although it involves biomass-derived bio-oil and CO2, it does not explicitly address climate change/mitigation as an objective or any human health outcome, exposure, or health system.","“High-purity H2 was produced by the sorption enhanced steam reforming (SESR) of acetic acid, a model compound of bio-oil obtained from the fast pyrolysis of biomass, in a fluidized bed reactor.”",0.00,98.97,2026-09-03_18-26-00_terra
85383,e4d06672-832b-4364-a782-0cffd3ec1a53,,5,include - best balance,True,,,,,False,False,"[self-consistency: 0/3 INCLUDE]
(EXCLUDE) The record concerns hydrogen production from biomass-derived bio-oil and CO2 capture, which may relate to mitigation, but it contains no substantive human health outcome, health exposure pathway, or health-system connection.
(EXCLUDE) The record concerns hydrogen production from biomass-derived bio-oil, which may relate to lower-carbon energy or mitigation, but it does not substantively address any human health outcome, health exposure pathway, or health system.
(EXCLUDE) The record concerns hydrogen production from biomass-derived bio-oil and CO2 capture, which may relate to climate mitigation, but it contains no substantive human health outcome, exposure pathway, or health-system component.","""High-purity H2 was produced by the sorption enhanced steam reforming (SESR) of acetic acid, a model compound of bio-oil obtained from the fast pyrolysis of biomass""",0.00,98.79,2026-09-03_18-26-00_terra
85383,e4d06672-832b-4364-a782-0cffd3ec1a53,,6,include - high recall,True,,,,,False,False,"[self-consistency: 2/5 INCLUDE]
(INCLUDE) The record studies production of hydrogen from biomass-derived bio-oil, a plausibly fossil-fuel-replacing energy technology and thus a mitigation action. Under the screening criteria, mitigation actions qualify without a separate health outcome.
(EXCLUDE) The record describes optimization of a chemical hydrogen-production process and reactor CO2 sorption. It does not explicitly connect the process to climate-change mitigation or fossil-fuel replacement, and it contains no human-health outcome or recognised climate-health exposure pathway.
(INCLUDE) The study substantively evaluates a hydrogen-production process using CO2 capture/sorption, which is a climate-mitigation technology. A mitigation action qualifies even without a separate human-health outcome.
(EXCLUDE) The record describes optimisation of a hydrogen-production process and CO2 sorption in a reactor, but does not explicitly address climate change, emissions mitigation or fossil-fuel replacement as an objective or outcome. It also contains no human-health outcome or recognised climate-health exposure pathway.
(EXCLUDE) The record describes optimization of a hydrogen-production and CO2-sorption process, but does not explicitly connect it to climate mitigation, climate/weather impacts, adaptation, or any human-health outcome or recognised climate-health exposure pathway.","“High-purity H2 was produced by the sorption enhanced steam reforming (SESR) of acetic acid, a model compound of bio-oil obtained from the fast pyrolysis of biomass”",0.00,98.79,2026-09-03_18-26-00_terra
7064,e5184085-c6df-400c-9814-2c0411eba235,Semi-automated BSM model building procedures in MARTY-1.1 through a 2HDM example,0,include - high precision,True,,,,,False,False,"[self-consistency: 0/3 INCLUDE]
(EXCLUDE) The record describes a high-energy physics computer algebra system and beyond-Standard-Model calculations. It does not explicitly address any climate/weather factor, mitigation/adaptation action, or human health outcome/exposure.
(EXCLUDE) The record describes a high-energy physics computer algebra system and beyond-the-Standard-Model calculations. It does not explicitly address any climate-related factor, mitigation/adaptation action, or human health outcome/pathway.
(EXCLUDE) The record describes a high-energy physics computer algebra system and a particle-physics model. It contains no explicit climate/weather, mitigation, or adaptation component and no human health component.",,0.00,0.00,2026-09-03_18-26-00_terra
7064,e5184085-c6df-400c-9814-2c0411eba235,Semi-automated BSM model building procedures in MARTY-1.1 through a 2HDM example,5,include - best balance,True,,,,,False,False,"[self-consistency: 0/3 INCLUDE]
(EXCLUDE) The record concerns a C++ computer algebra system for high-energy physics and beyond-the-Standard-Model calculations. It does not substantively address a climate factor, mitigation or adaptation action, nor human health or health systems.
(EXCLUDE) The record describes a C++ computer algebra system for high-energy particle physics and beyond-the-Standard-Model calculations. It does not substantively address any climate factor, mitigation/adaptation action, or human health outcome or pathway.
(EXCLUDE) The record concerns a C++ computer algebra system for high-energy physics and beyond-the-Standard-Model calculations. It does not substantively address climate-related factors, mitigation or adaptation, nor human health outcomes or pathways.",,0.00,0.00,2026-09-03_18-26-00_terra
7064,e5184085-c6df-400c-9814-2c0411eba235,Semi-automated BSM model building procedures in MARTY-1.1 through a 2HDM example,6,include - high recall,True,,,,,False,False,"[self-consistency: 0/3 INCLUDE]
(EXCLUDE) The record concerns a computational physics tool for beyond-the-Standard-Model calculations and contains no substantive climate, weather, mitigation/adaptation, or human-health component.
(EXCLUDE) The record concerns a high-energy physics computer algebra system and beyond-the-Standard-Model model building. It does not substantively address climate, weather, mitigation/adaptation, or human health.
(EXCLUDE) The record concerns a high-energy physics computer algebra system and beyond-the-Standard-Model model building. It does not substantively address climate, weather, mitigation, adaptation, or human health.",“MARTY is a C++ computer algebra system specialized for High Energy Physics”,0.00,98.67,2026-09-03_18-26-00_terra
582288464,e653d09a-b246-48fd-88b3-aec5823a4670,"&lt;title&gt;Advances in radio frequency tumor ablation therapy: technical considerations, strategies for increasing coagulation necrosis volume, and preliminary clinical results&lt;/title&gt;",0,include - high precision,True,,,,,False,False,"[self-consistency: 0/3 INCLUDE]
(EXCLUDE) The record concerns radiofrequency tumor ablation for malignancies, which is a human-health topic, but it does not substantively address climate change, weather, climate-related hazards, greenhouse gases, or climate mitigation/adaptation. The RF energy discussed is a medical treatment rather than a climate component.
(EXCLUDE) The record concerns radiofrequency ablation for malignancies and technical parameters for induced tissue necrosis. It does not explicitly address climate change, weather, greenhouse gases, fossil fuels, or climate mitigation/adaptation.
(EXCLUDE) The record concerns radiofrequency ablation for treatment of malignancies. Although it discusses thermal effects, it does not substantively address climate change, weather, climate-related hazards, greenhouse gases, fossil fuels, mitigation, or adaptation.","Early clinical trials with this technology have studied the treatment of hepatic, cerebral, and bony malignancies.",0.00,100.00,2026-09-03_18-26-00_terra
582288464,e653d09a-b246-48fd-88b3-aec5823a4670,"&lt;title&gt;Advances in radio frequency tumor ablation therapy: technical considerations, strategies for increasing coagulation necrosis volume, and preliminary clinical results&lt;/title&gt;",5,include - best balance,True,,,,,False,False,"[self-consistency: 0/3 INCLUDE]
(EXCLUDE) The record concerns radiofrequency tumor ablation for malignancies. Although it addresses a health-related clinical treatment, radiofrequency here is a medical energy modality rather than a climate or weather factor, mitigation action, or adaptation action.
(EXCLUDE) The record concerns radiofrequency tumor ablation for malignancies and technical optimization of the procedure. Although it addresses a health-related treatment, it contains no substantive climate, weather, greenhouse-gas, fossil-fuel, mitigation, or climate-adaptation component.
(EXCLUDE) The record concerns radiofrequency tumor ablation for malignancies and technical treatment parameters. It contains a human-health component but no substantive climate, weather, climate-forcing, mitigation, or adaptation component; radiofrequency here is a medical treatment, not a climate-related factor.","""Early clinical trials with this technology have studied the treatment of hepatic, cerebral, and bony malignancies.""",0.00,98.28,2026-09-03_18-26-00_terra
582288464,e653d09a-b246-48fd-88b3-aec5823a4670,"&lt;title&gt;Advances in radio frequency tumor ablation therapy: technical considerations, strategies for increasing coagulation necrosis volume, and preliminary clinical results&lt;/title&gt;",6,include - high recall,True,,,,,False,False,"[self-consistency: 0/3 INCLUDE]
(EXCLUDE) The record concerns radiofrequency tumor ablation for malignancies and its technical parameters. Although it has a health component, it does not substantively address climate change, weather, climate-related hazards, greenhouse gases, fossil fuels, mitigation, or adaptation.
(EXCLUDE) The record concerns radiofrequency tumor-ablation techniques and clinical treatment of malignancies. It has a human-health component, but no substantive climate, weather, greenhouse-gas, mitigation, or adaptation component.
(EXCLUDE) The record concerns radiofrequency tumor ablation for malignancies and its technical parameters. It addresses a clinical treatment but contains no substantive climate, weather, greenhouse-gas, mitigation, or climate-adaptation component.",Radiofrequency (RF) tumor ablation has been demonstrated as a reliable method for creating thermally induced coagulation necrosis,0.00,100.00,2026-09-03_18-26-00_terra
590446040,e76c25f4-46fb-4020-abaa-f2bbb83bd1e2,Training managers to take account of recent legislation,0,include - high precision,True,,,,,False,False,"[self-consistency: 0/3 INCLUDE]
(EXCLUDE) The record concerns management training related to the Industrial Relations Act 1971. It does not explicitly address a climate or weather factor, mitigation/adaptation, or any human-health outcome or exposure pathway.
(EXCLUDE) The record concerns management training related to the Industrial Relations Act 1971. It contains no explicit climate/weather, mitigation, or adaptation component, and no substantive human-health outcome or health-system component.
(EXCLUDE) The record concerns management training related to the Industrial Relations Act 1971. It does not explicitly address any climate factor, mitigation/adaptation action, or human health outcome/exposure pathway.",“Crawley College of Technology ran an Action for Management programme.”,0.00,97.18,2026-09-03_18-26-00_terra
590446040,e76c25f4-46fb-4020-abaa-f2bbb83bd1e2,Training managers to take account of recent legislation,5,include - best balance,True,,,,,False,False,"[self-consistency: 0/3 INCLUDE]
(EXCLUDE) The record concerns management training related to the Industrial Relations Act 1971 and contains no substantive climate/weather, mitigation, or adaptation component, nor a human health component.
(EXCLUDE) The record concerns management training related to the Industrial Relations Act 1971 and contains no substantive climate/weather, mitigation, or adaptation component, nor a human-health outcome or health-related exposure pathway.
(EXCLUDE) The record concerns management training related to the Industrial Relations Act 1971 and contains no substantive climate/weather, mitigation, or adaptation component, nor a human health or health-system component.",“Crawley College of Technology ran an Action for Management programme.”,0.00,97.18,2026-09-03_18-26-00_terra
590446040,e76c25f4-46fb-4020-abaa-f2bbb83bd1e2,Training managers to take account of recent legislation,6,include - high recall,True,,,,,False,False,"[self-consistency: 0/3 INCLUDE]
(EXCLUDE) The record concerns management training related to the Industrial Relations Act 1971 and contains no substantive climate/weather, mitigation, adaptation, or human-health component.
(EXCLUDE) The record concerns management training related to the Industrial Relations Act 1971 and contains no substantive climate, weather, mitigation, adaptation, or human-health component.
(EXCLUDE) The record concerns management training related to the Industrial Relations Act 1971 and contains no substantive climate, weather, mitigation, adaptation, or human-health component.","""Crawley College of Technology ran an Action for Management programme.""",0.00,97.18,2026-09-03_18-26-00_terra
4686393638,e7b6c454-f386-4808-95cb-a36f5e001d67,Přepadení transportů peněz a cenností,0,include - high precision,True,,,,,False,False,"[self-consistency: 0/3 INCLUDE]
(EXCLUDE) The record mentions psychological preparation and care, but it contains no explicit climate, weather, climate-change, mitigation, or adaptation component.
(EXCLUDE) The record mentions psychological preparation and care, but it does not explicitly address any climate, weather, climate-related hazard, mitigation, or adaptation component.
(EXCLUDE) The record concerns behavioural rules and psychological preparation/care for crews involved in assault transport vehicles, but it does not explicitly address any climate or weather factor, climate mitigation, or climate adaptation.","""In the next section suggest the behavior of crew just before, during and after assault transport vehicles and psychological aspects whitch concerns that.""",0.00,98.71,2026-09-03_18-26-00_terra
4686393638,e7b6c454-f386-4808-95cb-a36f5e001d67,Přepadení transportů peněz a cenností,5,include - best balance,True,,,,,False,False,"[self-consistency: 0/3 INCLUDE]
(EXCLUDE) The record discusses transport-crew behavior and psychological preparation/care, but it contains no substantive climate, weather, climate hazard, mitigation, or adaptation component.
(EXCLUDE) The document concerns crew behavior and psychological preparation/care related to transport, but contains no substantive climate, weather, climate-hazard, mitigation, or adaptation component.
(EXCLUDE) The record concerns crew behavior and psychological preparation/care related to transport or assault transport vehicles, but it does not substantively address any climate, weather, mitigation, or adaptation factor. Although psychological aspects are mentioned, no climate-health connection is described.","""The aim of this work is to describe the proper behavior of crew transport vehicle before, during and after transport and communicate rules of this behavior.""",0.00,99.36,2026-09-03_18-26-00_terra
4686393638,e7b6c454-f386-4808-95cb-a36f5e001d67,Přepadení transportů peněz a cenností,6,include - high recall,True,,,,,False,False,"[self-consistency: 0/3 INCLUDE]
(EXCLUDE) The record concerns behavior and psychological preparation/care related to crew transport and assault transport vehicles, but it does not substantively address any climate or weather factor, climate mitigation, or climate adaptation action.
(EXCLUDE) The record concerns crew behavior and psychological preparation/care during transport, but does not explicitly address climate change, weather, climate-related hazards, mitigation, or adaptation. Therefore, no qualifying climate-and-health connection is present.
(EXCLUDE) The record concerns crew transport procedures and psychological preparation/care, but it does not substantively address any climate, weather, climate-related hazard, greenhouse gas, fossil fuel, mitigation, or adaptation component.",,0.00,0.00,2026-09-03_18-26-00_terra
11097330,ea3a3cc2-3dc3-4a88-a813-b9594e737a26,A half century in medicinal chemistry with major emphasis on pain-relieving drugs and their antagonists,0,include - high precision,True,,,,,False,False,"[self-consistency: 0/3 INCLUDE]
(EXCLUDE) The record concerns medicinal chemistry and pain-relieving drugs. Although it relates to health, it contains no explicit substantive climate, weather, greenhouse-gas, mitigation, or adaptation component.
(EXCLUDE) The record concerns medicinal chemistry and pain-relieving drugs. Although it relates to health, it contains no explicit substantive climate, weather, emissions, fossil-fuel, mitigation, or adaptation component.
(EXCLUDE) The record concerns medicinal chemistry and pain-relieving drugs. It does not explicitly address any climate, weather, climate-forcing, mitigation, or adaptation component.",A half century in medicinal chemistry with major emphasis on pain-relieving drugs and their antagonists,0.00,100.00,2026-09-03_18-26-00_terra
11097330,ea3a3cc2-3dc3-4a88-a813-b9594e737a26,A half century in medicinal chemistry with major emphasis on pain-relieving drugs and their antagonists,5,include - best balance,True,,,,,False,False,"[self-consistency: 0/3 INCLUDE]
(EXCLUDE) The record concerns medicinal chemistry and pain-relieving drugs, which is health-related, but it provides no substantive climate, weather, mitigation, or adaptation component.
(EXCLUDE) The record concerns medicinal chemistry and pain-relieving drugs. Although it relates to human health, it contains no substantive climate, weather, greenhouse-gas, fossil-fuel, mitigation, or adaptation component.
(EXCLUDE) The record concerns medicinal chemistry and pain-relieving drugs. It has a health-related topic, but contains no substantive climate, weather, mitigation, adaptation, greenhouse-gas, fossil-fuel, or climate-hazard component.",A half century in medicinal chemistry with major emphasis on pain-relieving drugs and their antagonists,0.00,100.00,2026-09-03_18-26-00_terra
11097330,ea3a3cc2-3dc3-4a88-a813-b9594e737a26,A half century in medicinal chemistry with major emphasis on pain-relieving drugs and their antagonists,6,include - high recall,True,,,,,False,False,"[self-consistency: 0/3 INCLUDE]
(EXCLUDE) The record concerns medicinal chemistry and pain-relieving drugs, but provides no substantive climate, weather, emissions, mitigation, or adaptation component.
(EXCLUDE) The record concerns medicinal chemistry and pain-relieving drugs. It contains no substantive climate, weather, greenhouse-gas, mitigation, adaptation, or climate-related exposure component.
(EXCLUDE) The record concerns medicinal chemistry and pain-relieving drugs, but provides no substantive climate, weather, greenhouse-gas, mitigation, or adaptation component.",A half century in medicinal chemistry with major emphasis on pain-relieving drugs and their antagonists,0.00,100.00,2026-09-03_18-26-00_terra
29838,eaea0bd1-af2e-41bd-8009-5c80114a08cb,,0,include - high precision,True,,,,,False,False,"[self-consistency: 0/3 INCLUDE]
(EXCLUDE) The record concerns synthesis and physical/optical characterization of photocatalytic nanomaterials. It does not explicitly address climate factors, mitigation or adaptation, nor any human-health outcome, exposure, or health system.
(EXCLUDE) The record concerns synthesis and characterization of photocatalytic nanomaterials. It does not explicitly address a climate factor, mitigation/adaptation action, or any human health outcome or exposure pathway.
(EXCLUDE) The record concerns synthesis and characterization of photocatalytic nanomaterials. It does not explicitly address a climate/weather factor, mitigation or adaptation action, or any human health outcome or exposure pathway.",This work investigated the microstructure and optical properties of two titania-based nanomaterials decorated with Ag3PO4 nanoparticles.,0.00,100.00,2026-09-03_18-26-00_terra
29838,eaea0bd1-af2e-41bd-8009-5c80114a08cb,,5,include - best balance,True,,,,,False,False,"[self-consistency: 0/3 INCLUDE]
(EXCLUDE) The record concerns synthesis and characterization of photocatalytic nanomaterials. It does not substantively address a climate factor, mitigation/adaptation action, or any human-health outcome or recognised climate-health pathway.
(EXCLUDE) The record concerns synthesis and physical/optical characterization of photocatalytic nanomaterials. It does not substantively address a climate factor, mitigation or adaptation action, nor any human-health outcome or recognised climate-health exposure pathway.
(EXCLUDE) The record concerns synthesis and physical/optical characterization of photocatalytic nanomaterials. It does not substantively address a climate factor, mitigation/adaptation action, or any human-health outcome or climate-health exposure pathway.","""This work investigated the microstructure and optical properties of two titania-based nanomaterials decorated with Ag3PO4 nanoparticles.""",0.00,98.55,2026-09-03_18-26-00_terra
29838,eaea0bd1-af2e-41bd-8009-5c80114a08cb,,6,include - high recall,True,,,,,False,False,"[self-consistency: 0/3 INCLUDE]
(EXCLUDE) The record concerns synthesis and characterization of photocatalytic nanomaterials. It does not substantively address a climate factor, mitigation or adaptation action, or a human-health outcome or recognised climate-health exposure pathway.
(EXCLUDE) The record concerns synthesis and characterization of photocatalytic nanomaterials. It does not substantively address climate factors, mitigation or adaptation, nor human health outcomes or recognised climate-health exposure pathways.
(EXCLUDE) The record concerns synthesis and physical/optical characterization of photocatalytic nanomaterials. It does not substantively address climate factors, mitigation/adaptation, human health, or a recognised climate-health exposure pathway.",This work investigated the microstructure and optical properties of two titania-based nanomaterials decorated with Ag3PO4 nanoparticles.,0.00,100.00,2026-09-03_18-26-00_terra
3082115,eb9ee561-0364-4115-9c4d-b72d27315065,In vitro hyperthermic effect of magnetic fluid on cervical and breast cancer cells,0,include - high precision,True,,,,,False,False,"[self-consistency: 0/3 INCLUDE]
(EXCLUDE) The record concerns temperature-controlled magnetic nanoparticle hyperthermia in cancer cell lines. The temperature is a therapeutic laboratory parameter rather than a substantive climate or weather factor, mitigation action, or adaptation action; moreover, the health findings are in vitro cell death rather than a human-health outcome.
(EXCLUDE) The record studies magnetic nanoparticle-induced hyperthermia for cancer cells in vitro. Although it involves temperature and a health-related application, the temperature is a therapeutic laboratory condition rather than a climate or weather factor, mitigation action, or climate adaptation; moreover, the effects are only in cell lines.
(EXCLUDE) The record concerns magnetic nanoparticle hyperthermia tested in cancer cell lines. Although it discusses temperature, this is a therapeutic heating parameter rather than a climate or weather factor, mitigation action, or climate adaptation. It also lacks a qualifying human-health component because the outcomes are in vitro cancer-cell death.","To test this hypothesis magnetic fluid with said properties was synthesized, and its effect on cervical and breast cancer cell death was studied.",0.00,100.00,2026-09-03_18-26-00_terra
3082115,eb9ee561-0364-4115-9c4d-b72d27315065,In vitro hyperthermic effect of magnetic fluid on cervical and breast cancer cells,5,include - best balance,True,,,,,False,False,"[self-consistency: 0/3 INCLUDE]
(EXCLUDE) The record concerns nanoparticle-based magnetic hyperthermia tested in cancer cell lines. Although it addresses a health-related topic, it contains no substantive climate, weather, mitigation, or adaptation component; the temperature is a controlled therapeutic condition rather than a climate factor.
(EXCLUDE) The record concerns magnetic nanoparticle hyperthermia tested on cancer cell lines. It does not substantively address a climate/weather factor, climate mitigation, or climate adaptation, and the cell-model cancer results do not establish a qualifying human-health component under the criteria.
(EXCLUDE) The record concerns magnetic nanoparticle hyperthermia tested on cancer cell lines. It contains no substantive climate, weather, emissions, fossil-fuel, mitigation, or climate-adaptation component, and the cancer outcome is in vitro rather than a human-health outcome under the criteria.","""To test this hypothesis magnetic fluid with said properties was synthesized, and its effect on cervical and breast cancer cell death was studied.""",0.00,98.64,2026-09-03_18-26-00_terra
3082115,eb9ee561-0364-4115-9c4d-b72d27315065,In vitro hyperthermic effect of magnetic fluid on cervical and breast cancer cells,6,include - high recall,True,,,,,False,False,"[self-consistency: 0/3 INCLUDE]
(EXCLUDE) The record concerns magnetic-nanoparticle hyperthermia for cancer cells. It does not substantively address climate, weather, greenhouse gases, fossil fuels, mitigation, or climate adaptation; moreover, the health-related effects are studied in cell lines rather than human health outcomes.
(EXCLUDE) The record concerns magnetic nanoparticle hyperthermia for cancer cells in vitro. It does not substantively address climate, weather, climate-related hazards, greenhouse-gas emissions, mitigation, or adaptation.
(EXCLUDE) The record concerns magnetic nanoparticle hyperthermia for cancer cells in vitro. It does not substantively address climate, weather, greenhouse gases, fossil fuels, mitigation, or climate adaptation; the temperature discussed is a therapeutic treatment parameter rather than a climate factor.","""To test this hypothesis magnetic fluid with said properties was synthesized, and its effect on cervical and breast cancer cell death was studied.""",0.00,98.64,2026-09-03_18-26-00_terra
353556,ed9a1c9c-e9fe-4a16-bb14-be358b5ad53e,Consumer differences in motivated consumer innovativeness and global identity,0,include - high precision,True,,,,,False,False,"[self-consistency: 0/3 INCLUDE]
(EXCLUDE) The record concerns sustainable marketing, consumer innovativeness, global identity, and generational differences. It does not explicitly substantively address a climate factor, mitigation, or adaptation action, nor does it report a substantive human-health outcome or climate-health pathway. The pandemic is mentioned only as contextual background.
(EXCLUDE) The record concerns consumer innovativeness, global identity, and marketing. It does not explicitly address a climate/weather factor, climate mitigation, or climate adaptation, nor does it substantively examine human health outcomes or health systems.
(EXCLUDE) The record concerns consumer innovativeness, global identity, and marketing among young consumers. It does not explicitly address a climate factor, mitigation, or adaptation action, nor does it substantively address human health outcomes or health systems.","Thus, this study could contribute to the current literature by confirming the significance of generation-specific differences in consumer behavior and stressing some similarities between Y and Z generations and differences, especially in pandemic conditions.",0.00,100.00,2026-09-03_18-26-00_terra
353556,ed9a1c9c-e9fe-4a16-bb14-be358b5ad53e,Consumer differences in motivated consumer innovativeness and global identity,5,include - best balance,True,,,,,False,False,"[self-consistency: 0/3 INCLUDE]
(EXCLUDE) The record concerns consumer innovativeness, global identity, gender, and generational differences in marketing. It does not substantively address a climate factor, mitigation, or adaptation, nor a human health outcome or climate-health pathway. The passing references to sustainability and pandemic conditions do not establish the required components.
(EXCLUDE) The record concerns consumer innovativeness, global identity, gender, and generational differences in sustainable marketing. It does not substantively address a climate/weather factor, climate mitigation or adaptation, or a human-health outcome/exposure pathway. Pandemic conditions are mentioned only as context.
(EXCLUDE) The record concerns consumer innovativeness, global identity, gender, and generational differences in marketing. It does not substantively address a climate/weather factor, climate mitigation or adaptation, or a human health outcome/pathway; the pandemic is only contextual.","Thus, this study could contribute to the current literature by confirming the significance of generation-specific differences in consumer behavior",0.00,100.00,2026-09-03_18-26-00_terra
353556,ed9a1c9c-e9fe-4a16-bb14-be358b5ad53e,Consumer differences in motivated consumer innovativeness and global identity,6,include - high recall,True,,,,,False,False,"[self-consistency: 0/3 INCLUDE]
(EXCLUDE) The record concerns consumer innovativeness, global identity, gender, and generational differences in marketing. It does not substantively address a climate/weather factor, climate mitigation or adaptation, or a human health outcome/pathway; the pandemic is mentioned only as study context.
(EXCLUDE) The record concerns consumer innovativeness, global identity, gender, and generational differences in sustainable marketing. It does not substantively address a climate/weather factor, climate mitigation or adaptation action, or a human health outcome or climate-health exposure pathway.
(EXCLUDE) The record concerns consumer innovativeness, global identity, and marketing among young consumers. Although it mentions sustainability and pandemic conditions, it does not substantively address a climate factor, mitigation/adaptation action, or human health outcome/pathway.","""One of the main reasons for failure in sustainable marketing and innovative products is the lack of an adequate understanding of consumer wants and needs.""",0.00,99.35,2026-09-03_18-26-00_terra
177028685,edfc4ad6-84c7-4bae-b90f-14e8505be9e2,"Synthesis, reactivity and X-ray crystallographic characterization of chloro(propan-2-ol)bis(tetraisopropoxoaluminato)praseodymium(<scp>III</scp>) dimer, [{Pr[Al(OPr<sup>i</sup>)<sub>4</sub>]<sub>2</sub>(Pr<sup>i</sup>OH)(µ-Cl)}<sub>2</sub>]",0,include - high precision,True,,,,,False,False,"[self-consistency: 0/3 INCLUDE]
(EXCLUDE) This is an inorganic chemistry and crystallographic study of a praseodymium complex. It does not explicitly address a climate/weather factor, mitigation or adaptation, nor any human health outcome or exposure pathway.
(EXCLUDE) The record concerns synthesis and crystallographic characterization of a praseodymium complex. It does not explicitly address a climate-related factor, mitigation, or adaptation, nor any human health outcome or exposure pathway.
(EXCLUDE) This is an inorganic chemistry and crystallographic study of a praseodymium complex. It explicitly contains neither a substantive climate/weather, mitigation, or adaptation component nor a human-health outcome or exposure pathway.","""The product of the 1 : 2 reaction between PrCl3·3PriOH and K[Al(OPri)4] in benzeno–propan-2-ol, has been shown by X-ray crystallographic analysis to be a heptacoordinated heteroleptic alkoxometallatopraseodymium(III) complex""",0.00,99.56,2026-09-03_18-26-00_terra
177028685,edfc4ad6-84c7-4bae-b90f-14e8505be9e2,"Synthesis, reactivity and X-ray crystallographic characterization of chloro(propan-2-ol)bis(tetraisopropoxoaluminato)praseodymium(<scp>III</scp>) dimer, [{Pr[Al(OPr<sup>i</sup>)<sub>4</sub>]<sub>2</sub>(Pr<sup>i</sup>OH)(µ-Cl)}<sub>2</sub>]",5,include - best balance,True,,,,,False,False,"[self-consistency: 0/3 INCLUDE]
(EXCLUDE) The record describes synthesis and crystallographic characterization of a praseodymium complex, with no substantive climate/weather, mitigation, or adaptation component and no human-health component.
(EXCLUDE) The record describes synthesis and crystallographic characterization of an inorganic praseodymium complex. It does not substantively address a climate factor, mitigation or adaptation action, or human health outcome or pathway.
(EXCLUDE) The record concerns synthesis and crystallographic characterization of a praseodymium complex and does not substantively address a climate-related factor, mitigation/adaptation, or human health.","The product of the 1 : 2 reaction between PrCl3·3PriOH and K[Al(OPri)4] in benzeno–propan-2-ol, has been shown by X-ray crystallographic analysis to be a heptacoordinated heteroleptic alkoxometallatopraseodymium(III) complex",0.00,100.00,2026-09-03_18-26-00_terra
177028685,edfc4ad6-84c7-4bae-b90f-14e8505be9e2,"Synthesis, reactivity and X-ray crystallographic characterization of chloro(propan-2-ol)bis(tetraisopropoxoaluminato)praseodymium(<scp>III</scp>) dimer, [{Pr[Al(OPr<sup>i</sup>)<sub>4</sub>]<sub>2</sub>(Pr<sup>i</sup>OH)(µ-Cl)}<sub>2</sub>]",6,include - high recall,True,,,,,False,False,"[self-consistency: 0/3 INCLUDE]
(EXCLUDE) This is an inorganic coordination-chemistry study of a praseodymium complex. It does not substantively address climate/weather, emissions, mitigation, adaptation, or human health.
(EXCLUDE) This is an inorganic coordination chemistry and crystallographic study. It does not substantively address climate-related factors, mitigation/adaptation, or human health.
(EXCLUDE) The record describes synthesis and crystallographic characterization of a praseodymium complex. It contains no substantive climate, weather, mitigation, adaptation, or human-health component.","""The product of the 1 : 2 reaction between PrCl3·3PriOH and K[Al(OPri)4] in benzeno–propan-2-ol, has been shown by X-ray crystallographic analysis to be a heptacoordinated heteroleptic alkoxometallatopraseodymium(III) complex""",0.00,99.56,2026-09-03_18-26-00_terra
64674,f3649d78-fee2-4888-a66c-a51dfa09d083,Secure Multi-Tenant FinTech Architecture: Real-Time AI-Powered Fraud Detection Pipeline with Encrypted Data Streams,0,include - high precision,True,,,,,False,False,"[self-consistency: 0/3 INCLUDE]
(EXCLUDE) The record concerns AI-enabled multi-tenant financial technology, fraud detection, security, and regulatory compliance. It does not explicitly address any climate/weather factor, mitigation or adaptation action, or human health outcome/exposure.
(EXCLUDE) The record concerns AI-enabled multi-tenant FinTech architecture, fraud detection, financial regulation, and data security. It contains no explicit climate/weather, mitigation, or adaptation component, and no substantive human health outcome or climate-health exposure pathway.
(EXCLUDE) The record concerns AI-enabled multi-tenant financial technology platforms, fraud detection, and regulatory/data-security compliance. It does not explicitly address any climate factor, mitigation/adaptation action, or human health outcome or pathway.",,0.00,0.00,2026-09-03_18-26-00_terra
64674,f3649d78-fee2-4888-a66c-a51dfa09d083,Secure Multi-Tenant FinTech Architecture: Real-Time AI-Powered Fraud Detection Pipeline with Encrypted Data Streams,5,include - best balance,True,,,,,False,False,"[self-consistency: 0/3 INCLUDE]
(EXCLUDE) The record concerns secure multi-tenant FinTech architecture, AI fraud detection, and regulatory/data-security compliance. It does not substantively address a climate factor, mitigation, adaptation, or human health outcome/pathway.
(EXCLUDE) The record concerns secure multi-tenant FinTech architecture, AI fraud detection, financial compliance, and data security. It does not substantively address a climate/weather factor, climate mitigation/adaptation, or human health outcome or pathway.
(EXCLUDE) The record concerns AI-enabled multi-tenant financial technology platforms, fraud detection, data security, and regulatory compliance. It does not substantively address a climate/weather factor, climate mitigation or adaptation, or human health outcomes or pathways.",,0.00,0.00,2026-09-03_18-26-00_terra
64674,f3649d78-fee2-4888-a66c-a51dfa09d083,Secure Multi-Tenant FinTech Architecture: Real-Time AI-Powered Fraud Detection Pipeline with Encrypted Data Streams,6,include - high recall,True,,,,,False,False,"[self-consistency: 0/3 INCLUDE]
(EXCLUDE) The record concerns AI-enabled FinTech architecture, fraud detection, data security, and regulatory compliance. It contains no substantive climate/weather, mitigation, or adaptation component and no human health component.
(EXCLUDE) The record concerns AI-enabled multi-tenant financial technology, fraud detection, security, and regulatory compliance. It does not substantively address climate factors, mitigation or adaptation actions, or human health outcomes/pathways.
(EXCLUDE) The record concerns AI-enabled multi-tenant financial technology, fraud detection, data security, and regulatory compliance. It does not substantively address any climate factor, mitigation/adaptation action, or human health outcome/pathway.",,0.00,0.00,2026-09-03_18-26-00_terra
1378,f675f264-f9c6-4a02-bd50-987e99d316d6,Crowdsourced hotspot validation and data visualisation for location-based haze mitigation,0,include - high precision,True,,,,,True,False,"[self-consistency: 0/3 INCLUDE]
(EXCLUDE) The record substantively concerns peatland fires, hotspots, and haze mitigation, which provides a climate component. However, it does not explicitly state a human health outcome, human exposure to haze/air pollution, or a health-protection aim; the platform is described for fire and haze monitoring.
(EXCLUDE) The record substantively addresses peatland fires, haze, and monitoring to support haze mitigation, satisfying the climate component. However, it does not explicitly state any human health outcome, human exposure to haze, or a health-protection aim; the app is for locating and validating fires.
(EXCLUDE) The record substantively addresses peatland fires, haze, and their monitoring, which is a climate-related particulate-emissions component. However, it does not explicitly state human exposure, health outcomes, healthcare impacts, or an aim to protect human health; residents only test the application.",The study showed the potential use of mobile apps for local communities to help the government validate hotspots for haze mitigation.,0.00,100.00,2026-09-03_18-26-00_terra
1378,f675f264-f9c6-4a02-bd50-987e99d316d6,Crowdsourced hotspot validation and data visualisation for location-based haze mitigation,5,include - best balance,True,,,,,True,True,"[self-consistency: 3/3 INCLUDE]
(INCLUDE) The study substantively addresses peatland fires and haze through satellite/crowdsourced fire monitoring for haze mitigation. Haze from biomass/peat burning is a recognised air-quality exposure pathway relevant to human respiratory and cardiovascular health.
(INCLUDE) The record substantively addresses peatland fires, satellite hotspot monitoring, and haze mitigation. Haze from peatland burning is a particulate-air-quality climate-health exposure pathway, which engages human respiratory and cardiovascular health even though a clinical outcome is not explicitly measured.
(INCLUDE) The study substantively concerns peatland fires and haze, including monitoring to support haze mitigation. Peatland/biomass-burning haze is a climate-forcing particulate exposure and an established air-quality pathway to human respiratory and cardiovascular health, even though specific health outcomes are not measured.",Haze over Sumatera and Kalimantan has been a prolonged trans-boundary issue in South East Asia mainly due to setting fire to drained peatland.,0.00,100.00,2026-09-03_18-26-00_terra
1378,f675f264-f9c6-4a02-bd50-987e99d316d6,Crowdsourced hotspot validation and data visualisation for location-based haze mitigation,6,include - high recall,True,,,,,True,True,"[self-consistency: 3/3 INCLUDE]
(INCLUDE) The record substantively addresses peatland fires and haze through hotspot monitoring and mitigation. Haze from peatland burning is a particulate-air-quality climate-health exposure pathway, and the monitoring platform supports mitigation of this hazard.
(INCLUDE) The record substantively concerns peatland fires and transboundary haze, involving combustion particulate pollution (a climate-forcing agent) and a monitoring intervention explicitly intended for haze mitigation. Mitigation actions qualify even without a separately stated health outcome.
(INCLUDE) The record substantively addresses peatland fires and transboundary haze, using a monitoring application to validate fire hotspots for haze mitigation. Haze from peatland burning is a particulate/black-carbon-related climate-forcing exposure, and the monitoring/mitigation action itself qualifies under the criteria.",The study showed the potential use of mobile apps for local communities to help the government validate hotspots for haze mitigation.,0.00,100.00,2026-09-03_18-26-00_terra
1357640889,f7506c86-16f3-4ac5-9d61-e9e6c2e021bb,Literature Citations,0,include - high precision,True,,,,,False,False,"[self-consistency: 0/3 INCLUDE]
(EXCLUDE) The record contains agricultural research on oats, including freezing/cold resistance, but it does not explicitly connect these climate or weather factors to human health, nutrition, food security, or any other human-health outcome.
(EXCLUDE) The record concerns oat and other crop research, including freezing resistance and agricultural production, but it contains no explicit human health outcome, human exposure, health-system connection, or stated food/nutrition pathway affecting people.
(EXCLUDE) The record is a bibliography relating to oat and other crop research. Although it mentions weather-related factors such as freezing temperatures, it does not explicitly address human health, health systems, human exposure, or a human food/nutrition pathway.",“Development of a standard artificial freezing technique for evaluating cold resistance of oats.”,0.00,97.94,2026-09-03_18-26-00_terra
1357640889,f7506c86-16f3-4ac5-9d61-e9e6c2e021bb,Literature Citations,5,include - best balance,True,,,,,False,False,"[self-consistency: 0/3 INCLUDE]
(EXCLUDE) The provided record consists of a bibliography on oats and agronomy. Although some cited items concern freezing temperatures and cold resistance in oats, the record does not substantively connect a climate-related factor or action to human health, nutrition, food security, or another recognised human-health outcome.
(EXCLUDE) The record is an agronomy book/chapter containing citations concerning oats and crop research. Although some listed references mention freezing temperatures, the document does not substantively address climate change or a climate-health exposure pathway, and it contains no human health or health-system component.
(EXCLUDE) The record is a bibliographic/reference list concerning oats and agricultural research. Although it includes weather-related topics such as freezing and cold resistance, it does not substantively connect these to human health, nutrition, food security, or another recognised health outcome/pathway.",“References”,0.00,83.33,2026-09-03_18-26-00_terra
1357640889,f7506c86-16f3-4ac5-9d61-e9e6c2e021bb,Literature Citations,6,include - high recall,True,,,,,False,False,"[self-consistency: 0/3 INCLUDE]
(EXCLUDE) The provided record is principally a bibliography/reference list concerning oats and crop agronomy. Although individual cited references mention freezing and crop production, the document does not substantively state that the indexed book chapter itself addresses a climate factor, climate action, or a direct climate-health pathway.
(EXCLUDE) The record appears to be a literature-citation/reference-list section concerning oats. Although individual cited titles mention freezing and oat production, the provided record does not itself substantively analyse a climate factor, mitigation/adaptation action, or a human-health outcome/pathway.
(EXCLUDE) The provided record is a bibliography/reference list for an agronomy monograph rather than a study substantively analysing a climate factor or a human-health outcome/pathway. Although individual cited works mention freezing and oat crops, the record itself does not establish a climate-and-health connection.","References Aamodt, O. S. and A. W. Platt 1934. Resistance of wild oats and some common cereal varieties to freezing temperatures.",0.00,100.00,2026-09-03_18-26-00_terra
4047410,f7e04a22-33aa-4623-86e8-536ea6dfe6b3,The Importance of Weather and Climate to Energy Systems: A Workshop on Next Generation Challenges in Energy–Climate Modeling,0,include - high precision,True,,,,,False,False,"[self-consistency: 0/3 INCLUDE]
(EXCLUDE) The record explicitly concerns climate risk and energy systems, but it does not state any human health outcome, exposure pathway affecting people, health-system issue, or health-protective aim.
(EXCLUDE) The record explicitly concerns climate risk and energy systems, but it contains no explicit human health, health-system, wellbeing, or human exposure/outcome component.
(EXCLUDE) The record explicitly concerns climate risk and energy systems, but it does not state any human health outcome, health exposure pathway, health-system issue, or climate action intended to protect human health or livelihoods.","The workshop had two primary goals: to build a deeper engagement across the “energy” and “climate” research communities, and to identify and begin to address the scientific challenges associated with modelling climate risk in energy systems.",0.00,100.00,2026-09-03_18-26-00_terra
4047410,f7e04a22-33aa-4623-86e8-536ea6dfe6b3,The Importance of Weather and Climate to Energy Systems: A Workshop on Next Generation Challenges in Energy–Climate Modeling,5,include - best balance,True,,,,,False,False,"[self-consistency: 0/3 INCLUDE]
(EXCLUDE) The record substantively concerns climate risk and energy systems, but it does not mention human health, health systems, or a recognised climate-health exposure pathway.
(EXCLUDE) The record substantively concerns climate risk and energy systems, but it does not address human health, health systems, or a recognised climate-health exposure pathway.
(EXCLUDE) The record substantively concerns climate risk and energy systems, but it does not mention human health, health systems, or a recognised climate-health exposure pathway.","""to identify and begin to address the scientific challenges associated with modelling climate risk in energy systems.""",0.00,98.31,2026-09-03_18-26-00_terra
4047410,f7e04a22-33aa-4623-86e8-536ea6dfe6b3,The Importance of Weather and Climate to Energy Systems: A Workshop on Next Generation Challenges in Energy–Climate Modeling,6,include - high recall,True,,,,,False,False,"[self-consistency: 0/3 INCLUDE]
(EXCLUDE) The record substantively concerns climate risk and energy systems, but it does not state or directly infer a human health outcome, health system issue, or recognised climate-health exposure pathway. It also does not describe a specific mitigation or adaptation action that would qualify on its own.
(EXCLUDE) The record substantively concerns climate risk and energy systems, but it does not state or directly infer a human health outcome, health system issue, or recognised climate-health exposure pathway. It is a workshop description rather than a health-related study.
(EXCLUDE) The record substantively concerns climate risk and energy systems, but it contains no explicit or directly inferable human health outcome, health-system component, or recognised climate-health exposure pathway. It also does not describe a specific mitigation or adaptation action.","The workshop had two primary goals: to build a deeper engagement across the “energy” and “climate” research communities, and to identify and begin to address the scientific challenges associated with modelling climate risk in energy systems.",0.00,100.00,2026-09-03_18-26-00_terra
377961,f811d152-4ae8-479f-8d9b-6fff0c9ea0c6,Plasma osteoprotegerin level is associated with hemorrhagic transformation in stroke patients who underwent endovascular thrombectomy,0,include - high precision,True,,,,,False,False,"[self-consistency: 0/3 INCLUDE]
(EXCLUDE) The record concerns a biomarker (osteoprotegerin) and hemorrhagic transformation after stroke treatment. Although it has a direct human-health component, it does not explicitly address any climate/weather factor, climate-related exposure, mitigation, or adaptation action.
(EXCLUDE) The record addresses a human health outcome (stroke-related hemorrhagic transformation), but it contains no explicit substantive climate, weather, climate-forcing, mitigation, or adaptation component. Plasma OPG is studied as a clinical biomarker, not as a climate-related exposure.
(EXCLUDE) The record concerns a biomarker (osteoprotegerin) and hemorrhagic transformation after stroke treatment. It explicitly addresses human health, but contains no substantive climate, weather, climate-forcing, mitigation, or adaptation component.",“We investigated the association between plasma OPG levels and hemorrhagic transformation in stroke patients who received endovascular thrombectomy (EVT).”,0.00,98.71,2026-09-03_18-26-00_terra
377961,f811d152-4ae8-479f-8d9b-6fff0c9ea0c6,Plasma osteoprotegerin level is associated with hemorrhagic transformation in stroke patients who underwent endovascular thrombectomy,5,include - best balance,True,,,,,False,False,"[self-consistency: 0/3 INCLUDE]
(EXCLUDE) The record concerns a biomarker and hemorrhagic transformation after stroke treatment. It includes a human-health outcome but does not substantively address any climate/weather factor, climate-related hazard, mitigation, or adaptation.
(EXCLUDE) The record addresses a clinical biomarker and hemorrhagic transformation after stroke treatment, but contains no substantive climate, weather, climate-related hazard, mitigation, or adaptation component.
(EXCLUDE) The record addresses a human health outcome (hemorrhagic transformation after ischemic stroke), but it contains no substantive climate, weather, climate-forcing agent, mitigation, or adaptation component.",“We investigated the association between plasma OPG levels and hemorrhagic transformation in stroke patients who received endovascular thrombectomy (EVT).”,0.00,98.71,2026-09-03_18-26-00_terra
377961,f811d152-4ae8-479f-8d9b-6fff0c9ea0c6,Plasma osteoprotegerin level is associated with hemorrhagic transformation in stroke patients who underwent endovascular thrombectomy,6,include - high recall,True,,,,,False,False,"[self-consistency: 0/3 INCLUDE]
(EXCLUDE) The record concerns a biomarker and hemorrhagic transformation following stroke treatment. It contains a human health component, but no substantive climate, weather, climate-forcing agent, mitigation, or adaptation component.
(EXCLUDE) The record concerns a biomarker and hemorrhagic transformation following stroke treatment, which is a human-health topic, but it contains no substantive climate, weather, greenhouse-gas, mitigation, or adaptation component.
(EXCLUDE) The record concerns osteoprotegerin levels and hemorrhagic transformation after endovascular thrombectomy in stroke patients. It contains no substantive climate, weather, climate-hazard, mitigation, or adaptation component.",“We investigated the association between plasma OPG levels and hemorrhagic transformation in stroke patients who received endovascular thrombectomy (EVT).”,0.00,98.71,2026-09-03_18-26-00_terra
927648283,fe22b58d-5609-4ffa-9b1f-208f699a2fa5,"Environmental conditions before and after the bloom events Cayo-A, Cayo-B, and Cayo-C, from monthly water quality monitoring samples collected at BB1.",0,include - high precision,True,,,,,True,False,"[self-consistency: 0/3 INCLUDE]
(EXCLUDE) The record explicitly mentions temperature monitoring, but provides no substantive human health outcome, exposure pathway, health system, or health-related aim.
(EXCLUDE) The record mentions temperature monitoring, but provides no explicit human health outcome, exposure, health system, or health-protective action.
(EXCLUDE) Temperature is a weather/climate variable, but the record contains no explicit human-health outcome, exposure pathway, or health-system connection.",All parameters reported (including temperature and salinity) are from monitoring data.,0.00,100.00,2026-09-03_18-26-00_terra
927648283,fe22b58d-5609-4ffa-9b1f-208f699a2fa5,"Environmental conditions before and after the bloom events Cayo-A, Cayo-B, and Cayo-C, from monthly water quality monitoring samples collected at BB1.",5,include - best balance,True,,,,,True,False,"[self-consistency: 0/3 INCLUDE]
(EXCLUDE) The document mentions temperature monitoring, which could be a weather-related factor, but it provides no substantive human health outcome, exposure pathway, health-system connection, or health-protective action.
(EXCLUDE) Temperature is a weather/climate variable, but the provided text contains no substantive human-health outcome, exposure pathway, or health-system connection.
(EXCLUDE) The record mentions temperature monitoring, which could be a weather-related parameter, but provides no substantive human-health outcome, health pathway, or health-system connection.",All parameters reported (including temperature and salinity) are from monitoring data.,0.00,100.00,2026-09-03_18-26-00_terra
927648283,fe22b58d-5609-4ffa-9b1f-208f699a2fa5,"Environmental conditions before and after the bloom events Cayo-A, Cayo-B, and Cayo-C, from monthly water quality monitoring samples collected at BB1.",6,include - high recall,True,,,,,True,False,"[self-consistency: 0/3 INCLUDE]
(EXCLUDE) The record mentions monitoring temperature and salinity, but provides no explicit or inferable climate-change, mitigation, or adaptation focus, and no human health outcome or recognised climate-health exposure pathway.
(EXCLUDE) The record mentions temperature monitoring, which could be a climate-related variable, but provides no explicit or inferable human-health component, climate-health pathway, mitigation, or adaptation action.
(EXCLUDE) The record mentions temperature monitoring but provides no explicit or inferable human health outcome, health exposure pathway, mitigation action, or adaptation action.",All parameters reported (including temperature and salinity) are from monitoring data.,0.00,100.00,2026-09-03_18-26-00_terra
506594,fe37d7fd-a4c2-44a8-a70e-01f9d45cd196,Monitoring and Source Apportionment of Particulate Matter near a Large Phosphorus Production Facility,0,include - high precision,True,,,,,False,False,"[self-consistency: 0/3 INCLUDE]
(EXCLUDE) The record substantively measures particulate matter and its industrial sources, but it does not explicitly state human exposure, health outcomes, or protection of human health. It is an air-quality source-apportionment study rather than a climate-and-health record.
(EXCLUDE) The record substantively measures particulate air pollution and its industrial sources, but it does not explicitly state any human exposure, health outcome, or health-system impact. NAAQS exceedances alone do not establish the required health component.
(EXCLUDE) The record measures and models particulate air pollution from industrial sources, but it does not explicitly address a climate factor or mitigation/adaptation action, nor does it report human exposure, health outcomes, or health-system effects.",A source apportionment study was conducted to identify sources within a large elemental phosphorus plant that contribute to exceedances of the National Ambient Air Quality Standards (NAAQS) for 24-hr PM10.,0.00,100.00,2026-09-03_18-26-00_terra
506594,fe37d7fd-a4c2-44a8-a70e-01f9d45cd196,Monitoring and Source Apportionment of Particulate Matter near a Large Phosphorus Production Facility,5,include - best balance,True,,,,,False,True,"[self-consistency: 3/3 INCLUDE]
(INCLUDE) The study substantively measures and analyses particulate matter, a listed climate-forcing agent, and ambient particulate air pollution constitutes a recognised pathway to human respiratory and cardiovascular health effects.
(INCLUDE) The study substantively measures and analyses particulate matter (PM10 and PM2.5), which qualifies as a climate-forcing particulate under the criteria. Ambient particulate air quality is also a recognised human-health exposure pathway.
(INCLUDE) The study substantively measures and analyses particulate matter emissions and ambient concentrations. Particulate matter is a climate-forcing agent under the criteria, and ambient PM air quality constitutes a recognised human-health exposure pathway.","Ambient data were collected at three monitoring sites from October 1996 through July 1999, and included the following: 24-hr PM10 mass, 24-hr PM2.5 and PM10-2.5 mass and chemistry, continuous PM10 and PM2.5 mass, continuous meteorological data, and wind-direction-resolved PM2.5 and PM10 mass and chemistry.",0.00,100.00,2026-09-03_18-26-00_terra
506594,fe37d7fd-a4c2-44a8-a70e-01f9d45cd196,Monitoring and Source Apportionment of Particulate Matter near a Large Phosphorus Production Facility,6,include - high recall,True,,,,,False,True,"[self-consistency: 3/3 INCLUDE]
(INCLUDE) The study substantively measures and analyzes ambient particulate matter (PM10 and PM2.5) and its industrial sources. Particulate air pollution is a climate component under the criteria, and ambient air quality/PM provides a recognized human-health exposure pathway.
(INCLUDE) The study substantively measures and models ambient particulate matter (PM10 and PM2.5) and identifies its industrial sources. Particulate air pollution is a climate-forcing agent and an air-quality exposure pathway relevant to respiratory and cardiovascular health, even though specific health outcomes are not measured.
(INCLUDE) The study substantively measures and analyses ambient particulate matter (PM10/PM2.5), which is a climate-forcing particulate and an air-quality exposure with a recognised respiratory and cardiovascular health pathway. It also concerns exceedances of ambient air-quality standards.",A source apportionment study was conducted to identify sources within a large elemental phosphorus plant that contribute to exceedances of the National Ambient Air Quality Standards (NAAQS) for 24-hr PM10.,0.00,100.00,2026-09-03_18-26-00_terra
479148158,ff898ca2-01cf-43fb-a305-beae443bbe2c,"Vasostatin Inhibits VEGF-Induced Endothelial Cell Proliferation, Tube Formation and Induces Cell Apoptosis under Oxygen Deprivation",0,include - high precision,True,,,,,False,False,"[self-consistency: 0/3 INCLUDE]
(EXCLUDE) The record concerns an in-vitro endothelial-cell study of vasostatin for anti-angiogenesis therapy. It contains no explicit climate, weather, climate-forcing, mitigation, or adaptation component, and its health relevance is limited to cell-model findings rather than a human health outcome.
(EXCLUDE) The record concerns an in-vitro endothelial-cell study of an anti-angiogenesis treatment. It does not substantively address any climate, weather, greenhouse-gas, mitigation, or adaptation factor, and the cell-model findings do not establish a human health outcome under the screening criteria.
(EXCLUDE) The record concerns an in-vitro study of human endothelial cells and anti-angiogenesis therapy. It does not explicitly address any climate or weather factor, climate mitigation, or climate adaptation action.","""This study was performed to investigate the possible mechanism of vasostatin effects on primary cultured human umbilical vein endothelial cells (HUVEC).""",0.00,98.70,2026-09-03_18-26-00_terra
479148158,ff898ca2-01cf-43fb-a305-beae443bbe2c,"Vasostatin Inhibits VEGF-Induced Endothelial Cell Proliferation, Tube Formation and Induces Cell Apoptosis under Oxygen Deprivation",5,include - best balance,True,,,,,False,False,"[self-consistency: 0/3 INCLUDE]
(EXCLUDE) The record concerns an in-vitro endothelial-cell study of an anti-angiogenesis cancer treatment. Although it mentions oxygen deprivation, it does not substantively address a climate/weather factor, climate mitigation/adaptation, or a human health outcome (cell-model findings alone do not meet the health criterion).
(EXCLUDE) The record concerns an in-vitro endothelial-cell mechanism relevant to cancer therapy. Although it mentions oxygen deprivation, it does not substantively address a climate/weather factor, climate mitigation or adaptation, and it provides no human health outcome (cell-model findings do not qualify).
(EXCLUDE) The record concerns an in-vitro endothelial-cell study of an anti-angiogenesis cancer therapy. Although it mentions oxygen deprivation, it does not substantively address a climate/weather factor, mitigation, or adaptation, and it provides no human-health outcome beyond cell-model findings.","""This study was performed to investigate the possible mechanism of vasostatin effects on primary cultured human umbilical vein endothelial cells (HUVEC).""",0.00,98.70,2026-09-03_18-26-00_terra
479148158,ff898ca2-01cf-43fb-a305-beae443bbe2c,"Vasostatin Inhibits VEGF-Induced Endothelial Cell Proliferation, Tube Formation and Induces Cell Apoptosis under Oxygen Deprivation",6,include - high recall,True,,,,,False,False,"[self-consistency: 0/3 INCLUDE]
(EXCLUDE) The record is an in-vitro endothelial-cell study of an anti-angiogenesis cancer therapy. It does not substantively address climate, weather, climate-related hazards, greenhouse gases, mitigation, or adaptation; oxygen deprivation in cell culture is not a climate component.
(EXCLUDE) The record is an in-vitro endothelial-cell study of vasostatin for anti-angiogenesis/cancer therapy. It does not substantively address a climate factor, mitigation, adaptation, or a human-health outcome/pathway as defined for inclusion.
(EXCLUDE) The record concerns an in-vitro endothelial-cell study of vasostatin for anti-angiogenesis/cancer therapy. Although it mentions oxygen deprivation, it does not substantively address a climate or weather factor, mitigation, or adaptation, and the cell-model findings do not establish a human-health outcome for this screen.","""This study was performed to investigate the possible mechanism of vasostatin effects on primary cultured human umbilical vein endothelial cells (HUVEC).""",0.00,98.70,2026-09-03_18-26-00_terra
7457330,ffb0ca7e-8cb5-4bb0-8d3b-2f3e2cc38439,Adiponectin and Alzheimer's disease: Is there a link?,0,include - high precision,True,,,,,False,False,"[self-consistency: 0/3 INCLUDE]
(EXCLUDE) The record concerns cellular hydroxyl-radical scavengers and oxidative stress in kidney and lung. It does not explicitly address a climate/weather factor, climate mitigation, or climate adaptation; hydroxyl radicals are studied as cellular reactive oxygen species rather than a climate-forcing agent.
(EXCLUDE) The record concerns hydroxyl-radical scavengers and cellular oxidative stress in kidney and lung. It does not explicitly address a climate/weather factor, climate mitigation or adaptation, or a human climate-health exposure pathway.
(EXCLUDE) The record concerns cellular hydroxyl-radical scavengers and oxidative stress in kidney and lung cells. It does not explicitly address a climate/weather factor, greenhouse-gas or particulate exposure in a climate context, or a climate mitigation/adaptation action; therefore it lacks the required climate component.",“we developed the cytoplasm- and mitochondrion-specific •OH-targeted scavengers TA293 and mitoTA293”,0.00,98.00,2026-09-03_18-26-00_terra
7457330,ffb0ca7e-8cb5-4bb0-8d3b-2f3e2cc38439,Adiponectin and Alzheimer's disease: Is there a link?,5,include - best balance,True,,,,,False,False,"[self-consistency: 0/3 INCLUDE]
(EXCLUDE) The record concerns hydroxyl-radical scavengers and cellular oxidative stress. It does not substantively address a climate/weather factor, mitigation, or adaptation, and its biological findings do not establish a human-health outcome.
(EXCLUDE) The record concerns cellular hydroxyl radicals and oxidative stress in vivo/in vitro. It does not substantively address a climate or weather factor, climate mitigation, or climate adaptation; hydroxyl radicals are not a climate component under the criteria.
(EXCLUDE) The record concerns cellular reactive oxygen species and oxidative damage in kidney and lung models. It does not substantively address a climate/weather factor, climate mitigation, or climate adaptation.","""we developed the cytoplasm- and mitochondrion-specific •OH-targeted scavengers TA293 and mitoTA293""",0.00,98.00,2026-09-03_18-26-00_terra
7457330,ffb0ca7e-8cb5-4bb0-8d3b-2f3e2cc38439,Adiponectin and Alzheimer's disease: Is there a link?,6,include - high recall,True,,,,,False,False,"[self-consistency: 0/3 INCLUDE]
(EXCLUDE) The record concerns cellular oxidative stress and experimental hydroxyl-radical scavengers in kidney and lung cells. It does not substantively address climate, weather, climate-related hazards, greenhouse gases, fossil fuels, or mitigation/adaptation actions.
(EXCLUDE) The record describes cellular oxidative-stress experiments involving hydroxyl radicals and kidney/lung cells, but it does not substantively address any climate or weather factor, climate-related hazard, greenhouse gas/particulate exposure, mitigation, or adaptation action.
(EXCLUDE) The record concerns reactive oxygen species scavengers and cellular oxidative stress in kidney and lung models. It does not substantively address a climate/weather factor, climate mitigation, or climate adaptation.","“Based on these findings, we believe that TA293 could be a novel tool to study the effects of •OH damage within the cytoplasm.”",0.00,99.21,2026-09-03_18-26-00_terra
