prefix,term,df,ttf
zoonos,zoonosis,19115,22537
zoonos,zoonoses,14855,22337
zoonos,zoonose,3166,3544
zoonos,zoonosen,574,716
zoonos,zoonosi,339,399
zoonos,zoonoseerreger,80,98
zoonos,zoonoseerregern,59,71
zoonos,zoonosico,57,68
zoonos,zoonoser,39,58
zoonos,zoonosica,31,33
zoonos,zoonosici,29,31
zoonos,zoonosa,25,28
zoonos,zoonos,24,25
zoonos,zoonosicas,15,15
zoonos,zoonosique,14,17
zoonos,zoonoserisiko,13,16
zoonos,zoonosic,12,15
zoonos,zoonosiche,10,10
zoonos,zoonostic,8,9
zoonos,zoonosicos,7,13
zoonos,zoonosenerhebung,6,6
zoonos,zoonosepotenzial,6,6
zoonos,zoonoseverwekkers,6,8
zoonos,zoonosenforschung,5,5
zoonos,zoonoseerregers,4,4
zoonos,zoonosises,4,4
zoonos,zoonosismags,4,8
zoonos,zoonosepotential,3,4
zoonos,zoonosisi,3,3
zoonos,zoonosisnya,3,3
zoonos,zoonosisok,3,3
zoonos,zoonosecharakter,2,2
zoonos,zoonoseesp,2,2
zoonos,zoonosenachweis,2,2
zoonos,zoonosenbek,2,2
zoonos,zoonosenerregern,2,2
zoonos,zoonosenmonitoring,2,2
zoonos,zoonosenplattform,2,2
zoonos,zoonosenseltene,2,2
zoonos,zoonosepotentials,2,2
zoonos,zoonoseregistret,2,2
zoonos,zoonoserisiken,2,2
zoonos,zoonosescommunicable,2,2
zoonos,zoonosiques,2,2
zoonos,zoonosist,2,2
zoonos,zoonosologie,2,2
zoonos,zoonosrisk,2,2
zoonos,zoonostur,2,2
zoonos,zoonosal,1,1
zoonos,zoonosaspekterna,1,1
zoonos,zoonosaurus,1,1
zoonos,zoonoscici,1,1
zoonos,zoonoscs,1,1
zoonos,zoonoseando,1,1
zoonos,zoonoseausbr,1,1
zoonos,zoonosecene,1,1
zoonos,zoonosecenters,1,1
zoonos,zoonosecharakteranimalermrs,1,1
zoonos,zoonosed,1,1
zoonos,zoonosediagnostik,1,1
zoonos,zoonosedue,1,1
zoonos,zoonoseereignisse,1,1
zoonos,zoonoseerregerdiagnostik,1,1
zoonos,zoonosef,1,1
zoonos,zoonoseforschung,1,1
zoonos,zoonosegefahr,1,1
zoonos,zoonosegeschehen,1,1
zoonos,zoonosemonitoring,1,1
zoonos,zoonosenbericht,1,1
zoonos,zoonosene,1,2
zoonos,zoonosenerreger,1,1
zoonos,zoonosenfrage,1,1
zoonos,zoonosennachweis,1,1
zoonos,zoonosenrichtlinie,1,1
zoonos,zoonosenrisico,1,1
zoonos,zoonosensymposium,1,1
zoonos,zoonosenviral,1,1
zoonos,zoonosepotenzials,1,1
zoonos,zoonoseregern,1,1
zoonos,zoonoseregisteret,1,1
zoonos,zoonoserelevanter,1,1
zoonos,zoonoserisikos,1,1
zoonos,zoonoserregern,1,1
zoonos,zoonosers,1,1
zoonos,zoonosesa,1,1
zoonos,zoonosesborrelia,1,1
zoonos,zoonosesbritish,1,1
zoonos,zoonosescontrol,1,1
zoonos,zoonosesda,1,1
zoonos,zoonosesdo,1,1
zoonos,zoonosesemerged,1,1
zoonos,zoonosesespecial,1,1
zoonos,zoonosesetiological,1,1
zoonos,zoonosesevaluation,1,1
zoonos,zoonosesf,1,1
zoonos,zoonosesinflammatory,1,1
zoonos,zoonosesis,1,1
zoonos,zoonosesituationen,1,1
zoonos,zoonosesmethodsthe,1,1
zoonos,zoonosesmicrosporidia,1,1
wound,wound,464303,956350
wound,wounds,167889,287138
wound,wounded,50932,69568
wound,wounding,21115,31984
wound,woundedness,384,516
wound,woundhealing,310,336
wound,woundcare,145,184
wound,woundings,120,178
wound,woundwort,72,84
wound,woundinfection,47,50
wound,woundless,41,47
wound,woundes,40,42
wound,wounde,34,35
wound,woundfin,29,88
wound,wounder,27,51
wound,woundmaker,24,24
wound,woundinduced,23,24
wound,woundstat,21,54
wound,woundsjournal,20,20
wound,woundwood,19,26
wound,woundinfections,17,20
wound,woundsand,16,17
wound,wounderfull,15,15
wound,woundexpert,15,15
wound,wounddehiscence,14,14
wound,woundplast,14,22
wound,woundsof,14,14
wound,woundt,14,15
wound,wounda,13,13
wound,woundclosure,13,13
wound,woundeds,13,23
wound,woundin,13,13
wound,woundrelated,13,13
wound,woundthese,12,12
wound,woundc,11,11
wound,woundi,11,11
wound,woundvision,11,21
wound,woundbed,10,10
wound,woundcarenet,10,10
wound,wounderful,10,10
wound,woundod,10,12
wound,woundsin,10,10
wound,woundswest,10,17
wound,woundy,10,13
wound,woundambit,9,15
wound,woundetl,9,9
wound,woundability,8,8
wound,woundand,8,8
wound,woundarea,8,8
wound,woundclot,8,17
wound,woundfor,8,8
wound,woundingly,8,8
wound,woundology,8,17
wound,woundcarestrategies,7,7
wound,woundingshowing,7,7
wound,woundmanagement,7,10
wound,woundrotor,7,7
wound,woundscapes,7,9
wound,woundscellular,7,7
wound,woundable,6,6
wound,woundcarejournal,6,6
wound,woundchek,6,7
wound,wounddressing,6,6
wound,wounddressings,6,7
wound,woundedly,6,6
wound,woundefiraw,6,6
wound,woundeil,6,7
wound,wounders,6,7
wound,woundeu,6,7
wound,woundmodel,6,6
wound,woundof,6,6
wound,woundpedia,6,9
wound,woundrous,6,6
wound,woundsthe,6,7
wound,woundswere,6,7
wound,woundthat,6,6
wound,woundthe,6,7
wound,woundvac,6,9
wound,woundworts,6,11
wound,woundedand,5,5
wound,woundinducible,5,5
wound,woundlike,5,5
wound,woundmonitor,5,5
wound,woundon,5,5
wound,woundqol,5,5
wound,woundsas,5,5
wound,woundsinternational,5,5
wound,woundsite,5,5
wound,woundsource,5,6
wound,woundsthat,5,5
wound,woundview,5,15
wound,woundcd,4,5
wound,woundcomp,4,5
wound,woundcontraction,4,4
wound,woundedby,4,4
wound,woundel,4,4
wound,woundfigure,4,5
wound,woundily,4,4
wound,woundis,4,5
wound,woundoptomizer,4,4
wildfire,wildfire,44381,91020
wildfire,wildfires,33297,52316
wildfire,wildfirerisk,18,18
wildfire,wildfiresat,15,37
wildfire,wildfirein,6,6
wildfire,wildfiregpt,5,10
wildfire,wildfiremanagement,4,4
wildfire,wildfiresmoke,4,7
wildfire,wildfirecan,3,6
wildfire,wildfirehazardpotential,3,3
wildfire,wildfiresand,3,3
wildfire,wildfiresnicholas,3,3
wildfire,wildfirespreadts,3,8
wildfire,wildfireaguadvances,2,2
wildfire,wildfireand,2,2
wildfire,wildfireandwater,2,2
wildfire,wildfiredb,2,4
wildfire,wildfirefile,2,2
wildfire,wildfirefoam,2,5
wildfire,wildfireinduced,2,2
wildfire,wildfirelessons,2,2
wildfire,wildfirenet,2,8
wildfire,wildfirepredictionstkg,2,2
wildfire,wildfireprograms,2,2
wildfire,wildfirestudydata,2,2
wildfire,wildfireaerosols,1,1
wildfire,wildfireaffected,1,1
wildfire,wildfireassessment,1,1
wildfire,wildfireaware,1,2
wildfire,wildfirecanmmd,1,1
wildfire,wildfirechronosequence,1,1
wildfire,wildfirecorkresiliencenorth,1,1
wildfire,wildfired,1,1
wildfire,wildfiredamaged,1,1
wildfire,wildfiredetect,1,1
wildfire,wildfiredetection,1,1
wildfire,wildfiredriven,1,1
wildfire,wildfireepisode,1,1
wildfire,wildfireevents,1,1
wildfire,wildfirefighters,1,1
wildfire,wildfirefire,1,1
wildfire,wildfirefootprints,1,1
wildfire,wildfirefronts,1,1
wildfire,wildfiregames,1,1
wildfire,wildfiregymnospermsearly,1,1
wildfire,wildfirehaving,1,1
wildfire,wildfirehazard,1,1
wildfire,wildfirei,1,1
wildfire,wildfirel,1,1
wildfire,wildfirelego,1,1
wildfire,wildfirelike,1,1
wildfire,wildfiremonitoring,1,1
wildfire,wildfiren,1,1
wildfire,wildfirenews,1,1
wildfire,wildfireor,1,1
wildfire,wildfireplume,1,1
wildfire,wildfirepopulation,1,1
wildfire,wildfirepro,1,1
wildfire,wildfireprogram,1,1
wildfire,wildfireprogression,1,1
wildfire,wildfireproject,1,1
wildfire,wildfirerain,1,2
wildfire,wildfireresilient,1,1
wildfire,wildfireresponse,1,1
wildfire,wildfiresaaron,1,1
wildfire,wildfiresacknowledgements,1,1
wildfire,wildfiresallison,1,1
wildfire,wildfiresandtechniques,1,1
wildfire,wildfiresarecertainlyakeynaturaldisturbancetoterrestrialmediterraneanecosystems,1,1
wildfire,wildfiresauthorseriklutschiddebrawunchiddylan,1,1
wildfire,wildfiresauthorsrichardpopeidbrian,1,1
wildfire,wildfiresauthorsthomasbuchholziddavidsaahidjasonmoghaddasdavidschmidtsee,1,1
wildfire,wildfiresauthorsyujieliidxiaoqinggaoidzhenchaolijunxiajiangpeidulisee,1,1
wildfire,wildfirescontrolled,1,1
wildfire,wildfiresduring,1,1
wildfire,wildfireseason,1,1
wildfire,wildfireseedinginwesternusforests,1,1
wildfire,wildfireshas,1,1
wildfire,wildfireshave,1,1
wildfire,wildfireshussam,1,1
wildfire,wildfiresidentified,1,1
wildfire,wildfiresimmaps,1,1
wildfire,wildfiresin,1,1
wildfire,wildfiresmark,1,1
wildfire,wildfiresmay,1,1
wildfire,wildfiresnatural,1,1
wildfire,wildfirespecific,1,1
wildfire,wildfirespot,1,1
wildfire,wildfirespreading,1,1
wildfire,wildfiresprevention,1,1
wildfire,wildfiresspotting,1,1
wildfire,wildfirestimothy,1,1
wildfire,wildfiresurveillance,1,1
wildfire,wildfirevance,1,1
wildfire,wildfirewill,1,1
wildfire,wildfireworld,1,1
wildfire,wildfirex,1,3
wildfire,wildfirexslam,1,1
wildfire,wildfirexwind,1,1
wildfire,wildfirez,1,1
wheez,wheezing,22627,41359
wheez,wheeze,10458,22048
wheez,wheezy,1478,2341
wheez,wheezes,1389,1866
wheez,wheezers,493,1078
wheez,wheezed,306,410
wheez,wheezer,62,85
wheez,wheez,41,42
wheez,wheeziness,32,48
wheez,wheezings,7,7
wheez,wheezeing,6,6
wheez,wheezescan,6,16
wheez,wheezin,6,7
wheez,wheeziest,4,4
wheez,wheezingin,4,4
wheez,wheezingul,4,5
wheez,wheezles,4,8
wheez,wheezeand,3,3
wheez,wheezie,3,3
wheez,wheezily,3,3
wheez,wheezinga,3,3
wheez,wheezingand,3,3
wheez,wheezinglocusindependent,3,3
wheez,wheezinglocussnpnearby,3,9
wheez,wheezometer,3,4
wheez,wheezein,2,2
wheez,wheezeintheprevious,2,2
wheez,wheezerate,2,2
wheez,wheezeslike,2,2
wheez,wheezewas,2,2
wheez,wheezi,2,2
wheez,wheezingbaby,2,2
wheez,wheezingcommentary,2,2
wheez,wheezingdauer,2,3
wheez,wheezingis,2,2
wheez,wheezingrate,2,2
wheez,wheezingului,2,3
wheez,wheezle,2,3
wheez,wheezybronchitis,2,2
wheez,wheezywaiter,2,5
wheez,wheezeandother,1,1
wheez,wheezeandthreecontrols,1,1
wheez,wheezeapproximately,1,1
wheez,wheezeaway,1,1
wheez,wheezeblow,1,1
wheez,wheezecamefrom,1,1
wheez,wheezeg,1,1
wheez,wheezeinboysbutnotingirls,1,1
wheez,wheezeinspirations,1,1
wheez,wheezeinthepast,1,1
wheez,wheezel,1,1
wheez,wheezen,1,1
wheez,wheezenden,1,1
wheez,wheezenews,1,1
wheez,wheezeonexposure,1,1
wheez,wheezeprevalence,1,1
wheez,wheezerhinitiseczemadirection,1,1
wheez,wheezerswith,1,1
wheez,wheezesatau,1,1
wheez,wheezesdaniel,1,1
wheez,wheezesemitted,1,1
wheez,wheezesignificantly,1,1
wheez,wheezesound,1,1
wheez,wheezesounds,1,1
wheez,wheezetaiwan,1,1
wheez,wheezethat,1,1
wheez,wheezeunheard,1,1
wheez,wheezewere,1,1
wheez,wheezewhere,1,1
wheez,wheezh,1,9
wheez,wheezian,1,1
wheez,wheezier,1,2
wheez,wheezies,1,1
wheez,wheezihg,1,1
wheez,wheezingchildhood,1,1
wheez,wheezingdiagnosis,1,1
wheez,wheezingedno,1,1
wheez,wheezingedyes,1,1
wheez,wheezingereignisse,1,1
wheez,wheezingereignissen,1,1
wheez,wheezingfainting,1,1
wheez,wheezingfor,1,1
wheez,wheezinggroup,1,1
wheez,wheezinggroupweremainlyviralinfectionsandallergens,1,1
wheez,wheezinginpatientyes,1,2
wheez,wheezingintegrate,1,1
wheez,wheezingl,1,1
wheez,wheezingmethods,1,1
wheez,wheezingnya,1,1
wheez,wheezingreviewer,1,1
wheez,wheezingsymptom,1,1
wheez,wheezingsymptoms,1,1
wheez,wheezingthat,1,1
wheez,wheezingtypes,1,1
wheez,wheezingwas,1,1
wheez,wheezingxx,1,1
wheez,wheeznil,1,1
wheez,wheezo,1,1
wheez,wheezometry,1,1
wheez,wheezs,1,1
wave,wave,3549113,5452143
wave,wavelength,1943599,2385451
wave,waves,1596297,3024025
wave,waverforms,481930,481930
wave,wavelengths,258322,328205
wave,wavelet,256059,545178
wave,waveguide,227044,427443
wave,waveform,174715,277773
wave,waveforms,117492,171438
wave,waveguides,104024,171244
wave,wavefront,51092,97149
wave,wavelets,39154,61401
wave,wavenumber,36604,52309
wave,wavefunction,23383,32206
wave,wavefunctions,19512,25403
wave,wavenumbers,15750,20194
wave,wavefield,13706,24095
wave,wavefronts,8797,11741
wave,waveguiding,7356,9267
wave,waveband,6919,9947
wave,wavevector,6335,7875
wave,wavepacket,5653,8651
wave,wavebands,5519,7058
wave,wavefields,5237,7944
wave,waved,5041,6279
wave,waverly,3818,5058
wave,waverley,3568,4666
wave,wavepackets,3535,4906
wave,wavelike,3524,4211
wave,waver,3162,3314
wave,wavering,3057,3269
wave,wavevectors,2262,2638
wave,wavewatch,1661,2233
wave,waverider,1436,2937
wave,waveplate,1389,2216
wave,wavered,1389,1411
wave,waveshape,1277,1553
wave,waveone,1267,3144
wave,wavenet,1171,2222
wave,waveplates,1094,1581
wave,wavemaker,1073,1890
wave,waveguided,917,1155
wave,wavelenghts,904,933
wave,wavers,883,977
wave,wavelenght,862,940
wave,wavelab,828,924
wave,wavetrain,740,1059
wave,wavespeed,729,1112
wave,wavetrains,723,966
wave,waveshapes,633,776
wave,wavemeter,590,952
wave,wavelight,505,817
wave,wavellite,493,781
wave,waveland,449,549
wave,waveheight,358,494
wave,waveriders,354,607
wave,wavelengh,351,385
wave,wavell,330,487
wave,wavespeeds,311,426
wave,wavetable,305,530
wave,wavelenth,268,278
wave,waveshaping,258,345
wave,wavebreaking,250,360
wave,wavecom,214,315
wave,waveney,214,285
wave,wavemaking,213,323
wave,wavertree,205,222
wave,wavefunctional,193,255
wave,wavescan,183,291
wave,wavemetrics,170,199
wave,wavewatchiii,168,214
wave,wavemakers,164,270
wave,waveless,158,220
wave,wavepath,156,276
wave,wavegan,155,261
wave,wavestar,153,235
wave,waveren,147,170
wave,wavelegth,133,133
wave,wavelan,130,180
wave,wavebreak,128,196
wave,waveg,126,135
wave,waveletbased,126,127
wave,wavemeters,123,160
wave,wavesauthors,123,123
wave,wavemodes,118,157
wave,waveglow,114,175
wave,waveburst,113,156
wave,wavelengthes,112,117
wave,wavesurfer,111,161
wave,wavetank,109,143
wave,wavelettransform,107,109
wave,wavernn,104,170
wave,wavey,104,118
wave,wavepad,103,131
wave,wavepropagation,100,104
wave,wavec,99,117
wave,waveshaper,98,139
wave,wavefunctionals,95,118
wave,wavel,94,119
wave,wavelenghth,92,97
vulnerab,vulnerable,659341,780333
vulnerab,vulnerability,430346,682803
vulnerab,vulnerabilities,156606,217601
vulnerab,vulnerabilidad,45761,67356
vulnerab,vulnerabilidade,38104,58256
vulnerab,vulnerables,31247,36134
vulnerab,vulnerabilidades,15164,20253
vulnerab,vulnerabilit,5839,8118
vulnerab,vulnerabilita,2881,3971
vulnerab,vulnerabilite,2307,3194
vulnerab,vulnerabili,1812,2034
vulnerab,vulnerabilitat,1168,1614
vulnerab,vulnerabile,976,1097
vulnerab,vulnerablen,799,866
vulnerab,vulnerably,561,723
vulnerab,vulnerabilizados,457,504
vulnerab,vulnerabilites,408,499
vulnerab,vulnerabiliza,400,490
vulnerab,vulnerabler,387,427
vulnerab,vulnerabilizadas,369,454
vulnerab,vulnerabel,323,335
vulnerab,vulnerabil,238,251
vulnerab,vulnerabilitats,181,235
vulnerab,vulnerabilty,150,150
vulnerab,vulnerabilizada,101,102
vulnerab,vulnerabilis,97,177
vulnerab,vulnerablity,94,100
vulnerab,vulnerabilitate,84,89
vulnerab,vulnerabi,82,88
vulnerab,vulnerabilization,79,105
vulnerab,vulneraba,78,79
vulnerab,vulnerabilitatea,78,80
vulnerab,vulnerabilizam,77,80
vulnerab,vulnerabilizaci,69,72
vulnerab,vulnerabilizado,62,68
vulnerab,vulnerableto,58,58
vulnerab,vulnerabilizando,49,49
vulnerab,vulnerabilityof,47,48
vulnerab,vulnerabilisation,46,60
vulnerab,vulneraban,44,44
vulnerab,vulnerabilityto,42,42
vulnerab,vulnerabilnosti,41,76
vulnerab,vulnerabilizacao,40,46
vulnerab,vulnerablility,39,40
vulnerab,vulnerab,38,41
vulnerab,vulnerabilne,36,41
vulnerab,vulnerabilties,36,40
vulnerab,vulnerabilizantes,34,35
vulnerab,vulnerabilitas,33,48
vulnerab,vulnerabilizar,33,34
vulnerab,vulnerabilnih,33,40
vulnerab,vulnerabiliy,32,32
vulnerab,vulnerabilized,31,47
vulnerab,vulnerabilizacion,28,46
vulnerab,vulnerabelsten,22,22
vulnerab,vulnerablem,22,27
vulnerab,vulnerabilnost,21,21
vulnerab,vulnerabilised,19,26
vulnerab,vulnerabl,19,19
vulnerab,vulnerabilityassessment,17,17
vulnerab,vulnerabilityhistoryproject,17,17
vulnerab,vulnerabilizan,17,19
vulnerab,vulnerabilityin,16,16
vulnerab,vulnerablegroups,16,16
vulnerab,vulnerablities,16,16
vulnerab,vulnerabilni,15,15
vulnerab,vulnerabilnim,15,15
vulnerab,vulnerabiity,14,14
vulnerab,vulnerabiliti,14,30
vulnerab,vulnerabilitiesgiven,14,14
vulnerab,vulnerabilitiesin,14,14
vulnerab,vulnerabilizing,14,16
vulnerab,vulnerabilnu,14,14
vulnerab,vulnerabiltiy,14,14
vulnerab,vulnerabilidadde,13,13
vulnerab,vulnerabilidadesocial,13,13
vulnerab,vulnerabilising,13,17
vulnerab,vulnerabilitaten,13,14
vulnerab,vulnerabilityand,13,13
vulnerab,vulnerabiln,13,17
vulnerab,vulnerabilitaet,12,17
vulnerab,vulnerabilityvulnerability,12,15
vulnerab,vulnerabillity,12,12
vulnerab,vulnerableness,12,16
vulnerab,vulnerabilies,11,11
vulnerab,vulnerabililty,11,11
vulnerab,vulnerabilizante,11,11
vulnerab,vulnerabilna,11,13
vulnerab,vulnerableand,11,11
vulnerab,vulnerablein,11,11
vulnerab,vulnerablepopulations,11,11
vulnerab,vulnerabe,10,10
vulnerab,vulnerabildad,10,10
vulnerab,vulnerabiliad,10,10
vulnerab,vulnerabilida,10,10
vulnerab,vulnerabilidadee,10,10
vulnerab,vulnerabilidaden,10,10
vulnerab,vulnerabilitiy,10,10
vulnerab,vulnerablepopulation,10,10
vulnerab,vulnerabilisierung,9,12
virus,virus,1767592,3579613
virus,viruses,405899,722176
virus,virusa,1575,2843
virus,virusom,802,1055
virus,virustotal,758,1094
virus,virusinfektionen,749,840
virus,viruslike,740,975
virus,virusinfektion,711,828
virus,viruset,629,1001
virus,virussen,588,935
virus,virusi,581,814
virus,viruslast,519,803
virus,virushepatitis,496,588
virus,virusu,463,629
virus,viruse,396,446
virus,viruskrankheiten,357,380
virus,viruslar,350,522
virus,virusne,308,362
virus,virusreplikation,276,351
virus,viruserkrankungen,271,287
virus,virusli,265,446
virus,virusnih,252,342
virus,virusvarianten,221,261
virus,viruspartikel,201,255
virus,viruso,195,297
virus,virusten,193,311
virus,virusin,185,215
virus,virusnachweis,185,204
virus,virusul,182,214
virus,virusforschung,181,210
virus,virusst,173,236
virus,virusvermehrung,167,210
virus,virusinfected,157,159
virus,virusima,148,188
virus,virustatic,145,185
virus,virusarten,144,163
virus,virusun,138,173
virus,virusna,134,140
virus,virusni,129,152
virus,virushepatitiden,117,127
virus,virusspecific,117,121
virus,virusinduced,114,114
virus,virusshare,113,137
virus,viruspopluation,112,112
virus,viruspartikeln,111,127
virus,virusov,108,136
virus,virusinfection,107,111
virus,viruserkrankung,105,113
virus,virusnog,90,113
virus,virusta,89,113
virus,virusunun,89,114
virus,virustype,88,92
virus,virusnya,86,86
virus,virustatika,86,99
virus,virusets,85,98
virus,virusas,84,128
virus,virustiter,84,102
virus,virusului,84,109
virus,virusstamm,83,96
virus,virusdiarrhoe,82,101
virus,viruselimination,82,101
virus,viruspersistenz,77,95
virus,virusausscheidung,74,95
virus,virusinfizierten,74,77
virus,virusological,73,76
virus,virusand,71,71
virus,virusausbreitung,71,85
virus,virusinfectious,71,73
virus,virush,68,85
virus,virusology,68,71
virus,virusantigen,67,79
virus,virusfree,64,73
virus,virusziekten,64,68
virus,virusini,63,79
virus,virusisolierung,63,86
virus,virusoids,63,88
virus,virusspezifischen,62,72
virus,virusdiagnostik,61,71
virus,virusproduktion,61,75
virus,virusbedingten,58,60
virus,virusnim,58,60
virus,virusinfecties,57,62
virus,virustr,57,75
virus,virusbedingte,56,57
virus,viruslarning,56,86
virus,virusolo,56,74
virus,virusinduzierte,55,56
virus,virusspezifische,53,65
virus,virusspezifischer,51,59
virus,virusinaktivierung,50,60
virus,virusinduzierten,50,57
virus,virusresistenz,50,55
virus,virustypen,49,56
virus,virusinfectie,48,53
virus,virusscan,48,124
virus,viruskonzentration,47,71
virus,virusvariante,47,58
virus,viruss,45,56
virus,virussicherheit,45,54
virus,virusgrippe,44,54
violen,violence,764975,1610277
violen,violent,232170,335752
violen,violencia,152261,315685
violen,violences,19708,27921
violen,violently,14221,14874
violen,violenta,11997,14243
violen,violencias,10441,14878
violen,violentos,10125,12201
violen,violenza,9903,15910
violen,violentas,8715,10460
violen,violento,8492,9792
violen,violente,4825,5234
violen,violents,3833,4468
violen,violentes,2874,3085
violen,violen,1976,2526
violen,violentamente,1023,1039
violen,violenze,1009,1182
violen,violenti,862,990
violen,violentadas,652,808
violen,violentados,582,615
violen,violentar,467,475
violen,violentada,420,466
violen,violentado,417,430
violen,violentan,270,278
violen,violentando,270,280
violen,violens,265,291
violen,violencethese,164,164
violen,violentia,132,154
violen,violenter,113,115
violen,violentemente,106,107
violen,violenc,95,95
violen,violencein,86,90
violen,violenceand,80,82
violen,violenceagainst,73,76
violen,violencesexual,66,67
violen,violentus,60,100
violen,violentam,56,58
violen,violenten,53,53
violen,violentization,52,98
violen,violenceprevention,43,50
violen,violencepolitical,39,40
violen,violene,38,60
violen,violentata,38,40
violen,violentiae,38,42
violen,violencethe,36,36
violen,violencies,34,46
violen,violenciade,31,33
violen,violenciaen,31,31
violen,violentolog,31,36
violen,violencegender,30,30
violen,violentador,29,30
violen,violentaron,27,27
violen,violentum,27,43
violen,violencedomestic,26,26
violen,violenciacontra,26,28
violen,violentadores,26,29
violen,violentiam,26,27
violen,violencechild,23,25
violen,violenceis,23,24
violen,violencea,22,23
violen,violenceblack,22,22
violen,violentees,22,29
violen,violentias,22,22
violen,violencesocial,21,21
violen,violentae,21,21
violen,violencesecurity,20,20
violen,violentarse,20,22
violen,violencefemale,19,19
violen,violenceintimate,19,19
violen,violenceviolence,19,24
violen,violenciay,19,19
violen,violentaci,19,19
violen,violentei,19,23
violen,violendy,18,18
violen,violentoides,18,24
violen,violenceafrican,17,17
violen,violentato,17,18
violen,violencefamily,16,16
violen,violencepublic,16,16
violen,violenciasexual,16,16
violen,violentate,16,16
violen,violencemilitary,15,15
violen,violencestate,15,15
violen,violenceon,14,15
violen,violencephysical,14,14
violen,violenca,13,13
violen,violencearmed,13,13
violen,violencerelated,13,14
violen,violented,13,15
violen,violentology,13,14
violen,violentou,13,13
violen,violencehuman,12,12
violen,violenceinternational,12,12
violen,violencemuslim,12,12
violen,violenmacher,12,12
violen,violentaban,12,12
violen,violentand,12,12
violen,violentare,12,12
violen,violentarla,12,12
violen,violentcrime,12,15
vibrio,vibrio,88449,154190
vibrio,vibrios,4408,7355
vibrio,vibriosis,3158,5030
vibrio,vibrionaceae,1725,2569
vibrio,vibriocidal,592,1209
vibrio,vibrioides,312,342
vibrio,vibrionales,285,376
vibrio,vibrion,186,217
vibrio,vibrions,175,301
vibrio,vibriophage,170,261
vibrio,vibrioid,153,176
vibrio,vibriostatic,143,171
vibrio,vibrionic,124,136
vibrio,vibrionen,121,166
vibrio,vibrioforme,108,183
vibrio,vibrioferrin,100,191
vibrio,vibriobactin,99,222
vibrio,vibriophages,88,137
vibrio,vibrioformis,84,107
vibrio,vibriose,71,102
vibrio,vibriones,62,137
vibrio,vibrioses,56,59
vibrio,vibriocholerae,44,46
vibrio,vibrioni,38,44
vibrio,vibrioparahaemolyticus,38,39
vibrio,vibriolysin,37,64
vibrio,vibrionimonas,30,32
vibrio,vibriocin,25,56
vibrio,vibrionacea,20,20
vibrio,vibriolytic,19,42
vibrio,vibriosi,16,29
vibrio,vibriosp,16,25
vibrio,vibriocidas,14,29
vibrio,vibriofischeri,13,13
vibrio,vibrionivorans,13,14
vibrio,vibriospp,13,14
vibrio,vibrioanguillarum,12,13
vibrio,vibrionet,12,14
vibrio,vibriopsyllus,12,15
vibrio,vibrioalginolyticus,11,15
vibrio,vibriocholera,11,18
vibrio,vibriocins,11,13
vibrio,vibrioes,11,15
vibrio,vibriocida,10,16
vibrio,vibriocarriers,9,11
vibrio,vibriod,9,10
vibrio,vibrioids,9,10
vibrio,vibriostat,9,10
vibrio,vibriothrix,9,14
vibrio,vibriovulnificus,9,10
vibrio,vibrioharveyi,8,8
vibrio,vibriobase,7,20
vibrio,vibriospecies,7,7
vibrio,vibrionaceas,6,6
vibrio,vibrioniens,6,8
vibrio,vibriozis,6,9
vibrio,vibrioflora,5,5
vibrio,vibrioisis,5,5
vibrio,vibriona,5,5
vibrio,vibriost,5,5
vibrio,vibriocinogenic,4,6
vibrio,vibrioferrina,4,18
vibrio,vibriofluvialis,4,4
vibrio,vibrionacae,4,4
vibrio,vibrionaceaes,4,5
vibrio,vibrionenhepatitis,4,4
vibrio,vibrionica,4,4
vibrio,vibrionin,4,10
vibrio,vibrionnant,4,4
vibrio,vibriosin,4,4
vibrio,vibriobacteria,3,3
vibrio,vibriocare,3,6
vibrio,vibriocide,3,5
vibrio,vibriocidin,3,3
vibrio,vibrioisolates,3,3
vibrio,vibriolysins,3,3
vibrio,vibriolysis,3,3
vibrio,vibrionac,3,4
vibrio,vibrionne,3,3
vibrio,vibriostatique,3,3
vibrio,vibriostratic,3,3
vibrio,vibrious,3,3
vibrio,vibriozisin,3,3
vibrio,vibrioanguillarummvm,2,2
vibrio,vibriobakterier,2,2
vibrio,vibriocarriership,2,2
vibrio,vibriocidins,2,2
vibrio,vibriocine,2,6
vibrio,vibriodengan,2,2
vibrio,vibriofagos,2,3
vibrio,vibrioidxire,2,2
vibrio,vibriois,2,2
vibrio,vibriolike,2,2
vibrio,vibrionaceos,2,3
vibrio,vibrionenantigene,2,2
vibrio,vibrionenfunde,2,2
vibrio,vibrionien,2,3
vibrio,vibrionlar,2,2
vibrio,vibrionnante,2,2
vibrio,vibrionov,2,2
vehicle,vehicle,1284692,2401480
vehicle,vehicles,845934,1359295
vehicle,vehicleid,207,230
vehicle,vehicledynamics,165,201
vehicle,vehicleto,151,152
vehicle,vehicled,82,89
vehicle,vehicletreated,74,81
vehicle,vehiclefor,50,51
vehicle,vehiclepsilas,44,53
vehicle,vehiclesand,42,42
vehicle,vehiclethese,40,40
vehicle,vehiclesin,37,37
vehicle,vehiclesworkshop,29,29
vehicle,vehicleand,24,24
vehicle,vehiclebased,24,24
vehicle,vehiclerouting,24,31
vehicle,vehiclesare,24,25
vehicle,vehicleborne,23,26
vehicle,vehiclemounted,22,22
vehicle,vehiclewith,22,22
vehicle,vehicleavpcommand,20,20
vehicle,vehicleavpstatus,20,34
vehicle,vehiclein,20,20
vehicle,vehiclespsila,20,22
vehicle,vehiclesto,20,20
vehicle,vehiclesthe,18,21
vehicle,vehiclebridge,17,17
vehicle,vehiclepedestrian,17,17
vehicle,vehicletype,17,33
vehicle,vehiclefree,16,17
vehicle,vehicless,16,18
vehicle,vehiclecommand,15,15
vehicle,vehicleis,15,15
vehicle,vehicleswith,15,16
vehicle,vehiclemodel,14,14
vehicle,vehiclesfor,14,14
vehicle,vehiclespeed,14,15
vehicle,vehiclestatus,14,14
vehicle,vehiclesim,13,17
vehicle,vehiclecharging,12,12
vehicle,vehiclelang,12,37
vehicle,vehicleskia,12,12
vehicle,vehiclespace,12,12
vehicle,vehiclesa,11,11
vehicle,vehiclesandfuels,11,15
vehicle,vehiclesyour,11,11
vehicle,vehiclemanipulator,10,11
vehicle,vehicleof,10,10
vehicle,vehicleor,10,10
vehicle,vehiclesas,10,11
vehicle,vehiclesenvironmental,10,12
vehicle,vehicletracking,10,10
vehicle,vehicledesign,9,9
vehicle,vehiclesis,9,9
vehicle,vehiclesv,9,11
vehicle,vehiclevehicle,9,9
vehicle,vehicleaccidents,8,8
vehicle,vehiclemotor,8,8
vehicle,vehiclesergebnisse,8,8
vehicle,vehiclesharmony,8,10
vehicle,vehiclesi,8,8
vehicle,vehicleson,8,8
vehicle,vehiclesthat,8,8
vehicle,vehiclesusing,8,8
vehicle,vehiclethat,8,8
vehicle,vehiclethe,8,8
vehicle,vehiclex,8,15
vehicle,vehiclea,7,7
vehicle,vehicleas,7,9
vehicle,vehiclecan,7,7
vehicle,vehiclecommunication,7,7
vehicle,vehicleemissions,7,7
vehicle,vehicleinterfaces,7,7
vehicle,vehiclel,7,7
vehicle,vehiclemiles,7,7
vehicle,vehiclenissan,7,9
vehicle,vehicleon,7,7
vehicle,vehicleposition,7,7
vehicle,vehiclerelated,7,7
vehicle,vehicleservicepros,7,7
vehicle,vehicleshas,7,7
vehicle,vehiclesuspension,7,7
vehicle,vehicletechnology,7,8
vehicle,vehicletrack,7,7
vehicle,vehiclewas,7,7
vehicle,vehiclean,6,8
vehicle,vehicleapplication,6,6
vehicle,vehiclecurbweight,6,6
vehicle,vehicledanger,6,6
vehicle,vehicledealers,6,6
vehicle,vehicleforge,6,9
vehicle,vehiclehead,6,6
vehicle,vehicleindustry,6,6
vehicle,vehiclelocation,6,6
vehicle,vehicler,6,12
vehicle,vehicleroad,6,6
vehicle,vehiclesby,6,6
vehicle,vehiclescan,6,6
vehicle,vehiclesfree,6,10
vehicle,vehiclesfrom,6,6
variable,variables,3671990,5413858
variable,variable,2663130,3645860
variable,variablen,21335,30078
variable,variabler,9076,11891
variable,variablene,1912,2768
variable,variablerna,1769,2254
variable,variablem,451,476
variable,variablesand,163,163
variable,variableness,161,176
variable,variablement,156,177
variable,variableswere,147,148
variable,variablers,127,138
variable,variablesin,119,123
variable,variablesthe,118,124
variable,variablesof,112,113
variable,variablel,95,122
variable,variablernas,87,92
variable,variablesa,86,99
variable,variablesare,86,87
variable,variablesde,81,83
variable,variablespeed,80,81
variable,variableis,77,80
variable,variablesthat,77,77
variable,variablelength,76,78
variable,variablein,70,73
variable,variablethese,68,68
variable,variablessuch,64,64
variable,variablennamen,61,72
variable,variableand,59,59
variable,variablesque,55,55
variable,variablemente,54,55
variable,variablenselektion,53,72
variable,variableson,51,52
variable,variablenes,49,55
variable,variablenauswahl,47,52
variable,variablesjournal,46,59
variable,variablengruppe,45,74
variable,variablefrequency,43,47
variable,variabletemperature,41,41
variable,variablesfor,40,40
variable,variablengruppen,39,41
variable,variablex,39,41
variable,variablesfile,37,37
variable,variabless,37,39
variable,variablessociodemogr,37,42
variable,variablemetadata,36,138
variable,variableswhich,36,36
variable,variablerate,35,46
variable,variableshave,35,35
variable,variableof,34,34
variable,variablesn,32,32
variable,variablesv,32,37
variable,variablethe,32,35
variable,variablethat,31,31
variable,variableswith,30,30
variable,variablesx,30,31
variable,variablewas,30,30
variable,variableguide,29,29
variable,variablest,29,32
variable,variablename,27,39
variable,variablenkontrollstrategie,27,37
variable,variablesindicators,27,27
variable,variablesto,27,27
variable,variablesis,26,26
variable,variablea,25,33
variable,variabledensity,25,27
variable,variablesincluding,25,25
variable,variablesized,25,26
variable,variableselection,23,23
variable,variabled,22,25
variable,variablensatz,22,22
variable,variablenwerte,22,24
variable,variablesfrom,22,22
variable,variablesrelated,22,22
variable,variablei,21,28
variable,variablenkontrolle,21,27
variable,variablenliste,21,22
variable,variablenya,21,22
variable,variablesm,21,21
variable,variableassaultx,20,20
variable,variablecoefficient,20,20
variable,variablenlisten,20,20
variable,variablere,20,20
variable,variablesen,20,20
variable,variablesi,20,24
variable,variablenwerten,19,19
variable,variablesas,19,19
variable,variablese,19,19
variable,variablesincluded,19,20
variable,variablesize,19,19
variable,variableslike,19,19
variable,variablestructure,19,19
variable,variablesy,19,19
variable,variableto,19,19
variable,variableren,18,18
variable,variablesindependientes,18,18
variable,variablesstochastic,18,18
variable,variablestable,18,21
variable,variablevariabel,18,18
variable,variabley,18,18
undernourish,undernourished,8871,12585
undernourish,undernourishment,2767,3786
undernourish,undernourish,14,18
undernourish,undernourishing,10,14
undernourish,undernourishments,9,12
undernourish,undernourishement,4,5
undernourish,undernourishd,2,2
undernourish,undernourishedafrica,2,2
undernourish,undernourishmentin,2,2
undernourish,undernourishe,1,1
undernourish,undernourishedas,1,1
undernourish,undernourishedfor,1,1
undernourish,undernourishedlmalnourished,1,1
undernourish,undernourishedpeople,1,1
undernourish,undernourishedthe,1,1
undernourish,undernourishhed,1,1
undernourish,undernourishied,1,1
undernourish,undernourishmcnt,1,1
undernourish,undernourishmentauthors,1,1
undernourish,undernourishmente,1,1
undernourish,undernourishmentsignificantly,1,1
typhoon,typhoon,28139,61822
typhoon,typhoons,10736,16594
typhoon,typhoononwards,27,27
typhoon,typhooncc,8,24
typhoon,typhoonhil,5,11
typhoon,typhoonprone,5,5
typhoon,typhoonand,3,3
typhoon,typhoones,3,4
typhoon,typhoonlekima,3,3
typhoon,typhoonno,3,3
typhoon,typhoontm,3,3
typhoon,typhoonare,2,2
typhoon,typhoondriven,2,2
typhoon,typhoone,2,2
typhoon,typhoonevents,2,2
typhoon,typhooninduced,2,2
typhoon,typhoonis,2,2
typhoon,typhoonlike,2,2
typhoon,typhoonmm,2,2
typhoon,typhoonmorakot,2,2
typhoon,typhoonos,2,2
typhoon,typhoontrakcs,2,2
typhoon,typhoonwashi,2,2
typhoon,typhoonyear,2,2
typhoon,typhoonabstract,1,1
typhoon,typhoonactivities,1,1
typhoon,typhoonailifrom,1,1
typhoon,typhoonal,1,4
typhoon,typhoonaproaching,1,1
typhoon,typhoonarea,1,1
typhoon,typhoonat,1,1
typhoon,typhoonavoidance,1,1
typhoon,typhoonbilis,1,1
typhoon,typhoonborne,1,1
typhoon,typhoonbut,1,1
typhoon,typhoonc,1,1
typhoon,typhoonchanchuand,1,2
typhoon,typhoonchanthu,1,1
typhoon,typhooncharacteristics,1,1
typhoon,typhoonclub,1,1
typhoon,typhoonconditions,1,1
typhoon,typhoonconsonand,1,1
typhoon,typhoondaishidanceremix,1,1
typhoon,typhoondamrey,1,1
typhoon,typhoondamreyis,1,1
typhoon,typhoondamreywere,1,1
typhoon,typhooned,1,1
typhoon,typhoonfaxai,1,1
typhoon,typhoonfitow,1,2
typhoon,typhoonforecast,1,1
typhoon,typhoonforecasts,1,1
typhoon,typhoonfung,1,1
typhoon,typhoongenesis,1,1
typhoon,typhoongoniwas,1,1
typhoon,typhoonhaitang,1,1
typhoon,typhoonhaiyanhitting,1,1
typhoon,typhoonibuducaused,1,1
typhoon,typhoonic,1,1
typhoon,typhoonin,1,1
typhoon,typhooninclude,1,1
typhoon,typhoonjs,1,1
typhoon,typhoonkai,1,2
typhoon,typhoonkaohsiungfloodedwheresupposednot,1,1
typhoon,typhoonl,1,1
typhoon,typhoonleft,1,1
typhoon,typhoonlikema,1,1
typhoon,typhoonm,1,1
typhoon,typhoonmegihave,1,1
typhoon,typhoonmegilanded,1,1
typhoon,typhoonmegimoved,1,1
typhoon,typhoonmeginorthturningeast,1,1
typhoon,typhoonmegiwere,1,1
typhoon,typhoonmelorwas,1,1
typhoon,typhoonmla,1,4
typhoon,typhoonmodel,1,1
typhoon,typhoonmolave,1,1
typhoon,typhoonmorakothas,1,1
typhoon,typhoonmorakotplays,1,1
typhoon,typhoonmorakotshows,1,1
typhoon,typhoonmoved,1,1
typhoon,typhoonmovement,1,1
typhoon,typhoonneuchatelin,1,1
typhoon,typhoonover,1,1
typhoon,typhoonpabuk,1,1
typhoon,typhoonpar,1,1
typhoon,typhoonparmaturning,1,1
typhoon,typhoonpassed,1,1
typhoon,typhoonpassing,1,1
typhoon,typhoonpearlare,1,1
typhoon,typhoonpearlon,1,1
typhoon,typhoonprapiroonlanded,1,1
typhoon,typhoonprecipitation,1,1
typhoon,typhoonpressure,1,1
typhoon,typhoonrananin,1,1
typhoon,typhoonrecurrence,1,1
typhoon,typhoonrecurring,1,1
typhoon,typhoonsaomai,1,1
typhoon,typhoonsauthorsfameileiidshaopingshanghaodaiidzhigangheshuaiyangsee,1,1
typhoon,typhoonsevery,1,1
typhoon,typhoonshave,1,1
tumour,tumour,368409,719298
tumour,tumours,211286,376132
tumour,tumourigenesis,5219,6618
tumour,tumoural,2683,3675
tumour,tumourigenic,1453,1924
tumour,tumourous,670,885
tumour,tumourigenicity,659,824
tumour,tumouricidal,173,215
tumour,tumourogenesis,92,100
tumour,tumourgenesis,86,97
tumour,tumoursphere,80,112
tumour,tumourectomy,64,78
tumour,tumourspheres,60,102
tumour,tumourlets,59,126
tumour,tumouroids,49,183
tumour,tumourlike,44,50
tumour,tumourtype,42,42
tumour,tumouroid,38,177
tumour,tumourassociated,36,37
tumour,tumourogenic,35,37
tumour,tumourcells,30,37
tumour,tumourbearing,28,33
tumour,tumournecrosis,28,33
tumour,tumourlet,23,34
tumour,tumourspecific,23,24
tumour,tumourgenic,19,20
tumour,tumourgenicity,19,20
tumour,tumoursuppressor,19,19
tumour,tumourinfiltrating,17,18
tumour,tumourally,15,15
tumour,tumourwas,15,15
tumour,tumourcell,14,18
tumour,tumouri,13,13
tumour,tumouric,13,15
tumour,tumoursin,13,13
tumour,tumoursof,13,13
tumour,tumourigensis,12,12
tumour,tumoursize,12,12
tumour,tumourgrowth,11,13
tumour,tumoursa,11,11
tumour,tumoursthe,11,11
tumour,tumourfree,10,10
tumour,tumourin,10,10
tumour,tumourless,10,11
tumour,tumourpancreatic,10,10
tumour,tumourrelated,10,10
tumour,tumourswere,10,10
tumour,tumouristatic,9,10
tumour,tumourmarker,9,9
tumour,tumourmarkers,9,9
tumour,tumourogenicity,9,9
tumour,tumourtissue,9,11
tumour,tumourand,8,8
tumour,tumourigenecity,8,14
tumour,tumourpromoting,8,9
tumour,tumoursbritish,8,9
tumour,tumourthe,8,8
tumour,tumourbiological,7,7
tumour,tumourderived,7,7
tumour,tumoura,6,6
tumour,tumourcharacteristics,6,6
tumour,tumoured,6,13
tumour,tumoures,6,8
tumour,tumourinduced,6,6
tumour,tumouris,6,6
tumour,tumourisation,6,8
tumour,tumoursand,6,6
tumour,tumoursas,6,6
tumour,tumoursite,6,6
tumour,tumourstage,6,6
tumour,tumoursuppressive,6,6
tumour,tumoursusing,6,6
tumour,tumoure,5,5
tumour,tumouriogenesis,5,5
tumour,tumourmethdata,5,7
tumour,tumourmicroenvironment,5,5
tumour,tumourof,5,5
tumour,tumourprogression,5,5
tumour,tumourswith,5,5
tumour,tumourtumor,5,5
tumour,tumourtumour,5,5
tumour,tumourafter,4,4
tumour,tumouration,4,5
tumour,tumourbed,4,4
tumour,tumourbiology,4,4
tumour,tumourcidal,4,5
tumour,tumourcontrol,4,4
tumour,tumourectomized,4,6
tumour,tumourgrade,4,4
tumour,tumourigeneic,4,5
tumour,tumourigenisis,4,5
tumour,tumourlysis,4,4
tumour,tumournecrosisfactor,4,4
tumour,tumoursfrom,4,4
tumour,tumourshave,4,4
tumour,tumoursupressor,4,4
tumour,tumouren,3,4
tumour,tumourerythrocytosis,3,3
tumour,tumourformation,3,3
tumour,tumourgenisis,3,3
tumor,tumor,2632391,5994847
tumor,tumors,1251875,2349390
tumor,tumorigenesis,131001,172063
tumor,tumoral,68749,101440
tumor,tumores,43861,78911
tumor,tumorigenic,36986,49657
tumor,tumoren,23193,31714
tumor,tumorigenicity,21313,28268
tumor,tumorales,13575,20632
tumor,tumorous,11376,15538
tumor,tumorale,9990,14528
tumor,tumori,8625,11776
tumor,tumore,8530,12677
tumor,tumorais,6024,9371
tumor,tumoricidal,5416,7396
tumor,tumorzellen,5350,8416
tumor,tumoraci,2318,2821
tumor,tumora,2277,4050
tumor,tumoraux,2134,2675
tumor,tumorerkrankungen,2091,2306
tumor,tumorali,1879,3019
tumor,tumorentit,1825,2088
tumor,tumortherapie,1791,2005
tumor,tumorpatienten,1736,2224
tumor,tumorsphere,1569,2369
tumor,tumorig,1369,1828
tumor,tumorectomy,1263,1598
tumor,tumorwachstum,1231,1534
tumor,tumorgewebe,1227,1532
tumor,tumorspheres,1166,2280
tumor,tumorerkrankung,1109,1254
tumor,tumorstadium,1100,1327
tumor,tumorgenesis,1040,1150
tumor,tumormarker,1025,1310
tumor,tumorprogression,984,1173
tumor,tumorgr,913,1152
tumor,tumorogenesis,867,943
tumor,tumoraciones,843,1073
tumor,tumoroids,822,2063
tumor,tumoracion,758,950
tumor,tumorresektion,726,868
tumor,tumorlike,684,816
tumor,tumoru,662,906
tumor,tumornekrosefaktor,626,700
tumor,tumorigen,621,723
tumor,tumorentstehung,616,684
tumor,tumorsuppressor,553,638
tumor,tumorzelllinien,550,747
tumor,tumoroid,529,986
tumor,tumorstadien,526,603
tumor,tumorals,525,849
tumor,tumorbiologie,513,580
tumor,tumorkontrolle,508,654
tumor,tumorigenese,493,591
tumor,tumorgenese,472,563
tumor,tumordiagnostik,438,480
tumor,tumorchirurgie,428,467
tumor,tumorskih,427,590
tumor,tumorok,425,575
tumor,tumorlokalisation,415,502
tumor,tumorsjournal,415,577
tumor,tumorwachstums,383,414
tumor,tumorspezifische,375,446
tumor,tumorarten,330,370
tumor,tumorigenecity,327,369
tumor,tumorgenicity,326,359
tumor,tumorske,326,450
tumor,tumorspezifischen,306,361
tumor,tumorogenic,300,352
tumor,tumorassoziierten,299,349
tumor,tumorassoziierte,295,319
tumor,tumoros,294,389
tumor,tumornachsorge,293,336
tumor,tumorima,278,375
tumor,tumorlast,277,373
tumor,tumorausdehnung,276,325
tumor,tumorbearing,275,295
tumor,tumorvolumen,272,367
tumor,tumorproben,270,354
tumor,tumorbedingten,265,291
tumor,tumorboard,263,335
tumor,tumorzentrum,262,339
tumor,tumorentwicklung,261,307
tumor,tumory,259,323
tumor,tumorbehandlung,251,267
tumor,tumorrezidiv,242,267
tumor,tumorgraft,236,478
tumor,tumorlets,236,421
tumor,tumorilor,228,245
tumor,tumormarkers,227,248
tumor,tumorgewebes,222,234
tumor,tumorsuppressorgen,222,255
tumor,tumorjournal,221,244
tumor,tumorentfernung,218,232
tumor,tumorjev,218,290
tumor,tumorleiden,215,225
tumor,tumormarkern,214,238
tumor,tumorog,209,245
tumor,tumormodell,208,251
tumor,tumorbedingte,205,230
trauma,trauma,734957,1369364
trauma,traumatic,455237,718448
trauma,traumas,39406,49865
trauma,traumatized,19243,24353
trauma,traumatology,12843,15621
trauma,traumatismo,11753,17296
trauma,traumatisme,9453,12493
trauma,traumatique,8351,11034
trauma,traumatismos,7819,10260
trauma,traumatismes,6895,9115
trauma,traumatiques,4706,5867
trauma,traumatization,4425,6173
trauma,traumatische,4018,4476
trauma,traumatologie,3590,4262
trauma,traumatised,3585,4342
trauma,traumatica,3571,4348
trauma,traumata,3554,4191
trauma,traumatolog,3436,4705
trauma,traumatischen,3404,3896
trauma,traumatologia,3381,4214
trauma,traumatism,3186,3891
trauma,traumatically,2851,3272
trauma,traumatizing,2765,3013
trauma,traumatis,2752,3463
trauma,traumatico,2689,3387
trauma,traumatischer,1907,2128
trauma,traumatol,1617,2024
trauma,traumaticas,1411,1693
trauma,traumatisierung,1321,1772
trauma,traumatological,1092,1280
trauma,traumatisation,1049,1357
trauma,traumatisierten,1036,1288
trauma,traumatisch,1015,1154
trauma,traumatiche,985,1125
trauma,traumatizados,946,1268
trauma,traumatisk,922,1427
trauma,traumatik,888,1604
trauma,traumatologists,824,1002
trauma,traumatisms,807,958
trauma,traumaticos,731,866
trauma,traumat,717,854
trauma,traumatizado,685,815
trauma,trauman,654,1102
trauma,traumatising,651,697
trauma,traumatologic,650,739
trauma,traumatisierungen,645,802
trauma,traumatici,630,774
trauma,traumatize,630,646
trauma,traumatisierte,584,659
trauma,traumatherapie,553,722
trauma,traumatiska,533,796
trauma,traumafolgest,520,666
trauma,traumaregister,476,629
trauma,traumatologist,452,503
trauma,traumatologique,451,509
trauma,traumatomutilla,446,1261
trauma,traumap,409,744
trauma,traumapatienten,376,471
trauma,traumatisante,356,365
trauma,traumato,355,517
trauma,traumatiske,349,552
trauma,traumatises,309,403
trauma,traumatisant,299,315
trauma,traumatogenic,299,367
trauma,traumatisierter,295,322
trauma,traumatise,284,308
trauma,traumafolgen,264,289
trauma,traumatisiert,264,270
trauma,traumatikus,242,481
trauma,traumatisches,235,243
trauma,traumatisants,234,247
trauma,traumatologischen,232,244
trauma,traumatologische,230,243
trauma,traumatu,230,336
trauma,traumatisierende,229,239
trauma,traumatick,219,274
trauma,traumatyczne,214,247
trauma,traumatisantes,205,212
trauma,traumaattisen,204,306
trauma,traumatycznych,203,239
trauma,traumatologica,202,223
trauma,traumatizes,198,203
trauma,traumatizada,196,219
trauma,traumatisering,189,361
trauma,traumaper,178,419
trauma,traumatischem,177,194
trauma,traumatologii,173,187
trauma,traumaattinen,170,190
trauma,traumatisierenden,164,177
trauma,traumazentrum,159,200
trauma,traumatizante,155,160
trauma,traumagenic,152,206
trauma,traumajournal,146,299
trauma,traumatske,144,186
trauma,traumaattisten,138,194
trauma,traumatizantes,136,140
trauma,traumati,135,156
trauma,traumaforschung,134,147
trauma,traumatizzato,132,150
trauma,traumatologiques,127,152
transport,transport,2730637,4421809
transport,transportation,907262,1486476
transport,transporter,198630,305070
transport,transported,188281,220010
transport,transporte,148934,245570
transport,transporters,108462,176407
transport,transporting,94755,111174
transport,transports,69881,88280
transport,transportasi,40837,79394
transport,transportes,23740,31561
transport,transportable,12966,15577
transport,transportu,9025,11535
transport,transportar,6402,6871
transport,transporta,6193,7830
transport,transportations,4903,5756
transport,transportability,4195,5555
transport,transportadores,3918,5902
transport,transportiert,3883,4221
transport,transportador,3872,5889
transport,transportados,3689,4042
transport,transporteurs,2916,4395
transport,transporteur,2911,4185
transport,transportieren,2837,3025
transport,transportado,2508,2714
transport,transportadora,2386,3158
transport,transportadas,2230,2385
transport,transportowych,1828,2099
transport,transportan,1817,2074
transport,transportada,1691,1829
transport,transportadoras,1606,2038
transport,transporten,1289,1586
transport,transportistas,1247,1603
transport,transportowej,1106,1326
transport,transportmittel,1093,1186
transport,transportsystem,1063,1335
transport,transportando,1035,1064
transport,transportaci,970,1256
transport,transporto,856,1785
transport,transportsysteme,845,967
transport,transportant,838,891
transport,transportn,821,1145
transport,transportera,733,984
transport,transportam,724,756
transport,transportem,717,788
transport,transportowego,712,794
transport,transportnih,677,919
transport,transporteigenschaften,670,811
transport,transportkosten,670,801
transport,transportin,662,1062
transport,transportowe,643,688
transport,transporteras,641,754
transport,transportprozesse,631,716
transport,transportista,621,794
transport,transportent,599,611
transport,transportion,572,666
transport,transportvorg,562,615
transport,transportsektorn,502,687
transport,transportierten,501,532
transport,transportl,492,913
transport,transportsystemet,477,671
transport,transportwege,449,493
transport,transportni,441,516
transport,transportm,435,485
transport,transportern,421,518
transport,transporti,421,573
transport,transportne,406,484
transport,transportables,405,458
transport,transportsystemen,401,441
transport,transportmedel,367,493
transport,transportacion,363,431
transport,transportarse,353,366
transport,transportwesen,345,358
transport,transporterna,329,437
transport,transportowa,319,342
transport,transportf,315,453
transport,transportal,310,562
transport,transportlogistik,303,363
transport,transportversicherung,296,341
transport,transportees,295,319
transport,transportational,284,348
transport,transportprozessen,277,307
transport,transportaron,273,276
transport,transportowym,272,284
transport,transportmechanismen,271,296
transport,transportsektoren,269,353
transport,transportierte,256,266
transport,transportunternehmen,243,312
transport,transportsystems,242,265
transport,transportat,239,266
transport,transportmidler,238,299
transport,transportnog,237,322
transport,transportome,236,453
transport,transportaion,235,244
transport,transportketten,235,292
transport,transportsektor,234,260
transport,transportkette,227,250
transport,transporteres,225,253
transport,transportweg,221,240
transport,transportverhalten,220,262
transport,transportna,217,248
temperature,temperature,9707909,15863485
temperature,temperatures,1655705,2345817
temperature,temperaturen,23338,29107
temperature,temperaturer,1767,2444
temperature,temperaturerh,790,889
temperature,temperatureand,512,519
temperature,temperaturedependent,451,454
temperature,temperatureof,258,259
temperature,temperaturentwicklung,226,269
temperature,temperatureinfluss,182,203
temperature,temperaturesensitive,140,142
temperature,temperaturene,131,150
temperature,temperatured,126,146
temperature,temperatureinflu,121,124
temperature,temperaturein,107,109
temperature,temperaturerna,107,136
temperature,temperaturethe,102,112
temperature,temperaturerange,101,103
temperature,temperatureinfl,100,103
temperature,temperatureon,99,101
temperature,temperatureinwirkung,93,100
temperature,temperaturempfindlichkeit,92,98
temperature,temperatureprogrammed,84,87
temperature,temperaturet,84,87
temperature,temperaturesand,83,85
temperature,temperaturedependence,82,83
temperature,temperatureis,82,82
temperature,temperatureinflusses,80,80
temperature,temperatureffekte,78,83
temperature,temperaturewas,77,77
temperature,temperatureinwirkungen,74,83
temperature,temperaturempfindlichen,74,76
temperature,temperaturens,74,92
temperature,temperaturecontrolled,73,77
temperature,temperaturerhohung,70,80
temperature,temperatureinstellung,67,69
temperature,temperaturerniedrigung,64,66
temperature,temperaturea,62,63
temperature,temperatureinduced,61,61
temperature,temperaturesof,61,64
temperature,temperaturedistribution,60,65
temperature,temperaturefor,60,62
temperature,temperaturehumidity,59,62
temperature,temperatureindependent,50,51
temperature,temperaturempfindliche,50,50
temperature,temperatureffekt,48,53
temperature,temperaturendringer,48,61
temperature,temperaturec,47,52
temperature,temperatureto,47,59
temperature,temperaturespechumid,46,46
temperature,temperatureat,45,48
temperature,temperatureextraction,45,46
temperature,temperaturelike,45,50
temperature,temperaturewere,43,43
temperature,temperaturempfindlicher,40,42
temperature,temperaturecontrol,39,39
temperature,temperaturemeasurements,39,39
temperature,temperaturerfassung,39,40
temperature,temperatureswere,39,39
temperature,temperatureffekten,38,39
temperature,temperaturesin,38,38
temperature,temperaturegradient,37,37
temperature,temperaturee,36,46
temperature,temperaturetime,36,39
temperature,temperaturerhoehung,35,40
temperature,temperaturel,34,35
temperature,temperaturextreme,34,34
temperature,temperaturemore,33,33
temperature,temperaturem,32,32
temperature,temperaturerise,32,34
temperature,temperatureconditions,31,32
temperature,temperaturefield,31,34
temperature,temperaturescite,31,31
temperature,temperaturesensor,31,33
temperature,temperaturetemperature,30,30
temperature,temperatureare,28,29
temperature,temperaturechanges,28,28
temperature,temperaturedifference,28,29
temperature,temperaturesj,28,28
temperature,temperaturevariation,28,29
temperature,temperaturevariations,28,28
temperature,temperaturefrom,27,27
temperature,temperatureresponsive,27,27
temperature,temperaturest,27,28
temperature,temperaturesolid,26,26
temperature,temperaturedata,25,32
temperature,temperaturemeasurement,24,24
temperature,temperaturempfindung,24,28
temperature,temperatureprofile,24,24
temperature,temperatureincreased,23,23
temperature,temperaturendring,23,28
temperature,temperaturereaction,23,23
temperature,temperaturehigh,22,22
temperature,temperaturesfrom,22,22
temperature,temperatureas,21,21
temperature,temperaturecontroller,21,26
temperature,temperatureincreases,21,22
temperature,temperaturemonitoring,21,21
temperature,temperaturesare,21,21
temperature,temperaturetc,21,21
system,system,25800447,41211264
system,systems,10800976,17171723
system,systematic,2523179,3337612
system,systemic,1253364,1769126
system,systematically,782844,811535
system,systeme,154190,217131
system,systematics,99174,114705
system,systemically,53853,59383
system,systematization,50216,55935
system,systemen,45587,55292
system,systemu,42720,58251
system,systemes,41949,63355
system,systematische,40334,44191
system,systematisch,33285,35138
system,systematized,32594,34281
system,systematize,24918,25544
system,systematischen,21921,23766
system,systematical,16882,17836
system,systematisk,15982,19344
system,systemie,13929,15823
system,systematik,12514,14025
system,systemet,11640,19807
system,systemy,10979,12604
system,systemische,10670,13157
system,systematique,9699,10543
system,systema,9444,10515
system,systematizing,8796,9106
system,systematischer,8314,8643
system,systemischen,8091,9947
system,systematizes,6932,6985
system,systematicity,5256,6769
system,systemach,5029,5407
system,systemc,4916,10300
system,systemem,4400,4776
system,systematisches,4383,4670
system,systematisation,4288,4637
system,systemtheorie,4172,5507
system,systemischer,4125,4767
system,systemer,3889,5661
system,systematisierung,3745,4038
system,systemized,3487,3685
system,systemwide,3430,3986
system,systematiquement,3365,3430
system,systematiskt,3242,3790
system,systemique,3225,3868
system,systematised,2953,3158
system,systemisch,2946,3607
system,systematiska,2941,3768
system,systematise,2674,2731
system,systematiske,2426,2977
system,systemaattinen,2231,2462
system,systematisiert,2152,2185
system,systemization,2057,2270
system,systemize,2027,2092
system,systemaattisesti,1916,1996
system,systemaattisen,1715,1910
system,systematists,1694,2008
system,systemow,1680,2069
system,systemizing,1679,2480
system,systemin,1581,2345
system,systemowe,1548,1633
system,systemets,1531,1842
system,systemaattista,1523,1569
system,systemtheoretische,1492,1605
system,systematiques,1474,1605
system,systematick,1444,1578
system,systemanalyse,1414,1562
system,systemowych,1321,1448
system,systemowej,1314,1425
system,systemtechnik,1310,1645
system,systemintegration,1309,2437
system,systemverilog,1234,2155
system,systematicness,1182,1244
system,systemof,1171,1184
system,systemene,1106,1579
system,systemtheoretischen,1091,1206
system,systematising,1089,1114
system,systematisieren,1065,1079
system,systeml,1057,1304
system,systematis,1051,1171
system,systemisches,1041,1345
system,systemisk,1019,1325
system,systemand,1014,1038
system,systemteori,1010,1133
system,systemkomponenten,987,1103
system,systemis,986,1081
system,systemwechsel,985,1065
system,systemami,960,1036
system,systemiques,934,1047
system,systemthese,920,920
system,systemfor,917,927
system,systemarchitektur,913,1052
system,systematycznie,883,919
system,systemthe,864,1015
system,systementwicklung,849,945
system,systematicky,843,865
system,systemics,815,1037
system,systemowego,806,924
system,systematiek,780,924
system,systemtheoretischer,758,802
syndrome,syndrome,2174668,3708707
syndrome,syndromes,239441,324617
syndrome,syndromem,1759,2519
syndrome,syndromen,1602,1850
syndrome,syndromet,323,497
syndrome,syndromethe,265,303
syndrome,syndromejournal,201,268
syndrome,syndromea,195,204
syndrome,syndromein,158,161
syndrome,syndromeand,109,114
syndrome,syndromer,80,94
syndrome,syndromeis,64,64
syndrome,syndromethese,60,60
syndrome,syndromecoronavirus,58,60
syndrome,syndromeclinical,47,49
syndrome,syndromedown,46,46
syndrome,syndromewith,44,44
syndrome,syndromewas,43,43
syndrome,syndromeataxia,42,42
syndrome,syndromerelated,40,42
syndrome,syndromed,38,40
syndrome,syndromeacute,37,37
syndrome,syndromeof,36,37
syndrome,syndromecase,35,35
syndrome,syndromee,35,38
syndrome,syndromechronic,34,40
syndrome,syndromepatients,34,34
syndrome,syndromeprimary,34,35
syndrome,syndromesthe,34,34
syndrome,syndromeb,30,32
syndrome,syndromeas,27,27
syndrome,syndromerenal,27,33
syndrome,syndromejohn,25,25
syndrome,syndromerobert,25,25
syndrome,syndromewere,25,26
syndrome,syndromeassociated,24,26
syndrome,syndromec,24,25
syndrome,syndromedrug,22,22
syndrome,syndrometreatment,22,22
syndrome,syndromeu,21,23
syndrome,syndromepulmonary,20,26
syndrome,syndrometo,20,20
syndrome,syndromean,19,20
syndrome,syndromei,19,20
syndrome,syndromeadrenal,18,21
syndrome,syndromech,18,18
syndrome,syndromedisorders,18,18
syndrome,syndromethis,18,18
syndrome,syndromewe,18,18
syndrome,syndromep,17,17
syndrome,syndromets,17,20
syndrome,syndromevirus,17,17
syndrome,syndromeare,16,16
syndrome,syndromej,16,17
syndrome,syndromedie,15,16
syndrome,syndromeeffect,15,16
syndrome,syndromefigure,15,15
syndrome,syndromelike,15,18
syndrome,syndromesa,15,15
syndrome,syndromethomas,15,15
syndrome,syndrometype,15,15
syndrome,syndromewhich,15,15
syndrome,syndromeacquired,14,16
syndrome,syndromecharles,14,14
syndrome,syndromemanagement,14,14
syndrome,syndromesir,14,14
syndrome,syndromeby,13,13
syndrome,syndromeeffects,13,14
syndrome,syndromejames,13,13
syndrome,syndromepada,13,13
syndrome,syndromerheumatism,13,13
syndrome,syndromesevere,13,13
syndrome,syndromesystemic,13,14
syndrome,syndrometwo,13,13
syndrome,syndromeamong,12,12
syndrome,syndromearthur,12,12
syndrome,syndromecorrespondence,12,12
syndrome,syndromedavid,12,12
syndrome,syndromegastrointestinal,12,15
syndrome,syndromel,12,16
syndrome,syndromemethods,12,12
syndrome,syndromenon,12,12
syndrome,syndromev,12,14
syndrome,syndromewilliam,12,12
syndrome,syndromex,12,12
syndrome,syndromeafter,11,11
syndrome,syndromebacterial,11,12
syndrome,syndromecan,11,11
syndrome,syndromedi,11,11
syndrome,syndromedifferentiation,11,11
syndrome,syndromef,11,12
syndrome,syndromefollowing,11,11
syndrome,syndromeh,11,11
syndrome,syndromehiv,11,11
syndrome,syndromehuman,11,11
syndrome,syndromemay,11,11
syndrome,syndromemichael,11,11
syndrome,syndromeoral,11,12
syndrome,syndromerichard,11,11
syndrome,syndromethat,11,11
sustainab,sustainable,2134193,3242028
sustainab,sustainability,1039999,1752220
sustainab,sustainably,44105,46769
sustainab,sustainabledevelopment,982,1066
sustainab,sustainabilty,467,485
sustainab,sustainablity,432,453
sustainab,sustainabilities,410,555
sustainab,sustainabilitas,257,452
sustainab,sustainabil,221,222
sustainab,sustainablility,163,166
sustainab,sustainab,138,168
sustainab,sustainabl,137,172
sustainab,sustainabilityof,121,124
sustainab,sustainabile,85,87
sustainab,sustainabilitypublications,80,80
sustainab,sustainabi,78,81
sustainab,sustainabilit,76,80
sustainab,sustainabilityand,69,69
sustainab,sustainabilityin,66,66
sustainab,sustainabiliy,60,60
sustainab,sustainablely,57,58
sustainab,sustainableand,54,54
sustainab,sustainables,51,55
sustainab,sustainabe,50,51
sustainab,sustainablemanagement,48,48
sustainab,sustainabel,47,53
sustainab,sustainabili,47,48
sustainab,sustainableagriculture,47,51
sustainab,sustainablly,45,47
sustainab,sustainabletourism,43,43
sustainab,sustainabiity,42,46
sustainab,sustainabilitythe,40,40
sustainab,sustainabillity,39,50
sustainab,sustainablepractices,39,39
sustainab,sustainableenergy,36,36
sustainab,sustainabilization,32,36
sustainab,sustainabilityreporting,31,34
sustainab,sustainabililty,27,28
sustainab,sustainabilitya,27,30
sustainab,sustainabilityoriented,27,28
sustainab,sustainabilityrelated,27,27
sustainab,sustainabilitysustainability,26,28
sustainab,sustainablegrowth,25,25
sustainab,sustainableurban,25,26
sustainab,sustainableuse,25,25
sustainab,sustainableagricultural,24,25
sustainab,sustainablebusiness,24,24
sustainab,sustainableproduction,24,24
sustainab,sustainabilitybarcelona,23,23
sustainab,sustainableeconomic,23,23
sustainab,sustainabilitydocument,22,22
sustainab,sustainabilityreport,21,22
sustainab,sustainabiltiy,21,21
sustainab,sustainablefuture,21,22
sustainab,sustainablilty,21,22
sustainab,sustainabale,20,23
sustainab,sustainabilityis,20,20
sustainab,sustainabilily,19,21
sustainab,sustainabilitythese,19,19
sustainab,sustainablecompetitive,19,19
sustainab,sustainabily,18,18
sustainab,sustainabity,18,19
sustainab,sustainablearchitecture,18,19
sustainab,sustainableway,17,17
sustainab,sustainabie,16,18
sustainab,sustainabilityssrn,16,17
sustainab,sustainablealternative,16,16
sustainab,sustainablesolutions,16,16
sustainab,sustainabilitypractices,15,15
sustainab,sustainableroute,15,16
sustainab,sustainablog,15,24
sustainab,sustainabiiity,14,17
sustainab,sustainabilityas,14,14
sustainab,sustainabilityenvironmental,14,14
sustainab,sustainabilityperformance,14,14
sustainab,sustainableconsumption,14,15
sustainab,sustainablefashion,14,17
sustainab,sustainablemobility,14,18
sustainab,sustainablesolution,14,14
sustainab,sustainabihty,13,14
sustainab,sustainabilitv,13,13
sustainab,sustainabilityeducation,13,13
sustainab,sustainablecities,13,13
sustainab,sustainabledesign,13,13
sustainab,sustainableenvironment,13,13
sustainab,sustainablefood,13,14
sustainab,sustainabilityfocused,12,12
sustainab,sustainabilityjel,12,12
sustainab,sustainablebuilding,12,12
sustainab,sustainablepulse,12,13
sustainab,sustainabletransportation,12,12
sustainab,sustainabilitiy,11,11
sustainab,sustainabilityjournal,11,11
sustainab,sustainabilityreports,11,11
sustainab,sustainabilitysustainable,11,11
sustainab,sustainablealternatives,11,11
sustainab,sustainableconstruction,11,11
sustainab,sustainableengineering,11,11
sustainab,sustainabletransport,11,14
sustainab,sustainablewater,11,11
surger,surgery,2705803,5308260
surger,surgeries,158630,230217
surger,surger,444,476
surger,surgeryjournal,428,494
surger,surgeryuniversity,278,358
surger,surgerical,187,202
surger,surgerythe,186,218
surger,surgerydepartment,165,260
surger,surgeryvolume,134,134
surger,surgeryand,129,131
surger,surgerys,95,103
surger,surgeryin,92,94
surger,surgered,88,104
surger,surgerya,72,90
surger,surgeryfor,69,69
surger,surgers,61,74
surger,surgeryis,60,60
surger,surgere,57,66
surger,surgerynew,57,63
surger,surgeryvol,56,62
surger,surgerywas,56,56
surger,surgerywere,45,45
surger,surgerywith,42,45
surger,surgerypatients,35,35
surger,surgeryplastic,31,32
surger,surgeryof,30,31
surger,surgerv,29,29
surger,surgeryon,29,31
surger,surgeryrelated,28,29
surger,surgerydivision,26,38
surger,surgerymayo,26,35
surger,surgerymedical,25,31
surger,surgerysurgical,25,30
surger,surgeryat,24,25
surger,surgeryj,24,27
surger,surgerywashington,24,28
surger,surgerybaylor,23,44
surger,surgerymassachusetts,22,25
surger,surgeryresults,22,27
surger,surgeri,21,24
surger,surgeried,21,22
surger,surgerybackground,21,21
surger,surgeryfree,21,27
surger,surgeryjtcvs,21,21
surger,surgerie,20,20
surger,surgerybasel,20,23
surger,surgerycardiovascular,20,20
surger,surgeryor,20,20
surger,surgeryto,20,20
surger,surgeryu,20,21
surger,surgerywe,20,20
surger,surgerycoronary,19,19
surger,surgeryinha,18,18
surger,surgeryq,18,18
surger,surgerystanford,18,25
surger,surgerybritish,17,19
surger,surgerymedstar,17,21
surger,surgeryp,17,18
surger,surgeryclinical,16,21
surger,surgeryfigure,16,20
surger,surgeryfirst,16,20
surger,surgeryhas,16,16
surger,surgeryl,16,18
surger,surgerym,16,18
surger,surgergy,15,15
surger,surgering,15,16
surger,surgeron,15,17
surger,surgert,15,15
surger,surgeryb,15,15
surger,surgerye,15,16
surger,surgeryhospital,15,19
surger,surgerymethods,15,16
surger,surgeryperformed,15,16
surger,surgerytable,15,17
surger,surgerons,14,15
surger,surgeryfaculty,14,26
surger,surgerynational,14,15
surger,surgeryobjective,14,14
surger,surgeryroyal,14,19
surger,surgerysearch,14,19
surger,surgeres,13,17
surger,surgerg,13,14
surger,surgeryan,13,13
surger,surgerycan,13,13
surger,surgeryd,13,13
surger,surgeryintroduction,13,13
surger,surgeryjohns,13,19
surger,surgerynorthwestern,13,14
surger,surgeryt,13,15
surger,surgerythese,13,13
surger,surgerized,12,15
surger,surgeryafter,12,12
surger,surgerydoor,12,14
surger,surgerymichael,12,33
surger,surgerypeking,12,15
surger,surgeryst,12,16
surger,surgerytime,12,12
surger,surgeryvtk,12,21
surger,surgeryyale,12,15
surger,surgerybecause,11,11
surgeon,surgeons,285638,421298
surgeon,surgeon,239427,324986
surgeon,surgeonfish,665,985
surgeon,surgeonfishes,235,335
surgeon,surgeongeneral,56,59
surgeon,surgeonsvol,37,38
surgeon,surgeonu,31,38
surgeon,surgeoner,21,30
surgeon,surgeonsnew,20,35
surgeon,surgeoncy,15,15
surgeon,surgeonsearch,14,18
surgeon,surgeonsand,13,13
surgeon,surgeoni,11,11
surgeon,surgeonand,10,10
surgeon,surgeonsu,10,13
surgeon,surgeonthese,10,10
surgeon,surgeonsjournal,9,9
surgeon,surgeonin,7,7
surgeon,surgeonsin,7,7
surgeon,surgeonthe,7,8
surgeon,surgeonm,6,6
surgeon,surgeonss,6,6
surgeon,surgeone,5,5
surgeon,surgeonos,5,5
surgeon,surgeonsthe,5,6
surgeon,surgeonswho,5,5
surgeon,surgeones,4,5
surgeon,surgeonpsilas,4,4
surgeon,surgeonsaaos,4,6
surgeon,surgeonsare,4,4
surgeon,surgeonsas,4,4
surgeon,surgeonsd,4,4
surgeon,surgeonsfor,4,4
surgeon,surgeonso,4,4
surgeon,surgeonspac,4,4
surgeon,surgeonsprivate,4,4
surgeon,surgeonsshould,4,4
surgeon,surgeonst,4,4
surgeon,surgeonsventricle,4,4
surgeon,surgeona,3,3
surgeon,surgeonassist,3,4
surgeon,surgeoncies,3,3
surgeon,surgeondependent,3,3
surgeon,surgeonfor,3,3
surgeon,surgeonis,3,3
surgeon,surgeonlecturer,3,3
surgeon,surgeonmakes,3,3
surgeon,surgeonmust,3,3
surgeon,surgeonn,3,3
surgeon,surgeonnaturalist,3,4
surgeon,surgeonperformed,3,3
surgeon,surgeonsarteriovenous,3,3
surgeon,surgeonsatisfaction,3,3
surgeon,surgeonsbackground,3,3
surgeon,surgeonshave,3,3
surgeon,surgeonship,3,3
surgeon,surgeonsis,3,3
surgeon,surgeonslondon,3,3
surgeon,surgeonsmanagement,3,5
surgeon,surgeonsoutcome,3,3
surgeon,surgeonsto,3,3
surgeon,surgeonto,3,3
surgeon,surgeonts,3,4
surgeon,surgeonwho,3,3
surgeon,surgeonanesthetist,2,2
surgeon,surgeonassessment,2,2
surgeon,surgeonassistant,2,2
surgeon,surgeonconclusion,2,2
surgeon,surgeoncorrespondence,2,2
surgeon,surgeondentist,2,2
surgeon,surgeondepartment,2,2
surgeon,surgeonet,2,5
surgeon,surgeonfi,2,2
surgeon,surgeonfo,2,2
surgeon,surgeongone,2,2
surgeon,surgeonhas,2,2
surgeon,surgeonhood,2,2
surgeon,surgeonj,2,2
surgeon,surgeonjournal,2,2
surgeon,surgeonl,2,2
surgeon,surgeonmade,2,2
surgeon,surgeonmay,2,2
surgeon,surgeonmedical,2,2
surgeon,surgeononly,2,2
surgeon,surgeonor,2,2
surgeon,surgeonpatient,2,2
surgeon,surgeonpdf,2,2
surgeon,surgeonr,2,2
surgeon,surgeonroyal,2,2
surgeon,surgeonsa,2,2
surgeon,surgeonsauthor,2,2
surgeon,surgeonscardiovascular,2,2
surgeon,surgeonsdr,2,2
surgeon,surgeonsfacial,2,2
surgeon,surgeonsfrom,2,2
surgeon,surgeonsfungal,2,2
surgeon,surgeonsjtcvs,2,2
surgeon,surgeonsmust,2,2
surgeon,surgeonsouthampton,2,2
surgeon,surgeonsoverall,2,2
sulfate,sulfate,388262,652335
sulfate,sulfated,26100,43878
sulfate,sulfates,23156,32430
sulfate,sulfaten,323,352
sulfate,sulfatepolyacrylamide,179,180
sulfate,sulfatereducing,89,91
sulfate,sulfatees,60,81
sulfate,sulfatee,52,69
sulfate,sulfater,35,43
sulfate,sulfateand,28,38
sulfate,sulfatester,21,26
sulfate,sulfateless,20,30
sulfate,sulfatecite,18,18
sulfate,sulfatea,17,17
sulfate,sulfatein,16,17
sulfate,sulfatem,15,15
sulfate,sulfatei,14,18
sulfate,sulfatesodium,13,13
sulfate,sulfatejohn,12,12
sulfate,sulfaterich,12,12
sulfate,sulfateinduced,11,11
sulfate,sulfatec,10,10
sulfate,sulfatedoi,10,10
sulfate,sulfategel,10,10
sulfate,sulfatecontaining,9,9
sulfate,sulfatelektrolyten,9,9
sulfate,sulfateuse,9,9
sulfate,sulfatew,9,9
sulfate,sulfatechloride,8,8
sulfate,sulfateintrag,8,8
sulfate,sulfatej,8,8
sulfate,sulfaterte,8,20
sulfate,sulfatebased,7,7
sulfate,sulfatecontent,7,7
sulfate,sulfateg,7,7
sulfate,sulfateh,7,7
sulfate,sulfatel,7,7
sulfate,sulfatering,7,14
sulfate,sulfatesulfuric,7,7
sulfate,sulfatesynergy,7,7
sulfate,sulfateammonium,6,6
sulfate,sulfateconcentration,6,7
sulfate,sulfatehenry,6,6
sulfate,sulfatelouis,6,6
sulfate,sulfatereduction,6,6
sulfate,sulfatert,6,17
sulfate,sulfatesj,6,6
sulfate,sulfatestern,6,7
sulfate,sulfatewilliam,6,6
sulfate,sulfateat,5,5
sulfate,sulfateb,5,5
sulfate,sulfatef,5,5
sulfate,sulfateions,5,5
sulfate,sulfatejay,5,5
sulfate,sulfatentfernung,5,7
sulfate,sulfatepolymerase,5,5
sulfate,sulfatesa,5,5
sulfate,sulfatesjohn,5,5
sulfate,sulfatet,5,5
sulfate,sulfateacid,4,4
sulfate,sulfateas,4,4
sulfate,sulfatedavid,4,4
sulfate,sulfatek,4,4
sulfate,sulfatelike,4,4
sulfate,sulfatemore,4,4
sulfate,sulfatep,4,4
sulfate,sulfatepoly,4,4
sulfate,sulfatepolycrylamide,4,4
sulfate,sulfatepotassium,4,4
sulfate,sulfaterobert,4,4
sulfate,sulfateselectronic,4,4
sulfate,sulfatesf,4,4
sulfate,sulfatesolution,4,4
sulfate,sulfatetype,4,5
sulfate,sulfateurea,4,4
sulfate,sulfateacrylamide,3,3
sulfate,sulfatealan,3,3
sulfate,sulfateattack,3,3
sulfate,sulfatebearing,3,3
sulfate,sulfatecalcium,3,3
sulfate,sulfatedglycosaminoglycans,3,3
sulfate,sulfatedn,3,3
sulfate,sulfateherbert,3,3
sulfate,sulfateion,3,3
sulfate,sulfateis,3,3
sulfate,sulfateon,3,3
sulfate,sulfateorally,3,3
sulfate,sulfatepentahydrate,3,3
sulfate,sulfateprecipitation,3,3
sulfate,sulfateproteoglycan,3,3
sulfate,sulfatera,3,3
sulfate,sulfatereducers,3,3
sulfate,sulfatereducingbacteria,3,3
sulfate,sulfateresistant,3,3
sulfate,sulfatesc,3,3
sulfate,sulfatese,3,3
sulfate,sulfatesh,3,3
sulfate,sulfatesl,3,3
sulfate,sulfatess,3,3
sulfate,sulfatestephen,3,3
suicid,suicide,238483,591464
suicid,suicidal,99668,221897
suicid,suicides,26102,43522
suicid,suicidality,19527,36456
suicid,suicidio,13773,27079
suicid,suicida,9961,24488
suicid,suicidas,3574,5245
suicid,suicid,1887,3008
suicid,suicidios,1823,2605
suicid,suicidaire,1751,2845
suicid,suicidaires,1348,2430
suicid,suicidology,1106,1522
suicid,suicidarse,516,643
suicid,suicido,433,456
suicid,suicider,392,410
suicid,suicidants,362,589
suicid,suicidi,334,464
suicid,suicided,202,261
suicid,suicidala,185,393
suicid,suicidally,179,207
suicid,suicidar,177,186
suicid,suicidf,175,397
suicid,suicidalitet,135,238
suicid,suicidant,134,177
suicid,suicidario,133,218
suicid,suicidan,130,137
suicid,suicidn,119,330
suicid,suicidprevention,116,205
suicid,suicidalidad,111,215
suicid,suicidologists,111,132
suicid,suicidalit,103,190
suicid,suicidale,99,149
suicid,suicidological,97,129
suicid,suicidado,91,97
suicid,suicidewatch,90,150
suicid,suicident,87,90
suicid,suicidogenic,86,101
suicid,suicidaria,79,120
suicid,suicidalt,75,170
suicid,suicidtankar,68,100
suicid,suicidari,58,62
suicid,suicidalnosti,56,110
suicid,suicidegirls,52,94
suicid,suicidologist,52,60
suicid,suicidpreventiva,52,87
suicid,suicidaron,51,59
suicid,suicidrisk,51,83
suicid,suicidologia,50,62
suicid,suicidou,49,50
suicid,suicidalnog,48,79
suicid,suicidalnost,48,54
suicid,suicidalni,45,60
suicid,suiciding,44,55
suicid,suicidologie,43,56
suicid,suiciders,41,65
suicid,suicidium,41,43
suicid,suicidologi,40,44
suicid,suicidalidade,39,82
suicid,suicidalnim,39,48
suicid,suicideprevention,38,38
suicid,suicidalno,37,43
suicid,suicidaram,37,49
suicid,suicidalne,36,44
suicid,suicidalnih,36,60
suicid,suicidepreventionlifeline,36,36
suicid,suicidarie,33,39
suicid,suicidriskbed,32,76
suicid,suicidaliteit,29,41
suicid,suicidpreventivt,29,42
suicid,suicidam,28,29
suicid,suicidalita,26,30
suicid,suicidii,25,26
suicid,suicidolog,25,34
suicid,suicidarsi,23,23
suicid,suicidalideation,22,26
suicid,suicidalniho,22,29
suicid,suicidals,22,28
suicid,suicidforsok,22,28
suicid,suicidia,22,23
suicid,suicidversuch,21,22
suicid,suicidandose,20,20
suicid,suicidantes,20,27
suicid,suicidetrolls,20,20
suicid,suicidial,20,21
suicid,suicidaal,19,27
suicid,suicidabilidad,18,26
suicid,suicidiario,18,18
suicid,suicidism,18,30
suicid,suicidad,17,17
suicid,suicideand,17,17
suicid,suicidein,17,22
suicid,suicidnara,17,20
suicid,suicidu,17,19
suicid,suicidando,16,16
suicid,suicidato,16,18
suicid,suiciderar,16,19
suicid,suicidin,16,25
suicid,suicidara,15,20
suicid,suiciderisk,15,21
suicid,suicidul,15,19
stunt,stunting,46442,186246
stunt,stunted,23906,36442
stunt,stuntman,12492,35042
stunt,stunt,10517,15597
stunt,stunts,2741,3166
stunt,stuntz,1696,2020
stunt,stuntmen,241,267
stunt,stuntspt,51,52
stunt,stuntedness,44,53
stunt,stuntshttp,42,42
stunt,stuntingnya,39,40
stunt,stuntin,32,33
stunt,stuntingpada,30,30
stunt,stuntzii,30,32
stunt,stunturi,28,31
stunt,stuntwomen,25,52
stunt,stuntingdi,22,22
stunt,stuntebeck,21,23
stunt,stunturin,18,30
stunt,stuntwoman,17,20
stunt,stuntung,14,14
stunt,stuntzner,13,20
stunt,stuntingdengan,10,11
stunt,stuntney,10,14
stunt,stuntingis,9,9
stunt,stuntjohn,8,8
stunt,stunten,7,7
stunt,stunter,7,9
stunt,stuntingmetode,7,7
stunt,stuntboy,6,59
stunt,stuntig,6,6
stunt,stuntingadalah,6,6
stunt,stuntingand,6,6
stunt,stuntsrecords,6,6
stunt,stuntingabstrak,5,5
stunt,stunty,5,5
stunt,stuntzl,5,5
stunt,stunters,4,4
stunt,stuntet,4,4
stunt,stuntfah,4,4
stunt,stuntfrau,4,4
stunt,stuntingdan,4,5
stunt,stuntingdb,4,7
stunt,stuntinng,4,5
stunt,stuntmaster,4,4
stunt,stuntmer,4,10
stunt,stuntpark,4,8
stunt,stuntwork,4,4
stunt,stunta,3,3
stunt,stuntdisease,3,3
stunt,stuntdrone,3,3
stunt,stuntedoverweight,3,11
stunt,stuntelen,3,3
stunt,stuntelig,3,3
stunt,stuntil,3,3
stunt,stuntingdapat,3,3
stunt,stuntinghaz,3,3
stunt,stuntingin,3,3
stunt,stuntingmelalui,3,3
stunt,stuntingmethod,3,3
stunt,stuntingoverweight,3,17
stunt,stuntingprevention,3,3
stunt,stuntingusia,3,3
stunt,stuntingyang,3,3
stunt,stuntkard,3,3
stunt,stuntly,3,3
stunt,stuntmans,3,3
stunt,stuntpeople,3,3
stunt,stuntperson,3,3
stunt,stuntsmanship,3,3
stunt,stuntze,3,3
stunt,stuntzian,3,3
stunt,stuntzmp,3,3
stunt,stuntacular,2,2
stunt,stuntapp,2,4
stunt,stuntcams,2,2
stunt,stuntcare,2,3
stunt,stuntedand,2,2
stunt,stunteddi,2,2
stunt,stuntedgrowth,2,2
stunt,stuntedgrowthof,2,2
stunt,stunteed,2,2
stunt,stuntfrauen,2,2
stunt,stuntgrass,2,2
stunt,stunti,2,2
stunt,stunticons,2,2
stunt,stuntiing,2,7
stunt,stuntiness,2,2
stunt,stuntinganak,2,2
stunt,stuntingbackground,2,2
stunt,stuntingearly,2,2
stunt,stuntinghasil,2,2
stunt,stuntingi,2,3
stunt,stuntingincidence,2,2
stunt,stuntingkata,2,2
stunt,stuntingkesimpulan,2,2
stunt,stuntingkeywords,2,2
stunt,stuntingmerupakan,2,2
stunt,stuntingmethods,2,2
stunt,stuntingnilai,2,2
stress,stress,3790067,7885032
stress,stresses,547459,777781
stress,stressed,234465,288924
stress,stressors,153867,240957
stress,stressful,119665,150191
stress,stressing,61993,68180
stress,stressor,46711,68437
stress,stressi,2681,4064
stress,stresse,1971,4516
stress,stressz,1836,3187
stress,stressin,1467,2448
stress,stressoren,1461,2038
stress,stressbew,1223,1837
stress,stressen,1002,1438
stress,stressstrain,942,993
stress,stressfulness,782,1068
stress,stressade,780,984
stress,stressantes,652,777
stress,stressante,630,695
stress,stressniv,621,920
stress,stressfaktoren,585,694
stress,stresserleben,558,899
stress,stressbelastung,548,819
stress,stresstest,526,672
stress,stressantwort,521,718
stress,stressreaktion,516,801
stress,stressande,504,585
stress,stressni,501,658
stress,stressfrei,500,529
stress,stressmanagement,454,510
stress,stressig,441,465
stress,stressinduced,438,458
stress,stresshantering,408,588
stress,stressrelaterade,404,531
stress,stressorer,396,631
stress,stresssituationen,386,446
stress,stressiin,385,539
stress,stresseurs,379,716
stress,stressreduktion,377,469
stress,stressants,373,499
stress,stressanti,364,437
stress,stressreaktionen,364,432
stress,stressant,363,402
stress,stressfaktorer,352,479
stress,stressless,347,423
stress,stresszt,341,389
stress,stressbedingungen,338,417
stress,stressrelaterad,333,596
stress,stressist,322,420
stress,stressga,320,452
stress,stressfull,314,325
stress,stressfaktor,300,315
stress,stressigen,300,314
stress,stressende,299,368
stress,stressitekij,290,454
stress,stresser,285,398
stress,stressempfinden,274,393
stress,stressad,267,299
stress,stressogenic,267,349
stress,stressand,262,268
stress,stresslevel,253,311
stress,stresszel,250,285
stress,stressrelated,247,258
stress,stressvolle,234,285
stress,stressores,233,358
stress,stressstoornis,223,264
stress,stresss,220,238
stress,stresset,219,274
stress,stressiga,219,256
stress,stressverarbeitung,214,339
stress,stresslet,211,314
stress,stresstoleranz,206,263
stress,stressyndrom,204,268
stress,stresspr,198,283
stress,stressa,187,220
stress,stressabbau,181,190
stress,stresssituation,181,215
stress,stressinkontinenz,180,247
stress,stressresistenz,172,219
stress,stressbedingte,163,173
stress,stressniveau,162,189
stress,stresstests,155,178
stress,stressfully,150,153
stress,stressosome,148,520
stress,stressfreier,144,144
stress,stressih,142,258
stress,stressfreie,140,141
stress,stressning,140,187
stress,stressli,137,159
stress,stressigt,136,145
stress,stresst,135,149
stress,stressregulation,124,156
stress,stresszre,124,135
stress,stressly,123,125
stress,stresszkezel,123,169
stress,stresson,119,127
stress,stressreaktioner,115,145
stress,stressmodell,114,290
stress,stressbelastungen,113,127
stress,stressinduzierte,113,135
storm,storm,254595,429303
storm,storms,97180,144884
storm,stormwater,35858,80216
storm,stormy,10907,12206
storm,storming,4476,5341
storm,stormed,1749,1792
storm,stormflow,1563,2977
storm,storminess,1531,2292
storm,stormont,1065,1305
storm,stormer,675,893
storm,stormi,603,679
storm,storma,577,617
storm,stormen,474,611
storm,stormsi,452,480
storm,stormvloedkering,423,483
storm,stormtroopers,375,446
storm,storme,336,407
storm,stormtime,276,407
storm,stormberg,255,421
storm,stormarn,238,273
storm,stormfront,216,327
storm,stormflows,196,272
storm,stormvloeden,184,200
storm,stormtrooper,179,214
storm,stormier,175,185
storm,stormo,175,220
storm,stormakt,165,197
storm,stormar,165,180
storm,stormvloed,152,231
storm,stormwaters,138,170
storm,stormaktstidens,124,151
storm,stormgeo,124,132
storm,stormzy,119,154
storm,stormlight,115,540
storm,stormorken,112,193
storm,stormaktstiden,110,143
storm,stormwreck,108,445
storm,stormiest,104,109
storm,stormachtige,97,98
storm,stormakter,95,106
storm,stormanstown,94,189
storm,stormaktene,75,102
storm,stormwatch,73,107
storm,stormfury,72,91
storm,stormaktstid,71,86
storm,stormtrack,70,98
storm,stormers,68,98
storm,stormbreaker,67,283
storm,stormiae,66,69
storm,stormin,62,67
storm,stormyr,62,80
storm,stormcast,60,121
storm,stormcloud,60,67
storm,stormes,57,62
storm,stormskador,55,78
storm,stormie,54,72
storm,stormariae,52,54
storm,stormbergia,52,56
storm,stormfield,52,73
storm,stormtac,52,99
storm,stormal,51,61
storm,stormbringer,51,149
storm,stormenn,51,57
storm,stormf,51,78
storm,stormarna,50,58
storm,stormtracks,50,60
storm,stormwind,48,55
storm,stormens,47,57
storm,stormii,47,58
storm,stormusslor,47,91
storm,stormagternes,46,53
storm,stormakten,45,49
storm,stormchecker,42,62
storm,stormshak,41,51
storm,stormpav,40,134
storm,storman,39,49
storm,stormachtig,38,38
storm,stormossen,37,68
storm,stormproof,37,67
storm,stormsurge,37,49
storm,stormclouds,36,37
storm,stormpy,36,54
storm,stormarknad,35,50
storm,stormarknader,35,40
storm,stormflo,35,58
storm,stormrider,35,397
storm,stormagt,34,38
storm,stormsia,34,35
storm,stormvogel,34,65
storm,stormon,33,34
storm,stormannsg,31,31
storm,stormari,31,31
storm,stormborn,29,35
storm,stormevents,29,30
storm,stormready,29,32
storm,stormschade,29,33
storm,stormakterna,28,39
storm,stormanicus,28,28
storm,stormvogels,28,31
storm,stormagterne,27,27
spell,spelling,72899,125036
spell,spell,46568,131529
spell,spells,37154,190834
spell,spelled,16060,17630
spell,spellings,6922,8905
spell,speller,3252,5157
spell,spellcasters,1920,1971
spell,spellman,1467,1944
spell,spellbound,1387,1633
spell,spellbinding,1304,1516
spell,spellers,1199,2070
spell,spellcaster,726,1383
spell,spellrevenge,658,658
spell,spellen,340,457
spell,spellenberg,275,470
spell,spellchecker,260,368
spell,spelle,194,1304
spell,spellcasting,181,236
spell,spellcheck,178,237
spell,spellenb,173,221
spell,spellerberg,164,183
spell,spello,159,194
spell,spellchecking,152,201
spell,spellout,148,200
spell,spelletjes,137,162
spell,spellberg,135,228
spell,spellbook,120,295
spell,spellcheckers,93,157
spell,spellacy,86,117
spell,spelljammer,81,291
spell,spellenbergii,69,83
spell,spellmeyer,69,80
spell,spellbinders,59,97
spell,spellbinder,58,75
spell,spelletje,57,61
spell,spellingproblemen,48,54
spell,spellingstate,48,96
spell,spellcraft,46,168
spell,spellmann,44,51
spell,spellin,39,44
spell,spellmount,39,50
spell,spellbooks,33,38
spell,spellwork,29,51
spell,spellingerrorv,28,58
spell,spellbind,26,26
spell,spellingregels,26,41
spell,spellbrink,25,26
spell,spellingonderwijs,23,36
spell,spellistor,23,28
spell,spellmannslag,23,23
spell,spella,22,30
spell,spellagen,22,49
spell,spellingsproblemen,22,30
spell,spellmire,20,35
spell,spellweaver,19,23
spell,spellcards,17,19
spell,spellar,16,16
spell,spelli,15,15
spell,spellpodcast,15,15
spell,spellbring,14,15
spell,spellforce,14,251
spell,spellingsvaardigheden,14,19
spell,spellingvaardigheden,14,15
spell,spellingvaardigheid,14,17
spell,spellchecked,13,14
spell,spellecy,13,24
spell,spelledare,13,18
spell,spellicans,13,22
spell,spellstexas,13,13
spell,spellt,13,14
spell,spellane,11,11
spell,spelldaten,11,11
spell,spelliknande,11,11
spell,spellingregel,11,11
spell,spellingwet,11,47
spell,spelliscy,11,13
spell,spelljammers,11,15
spell,spellstoattractlove,11,11
spell,spelltogetlostlovebacklondon,11,20
spell,spelltogetlostlovebacktodaycanada,11,20
spell,spelltogetlostlovebacktodayusa,11,20
spell,spellcrafting,10,12
spell,spellflict,10,12
spell,spellling,10,12
spell,spellmanhv,10,10
spell,spellmon,10,12
spell,spellsif,10,10
spell,spellag,9,11
spell,spellanzon,9,9
spell,spelledaren,9,18
spell,spelleider,9,10
spell,spellingen,9,11
spell,spellingprestaties,9,12
spell,spellsel,9,9
spell,spelly,9,10
spell,spellchecks,8,8
spell,spellenbergiana,8,10
spell,spelles,8,8
spell,spellfire,8,38
spell,spellingcommissie,8,8
solastalgi,solastalgia,529,1027
solastalgi,solastalgie,57,82
solastalgi,solastalgic,27,29
solastalgi,solastalgies,5,7
solastalgi,solastalgique,4,4
solastalgi,solastalgiques,4,5
solastalgi,solastalgi,1,1
solastalgi,solastalgicznej,1,1
solastalgi,solastalgii,1,3
solastalgi,solastalgisch,1,2
solastalgi,solastalgisia,1,1
solastalgi,solastalgisilla,1,1
solastalgi,solastalgisten,1,1
snowmelt,snowmelt,18840,36017
snowmelt,snowmelts,89,90
snowmelt,snowmelting,85,108
snowmelt,snowmeltrunoff,3,3
snowmelt,snowmelted,2,2
snowmelt,snowmelter,2,2
snowmelt,snowmelters,2,2
snowmelt,snowmeltincludes,2,2
snowmelt,snowmeltscript,2,2
snowmelt,snowmeltwater,2,2
snowmelt,snowmeltand,1,1
snowmelt,snowmeltbase,1,1
snowmelt,snowmeltchad,1,1
snowmelt,snowmeltcomponents,1,1
snowmelt,snowmeltderived,1,1
snowmelt,snowmeltdriven,1,1
snowmelt,snowmeltevents,1,1
snowmelt,snowmeltin,1,1
snowmelt,snowmeltinfiltration,1,1
snowmelt,snowmeltmodel,1,1
snowmelt,snowmeltout,1,1
snowmelt,snowmeltprocesses,1,1
snowmelt,snowmeltr,1,1
snowmelt,snowmeltriding,1,1
snowmelt,snowmeltrunofffrom,1,1
snowmelt,snowmeltrunoffhruinductive,1,1
snowmelt,snowmeltsnowmelt,1,1
snowmelt,snowmeltt,1,1
snowmelt,snowmelttimberlinewarmingxylogenesis,1,1
snowmelt,snowmelttm,1,1
snowmelt,snowmelttracing,1,1
snake,snake,98187,172018
snake,snakes,45387,81104
snake,snakebite,6776,14844
snake,snakehead,3410,8089
snake,snakebites,3068,4947
snake,snakemake,2592,4649
snake,snakeskin,624,1009
snake,snakeheads,361,599
snake,snakelike,343,463
snake,snakeweed,255,678
snake,snakeroot,233,355
snake,snaked,231,296
snake,snakeflies,196,245
snake,snakefly,194,236
snake,snakefile,182,309
snake,snaketown,110,168
snake,snakepipes,96,351
snake,snakeboard,88,149
snake,snakegourd,85,159
snake,snakepit,80,109
snake,snakefruit,75,247
snake,snakey,72,82
snake,snakeman,66,82
snake,snakebids,54,81
snake,snakewood,49,61
snake,snakebit,44,52
snake,snakebot,39,87
snake,snakeden,38,39
snake,snakelocks,31,34
snake,snakers,28,31
snake,snakechat,27,29
snake,snakehips,27,28
snake,snakefish,24,33
snake,snakeweeds,23,31
snake,snakebitten,22,22
snake,snakebots,22,31
snake,snakefinger,22,31
snake,snakeoil,22,23
snake,snakeskins,22,27
snake,snakedance,20,20
snake,snakemoray,20,20
snake,snakefiles,18,25
snake,snaket,18,33
snake,snakeheaded,17,28
snake,snakemags,17,54
snake,snakevenom,17,23
snake,snakecharmer,16,21
snake,snakeclef,16,25
snake,snakeensis,16,22
snake,snakelets,14,31
snake,snakecube,13,25
snake,snakebird,12,13
snake,snakeblenny,12,22
snake,snakefmt,12,12
snake,snaker,12,18
snake,snakeyaml,12,15
snake,snakecactus,11,16
snake,snakeh,11,11
snake,snaken,11,11
snake,snakestone,11,27
snake,snakexenophidion,11,11
snake,snakebean,10,16
snake,snakechy,10,10
snake,snaketail,10,33
snake,snakeface,9,9
snake,snakeis,9,15
snake,snakenborg,9,10
snake,snakestones,9,25
snake,snakevine,9,12
snake,snakewoman,9,14
snake,snakebirds,8,9
snake,snakedali,8,13
snake,snakelake,8,24
snake,snakeworld,8,8
snake,snakebavarioboafrom,7,7
snake,snakeboards,7,7
snake,snakecic,7,37
snake,snakecut,7,14
snake,snakees,7,8
snake,snakehandlers,7,7
snake,snakehole,7,7
snake,snakeid,7,8
snake,snakelet,7,8
snake,snakeoctopus,7,7
snake,snakesand,7,7
snake,snakesong,7,7
snake,snakestrike,7,7
snake,snakeye,7,12
snake,snakeboarder,6,6
snake,snakeboarding,6,8
snake,snakecase,6,7
snake,snakedeploy,6,12
snake,snakehunter,6,14
snake,snakeion,6,18
snake,snakeique,6,6
snake,snakelily,6,6
snake,snakemakemethylfrac,6,8
snake,snakemaker,6,11
snake,snakemelon,6,6
snake,snakengs,6,6
shift,shift,1739397,2245018
shift,shifts,687014,870442
shift,shifting,395537,469710
shift,shifted,366259,413428
shift,shifter,20953,37028
shift,shifters,14330,20484
shift,shiftwork,2100,4032
shift,shiftable,995,1416
shift,shifty,916,1097
shift,shiftworkers,556,1062
shift,shiftings,331,375
shift,shiftless,313,356
shift,shiftin,206,218
shift,shiftthe,161,163
shift,shiftability,155,247
shift,shiftrows,147,225
shift,shiftshare,121,152
shift,shiftworking,114,161
shift,shiftfrom,112,115
shift,shiftiness,112,169
shift,shiftes,95,95
shift,shifta,89,139
shift,shifth,87,87
shift,shiftchy,82,82
shift,shiftis,79,143
shift,shiftworker,69,93
shift,shiftsi,66,66
shift,shiftx,66,83
shift,shiftrs,65,66
shift,shiftion,64,192
shift,shiftique,64,64
shift,shiftrch,64,64
shift,shiftsse,64,64
shift,shiftter,64,64
shift,shifttrie,64,128
shift,shiftzon,64,128
shift,shifterless,59,67
shift,shiftrow,57,75
shift,shiftan,55,98
shift,shiftof,52,54
shift,shiftdown,49,74
shift,shiftand,48,50
shift,shiftlessness,46,46
shift,shifte,42,46
shift,shiftml,42,108
shift,shiftto,41,44
shift,shiftinvariant,39,40
shift,shifttowards,38,38
shift,shiftkeying,34,34
shift,shiftting,30,32
shift,shiftsin,29,29
shift,shiftedfrom,28,28
shift,shifttoward,27,27
shift,shifti,26,31
shift,shiftsof,25,27
shift,shiftthese,25,25
shift,shiftman,22,25
shift,shiftnya,20,22
shift,shiftr,19,46
shift,shiftregister,19,20
shift,shiftedto,17,17
shift,shiftingand,17,17
shift,shiftly,17,27
shift,shiftup,17,33
shift,shiftsense,16,22
shift,shiftboard,15,15
shift,shifthing,15,16
shift,shiftingly,15,15
shift,shiftlet,15,20
shift,shiftmax,15,16
shift,shiftness,15,19
shift,shiftnet,15,21
shift,shiftsthe,15,15
shift,shiftaway,14,14
shift,shiftingthe,14,14
shift,shiftinvariance,14,14
shift,shiftmedia,14,76
shift,shiftsand,14,14
shift,shiften,13,16
shift,shiftfinishedshapefilestocoordinatesystem,13,13
shift,shiftier,13,13
shift,shifties,13,13
shift,shiftgrams,12,31
shift,shiftily,12,12
shift,shiftrobert,12,12
shift,shiftamers,11,13
shift,shiftbase,11,11
shift,shiftcrypt,11,25
shift,shiftlike,11,13
shift,shiftmap,11,11
shift,shiftment,11,13
shift,shiftn,11,12
shift,shiftogram,11,15
shift,shiftreaction,11,11
shift,shiftthat,11,12
shift,shiftwas,11,12
shift,shiftare,10,11
shift,shiftcd,10,10
shift,shifteh,10,10
shift,shiftiko,10,22
salmonel,salmonella,219132,469237
salmonel,salmonellosis,13028,19358
salmonel,salmonellae,5591,8967
salmonel,salmonellas,1214,1910
salmonel,salmonelosis,789,1082
salmonel,salmonela,706,909
salmonel,salmonellen,646,1034
salmonel,salmonelles,530,869
salmonel,salmonelloses,495,593
salmonel,salmonelose,382,547
salmonel,salmonelas,336,573
salmonel,salmonellose,312,410
salmonel,salmonelle,198,223
salmonel,salmonell,156,169
salmonel,salmonel,151,196
salmonel,salmonellatyphimurium,124,132
salmonel,salmonellaspp,95,127
salmonel,salmonellatyphi,94,103
salmonel,salmoneloses,87,115
salmonel,salmonellaenterica,83,96
salmonel,salmonellosen,76,95
salmonel,salmonellosi,74,82
salmonel,salmonellasp,62,79
salmonel,salmonellal,61,85
salmonel,salmoneloza,61,70
salmonel,salmoneloze,51,60
salmonel,salmonellaenteritidis,47,48
salmonel,salmonele,41,58
salmonel,salmonelleninfektionen,35,37
salmonel,salmonellan,33,58
salmonel,salmonelli,33,34
salmonel,salmonellain,32,42
salmonel,salmonelozy,31,48
salmonel,salmonelleninfektion,29,34
salmonel,salmonellaand,28,30
salmonel,salmonellaisolates,28,47
salmonel,salmonellla,28,38
salmonel,salmonellyoz,27,44
salmonel,salmonellabakterien,26,28
salmonel,salmonelloz,26,29
salmonel,salmonellaa,23,26
salmonel,salmonellaserovars,19,29
salmonel,salmonelov,18,23
salmonel,salmonellagruppe,17,20
salmonel,salmonellastrains,17,21
salmonel,salmonelloza,17,17
salmonel,salmonelama,16,20
salmonel,salmonelia,16,16
salmonel,salmoneloz,16,58
salmonel,salmonelleae,15,21
salmonel,salmonellozis,15,17
salmonel,salmonells,15,18
salmonel,salmonellalar,13,17
salmonel,salmonellawas,13,13
salmonel,salmonellos,13,25
salmonel,salmonellais,12,13
salmonel,salmonely,12,12
salmonel,salmonelami,11,18
salmonel,salmoneli,11,12
salmonel,salmonellabacterie,11,14
salmonel,salmonellique,11,11
salmonel,salmonello,11,11
salmonel,salmonellozy,11,14
salmonel,salmonellainfection,10,15
salmonel,salmonellainfektion,10,11
salmonel,salmonellashigella,10,10
salmonel,salmonellaspecies,10,10
salmonel,salmonellat,10,12
salmonel,salmonellesis,10,16
salmonel,salmonellojen,10,12
salmonel,salmonellyozi,10,12
salmonel,salmonelioz,9,22
salmonel,salmonellaisolated,9,11
salmonel,salmonellaparatyphi,9,9
salmonel,salmonellatypen,9,10
salmonel,salmonellar,8,13
salmonel,salmonellenbakterien,8,8
salmonel,salmonellabakterier,7,7
salmonel,salmonellabetween,7,7
salmonel,salmonellainfektionen,7,7
salmonel,salmonellasmitta,7,9
salmonel,salmonellatartunnat,7,7
salmonel,salmonellawere,7,7
salmonel,salmonellenbek,7,10
salmonel,salmonellenenteritis,7,8
salmonel,salmonellenpr,7,8
salmonel,salmonellu,7,8
salmonel,salmonelom,7,11
salmonel,salmonellaepidemia,6,6
salmonel,salmonellainfections,6,7
salmonel,salmonellavalvonta,6,7
salmonel,salmonellenproblemen,6,6
salmonel,salmonellenst,6,6
salmonel,salmonellia,6,6
salmonel,salmonelliasis,6,6
salmonel,salmonellin,6,8
salmonel,salmonellyozga,6,6
salmonel,salmonellyoziga,6,12
salmonel,salmonelou,6,10
salmonel,salmonellaas,5,5
river,river,1457658,2860633
river,rivers,322893,476784
river,riverine,39081,55791
river,rivera,37662,49572
river,riverside,32380,45054
river,riverbed,12570,19193
river,riverbank,8746,13616
river,rivero,7303,9666
river,riverbanks,4827,5891
river,riverfront,2951,4473
river,riverains,2633,3313
river,riverbeds,2549,3071
river,rivermead,1921,2430
river,riverview,1542,2032
river,riverdale,1453,2281
river,riveraines,1316,1737
river,riverscape,1052,1590
river,riverboat,1024,1264
river,riverhead,958,1156
river,riverton,958,1351
river,riverina,948,1197
river,riverstone,929,1062
river,riversides,741,843
river,riversleigh,713,1418
river,riveros,662,875
river,riverscapes,634,962
river,riversiana,621,650
river,riverway,605,922
river,riverwalk,559,715
river,riverain,515,599
river,riverland,425,548
river,riverbend,393,575
river,riveraine,382,528
river,riversdale,367,527
river,riverflow,346,513
river,riverways,302,414
river,riverstown,283,357
river,riveras,272,303
river,riveroi,266,366
river,riverboats,235,263
river,riverkeeper,235,339
river,rivermouth,225,343
river,riverbasin,197,281
river,riverwater,197,240
river,riverdance,183,305
river,riversi,181,274
river,riverberi,180,186
river,riverbera,178,179
river,riverfronts,171,238
river,riverae,170,265
river,riverrun,167,218
river,riverbero,165,180
river,rivercane,157,358
river,riverin,150,174
river,riveron,145,151
river,riversa,138,138
river,riverwood,136,168
river,rivervale,133,199
river,riverbench,125,351
river,rivere,123,144
river,riversano,122,124
river,riversand,116,160
river,riverpark,115,191
river,riverborne,110,127
river,riverman,110,138
river,riverberano,108,110
river,riverberazione,108,146
river,riverware,100,209
river,riverkoston,99,167
river,rivertown,92,144
river,riverand,89,92
river,riverport,87,108
river,rivery,86,101
river,riverlands,85,153
river,riverstrahler,78,98
river,riverhemp,72,82
river,riveria,71,83
river,riverward,70,85
river,riverai,68,125
river,riversandersoni,67,99
river,riverby,66,75
river,rivermen,66,93
river,rivergate,65,70
river,rivermouths,64,100
river,riverkostojen,63,81
river,riverso,63,84
river,riversare,62,62
river,rivertrance,62,65
river,riversato,61,61
river,riverston,61,198
river,rivercenter,59,110
river,riveris,59,61
river,riverflows,58,69
river,riverian,58,90
river,riveramarcelino,56,56
river,riversurveyor,56,77
river,riverberante,55,89
river,rivervalley,55,61
river,riverfest,54,80
river,riverol,53,60
renewable,renewable,785428,1110962
renewable,renewables,81442,92397
renewable,renewableenergyworld,8191,8191
renewable,renewableenergy,418,441
renewable,renewableuk,189,195
renewable,renewablesbiz,98,98
renewable,renewablesources,20,20
renewable,renewableresources,15,16
renewable,renewableand,13,13
renewable,renewableenergies,13,13
renewable,renewablepower,9,9
renewable,renewableresource,9,9
renewable,renewablestrue,9,9
renewable,renewablebased,8,8
renewable,renewableni,8,8
renewable,renewabletechnologies,8,8
renewable,renewableelectricity,7,7
renewable,renewablegeneration,7,8
renewable,renewablenatural,5,5
renewable,renewableness,5,5
renewable,renewableplus,5,5
renewable,renewablebiomass,4,4
renewable,renewablee,4,4
renewable,renewablehydrogen,4,6
renewable,renewablenepal,4,5
renewable,renewabletechnology,4,4
renewable,renewablewater,4,4
renewable,renewableenergyhub,3,3
renewable,renewableenergynow,3,3
renewable,renewableenergystocks,3,3
renewable,renewableergon,3,3
renewable,renewablegenerations,3,3
renewable,renewablematerial,3,3
renewable,renewablemechanical,3,3
renewable,renewablepedia,3,3
renewable,renewablesand,3,3
renewable,renewablesenergy,3,3
renewable,renewablesource,3,3
renewable,renewablethe,3,3
renewable,renewablecentral,2,2
renewable,renewablediesel,2,2
renewable,renewableenergylanguagemodel,2,6
renewable,renewableenergyquestionschatgpt,2,2
renewable,renewableenergyresources,2,2
renewable,renewableenergyst,2,2
renewable,renewablefreshwater,2,2
renewable,renewablefuel,2,2
renewable,renewableglobenewswiretoday,2,2
renewable,renewablehour,2,4
renewable,renewableintegration,2,2
renewable,renewablemeet,2,2
renewable,renewableraw,2,2
renewable,renewablereindeer,2,3
renewable,renewablesaction,2,2
renewable,renewablesandhumanrights,2,2
renewable,renewablesbased,2,2
renewable,renewablesfor,2,2
renewable,renewablespr,2,2
renewable,renewablessources,2,2
renewable,renewablessupply,2,2
renewable,renewableswebsite,2,2
renewable,renewablebarriers,1,1
renewable,renewablebattery,1,1
renewable,renewablebioresources,1,1
renewable,renewablebut,1,1
renewable,renewablecarbon,1,1
renewable,renewablecities,1,1
renewable,renewablecollective,1,1
renewable,renewablecompany,1,1
renewable,renewablecondition,1,1
renewable,renewabled,1,1
renewable,renewabledispatch,1,1
renewable,renewableenergiesare,1,1
renewable,renewableenergiesc,1,1
renewable,renewableenergiesthrough,1,1
renewable,renewableenergyarmenia,1,3
renewable,renewableenergycangeneratedfromrenewablesourceswhichareconstantlyrenewed,1,1
renewable,renewableenergychallenges,1,1
renewable,renewableenergycommunitybenefits,1,1
renewable,renewableenergydirectivecertification,1,1
renewable,renewableenergyfacilitiesestablishedat,1,1
renewable,renewableenergyforeachpublicbuilding,1,1
renewable,renewableenergyfoundation,1,1
renewable,renewableenergygpt,1,1
renewable,renewableenergyin,1,1
renewable,renewableenergyinpublicbuildings,1,1
renewable,renewableenergyishigherthanthatofotherindustrialparts,1,1
renewable,renewableenergylife,1,1
renewable,renewableenergymarketdevelopment,1,1
renewable,renewableenergymarkets,1,1
renewable,renewableenergyr,1,1
renewable,renewableenergyrese,1,1
renewable,renewableenergysoundscape,1,1
renewable,renewableenergysource,1,1
renewable,renewableenergysystem,1,1
renewable,renewableenergytechnologies,1,1
renewable,renewableenergytransformation,1,1
renewable,renewableenergywidelyavailable,1,1
renewable,renewablefeedstock,1,1
renewable,renewablefeedstocks,1,1
reduc,reduction,5228120,6934891
reduc,reduced,5060984,6438254
reduc,reduce,4351747,5023676
reduc,reducing,2594201,2988094
reduc,reduces,1313918,1420541
reduc,reductions,442029,542031
reduc,reductase,170993,271320
reduc,reducir,117848,137515
reduc,reductive,111575,150151
reduc,reducci,105621,134813
reduc,reducao,34003,47144
reduc,reduccion,28316,35991
reduc,reducible,27772,34637
reduc,reducido,25128,26938
reduc,reduciendo,18756,19505
reduc,reductionist,17673,20055
reduc,reductant,17498,21761
reduc,reducida,16979,19066
reduc,reducer,16594,28322
reduc,reducibility,12117,16255
reduc,reductionism,11877,14941
reduc,reductases,11667,15794
reduc,reducen,11372,11786
reduc,reducers,7484,10838
reduc,reductants,6888,8473
reduc,reducidos,6840,7451
reduc,reducciones,6397,7371
reduc,reduc,5782,6163
reduc,reducidas,4694,4963
reduc,reductively,4243,4606
reduc,reductor,3943,5736
reduc,reducirse,3155,3210
reduc,reductores,3055,4378
reduc,reducera,2511,3048
reduc,reduct,2361,3676
reduc,reduccionista,2139,2246
reduc,reductio,2090,2480
reduc,reductasa,1977,3239
reduc,reduci,1956,2044
reduc,reducta,1874,2702
reduc,reductionistic,1824,2002
reduc,reductie,1775,2184
reduc,reduccio,1742,2286
reduc,reducionista,1734,1815
reduc,reducts,1628,2761
reduc,reduccionismo,1580,1770
reduc,reducoes,1289,1543
reduc,reduceren,1241,1383
reduc,reductora,1215,1551
reduc,reducere,1150,1408
reduc,reduceras,1112,1220
reduc,reducto,1070,1139
reduc,reducionismo,1041,1181
reduc,reduccionistas,1010,1031
reduc,reductoisomerase,996,1259
reduc,reductoras,978,1256
reduc,reducting,792,855
reduc,reductus,751,1095
reduc,reducirla,750,766
reduc,reducteur,740,869
reduc,reducionistas,728,759
reduc,reducethe,724,729
reduc,reducted,720,786
reduc,reducirlo,694,708
reduc,reducering,678,792
reduc,reductional,659,824
reduc,reductrice,629,710
reduc,reducerad,568,678
reduc,reducirlos,548,553
reduc,reducerea,522,603
reduc,reductible,520,557
reduc,reductionists,506,640
reduc,reduccionismos,500,555
reduc,reducerar,500,545
reduc,reducibilities,492,710
reduc,reduceret,459,572
reduc,reducation,456,469
reduc,reductionof,446,451
reduc,reductionin,428,434
reduc,reducteurs,421,499
reduc,reductos,416,421
reduc,reducirlas,415,427
reduc,reductiva,413,525
reduc,reducerade,386,444
reduc,reduciendose,386,396
reduc,reducira,370,381
reduc,reduceres,344,370
reduc,reductrices,322,391
reduc,reducingthe,315,321
reduc,reducion,312,323
reduc,reductionsocial,307,308
reduc,reductum,301,436
reduc,reductivity,289,375
reduc,reduciria,282,292
reduc,reductones,274,439
reduc,reductionisms,273,302
reduc,reducionismos,267,279
reduc,reductone,263,428
reduc,reducimos,248,257
reduc,reduccions,244,284
recycl,recycling,514710,704536
recycl,recycled,144191,239778
recycl,recycle,62124,80513
recycl,recyclable,43150,52619
recycl,recyclability,21173,24220
recycl,recyclage,7462,10272
recycl,recycles,6129,6663
recycl,recycler,3086,4227
recycl,recyclers,2773,4205
recycl,recyclables,2220,3026
recycl,recycl,1754,2598
recycl,recyclization,1398,1596
recycl,recyclate,673,1199
recycl,recyclates,621,1130
recycl,recyclings,530,598
recycl,recyclingf,298,383
recycl,recyclages,237,246
recycl,recyclingpapier,174,191
recycl,recyclingverfahren,145,159
recycl,recyclen,133,151
recycl,recyclabilit,127,151
recycl,recyclant,111,118
recycl,recyclinggerechte,96,107
recycl,recyclingmaterial,96,117
recycl,recyclees,90,96
recycl,recyclingprozess,87,95
recycl,recyclent,84,85
recycl,recyclisierung,82,91
recycl,recyclingquoten,79,93
recycl,recycleurs,74,92
recycl,recyclisation,66,76
recycl,recyclingprozesse,65,70
recycl,recyclingquote,65,68
recycl,recyclee,64,66
recycl,recyclic,63,87
recycl,recyclingmaterialien,62,79
recycl,recyclingbeton,60,92
recycl,recycleable,58,67
recycl,recyclized,54,55
recycl,recyclation,53,61
recycl,recyclinghof,50,83
recycl,recyclemania,49,86
recycl,recyclinggerechten,49,52
recycl,recyclerie,46,63
recycl,recyclingunternehmen,46,49
recycl,recyclingbaustoffe,45,54
recycl,recyclingtechnologien,44,54
recycl,recyclabilite,43,52
recycl,recyclingprozessen,43,44
recycl,recyclerview,41,84
recycl,recyclizations,41,46
recycl,recyclingprodukte,39,51
recycl,recycleability,38,41
recycl,recyclingbaustoffen,38,47
recycl,recyclingpotenzial,37,37
recycl,recyclinganlagen,36,41
recycl,recyclingm,36,36
recycl,recyclat,35,40
recycl,recyclinganlage,35,40
recycl,recyclus,35,35
recycl,recyclingstrategien,34,36
recycl,recyclabilities,32,35
recycl,recyclingh,31,47
recycl,recyclingof,30,30
recycl,recyclingprozesses,30,36
recycl,recyclingtechnik,29,30
recycl,recyclebot,28,45
recycl,recycleur,28,35
recycl,recyclingindustrie,28,29
recycl,recyclingsystem,28,33
recycl,recyclingwirtschaft,28,29
recycl,recycla,26,38
recycl,recycleren,26,29
recycl,recyclingorientierte,26,27
recycl,recyclingverfahrens,26,26
recycl,recyclebar,25,25
recycl,recyclinggerechtes,25,31
recycl,recyclying,25,28
recycl,recyclingaktivit,24,24
recycl,recyclinganteil,24,24
recycl,recyclingstationen,24,25
recycl,recyclingd,23,27
recycl,recyclingkonzepte,23,23
recycl,recyclingrate,23,30
recycl,recyclart,22,26
recycl,recyclingprodukten,22,23
recycl,recyclisieren,22,22
recycl,recyclize,22,23
recycl,recyclebank,21,21
recycl,recyclinggerechter,21,21
recycl,recyclingmethoden,20,20
recycl,recyclopedia,20,29
recycl,recyclabe,19,19
recycl,recyclingkosten,19,19
recycl,recyclingsystemen,19,22
recycl,recycletem,18,20
recycl,recyclingbetriebe,18,18
recycl,recyclingfaehigkeit,18,23
recycl,recyclaten,17,24
recycl,recycleries,17,18
rash,rash,78539,113642
rash,rashba,14291,26535
rash,rashes,13216,16192
rash,rashid,9614,13011
rash,rasht,4212,5980
rash,rasheed,2166,2845
rash,rashi,1623,2849
rash,rashtriya,1281,1557
rash,rashed,1208,1593
rash,rashmi,1201,1518
rash,rashomon,1086,1780
rash,rashidi,912,1205
rash,rasha,844,1235
rash,rashad,823,1162
rash,rashly,791,830
rash,rashkind,532,768
rash,rashness,415,438
rash,rashidiya,403,640
rash,rashida,373,437
rash,rashoda,359,501
rash,rashidun,272,391
rash,rashtra,262,312
rash,rashdall,220,330
rash,rashidah,219,239
rash,rashevsky,209,274
rash,rashladnog,180,280
rash,rashidov,178,257
rash,rashodi,151,198
rash,rashidin,148,207
rash,rashleigh,143,173
rash,rashbam,137,287
rash,rashford,126,170
rash,rashidy,122,172
rash,rashode,112,132
rash,rashadi,110,115
rash,rashladni,108,138
rash,rashotte,108,118
rash,rashdi,103,122
rash,rasheid,101,115
rash,rashladnih,98,131
rash,rasheeduddin,97,127
rash,rashtrasant,94,122
rash,rashwan,92,112
rash,rashin,88,106
rash,rashdul,87,277
rash,rashdan,85,89
rash,rasher,85,107
rash,rashina,85,89
rash,rashladne,83,142
rash,rashodima,83,98
rash,rashidian,82,90
rash,rashkin,82,135
rash,rashtrapati,79,99
rash,rashe,77,89
rash,rashideen,74,122
rash,rasheeda,72,92
rash,rashedoge,69,69
rash,rashied,68,78
rash,rashna,67,84
rash,rashinagh,66,67
rash,rashii,64,166
rash,rashers,63,106
rash,rashladnim,63,76
rash,rashbass,61,66
rash,rashism,61,123
rash,rashti,57,87
rash,rashenny,56,57
rash,rashedi,55,76
rash,rashidia,52,65
rash,rashod,51,82
rash,rashtrakuta,50,65
rash,rashaad,47,72
rash,rashidai,46,46
rash,rashawn,45,52
rash,rashda,45,65
rash,rashidhani,45,45
rash,rashtrakutas,45,51
rash,rashbi,44,57
rash,rashladna,43,47
rash,rashladnom,43,48
rash,rashig,41,56
rash,rashel,40,55
rash,rasho,39,62
rash,rashiduddin,38,48
rash,rasheedi,37,43
rash,rashelle,35,36
rash,rashing,35,38
rash,rashkover,35,66
rash,rashkov,34,39
rash,rashs,34,41
rash,rashidpur,33,49
rash,rashiq,33,50
rash,rashal,32,33
rash,rashaan,31,39
rash,rashni,31,42
rash,rasheda,30,34
rash,rashedul,30,32
rash,rashidiy,30,38
rash,rashbrook,29,45
rash,rashidova,29,42
rainfall,rainfall,392722,854499
rainfall,rainfalls,9703,12560
rainfall,rainfallrunoff,163,175
rainfall,rainfalland,30,31
rainfall,rainfalling,30,38
rainfall,rainfallinduced,21,21
rainfall,rainfalldata,20,20
rainfall,rainfallin,20,20
rainfall,rainfallintensity,19,20
rainfall,rainfalll,19,19
rainfall,rainfallerosivity,17,26
rainfall,rainfallgaleta,10,10
rainfall,rainfallscorffdataverse,9,9
rainfall,rainfallis,8,8
rainfall,rainfallof,7,7
rainfall,rainfallrainfall,7,8
rainfall,rainfallrate,7,7
rainfall,rainfallsimulator,7,8
rainfall,rainfallamount,6,6
rainfall,rainfallevents,6,6
rainfall,rainfallpatterns,6,6
rainfall,rainfallas,5,5
rainfall,rainfallat,5,5
rainfall,rainfallevent,5,6
rainfall,rainfallfrom,5,5
rainfall,rainfallinfiltration,5,5
rainfall,rainfallrecords,5,5
rainfall,rainfallrescue,5,5
rainfall,rainfallstation,5,5
rainfall,rainfallwas,5,5
rainfall,rainfallamounts,4,4
rainfall,rainfallannual,4,5
rainfall,rainfalldependent,4,4
rainfall,rainfalldistribution,4,4
rainfall,rainfallmeasuring,4,4
rainfall,rainfallobservation,4,6
rainfall,rainfallqc,4,24
rainfall,rainfallrainwater,4,4
rainfall,rainfallsoil,4,4
rainfall,rainfalltriggered,4,4
rainfall,rainfallwere,4,4
rainfall,rainfally,4,4
rainfall,rainfallchy,3,3
rainfall,rainfalldepth,3,3
rainfall,rainfallderived,3,3
rainfall,rainfallduration,3,3
rainfall,rainfallduring,3,3
rainfall,rainfallerosivityfactor,3,3
rainfall,rainfallestimation,3,3
rainfall,rainfallextremes,3,3
rainfall,rainfallfeedback,3,3
rainfall,rainfallfor,3,3
rainfall,rainfallforest,3,3
rainfall,rainfallh,3,3
rainfall,rainfalli,3,3
rainfall,rainfallinterception,3,3
rainfall,rainfallmore,3,3
rainfall,rainfallon,3,3
rainfall,rainfallover,3,3
rainfall,rainfallpattern,3,3
rainfall,rainfallprediction,3,3
rainfall,rainfallseason,3,3
rainfall,rainfallsimulation,3,3
rainfall,rainfallsimulations,3,3
rainfall,rainfallstandard,3,3
rainfall,rainfalltiming,3,3
rainfall,rainfallto,3,3
rainfall,rainfallwater,3,3
rainfall,rainfalla,2,2
rainfall,rainfallanalysis,2,2
rainfall,rainfallassociated,2,2
rainfall,rainfallbased,2,2
rainfall,rainfallbench,2,5
rainfall,rainfallbetween,2,2
rainfall,rainfallclimate,2,2
rainfall,rainfalldischarge,2,2
rainfall,rainfalldischargedata,2,2
rainfall,rainfallduringnestlingstage,2,2
rainfall,rainfalles,2,2
rainfall,rainfallevaporation,2,2
rainfall,rainfallfromwestto,2,2
rainfall,rainfallhas,2,2
rainfall,rainfallimpact,2,2
rainfall,rainfallinput,2,2
rainfall,rainfallion,2,6
rainfall,rainfallique,2,2
rainfall,rainfallmanipulation,2,2
rainfall,rainfallmeasurement,2,2
rainfall,rainfallmeasuringmission,2,2
rainfall,rainfallmm,2,2
rainfall,rainfallprocess,2,2
rainfall,rainfallrch,2,2
rainfall,rainfallre,2,2
rainfall,rainfallregimes,2,2
rainfall,rainfallrelated,2,2
rainfall,rainfallrs,2,2
rainfall,rainfallsat,2,2
rainfall,rainfallsauthorskexinliuidwenpengzhaotsuyoshikinouchiidsee,2,2
rainfall,rainfallschance,2,2
rainfall,rainfallsdrainfallspatial,2,2
rain,rainfall,392722,854499
rain,rain,273857,454806
rain,rainy,87613,126125
rain,rainbow,86112,150614
rain,rainforest,60544,89542
rain,rainwater,37340,71177
rain,rains,31675,39239
rain,rainfed,31382,49535
rain,rainer,23799,30866
rain,rainforests,15621,19564
rain,rainfalls,9703,12560
rain,raining,8238,10302
rain,rainstorm,8201,16667
rain,raindrop,6787,11734
rain,raindrops,6069,9361
rain,rainha,5051,7061
rain,rainey,4348,6654
rain,rainstorms,4281,5856
rain,rainier,4236,6387
rain,raine,3790,6119
rain,rained,3326,3590
rain,rainbows,3266,4166
rain,raines,1769,2383
rain,rainflow,1634,2193
rain,rainout,1594,2262
rain,raina,1508,2314
rain,raingauge,1347,1934
rain,rainband,1198,2415
rain,rainbands,1053,1977
rain,raincoat,862,1135
rain,rainless,862,1096
rain,rainierensis,850,880
rain,rainhas,835,1955
rain,rainger,682,719
rain,raingauges,641,895
rain,rainmaker,589,886
rain,raineri,581,745
rain,rainsford,548,790
rain,rainbowensis,533,533
rain,rainiest,533,577
rain,rainmaking,515,796
rain,rainbowfish,466,822
rain,rainald,450,602
rain,raingage,389,641
rain,rainville,387,547
rain,rainak,384,409
rain,rainures,361,480
rain,raincoats,350,426
rain,rainboth,348,621
rain,raindance,293,381
rain,raintree,293,424
rain,rainbird,292,435
rain,raincloud,286,412
rain,rainmakers,274,366
rain,rainfor,271,380
rain,rainrate,258,415
rain,rainbelt,252,457
rain,rainfastness,242,449
rain,rainham,236,294
rain,raincy,233,275
rain,rainie,233,301
rain,rainm,219,226
rain,rainsplash,217,306
rain,rainin,214,255
rain,rainford,211,331
rain,rainure,210,289
rain,rainscreen,208,364
rain,rainproof,203,306
rain,rainwaters,201,242
rain,rainis,200,443
rain,raingages,192,252
rain,rainaldi,183,265
rain,rainn,180,261
rain,rainio,179,309
rain,rainich,170,249
rain,rainshadow,164,201
rain,rainfallrunoff,163,175
rain,rainfal,161,172
rain,raingardens,153,263
rain,rainex,148,214
rain,rainwear,137,184
rain,rainhae,132,197
rain,rainbo,129,150
rain,raini,126,183
rain,rainbolt,122,148
rain,rainette,120,170
rain,rainfordi,120,152
rain,rainrates,113,180
rain,rainerguentheri,110,161
rain,rainf,108,146
rain,rainfrog,106,121
rain,rainclouds,105,128
rain,rainman,100,197
rain,rainfull,98,112
rain,rainhorn,97,122
rain,raino,97,107
rain,rainolds,95,144
rain,rainero,94,106
rain,rainhill,94,109
rain,rainwash,94,124
pump,pump,529671,979611
pump,pumping,199996,312401
pump,pumps,147539,221157
pump,pumped,123231,171261
pump,pumpkin,24208,53577
pump,pumpkins,3601,5276
pump,pumpen,2519,3359
pump,pumpe,2421,3569
pump,pumpage,1740,3300
pump,pumpellyite,1265,2184
pump,pumper,1119,1429
pump,pumpability,1003,1456
pump,pumpkinseed,954,1797
pump,pumpless,799,1196
pump,pumpable,693,856
pump,pumpun,558,1094
pump,pumppujen,441,836
pump,pumppu,429,628
pump,pumpfunktion,395,519
pump,pumphrey,359,502
pump,pumpa,328,444
pump,pumphouse,322,424
pump,pumpernickel,288,355
pump,pumpdown,277,418
pump,pumpers,235,325
pump,pumpellianus,227,291
pump,pumput,219,276
pump,pumpout,214,305
pump,pumpy,212,315
pump,pumpwerk,201,205
pump,pumpt,189,220
pump,pumpupthavolume,181,239
pump,pumpin,168,198
pump,pumpar,161,242
pump,pumpspeicherkraftwerk,161,166
pump,pumppuj,150,297
pump,pumpulla,150,217
pump,pumpleistung,147,162
pump,pumpspeicherwerk,147,150
pump,pumppuja,144,166
pump,pumpi,143,227
pump,pumpprobe,139,144
pump,pumppua,130,152
pump,pumpelly,124,146
pump,pumpkinseeds,123,232
pump,pumpstation,118,147
pump,pumpungan,115,207
pump,pumpings,110,129
pump,pumpspeicherkraftwerke,102,118
pump,pumpsets,99,145
pump,pumpur,90,107
pump,pumpas,87,106
pump,pumpens,87,98
pump,pumpentherapie,84,101
pump,pumpf,84,93
pump,pumplinx,82,90
pump,pumpjack,80,134
pump,pumpkinbeetles,79,80
pump,pumpjet,78,199
pump,pumpuilla,77,90
pump,pumpspeicher,74,82
pump,pumpian,64,69
pump,pumpset,64,91
pump,pumpensysteme,63,67
pump,pumpu,62,74
pump,pumpturbine,61,73
pump,pumpspeicherwerke,60,60
pump,pumphose,59,780
pump,pumppuihin,59,66
pump,pumppuun,57,78
pump,pumplin,55,67
pump,pumpback,54,88
pump,pumpet,53,72
pump,pumppauksen,52,77
pump,pumpwerke,52,53
pump,pumpsystem,51,62
pump,pumpensystem,49,55
pump,pumpou,49,66
pump,pumpenleistung,48,54
pump,pumpensystemen,48,54
pump,pumpjacks,48,63
pump,pumpuista,48,52
pump,pumpom,47,55
pump,pumpulle,47,52
pump,pumparound,45,52
pump,pumpataan,45,46
pump,pumpekraftverk,45,134
pump,pumppaamon,45,89
pump,pumpspeicherkraftwerken,45,49
pump,pumpung,45,263
pump,pumpversagen,44,49
pump,pumpentechnik,43,80
pump,pumpuille,43,45
pump,pumphouses,42,45
pump,pumpspeicherbecken,42,42
pump,pumpversuche,42,54
pump,pumparna,41,60
pump,pumplaser,41,45
pump,pumpning,41,60
pump,pumppaamoiden,40,86
psycho,psychological,1500313,2526228
psycho,psychology,742964,1096329
psycho,psychosocial,302194,489802
psycho,psychometric,159615,230930
psycho,psychotherapy,145911,241025
psycho,psychologists,121655,168320
psycho,psycho,106489,141931
psycho,psychosis,98791,196836
psycho,psychologie,82660,116280
psycho,psychopathology,80428,124137
psycho,psychotic,78251,136094
psycho,psychoanalysis,74009,111221
psycho,psychoanalytic,68382,98871
psycho,psychologist,60851,75096
psycho,psychomotor,52932,79100
psycho,psychologically,48517,52896
psycho,psychotropic,39194,64141
psycho,psychophysical,36613,47960
psycho,psychosomatic,32630,48585
psycho,psychoactive,32028,47741
psycho,psychotherapeutic,30751,39217
psycho,psychophysiological,28412,40553
psycho,psychologique,25456,34051
psycho,psychopathological,23540,32030
psycho,psychodynamic,22452,33254
psycho,psychotherapie,21912,31244
psycho,psychologische,18989,22267
psycho,psychoses,18931,25285
psycho,psycholinguistic,17551,23212
psycho,psychogenic,15941,23817
psycho,psychologiques,15705,19166
psycho,psychopathy,15105,36623
psycho,psychopharmacology,15084,18272
psycho,psychoeducation,13802,22146
psycho,psychotherapists,13423,18830
psycho,psychometrically,12319,13348
psycho,psychologic,11887,15419
psycho,psychologischen,11521,13318
psycho,psychoanalytical,11227,13488
psycho,psychoeducational,11126,15956
psycho,psychol,10707,12058
psycho,psychoanalyse,10531,14009
psycho,psycholinguistics,10449,13157
psycho,psychopathic,10263,19064
psycho,psychometrics,9537,11368
psycho,psychotherapist,9420,11652
psycho,psychotria,9147,17226
psycho,psychophysics,9016,10959
psycho,psychoth,8974,12848
psycho,psychodidae,8688,10007
psycho,psychoanalyst,8444,9646
psycho,psychopathologie,7988,9898
psycho,psychopharmacological,7979,9886
psycho,psychotherapies,7838,10297
psycho,psychosoziale,6950,8220
psycho,psychoanalysts,6922,8216
psycho,psychoacoustic,6849,9738
psycho,psychophysiology,6507,8375
psycho,psychosexual,5966,8570
psycho,psychologischer,5915,6772
psycho,psychose,5661,7707
psycho,psychosozialen,5376,6573
psycho,psychostimulant,5171,7069
psycho,psychobiological,4918,6137
psycho,psychologue,4880,5880
psycho,psychodynamics,4809,5592
psycho,psychostimulants,4658,6562
psycho,psychoemotional,4646,6625
psycho,psychologues,4569,5601
psycho,psychologen,4442,5095
psycho,psychodrama,4418,8241
psycho,psychopathologies,4375,5226
psycho,psychoanalytische,4239,4860
psycho,psychosociale,4212,5612
psycho,psychodiagnostic,4179,4919
psycho,psychologii,4178,5256
psycho,psychoticism,4155,6132
psycho,psychoanalytischen,3925,4895
psycho,psychosociaux,3771,5000
psycho,psychologick,3691,4343
psycho,psychotherapeutische,3660,4172
psycho,psychotherapeutischen,3593,4211
psycho,psychologies,3568,4288
psycho,psychographic,3546,4907
psycho,psychologisch,3515,3976
psycho,psychotropics,3364,4983
psycho,psychosomatische,3325,3972
psycho,psychopaths,3239,5998
psycho,psychosen,3214,3872
psycho,psychobiology,3097,3587
psycho,psychoanalytically,2991,3305
psycho,psychosomatik,2760,3550
psycho,psychologiczne,2717,2956
psycho,psychogeriatric,2679,3947
psycho,psychopath,2616,4010
psycho,psychosomatischen,2612,3251
psycho,psychotropes,2454,3686
psycho,psychosomatics,2450,2891
psycho,psychotherapeuten,2434,3161
psycho,psychotics,2352,3061
psychiatr,psychiatric,469744,821949
psychiatr,psychiatry,357237,936715
psychiatr,psychiatrists,56334,91148
psychiatr,psychiatrist,40402,53302
psychiatr,psychiatrie,32176,43062
psychiatr,psychiatrische,8871,10896
psychiatr,psychiatrischen,8002,9937
psychiatr,psychiatrique,7812,10048
psychiatr,psychiatriques,6690,8799
psychiatr,psychiatrically,3371,3948
psychiatr,psychiatre,2757,3278
psychiatr,psychiatrischer,2613,2931
psychiatr,psychiatr,2521,3065
psychiatr,psychiatres,2151,2902
psychiatr,psychiatrisch,1952,2265
psychiatr,psychiatrii,994,1997
psychiatr,psychiatrick,703,948
psychiatr,psychiatryonline,701,788
psychiatr,psychiatria,487,790
psychiatr,psychiatrica,435,652
psychiatr,psychiatrics,327,360
psychiatr,psychiatrycznej,298,444
psychiatr,psychiatrycznych,293,392
psychiatr,psychiatrycznego,243,318
psychiatr,psychiatrical,238,284
psychiatr,psychiatrisches,237,251
psychiatr,psychiatricke,221,274
psychiatr,psychiatrycznym,195,248
psychiatr,psychiatrization,184,289
psychiatr,psychiatriegeschichte,154,166
psychiatr,psychiatriereform,148,162
psychiatr,psychiatryczne,148,167
psychiatr,psychiatra,142,158
psychiatr,psychiatrisation,122,146
psychiatr,psychiatri,115,132
psychiatr,psychiatrien,91,103
psychiatr,psychiatris,85,111
psychiatr,psychiatries,73,84
psychiatr,psychiatriepatienten,71,76
psychiatr,psychiatryczna,68,73
psychiatr,psychiatrickou,59,67
psychiatr,psychiatrischem,57,57
psychiatr,psychiatryczny,53,61
psychiatr,psychiatryczn,49,52
psychiatr,psychiatricdisorders,48,49
psychiatr,psychiatrized,48,60
psychiatr,psychiatrycznie,48,62
psychiatr,psychiatrieerfahrenen,45,50
psychiatr,psychiatrzy,44,55
psychiatr,psychiatricka,32,34
psychiatr,psychiatrisierung,32,32
psychiatr,psychiatrickeho,30,32
psychiatr,psychiatricmental,29,31
psychiatr,psychiatriekritik,26,31
psychiatr,psychiatrem,23,25
psychiatr,psychiatricum,23,47
psychiatr,psychiatrieerfahrene,23,26
psychiatr,psychiatriepflege,23,31
psychiatr,psychiatrylondon,22,37
psychiatr,psychiatriehistorische,21,21
psychiatr,psychiatrymark,21,21
psychiatr,psychiatricky,20,22
psychiatr,psychiatrieenquete,19,19
psychiatr,psychiatrieerfahrener,19,21
psychiatr,psychiatristfull,19,19
psychiatr,psychiatryczno,19,20
psychiatr,psychiatrycznymi,19,20
psychiatr,psychiatryfull,19,19
psychiatr,psychiatrythe,19,19
psychiatr,psychiatrieerfahrung,18,19
psychiatr,psychiatrickej,17,19
psychiatr,psychiatriser,16,16
psychiatr,psychiatrov,16,17
psychiatr,psychiatrow,16,16
psychiatr,psychiatrami,15,16
psychiatr,psychiatrieberichterstattung,15,16
psychiatr,psychiatryvolume,15,15
psychiatr,psychiatricand,14,14
psychiatr,psychiatrico,14,14
psychiatr,psychiatricpatients,14,14
psychiatr,psychiatricsymptoms,14,15
psychiatr,psychiatrieplanung,14,15
psychiatr,psychiatrik,14,14
psychiatr,psychiatrc,13,13
psychiatr,psychiatriepolitik,13,13
psychiatr,psychiatrizing,13,13
psychiatr,psychiatrictreatment,12,12
psychiatr,psychiatriehistorischen,12,15
psychiatr,psychiatrieplan,12,12
psychiatr,psychiatriereformen,12,13
psychiatr,psychiatriebericht,11,11
psychiatr,psychiatriepatient,11,12
psychiatr,psychiatrised,11,14
psychiatr,psychiatristsmark,11,11
psychiatr,psychiatryc,11,11
psychiatr,psychiatricassociation,10,10
psychiatr,psychiatricillness,10,11
psychiatr,psychiatrieversorgung,10,10
psychiatr,psychiatriezentrum,10,10
psychiatr,psychiatrize,10,10
protozoa,protozoa,42086,59138
protozoa,protozoan,40733,49652
protozoa,protozoal,7023,9134
protozoa,protozoans,5358,6389
protozoa,protozoarios,2051,2771
protozoa,protozoario,1255,1430
protozoa,protozoaires,935,1259
protozoa,protozoaire,495,535
protozoa,protozoaria,82,98
protozoa,protozoas,73,76
protozoa,protozoacidal,32,48
protozoa,protozoarias,29,40
protozoa,protozoarie,25,27
protozoa,protozoals,19,20
protozoa,protozoalar,17,18
protozoa,protozoae,15,20
protozoa,protozoarian,15,17
protozoa,protozoama,14,14
protozoa,protozoari,11,11
protozoa,protozoacides,10,10
protozoa,protozoar,10,10
protozoa,protozoasis,10,12
protozoa,protozoadb,8,22
protozoa,protozoarni,8,8
protozoa,protozoain,7,7
protozoa,protozoacide,6,6
protozoa,protozoary,6,10
protozoa,protozoansidentify,5,5
protozoa,protozoare,5,5
protozoa,protozoanparamecium,4,4
protozoa,protozoanparasite,4,4
protozoa,protozoantetrahymena,4,4
protozoa,protozoaries,4,4
protozoa,protozoars,4,4
protozoa,protozoai,3,3
protozoa,protozoalnich,3,3
protozoa,protozoangroups,3,3
protozoa,protozoanintracellular,3,3
protozoa,protozoarium,3,4
protozoa,protozoaa,2,2
protozoa,protozoadan,2,2
protozoa,protozoafbi,2,2
protozoa,protozoairesles,2,2
protozoa,protozoairios,2,3
protozoa,protozoaisin,2,2
protozoa,protozoalard,2,2
protozoa,protozoalardan,2,2
protozoa,protozoalardir,2,2
protozoa,protozoalarning,2,2
protozoa,protozoalen,2,2
protozoa,protozoales,2,2
protozoa,protozoalni,2,2
protozoa,protozoalnih,2,2
protozoa,protozoana,2,2
protozoa,protozoanal,2,4
protozoa,protozoancommunity,2,2
protozoa,protozoandiseases,2,2
protozoa,protozoangiardia,2,2
protozoa,protozoaning,2,2
protozoa,protozoanlar,2,4
protozoa,protozoanlardan,2,2
protozoa,protozoanparasites,2,3
protozoa,protozoansorogena,2,2
protozoa,protozoaof,2,2
protozoa,protozoaorios,2,4
protozoa,protozoarica,2,3
protozoa,protozoarne,2,2
protozoa,protozoarnich,2,2
protozoa,protozoarnih,2,2
protozoa,protozoarno,2,2
protozoa,protozoarului,2,3
protozoa,protozoases,2,2
protozoa,protozoastatic,2,2
protozoa,protozoastylonychia,2,2
protozoa,protozoat,2,2
protozoa,protozoaverwijderingscapaciteit,2,2
protozoa,protozoaagainst,1,1
protozoa,protozoaand,1,1
protozoa,protozoaapicomplexasarcomasti,1,1
protozoa,protozoaapproach,1,1
protozoa,protozoabelonging,1,1
protozoa,protozoaciliates,1,1
protozoa,protozoaciliophora,1,1
protozoa,protozoacommunitypondanaerobic,1,1
protozoa,protozoacomplications,1,1
protozoa,protozoacystoisospora,1,1
protozoa,protozoad,1,1
protozoa,protozoadisseminated,1,1
protozoa,protozoadoris,1,1
protozoa,protozoaduringa,1,1
protozoa,protozoaen,1,1
protozoa,protozoaentamoeba,1,1
protozoa,protozoaevaluation,1,1
protozoa,protozoaexist,1,1
protozoa,protozoaflagellatesbiofilmsurface,1,1
protozoa,protozoagiardia,1,1
protozoa,protozoagrowth,1,1
protozoa,protozoahelminths,1,1
protozoa,protozoainfection,1,1
protozoa,protozoainhalation,1,1
prevent,prevent,2098176,2293732
prevent,prevention,1964894,2764041
prevent,preventing,752036,832153
prevent,preventive,511682,678653
prevent,prevented,404449,446019
prevent,prevents,335302,354654
prevent,preventable,96091,113013
prevent,preventative,64568,74607
prevent,preventivas,38299,45264
prevent,preventiva,35610,47446
prevent,preventivo,26579,34636
prevent,preventif,16800,21255
prevent,preventivos,10307,11788
prevent,preventie,6063,7628
prevent,preventions,5400,5890
prevent,preventively,2956,3125
prevent,preventability,2825,4262
prevent,preventives,2425,2801
prevent,preventer,1947,2779
prevent,preventieve,1885,2339
prevent,preventivn,1708,2095
prevent,preventivamente,1395,1438
prevent,preventivni,1161,1341
prevent,preventivnih,1073,1362
prevent,preventivne,974,1134
prevent,preventivi,963,1107
prevent,preventief,858,1011
prevent,preventers,732,985
prevent,preventivt,600,735
prevent,preventionists,592,707
prevent,preventivno,568,648
prevent,preventiv,546,661
prevent,preventation,473,524
prevent,preventatives,471,557
prevent,preventral,438,509
prevent,preventivnich,406,476
prevent,preventatively,374,387
prevent,preventa,368,533
prevent,preventivnim,361,406
prevent,preventifs,316,347
prevent,preventivnog,316,388
prevent,preventiu,313,390
prevent,preventionof,285,287
prevent,preventional,270,304
prevent,preventrals,268,407
prevent,preventionist,263,292
prevent,preventorium,245,295
prevent,preventivna,244,266
prevent,preventivmedel,221,595
prevent,preventi,207,242
prevent,preventionand,200,205
prevent,prevente,180,188
prevent,preventor,157,201
prevent,preventieprogramma,155,210
prevent,preventthe,142,142
prevent,preventivniho,135,163
prevent,preventiebeleid,127,157
prevent,preventivnu,125,136
prevent,preventivnega,116,148
prevent,preventius,114,126
prevent,preventivista,114,133
prevent,preventioninfobytes,101,101
prevent,preventible,97,99
prevent,preventio,95,101
prevent,preventivemeasures,95,96
prevent,preventitive,85,102
prevent,preventol,85,131
prevent,preventorio,84,120
prevent,preventivnimi,81,84
prevent,preventivnom,81,84
prevent,preventionin,72,73
prevent,preventors,69,84
prevent,preventiemaatregelen,68,80
prevent,preventadall,66,88
prevent,preventionebooksview,66,66
prevent,preventionsarbete,62,79
prevent,preventingthe,61,61
prevent,preventure,60,140
prevent,preventionmmwr,59,59
prevent,preventioncancer,58,58
prevent,preventricular,58,67
prevent,preventoria,56,58
prevent,preventin,54,54
prevent,preventon,54,56
prevent,preventriculus,53,111
prevent,preventcd,52,80
prevent,preventivnoj,52,58
prevent,preventncd,50,74
prevent,preventifnya,49,56
prevent,preventivmedelsr,49,123
prevent,preventza,49,87
prevent,preventionsprogram,48,72
prevent,preventionthe,47,47
prevent,preventioneach,45,45
prevent,preventt,44,74
prevent,preventiestrategie,43,51
prevent,preventionsarbetet,43,57
prevent,preventsthe,42,42
prevent,preventieakkoord,41,59
prevent,preventionjournal,41,50
prepare,prepared,2365786,2846233
prepare,prepare,590551,689642
prepare,preparedness,135149,217148
prepare,prepares,52147,54660
prepare,preparer,4965,5750
prepare,preparers,3080,4954
prepare,preparednessenvironmental,2563,2563
prepare,preparees,1001,1080
prepare,preparen,872,882
prepare,preparee,760,795
prepare,preparent,489,511
prepare,preparem,429,433
prepare,preparedby,267,269
prepare,preparetion,160,170
prepare,preparedfrom,98,101
prepare,preparedfor,90,90
prepare,preparez,77,88
prepare,preparedwith,69,70
prepare,preparering,67,86
prepare,preparei,66,69
prepare,prepareing,64,66
prepare,preparemos,57,57
prepare,prepareren,57,66
prepare,preparedand,56,58
prepare,preparedto,56,56
prepare,preparedin,50,52
prepare,preparedusing,48,48
prepare,preparednes,44,50
prepare,preparedata,43,50
prepare,preparert,39,47
prepare,preparethe,39,39
prepare,preparera,35,35
prepare,prepareness,33,55
prepare,preparea,32,32
prepare,preparedly,32,33
prepare,preparestudents,32,54
prepare,prepareation,31,31
prepare,preparewithmostup,31,31
prepare,preparedeness,29,30
prepare,preparedas,27,27
prepare,preparefor,27,27
prepare,prepareed,26,26
prepare,preparental,23,30
prepare,prepareded,22,22
prepare,preparedthe,22,22
prepare,preparetl,22,22
prepare,preparetions,21,23
prepare,preparetodie,21,62
prepare,preparest,20,25
prepare,preparednessand,19,19
prepare,preparerades,19,22
prepare,preparedaccording,18,18
prepare,preparedstatement,18,21
prepare,prepareforyourcare,18,18
prepare,preparednessfor,17,18
prepare,preparewithcatturd,17,28
prepare,preparedvia,16,16
prepare,preparement,16,19
prepare,preparenthood,16,34
prepare,prepareted,16,16
prepare,prepareda,15,15
prepare,preparednessof,15,15
prepare,preparedon,15,15
prepare,preparerade,14,16
prepare,prepareringen,14,15
prepare,preparewithmostcurrent,14,14
prepare,preparedthrough,13,13
prepare,preparerte,13,14
prepare,preparednessevidence,12,12
prepare,preparemymission,12,12
prepare,preparethem,12,12
prepare,preparet,11,11
prepare,preparednessin,10,10
prepare,preparense,10,10
prepare,preparere,10,11
prepare,prepareres,10,10
prepare,preparecl,9,9
prepare,preparedat,9,9
prepare,preparednessdisaster,9,9
prepare,prepareil,9,9
prepare,preparenovonix,9,9
prepare,prepareranno,9,9
prepare,prepareration,9,9
prepare,preparerent,9,10
prepare,prepareront,9,9
prepare,preparewithnewest,9,9
prepare,preparedfinished,8,8
prepare,preparednessthese,8,8
prepare,preparedoffer,8,8
prepare,prepareds,8,10
prepare,prepareewceinputs,8,8
prepare,preparemonos,8,20
prepare,prepareras,8,8
prepare,preparerat,8,11
prepare,preparedbased,7,7
prepare,preparedenss,7,7
prepare,preparedt,7,8
prepare,preparegaudiexec,7,7
prepare,preparethemselves,7,7
prepare,prepareto,7,7
pregnan,pregnancy,1012587,2182705
pregnan,pregnant,514520,1031742
pregnan,pregnancies,176604,294173
pregnan,pregnane,6265,8730
pregnan,pregnanediol,1877,2927
pregnan,pregnan,1873,2751
pregnan,pregnants,1570,2411
pregnan,pregnancyethicssystems,1158,1158
pregnan,pregnante,762,769
pregnan,pregnance,710,805
pregnan,pregnandiol,567,785
pregnan,pregnanetriol,538,835
pregnan,pregnanolone,537,1086
pregnan,pregnantwomen,430,465
pregnan,pregnanes,422,563
pregnan,pregnanza,308,317
pregnan,pregnancia,248,260
pregnan,pregnantes,203,207
pregnan,pregnanti,182,184
pregnan,pregnany,151,159
pregnan,pregnancyabortion,120,120
pregnan,pregnanc,113,128
pregnan,pregnancyand,105,106
pregnan,pregnancyinduced,104,117
pregnan,pregnancyrelated,94,96
pregnan,pregnanetriolone,84,127
pregnan,pregnanedione,79,116
pregnan,pregnancythe,73,82
pregnan,pregnanacy,65,72
pregnan,pregnano,64,77
pregnan,pregnantriol,64,77
pregnan,pregnancyassociated,62,63
pregnan,pregnancya,56,56
pregnan,pregnaney,54,64
pregnan,pregnancyin,48,48
pregnan,pregnanted,42,52
pregnan,pregnancyjournal,41,47
pregnan,pregnanediols,37,45
pregnan,pregnancyis,28,28
pregnan,pregnanon,28,34
pregnan,pregnancys,27,31
pregnan,pregnances,26,29
pregnan,pregnanct,26,31
pregnan,pregnancyoutcome,26,26
pregnan,pregnancywas,26,26
pregnan,pregnanol,26,32
pregnan,pregnans,25,28
pregnan,pregnancyoutcomes,24,24
pregnan,pregnancyspecific,24,24
pregnan,pregnancywith,24,26
pregnan,pregnandiolausscheidung,23,27
pregnan,pregnanen,23,25
pregnan,pregnantcy,23,26
pregnan,pregnancypregnancy,22,25
pregnan,pregnancyrate,22,23
pregnan,pregnanos,21,31
pregnan,pregnanzi,20,23
pregnan,pregnanies,19,19
pregnan,pregnanolon,19,22
pregnan,pregnanolones,19,35
pregnan,pregnantly,19,20
pregnan,pregnantadult,18,18
pregnan,pregnanat,17,17
pregnan,pregnancie,17,17
pregnan,pregnancyrates,17,17
pregnan,pregnancywe,17,17
pregnan,pregnandione,17,24
pregnan,pregnantpatients,17,17
pregnan,pregnantwoman,17,17
pregnan,pregnancycomplications,16,17
pregnan,pregnantand,15,15
pregnan,pregnancymethods,14,14
pregnan,pregnancyto,14,16
pregnan,pregnandiols,14,16
pregnan,pregnancv,13,16
pregnan,pregnancyendocrine,13,17
pregnan,pregnancymanagement,13,14
pregnan,pregnancyon,13,13
pregnan,pregnantfemales,13,13
pregnan,pregnancyare,12,12
pregnan,pregnancyby,12,12
pregnan,pregnancymaternal,12,12
pregnan,pregnanderivate,12,13
pregnan,pregnangy,12,12
pregnan,pregnanly,12,13
pregnan,pregnanone,12,20
pregnan,pregnantn,12,13
pregnan,pregnanty,12,12
pregnan,pregnanay,11,11
pregnan,pregnancey,11,11
pregnan,pregnancyacute,11,19
pregnan,pregnancyloss,11,11
pregnan,pregnandioluria,11,13
pregnan,pregnandion,11,13
pregnan,pregnanetetrol,11,24
pregnan,pregnansy,11,13
pregnan,pregnana,10,13
pregnan,pregnancias,10,10
pregnan,pregnanciesin,10,10
pregnan,pregnancyafter,10,10
precipitat,precipitation,745245,1415477
precipitat,precipitated,99617,119060
precipitat,precipitate,75696,96419
precipitat,precipitates,72558,109071
precipitat,precipitating,45921,55635
precipitat,precipitations,13164,16764
precipitat,precipitator,7269,11264
precipitat,precipitators,3312,4288
precipitat,precipitative,322,396
precipitat,precipitately,247,251
precipitat,precipitato,195,208
precipitat,precipitati,159,194
precipitat,precipitat,149,164
precipitat,precipitational,68,82
precipitat,precipitationand,66,66
precipitat,precipitaton,64,66
precipitat,precipitatie,55,64
precipitat,precipitata,48,63
precipitat,precipitationshed,47,100
precipitat,precipitatio,46,47
precipitat,precipitationof,42,42
precipitat,precipitats,42,62
precipitat,precipitatation,33,34
precipitat,precipitationin,33,33
precipitat,precipitatable,30,34
precipitat,precipitationmethod,30,30
precipitat,precipitationsheds,27,39
precipitat,precipitatin,26,26
precipitat,precipitationdata,19,21
precipitat,precipitaten,16,23
precipitat,precipitatori,15,15
precipitat,precipitationevents,14,17
precipitat,precipitativi,14,18
precipitat,precipitationis,13,13
precipitat,precipitationthe,12,12
precipitat,precipitationhardening,11,11
precipitat,precipitatory,11,14
precipitat,precipitationon,9,9
precipitat,precipitationwas,9,9
precipitat,precipitatedby,8,8
precipitat,precipitationat,8,8
precipitat,precipitationfor,8,8
precipitat,precipitationg,8,8
precipitat,precipitationintensity,8,10
precipitat,precipitationover,8,8
precipitat,precipitatus,8,8
precipitat,precipitatied,7,7
precipitat,precipitationrunoff,7,7
precipitat,precipitationwith,7,7
precipitat,precipitattion,7,7
precipitat,precipitater,6,6
precipitat,precipitatesand,6,6
precipitat,precipitaties,6,7
precipitat,precipitationcal,6,9
precipitat,precipitatione,6,6
precipitat,precipitationwere,6,6
precipitat,precipitataion,5,5
precipitat,precipitatant,5,5
precipitat,precipitatates,5,5
precipitat,precipitatefree,5,6
precipitat,precipitateon,5,5
precipitat,precipitationed,5,5
precipitat,precipitationl,5,5
precipitat,precipitationn,5,5
precipitat,precipitationpatterns,5,5
precipitat,precipitationrainfall,5,8
precipitat,precipitationtechnique,5,5
precipitat,precipitatipn,5,5
precipitat,precipitatum,5,6
precipitat,precipitatcd,4,4
precipitat,precipitatedfrom,4,4
precipitat,precipitatedin,4,4
precipitat,precipitatedwith,4,4
precipitat,precipitateed,4,4
precipitat,precipitatein,4,4
precipitat,precipitateness,4,4
precipitat,precipitatesare,4,4
precipitat,precipitatescomplexalterations,4,4
precipitat,precipitatesf,4,4
precipitat,precipitatesj,4,4
precipitat,precipitateswere,4,4
precipitat,precipitateurs,4,4
precipitat,precipitaticn,4,4
precipitat,precipitationa,4,4
precipitat,precipitationare,4,4
precipitat,precipitationbased,4,4
precipitat,precipitationd,4,4
precipitat,precipitationdriestmonth,4,4
precipitat,precipitationduring,4,4
precipitat,precipitationestimation,4,4
precipitat,precipitationextremes,4,5
precipitat,precipitationhistoric,4,4
precipitat,precipitationprocess,4,4
precipitat,precipitationprocesses,4,4
precipitat,precipitationstation,4,4
precipitat,precipitationstations,4,4
precipitat,precipitationusing,4,4
precipitat,precipitationwettestmonth,4,4
precipitat,precipitatiors,4,4
precipitat,precipitativo,4,4
practi,practice,5100782,7281155
practi,practical,3470967,4034700
practi,practices,3075726,4618736
practi,practitioners,811716,1038518
practi,practically,271458,280881
practi,practitioner,216841,271135
practi,practicing,191854,221635
practi,practiced,176942,193834
practi,practica,102528,128678
practi,practicality,94052,108393
practi,practicas,63015,85737
practi,practise,44524,51479
practi,practicability,44376,46123
practi,practising,43197,48436
practi,practised,41462,44281
practi,practicable,38816,40205
practi,practicum,38371,70007
practi,practico,15646,17011
practi,practicalities,12822,13545
practi,practises,12808,15426
practi,practicar,10772,12701
practi,practicamente,9324,9596
practi,practic,7895,8653
practi,practicos,7034,7561
practi,practican,6990,8031
practi,practicantes,5683,7876
practi,practicado,5199,5437
practi,practioners,3323,3585
practi,practicada,3133,3286
practi,practiques,2703,3669
practi,practi,2629,2734
practi,practicetransforming,2506,2506
practi,practicadas,2299,2407
practi,practicals,2247,3086
practi,practicums,2066,2726
practi,practicante,2025,3089
practi,practici,2019,2113
practi,practicados,1713,1820
practi,practicae,1708,1748
practi,practische,1603,1621
practi,practicando,1602,1678
practi,practicaron,1543,1638
practi,practique,1349,1409
practi,practicidad,1347,1396
practi,practioner,1194,1292
practi,practischen,1071,1094
practi,practicaban,1016,1140
practi,practiquen,906,939
practi,practicus,772,790
practi,practive,681,708
practi,practicis,664,670
practi,practicably,639,651
practi,practicioners,634,685
practi,practicaba,623,647
practi,practicians,595,664
practi,practicecurrent,593,593
practi,practics,581,621
practi,practicarse,578,596
practi,practicament,556,580
practi,practial,533,540
practi,practicethe,530,538
practi,practicarum,491,493
practi,practician,361,409
practi,practicii,340,378
practi,practicamos,336,348
practi,practicethese,329,329
practi,practicioner,325,362
practi,practicalness,324,351
practi,practicies,324,343
practi,practicam,322,331
practi,practiceof,297,300
practi,practicarlo,277,283
practi,practicle,275,280
practi,practis,273,326
practi,practisch,264,275
practi,practicarla,253,258
practi,practition,253,265
practi,practicant,244,262
practi,practicein,239,241
practi,practies,233,264
practi,practicers,231,310
practi,practiceupdate,231,236
practi,practicall,230,240
practi,practicat,230,247
practi,practisches,230,230
practi,practiceand,229,233
practi,practicesand,227,230
practi,practicile,227,243
practi,practicesin,225,228
practi,practicebased,224,225
practi,practischer,221,227
practi,practicken,217,228
practi,practicilor,210,219
practi,practicants,207,270
practi,practicebusiness,207,207
practi,practick,199,208
practi,practitionners,196,210
practi,practicepatient,187,190
practi,practicehealth,186,186
practi,practicaly,184,184
poison,poisoning,180100,310732
poison,poison,54634,77325
poison,poisonous,25232,32092
poison,poisoned,23396,31563
poison,poisons,20761,26536
poison,poisonings,10780,15729
poison,poisoners,419,530
poison,poisoner,396,688
poison,poisonousness,255,287
poison,poisonwood,166,266
poison,poisonreview,62,62
poison,poisonously,37,37
poison,poisonning,36,41
poison,poisonig,32,34
poison,poisonless,31,34
poison,poisoningin,25,25
poison,poisonin,24,25
poison,poisoni,20,20
poison,poisonii,17,25
poison,poisoningthe,17,22
poison,poisonus,16,16
poison,poisoningand,14,15
poison,poisoninga,13,13
poison,poisonville,13,14
poison,poisonnian,12,12
poison,poisonivy,11,26
poison,poisonned,10,12
poison,poisoningis,9,9
poison,poisonable,8,13
poison,poisoncontrol,8,8
poison,poisoness,8,10
poison,poisoningby,8,8
poison,poisoningcite,8,8
poison,poisone,7,8
poison,poisoningacute,7,7
poison,poisoningcases,7,7
poison,poisonons,7,7
poison,poisonalien,6,6
poison,poisonberry,6,7
poison,poisondex,6,6
poison,poisoniing,6,7
poison,poisoningof,6,6
poison,poisoningon,6,6
poison,poisoningtreatment,6,6
poison,poisoningwith,6,6
poison,poisont,6,7
poison,poisony,6,6
poison,poisonal,5,5
poison,poisoneous,5,9
poison,poisongame,5,6
poison,poisonian,5,5
poison,poisonlng,5,5
poison,poisonoing,5,5
poison,poisonong,5,5
poison,poisonspot,5,25
poison,poisoncondition,4,4
poison,poisond,4,4
poison,poisonedparrot,4,13
poison,poisonedwater,4,7
poison,poisones,4,4
poison,poisonging,4,4
poison,poisonhead,4,4
poison,poisoningan,4,4
poison,poisoningcase,4,4
poison,poisoningclinical,4,5
poison,poisoningscience,4,4
poison,poisonoak,4,4
poison,poisonousplants,4,4
poison,poisonultrasound,4,4
poison,poisonc,3,3
poison,poisoncraft,3,7
poison,poisondrying,3,3
poison,poisonedrag,3,8
poison,poisonfreepunk,3,3
poison,poisoningamerican,3,3
poison,poisoningare,3,3
poison,poisoningattetrahydrocannabiol,3,3
poison,poisoningcarbon,3,6
poison,poisoningcaused,3,3
poison,poisoningchapter,3,3
poison,poisoningchelation,3,3
poison,poisoningcomprised,3,3
poison,poisoningcurrent,3,3
poison,poisoningdavid,3,3
poison,poisoningdiagnosis,3,3
poison,poisoningdie,3,4
poison,poisoningdrug,3,3
poison,poisoningethylene,3,7
poison,poisoningfrom,3,3
poison,poisoningl,3,3
poison,poisoninglead,3,4
poison,poisoningperitoneal,3,4
poison,poisoningresults,3,3
poison,poisoningroger,3,3
poison,poisoningsir,3,3
poison,poisoningw,3,3
poison,poisoningwil,3,3
poison,poisoningzur,3,3
poison,poisoninig,3,3
poison,poisoniong,3,3
placenta,placental,130721,263735
placenta,placenta,127108,240567
placenta,placentas,17046,32000
placenta,placentation,9398,12636
placenta,placentae,7658,12711
placenta,placentaria,1507,2121
placenta,placentaire,1330,2094
placenta,placentario,1218,1988
placenta,placentals,776,1075
placenta,placentalia,624,710
placenta,placentaires,507,784
placenta,placentarios,491,635
placenta,placentarias,427,602
placenta,placentally,377,446
placenta,placentaci,277,335
placenta,placentare,235,359
placenta,placentary,186,259
placenta,placentar,145,177
placenta,placentari,97,113
placenta,placentarium,43,52
placenta,placentacion,38,47
placenta,placentaren,36,36
placenta,placentan,28,32
placenta,placentations,23,27
placenta,placentacao,22,28
placenta,placentaris,22,32
placenta,placentarl,21,21
placenta,placentazione,20,31
placenta,placentainsuffizienz,17,20
placenta,placentaaccreta,16,17
placenta,placentale,16,20
placenta,placentaprevia,16,20
placenta,placentam,15,16
placenta,placentarni,13,15
placenta,placentados,12,14
placenta,placentarecordings,12,22
placenta,placentares,12,18
placenta,placentatie,12,12
placenta,placentazotten,12,12
placenta,placentaand,11,11
placenta,placentacentesis,11,17
placenta,placentakreisl,11,11
placenta,placentamegaly,11,14
placenta,placentacije,10,14
placenta,placentai,10,10
placenta,placentarpolypen,10,10
placenta,placentational,10,18
placenta,placentaderived,9,9
placenta,placentagewebe,9,9
placenta,placentate,9,11
placenta,placentain,8,12
placenta,placentarretention,8,8
placenta,placentaassociated,7,7
placenta,placentabefunde,7,7
placenta,placentaes,7,10
placenta,placentalen,7,7
placenta,placentalthickness,7,7
placenta,placentapassage,7,8
placenta,placentarbildung,7,7
placenta,placentarer,7,8
placenta,placentac,6,6
placenta,placentadysfunktion,6,6
placenta,placentalalkaline,6,6
placenta,placentalfetal,6,6
placenta,placentalne,6,8
placenta,placentalnih,6,8
placenta,placentamorphologie,6,6
placenta,placentarperiode,6,8
placenta,placentarum,6,6
placenta,placentat,6,6
placenta,placentationsst,6,6
placenta,placentawas,6,6
placenta,placentafunktion,5,5
placenta,placentair,5,6
placenta,placentais,5,5
placenta,placentales,5,6
placenta,placentalier,5,7
placenta,placentalike,5,5
placenta,placentalnog,5,7
placenta,placentaries,5,5
placenta,placentarkreislauf,5,5
placenta,placentarnih,5,5
placenta,placentado,4,4
placenta,placentaexpression,4,4
placenta,placentafetus,4,4
placenta,placentalabruption,4,4
placenta,placentalattachment,4,4
placenta,placentallabyrinth,4,4
placenta,placentalmammals,4,5
placenta,placentalokalisation,4,4
placenta,placentalscars,4,4
placenta,placentalsite,4,4
placenta,placentalweight,4,4
placenta,placentans,4,4
placenta,placentaprotein,4,4
placenta,placentarbefunde,4,4
placenta,placentarne,4,4
placenta,placentarschranke,4,4
placenta,placentarstelle,4,4
placenta,placentazelle,4,4
pathogen,pathogenesis,794739,965935
pathogen,pathogens,522229,767160
pathogen,pathogenic,501472,691779
pathogen,pathogen,484302,695298
pathogen,pathogenicity,131708,181383
pathogen,pathogenetic,56439,63476
pathogen,pathogenese,15354,17353
pathogen,pathogene,5092,6249
pathogen,pathogenetically,4166,4364
pathogen,pathogeny,3189,3699
pathogen,pathogenen,2835,3300
pathogen,pathogenes,2766,3537
pathogen,pathogeneses,2464,2628
pathogen,pathogenit,1278,1615
pathogen,pathogenically,1270,1348
pathogen,pathogenetische,1132,1177
pathogen,pathogenecity,1044,1185
pathogen,pathogener,872,935
pathogen,pathogenie,773,833
pathogen,pathogensis,741,781
pathogen,pathogenetischen,611,639
pathogen,pathogenetisch,601,615
pathogen,pathogenicities,551,612
pathogen,pathogenetical,519,548
pathogen,pathogenesy,494,577
pathogen,pathogenomics,410,505
pathogen,pathogenicite,369,447
pathogen,pathogenetischer,328,334
pathogen,pathogenisis,267,283
pathogen,pathogenies,256,280
pathogen,pathogencity,246,257
pathogen,pathogenous,205,248
pathogen,pathogenity,200,226
pathogen,pathogenomic,158,185
pathogen,pathogenical,157,162
pathogen,pathogenesisof,150,153
pathogen,pathogenetics,149,164
pathogen,pathogenitat,137,184
pathogen,pathogeniques,135,140
pathogen,pathogenia,134,142
pathogen,pathogenwatch,124,217
pathogen,pathogenique,123,128
pathogen,pathogentic,109,132
pathogen,pathogenabwehr,106,132
pathogen,pathogenics,80,81
pathogen,pathogenicbacteria,71,73
pathogen,pathogenetisches,65,68
pathogen,pathogenfree,63,63
pathogen,pathogeneis,62,62
pathogen,pathogenbefall,57,65
pathogen,pathogenassociated,56,56
pathogen,pathogeni,54,54
pathogen,pathogeneic,51,52
pathogen,pathogenis,51,53
pathogen,pathogenensis,49,51
pathogen,pathogenesity,48,58
pathogen,pathogenome,46,51
pathogen,pathogenesi,42,42
pathogen,pathogenezis,41,47
pathogen,pathogenfinder,40,69
pathogen,pathogenof,39,39
pathogen,pathogenisity,38,42
pathogen,pathogenesisjournal,35,37
pathogen,pathogeneity,34,35
pathogen,pathogenicty,34,34
pathogen,pathogenem,33,34
pathogen,pathogenicmicroorganisms,33,34
pathogen,pathogensin,33,33
pathogen,pathogencsis,31,31
pathogen,pathogenesen,31,31
pathogen,pathogenesisand,31,31
pathogen,pathogenesises,31,34
pathogen,pathogenesls,31,31
pathogen,pathogenesemechanismen,29,31
pathogen,pathogenesisrelated,28,28
pathogen,pathogenitic,27,29
pathogen,pathogeniciteit,25,28
pathogen,pathogenerkennung,24,25
pathogen,pathogenieity,24,27
pathogen,pathogenresistenz,24,26
pathogen,pathogenantwort,23,30
pathogen,pathogenitatsfaktoren,23,32
pathogen,pathogenosis,22,23
pathogen,pathogenetikai,21,23
pathogen,pathogensand,21,21
pathogen,pathogeneicity,20,20
pathogen,pathogenesisthe,20,20
pathogen,pathogeniteit,20,27
pathogen,pathogeneseforschung,19,20
pathogen,pathogenet,19,19
pathogen,pathogenomes,19,19
pathogen,pathogents,19,20
pathogen,pathogenspecific,18,18
pathogen,pathogeneisis,17,17
pathogen,pathogenfreien,17,19
pathogen,pathogenicescherichia,17,19
pathogen,pathogencombat,15,22
pathogen,pathogency,15,22
pathogen,pathogenesisin,15,15
pathogen,pathogenesisis,15,15
parasit,parasite,267588,492717
parasit,parasites,231089,395008
parasit,parasitic,226841,318387
parasit,parasitism,46292,77254
parasit,parasitoid,39569,76008
parasit,parasitoids,29345,53762
parasit,parasitized,20948,32539
parasit,parasitology,20941,28620
parasit,parasitological,18183,22379
parasit,parasit,16766,26823
parasit,parasitemia,14100,24891
parasit,parasitizing,11051,13202
parasit,parasitosis,9470,14833
parasit,parasitica,9223,15880
parasit,parasitaemia,8812,15513
parasit,parasitismo,6922,11518
parasit,parasiticus,6547,9922
parasit,parasito,6464,9982
parasit,parasitos,6338,10319
parasit,parasitize,6118,6705
parasit,parasitics,6036,7617
parasit,parasitas,5259,8083
parasit,parasita,4865,6860
parasit,parasitol,4677,6414
parasit,parasitoses,4375,6408
parasit,parasitaria,4202,5562
parasit,parasitization,4089,6612
parasit,parasitarias,3629,4391
parasit,parasiten,3384,4903
parasit,parasitaire,3140,4015
parasit,parasitoides,3075,6028
parasit,parasitophorous,2989,4094
parasit,parasitised,2428,3749
parasit,parasitizes,2342,2468
parasit,parasitoide,2328,4245
parasit,parasitados,2318,3197
parasit,parasitiformes,2285,2492
parasit,parasitisme,2146,2931
parasit,parasitaires,2097,2526
parasit,parasitologia,2070,2737
parasit,parasitidae,1819,2052
parasit,parasitolog,1802,2423
parasit,parasitose,1687,1969
parasit,parasitising,1578,1838
parasit,parasitologie,1555,1926
parasit,parasitical,1427,1761
parasit,parasitologic,1336,1574
parasit,parasitologically,1242,1371
parasit,parasitemias,1172,1564
parasit,parasitengona,1172,1320
parasit,parasitologists,1149,1328
parasit,parasitando,1141,1375
parasit,parasitically,941,1033
parasit,parasitadas,916,1328
parasit,parasitario,862,1013
parasit,parasiticum,830,1390
parasit,parasitarios,765,895
parasit,parasitise,753,826
parasit,parasiticidal,691,852
parasit,parasitisation,626,937
parasit,parasitaemias,596,803
parasit,parasitologist,565,609
parasit,parasitologi,553,637
parasit,parasitofauna,552,685
parasit,parasitologique,506,594
parasit,parasitologico,503,588
parasit,parasitemic,494,640
parasit,parasitaemic,490,703
parasit,parasiticide,453,530
parasit,parasitado,443,518
parasit,parasiticides,435,579
parasit,parasitan,431,462
parasit,parasiter,418,578
parasit,parasited,381,468
parasit,parasitar,372,406
parasit,parasitus,367,587
parasit,parasitologiques,362,409
parasit,parasiting,349,392
parasit,parasitischen,333,374
parasit,parasitologicos,323,384
parasit,parasitische,322,348
parasit,parasitosen,309,340
parasit,parasitologica,303,333
parasit,parasitises,296,306
parasit,parasitismus,296,360
parasit,parasitaci,291,419
parasit,parasitation,285,385
parasit,parasitada,277,308
parasit,parasitik,276,411
parasit,parasitoiden,257,449
parasit,parasitierung,251,354
parasit,parasitoidism,237,352
parasit,parasitologische,223,233
parasit,parasitam,209,229
parasit,parasitacion,195,287
parasit,parasitter,192,285
parasit,parasitisms,181,213
parasit,parasitaphelenchidae,170,186
parasit,parasitant,150,159
parasit,parasitischer,149,154
panel,panel,1236496,1903964
panel,panels,333428,528490
panel,panelists,29969,40418
panel,paneles,10456,15228
panel,panelis,8027,13175
panel,panelist,5926,7115
panel,panellists,4687,6298
panel,panela,3157,5957
panel,paneling,2160,2422
panel,paneled,1720,1883
panel,panelistas,1505,1687
panel,panelu,1182,1569
panel,panely,1161,1329
panel,panelov,1131,1535
panel,paneli,1026,1264
panel,panelling,768,855
panel,panellist,726,816
panel,panell,692,928
panel,panells,653,980
panel,panelled,610,727
panel,paneldata,605,648
panel,panelas,602,866
panel,panelera,555,841
panel,panelen,487,684
panel,panella,475,573
panel,panelized,437,688
panel,paneldaten,384,474
panel,panellus,341,482
panel,panelstudie,326,353
panel,paneller,284,348
panel,panelitian,278,288
panel,panelin,269,376
panel,panele,267,290
panel,panellerin,243,387
panel,panelowych,220,239
panel,panelli,204,261
panel,panelero,193,277
panel,panelet,184,231
panel,panelleri,176,202
panel,paneler,174,233
panel,panelleden,167,347
panel,panelista,164,268
panel,panelius,150,260
panel,panelbefragung,145,154
panel,panelde,141,161
panel,panellerinin,140,179
panel,paneleros,127,167
panel,panelem,114,122
panel,panelization,113,165
panel,panelboard,111,203
panel,panelistler,107,121
panel,panelowe,107,110
panel,panelisten,105,109
panel,panelanalyse,99,113
panel,panelbericht,99,99
panel,panelb,96,102
panel,panelised,94,129
panel,panelboards,91,155
panel,panelinin,88,109
panel,panellari,88,103
panel,panelmitglieder,88,93
panel,panelech,87,103
panel,panelapp,85,124
panel,panelowej,84,92
panel,paneldiskussion,81,91
panel,panelabrieb,78,78
panel,panelview,73,104
panel,panelus,70,211
panel,panellerde,69,82
panel,panellarining,63,82
panel,paneleiras,62,131
panel,paneleras,61,81
panel,panelinde,57,63
panel,panelerhebung,56,61
panel,paneldiscussie,55,59
panel,panellerden,55,67
panel,paneldatasett,54,56
panel,panelgesprek,54,66
panel,panelistes,54,66
panel,panelstudien,52,63
panel,panelado,51,53
panel,panellit,51,72
panel,panelmi,51,52
panel,panelowa,51,55
panel,panelt,51,53
panel,panelthese,51,51
panel,panelowego,49,53
panel,panelregression,49,51
panel,paneldebatt,48,56
panel,panelunders,48,63
panel,paneldatastudie,47,49
panel,panelerna,47,71
panel,panelonderzoek,47,49
panel,paneldatensatz,46,47
panel,panelima,45,53
panel,panello,45,106
panel,paneldesign,44,46
panel,paneliusi,43,60
panel,panelc,42,50
panel,panelne,42,46
pandemic,pandemic,1096270,2161916
pandemic,pandemics,57613,72629
pandemic,pandemica,2018,2325
pandemic,pandemico,1107,1281
pandemic,pandemici,129,146
pandemic,pandemick,129,175
pandemic,pandemicin,121,121
pandemic,pandemicovid,116,122
pandemic,pandemicity,109,131
pandemic,pandemice,104,109
pandemic,pandemiche,103,107
pandemic,pandemicthe,87,97
pandemic,pandemicznej,81,93
pandemic,pandemicznych,80,88
pandemic,pandemicznego,65,74
pandemic,pandemically,63,70
pandemic,pandemicznym,59,65
pandemic,pandemicas,58,58
pandemic,pandemiczne,51,54
pandemic,pandemicos,50,53
pandemic,pandemiccovid,47,48
pandemic,pandemiczny,46,52
pandemic,pandemicand,38,38
pandemic,pandemiczna,37,40
pandemic,pandemical,36,39
pandemic,pandemicus,29,38
pandemic,pandemicon,28,28
pandemic,pandemicedited,27,27
pandemic,pandemicrelated,27,27
pandemic,pandemiczn,26,26
pandemic,pandemicauthors,21,21
pandemic,pandemichas,19,19
pandemic,pandemicjournal,18,22
pandemic,pandemicis,16,18
pandemic,pandemicabstrak,14,14
pandemic,pandemicinduced,13,13
pandemic,pandemicmethods,13,13
pandemic,pandemicobjective,13,13
pandemic,pandemicsituation,13,13
pandemic,pandemictalks,13,61
pandemic,pandemicperiod,12,12
pandemic,pandemicto,12,12
pandemic,pandemicat,11,11
pandemic,pandemickatie,11,11
pandemic,pandemicof,11,11
pandemic,pandemicc,10,10
pandemic,pandemickeywords,10,10
pandemic,pandemickou,10,11
pandemic,pandemicmake,10,10
pandemic,pandemicflu,9,10
pandemic,pandemicinternational,9,9
pandemic,pandemicsbeing,9,9
pandemic,pandemicamong,8,8
pandemic,pandemican,8,8
pandemic,pandemicene,8,14
pandemic,pandemicera,8,8
pandemic,pandemicracy,8,10
pandemic,pandemicthis,8,8
pandemic,pandemicwe,8,8
pandemic,pandemicwhich,8,8
pandemic,pandemicworld,8,8
pandemic,pandemicbackground,7,7
pandemic,pandemicfigure,7,9
pandemic,pandemich,7,8
pandemic,pandemichad,7,7
pandemic,pandemicimpact,7,10
pandemic,pandemiclockdown,7,7
pandemic,pandemicabstractthis,6,6
pandemic,pandemicduring,6,6
pandemic,pandemicendoscopy,6,6
pandemic,pandemicllm,6,15
pandemic,pandemicmethod,6,6
pandemic,pandemicnew,6,6
pandemic,pandemicresults,6,6
pandemic,pandemicsocial,6,6
pandemic,pandemicterri,6,6
pandemic,pandemicum,6,6
pandemic,pandemicwas,6,6
pandemic,pandemicabstract,5,5
pandemic,pandemicdate,5,6
pandemic,pandemiceconomic,5,5
pandemic,pandemicglobal,5,7
pandemic,pandemichealth,5,5
pandemic,pandemicised,5,5
pandemic,pandemicit,5,5
pandemic,pandemicjoshua,5,5
pandemic,pandemicjtcvs,5,5
pandemic,pandemicke,5,5
pandemic,pandemickej,5,5
pandemic,pandemicmark,5,5
pandemic,pandemicmedical,5,5
pandemic,pandemicmeta,5,5
pandemic,pandemicpandemic,5,6
pandemic,pandemicpendahuluan,5,5
pandemic,pandemicpreparedness,5,5
pandemic,pandemicsand,5,5
pandemic,pandemicsthe,5,5
pandemic,pandemictimes,5,5
pandemic,pandemicwhen,5,5
pandemic,pandemicclaire,4,4
paleo,paleoecology,59187,101423
paleo,paleo,44807,64494
paleo,paleozoic,44172,67856
paleo,paleocene,21766,35285
paleo,paleogene,21187,30324
paleo,paleontology,18444,22634
paleo,paleoclimate,18183,23932
paleo,paleoenvironmental,17888,21508
paleo,paleomagnetic,17780,28220
paleo,paleontological,15551,18824
paleo,paleoclimatology,14677,19796
paleo,paleolithic,13800,22392
paleo,paleovan,12359,12375
paleo,paleoecological,11273,13362
paleo,paleoclimatic,11218,13419
paleo,paleoproterozoic,9918,14503
paleo,paleogeographic,9785,11778
paleo,paleolithicum,8378,11763
paleo,paleogeography,7048,8325
paleo,paleoenvironment,6207,7154
paleo,paleobiology,5742,8022
paleo,paleomagnetism,5632,6510
paleo,paleoceanographic,5222,6342
paleo,paleol,5095,6656
paleo,paleosol,4913,8580
paleo,paleosols,4575,8441
paleo,paleoenvironments,4299,4851
paleo,paleontol,4276,5670
paleo,paleoceanography,3042,3490
paleo,paleontologists,3035,3442
paleo,paleotemperature,2878,3739
paleo,paleoseismic,2705,4165
paleo,paleointensity,2489,4794
paleo,paleontolog,2325,3027
paleo,paleoseismology,2307,2501
paleo,paleontologia,2302,3323
paleo,paleocurrent,2206,3059
paleo,paleoambiental,2149,2514
paleo,paleolimnological,2137,2783
paleo,paleoindian,2123,3455
paleo,paleopathology,1898,2433
paleo,paleoanthropology,1815,2137
paleo,paleobotanical,1751,2045
paleo,paleobiogeographic,1700,1934
paleo,paleography,1644,1997
paleo,paleontologic,1618,1820
paleo,paleontologist,1613,1780
paleo,paleolitico,1587,2229
paleo,paleobiological,1577,1832
paleo,paleozoico,1573,1945
paleo,paleobiogeography,1559,1735
paleo,paleoclim,1519,1935
paleo,paleogeographical,1517,1722
paleo,paleopathological,1506,1912
paleo,paleolake,1477,2104
paleo,paleostress,1422,2227
paleo,paleoproductivity,1401,2151
paleo,paleographic,1384,1668
paleo,paleotemperatures,1343,1633
paleo,paleogr,1330,1556
paleo,paleolatitude,1297,1806
paleo,paleobiodb,1289,3635
paleo,paleoambientales,1285,1488
paleo,paleographical,1269,1330
paleo,paleotectonic,1258,1588
paleo,paleobotany,1240,1580
paleo,paleoecol,1229,1445
paleo,paleogeogr,1154,1336
paleo,paleoloc,1139,1139
paleo,paleografia,1121,1439
paleo,paleoclimates,1106,1192
paleo,paleotropical,1053,1269
paleo,paleotopography,1022,1310
paleo,paleoseismological,1004,1228
paleo,paleokarst,999,1825
paleo,paleoanthropological,994,1161
paleo,paleoecologic,963,1131
paleo,paleohydrology,956,1076
paleo,paleolimnology,956,1124
paleo,paleochannels,923,1424
paleo,paleochannel,917,1488
paleo,paleocristiana,872,951
paleo,paleograf,852,983
paleo,paleolatitudes,832,1109
paleo,paleoceno,829,1238
paleo,paleoambiente,810,909
paleo,paleocurrents,778,980
paleo,paleobathymetry,751,955
paleo,paleolithique,732,1018
paleo,paleosalinity,720,1075
paleo,paleovegetation,719,913
paleo,paleothermometry,710,832
paleo,paleoearthquakes,702,908
paleo,paleoambientais,694,827
paleo,paleoarchean,690,954
paleo,paleosecular,672,841
paleo,paleoambientes,655,732
paleo,paleohydrological,628,757
paleo,paleovalley,626,1074
paleo,paleontologico,622,828
obes,obesity,689911,1526829
obes,obese,296439,623595
obes,obesidad,40080,85069
obes,obesidade,31620,69283
obes,obesitas,12534,36268
obes,obesos,11289,20530
obes,obesogenic,7023,10359
obes,obesus,5343,7736
obes,obesas,3993,7039
obes,obesa,3482,4746
obes,obeso,3028,4136
obes,obes,2407,4434
obes,obesite,1959,3722
obes,obeservasi,1820,1850
obes,obesit,1787,3154
obes,obestatin,1243,4545
obes,obesitymaternl,1158,1158
obes,obesum,1046,1592
obes,obesita,930,1392
obes,obesi,901,1433
obes,obeses,873,1472
obes,obesitat,777,1960
obes,obesulus,708,1263
obes,obesog,542,833
obes,obesitythe,500,502
obes,obesities,372,469
obes,obesumbacterium,341,381
obes,obest,335,493
obes,obesogens,300,621
obes,obesogen,296,371
obes,obesrvasi,292,301
obes,obesula,274,466
obes,obeservation,253,266
obes,obeserved,230,235
obes,obespe,230,235
obes,obesityrelated,167,173
obes,obesvarade,139,144
obes,obesogammarus,136,185
obes,obesiti,125,242
obes,obesigenic,117,151
obes,obeservasional,96,98
obes,obession,93,98
obes,obesidades,81,101
obes,obeservations,75,76
obes,obeserve,69,77
obes,obesogenicity,67,110
obes,obesityand,58,60
obes,obessions,57,61
obes,obessive,56,57
obes,obesitatea,54,90
obes,obesoconnus,54,133
obes,obestiy,53,54
obes,obesityassociated,52,55
obes,obespechenie,50,50
obes,obesogenico,48,55
obes,obespecheniia,47,48
obes,obesrvation,47,47
obes,obesrved,46,46
obes,obesty,46,56
obes,obespecheniya,45,51
obes,obestity,45,47
obes,obesogene,42,54
obes,obesed,40,65
obes,obesalis,38,43
obes,obesites,38,49
obes,obesomanus,38,44
obes,obesogenesis,37,55
obes,obesepatients,36,39
obes,obesitatearen,36,47
obes,obesvarad,36,36
obes,obestav,34,34
obes,obesitology,31,36
obes,obesityin,31,33
obes,obeservational,29,30
obes,obesitic,29,42
obes,obesse,28,29
obes,obesem,27,37
obes,obeser,27,30
obes,obesityinduced,26,27
obes,obesotoma,26,27
obes,obespechenii,25,27
obes,obesevasi,23,23
obes,obeskattade,23,42
obes,obesoceras,23,58
obes,obesogenicos,23,27
obes,obesechildren,22,22
obes,obespravljenih,22,26
obes,obestatina,22,50
obes,obesinymphae,21,42
obes,obesityis,21,21
obes,obesior,20,24
obes,obesogenica,20,38
obes,obeseadolescents,19,22
obes,obesitate,19,21
obes,obesityobesity,19,19
obes,obesityweek,19,29
obes,obespechenija,19,21
obes,obeseand,18,18
obes,obesitaskirurgi,18,48
obes,obesiteit,18,25
nutrient,nutrient,628839,1072092
nutrient,nutrients,410405,571673
nutrient,nutrientes,57147,88624
nutrient,nutriente,6448,7840
nutrient,nutrienti,1524,2058
nutrient,nutrienten,527,661
nutrient,nutrienttotal,98,98
nutrient,nutrienttotals,98,98
nutrient,nutrientrich,81,81
nutrient,nutrientsbyfood,69,69
nutrient,nutrientenbelasting,52,73
nutrient,nutrientmanagement,42,46
nutrient,nutrientpoor,37,37
nutrient,nutrientsauthor,27,27
nutrient,nutrienty,27,31
nutrient,nutrientenconcentraties,26,28
nutrient,nutrientsand,26,26
nutrient,nutrientsin,26,27
nutrient,nutrientenkringloop,24,26
nutrient,nutriention,24,27
nutrient,nutrientcontent,23,23
nutrient,nutrientuptake,21,22
nutrient,nutrientenriched,20,20
nutrient,nutrientand,18,18
nutrient,nutrientenstromen,17,19
nutrient,nutrientcomposition,16,17
nutrient,nutrientconcentrations,16,18
nutrient,nutrientcontents,16,16
nutrient,nutrientdense,16,16
nutrient,nutrientenhuishouding,16,16
nutrient,nutrientsolution,16,17
nutrient,nutrientintake,15,20
nutrient,nutrientional,14,17
nutrient,nutriental,13,15
nutrient,nutrientcycling,13,14
nutrient,nutrientenverliezen,13,13
nutrient,nutrientsfrom,13,13
nutrient,nutrientsupply,13,13
nutrient,nutrientavailability,12,12
nutrient,nutrientenopname,11,11
nutrient,nutrientabsorption,10,10
nutrient,nutrientconcentration,10,10
nutrient,nutrientdigestibility,10,10
nutrient,nutrientenbalansen,10,10
nutrient,nutrientstopicadvanced,10,10
nutrient,nutrientagar,9,9
nutrient,nutrientin,9,10
nutrient,nutrientlimited,9,9
nutrient,nutrientmedium,9,11
nutrient,nutrientstopicintermediate,9,9
nutrient,nutrientdepleted,8,8
nutrient,nutrientenbalans,8,9
nutrient,nutrientenbenutting,8,8
nutrient,nutrientphytoplankton,8,8
nutrient,nutrientres,8,8
nutrient,nutrientsfor,8,8
nutrient,nutrientstatus,8,8
nutrient,nutrientsurvival,8,8
nutrient,nutrientenkringlopen,7,7
nutrient,nutrientenoverschotten,7,7
nutrient,nutrientenuitspoeling,7,8
nutrient,nutrientlike,7,7
nutrient,nutrientlimitation,7,7
nutrient,nutrientremoval,7,8
nutrient,nutrientsare,7,7
nutrient,nutrientsensing,7,7
nutrient,nutrientsnutrient,7,7
nutrient,nutrientsource,7,7
nutrient,nutrientstopicfacility,7,7
nutrient,nutrientsubstance,7,10
nutrient,nutrientuse,7,7
nutrient,nutrientbroth,6,6
nutrient,nutrientenbeheer,6,9
nutrient,nutrientenemissiemodel,6,6
nutrient,nutrientenemissies,6,7
nutrient,nutrientengehalten,6,6
nutrient,nutrientenmanagement,6,7
nutrient,nutrientenoverschot,6,6
nutrient,nutrientenrichment,6,6
nutrient,nutrientenrijkdom,6,6
nutrient,nutrientensamenstelling,6,7
nutrient,nutrientesy,6,6
nutrient,nutrientintakes,6,7
nutrient,nutrientler,6,7
nutrient,nutrientlerin,6,6
nutrient,nutrientless,6,20
nutrient,nutrientov,6,6
nutrient,nutrientrequirements,6,6
nutrient,nutrientsto,6,6
nutrient,nutrienta,5,8
nutrient,nutrientadsorption,5,5
nutrient,nutrientdata,5,5
nutrient,nutrientdependent,5,5
nutrient,nutrientdistribution,5,5
nutrient,nutrientdynamics,5,5
nutrient,nutrientenaanbod,5,5
nutrient,nutrientenbehoefte,5,5
nutrient,nutrientengehalte,5,6
nutrient,nutriententoestand,5,7
nutrient,nutrientespara,5,5
nurs,nursing,1004765,2571197
nurs,nurses,611993,1423587
nurs,nurse,389985,674390
nurs,nursery,108895,169620
nurs,nurseries,30776,42119
nurs,nurs,12331,13873
nurs,nursed,5332,6520
nurs,nursingin,2586,2586
nurs,nursingholistic,2504,2504
nurs,nurserymen,1977,2251
nurs,nursi,1630,4726
nurs,nurseryman,691,758
nurs,nursingnurse,606,606
nurs,nursia,576,713
nurs,nursingcenter,498,718
nurs,nursemaid,444,592
nurs,nursultan,438,503
nurs,nursingnursing,407,407
nurs,nursling,333,441
nurs,nursey,296,328
nurs,nursings,229,339
nurs,nursalam,228,281
nurs,nurslings,214,278
nurs,nursamsu,174,175
nurs,nursalim,168,270
nurs,nurserie,160,200
nurs,nurser,150,180
nurs,nursemaids,132,160
nurs,nursingstudents,131,159
nurs,nursingcare,117,123
nurs,nursei,114,189
nurs,nursin,110,124
nurs,nursesview,107,107
nurs,nurseeducatoronline,105,105
nurs,nursesteam,102,102
nurs,nursa,98,177
nurs,nursal,95,133
nurs,nursers,93,118
nurs,nursiah,92,111
nurs,nursingworld,82,94
nurs,nursel,80,115
nurs,nurscia,75,114
nurs,nursering,69,97
nurs,nursingstandard,69,69
nurs,nursesand,68,70
nurs,nursie,68,80
nurs,nursiti,64,64
nurs,nursinghome,62,66
nurs,nursepatient,58,60
nurs,nursesin,57,59
nurs,nursingthe,57,59
nurs,nursology,56,131
nurs,nursten,55,71
nurs,nursehound,54,96
nurs,nurseri,53,96
nurs,nursestandard,52,52
nurs,nurseschr,51,81
nurs,nursula,51,59
nurs,nurseling,49,80
nurs,nurseled,47,48
nurs,nurspr,47,47
nurs,nurselike,46,64
nurs,nursanti,45,50
nurs,nursury,45,47
nurs,nursyafiqah,44,44
nurs,nurshing,43,50
nurs,nursingeducation,42,46
nurs,nursyamsi,42,69
nurs,nursesu,41,61
nurs,nursng,41,42
nurs,nursingand,40,40
nurs,nursachen,39,40
nurs,nursinghomes,39,39
nurs,nursall,38,56
nurs,nursen,38,38
nurs,nursingmanagement,38,44
nurs,nursache,37,37
nurs,nurss,37,46
nurs,nurstanford,37,37
nurs,nursyahirah,37,37
nurs,nursasi,36,39
nurs,nursingtimes,36,38
nurs,nursary,35,44
nurs,nursesworking,35,35
nurs,nursingrepository,35,35
nurs,nurschritten,34,38
nurs,nursilia,34,36
nurs,nursyirwan,34,39
nurs,nursyuhada,34,35
nurs,nurseing,31,39
nurs,nursingintervention,30,32
nurs,nursig,29,29
nurs,nursingpractice,28,29
nurs,nursaid,27,32
nurs,nurseswere,27,28
nurs,nursesthe,26,26
nurs,nursingstudent,26,35
nurs,nursyazwani,26,26
nurs,nurseryfish,25,57
nurs,nursii,25,48
neutral,neutral,5032430,5878880
neutral,neutrals,132346,136101
neutral,neutralizing,109704,168734
neutral,neutralization,97697,144607
neutral,neutrality,96805,133289
neutral,neutralize,35215,38506
neutral,neutralized,34233,40342
neutral,neutralino,13376,21350
neutral,neutralisation,10427,14704
neutral,neutralit,9847,12383
neutral,neutrally,9793,11348
neutral,neutralizes,7509,7846
neutral,neutralising,7499,10936
neutral,neutralidad,6196,7735
neutral,neutralen,5504,6221
neutral,neutrale,5451,6091
neutral,neutralidade,5167,6312
neutral,neutralinos,5079,6474
neutral,neutralise,3552,3770
neutral,neutralizar,3183,3361
neutral,neutralizer,2890,4694
neutral,neutralised,2767,3184
neutral,neutraliza,2580,3253
neutral,neutrales,2197,2406
neutral,neutralizaci,2045,2629
neutral,neutraler,1760,1884
neutral,neutraliser,1539,1749
neutral,neutralizers,1130,1645
neutral,neutralizantes,1128,1747
neutral,neutralite,1025,1236
neutral,neutralism,1018,1347
neutral,neutralita,782,916
neutral,neutralis,633,710
neutral,neutrala,622,782
neutral,neutralno,608,829
neutral,neutralises,594,611
neutral,neutralizacion,574,694
neutral,neutralist,570,689
neutral,neutralizante,548,760
neutral,neutralisiert,545,579
neutral,neutralem,527,567
neutral,neutralisierung,500,550
neutral,neutralisants,481,707
neutral,neutralizations,469,614
neutral,neutralisieren,466,489
neutral,neutralizado,450,496
neutral,neutralisant,435,509
neutral,neutralizacao,419,554
neutral,neutralt,408,469
neutral,neutralitet,403,537
neutral,neutralne,388,414
neutral,neutrali,379,422
neutral,neutraliteit,376,457
neutral,neutralizzazione,356,425
neutral,neutralities,352,414
neutral,neutralitat,351,425
neutral,neutralizando,331,335
neutral,neutralisierende,310,421
neutral,neutralizada,286,304
neutral,neutralisierenden,279,358
neutral,neutralizzare,261,270
neutral,neutralizados,255,262
neutral,neutralizable,253,325
neutral,neutralizan,232,234
neutral,neutralni,209,223
neutral,neutraliz,197,223
neutral,neutralizacji,190,205
neutral,neutralisations,182,200
neutral,neutralizadas,182,187
neutral,neutralna,180,196
neutral,neutralisierender,168,208
neutral,neutralisent,159,160
neutral,neutralismo,158,175
neutral,neutralists,157,184
neutral,neutralny,149,155
neutral,neutralizador,146,175
neutral,neutralnym,133,139
neutral,neutralnych,130,153
neutral,neutralnego,128,135
neutral,neutralrot,125,171
neutral,neutralisante,113,131
neutral,neutralnosti,112,175
neutral,neutralnost,107,160
neutral,neutralisationstest,105,129
neutral,neutralan,103,108
neutral,neutralizam,101,101
neutral,neutralisers,100,147
neutral,neutralizacije,100,125
neutral,neutralnih,98,102
neutral,neutralteilchen,97,118
neutral,neutralizadores,95,125
neutral,neutralliganden,95,101
neutral,neutralsalze,87,97
neutral,neutralnej,81,92
neutral,neutralnom,81,84
neutral,neutraln,79,81
neutral,neutralisera,77,81
neutral,neutralista,74,84
neutral,neutralizacja,73,74
neutral,neutraliseren,72,79
neoplasm,neoplasms,189983,263212
neoplasm,neoplasm,122044,154653
neoplasm,neoplasma,1694,2243
neoplasm,neoplasmas,757,1081
neoplasm,neoplasmatic,249,311
neoplasm,neoplasmic,179,205
neoplasm,neoplasmen,176,201
neoplasm,neoplasmsjournal,95,98
neoplasm,neoplasmsmetricsauthor,82,82
neoplasm,neoplasmes,42,42
neoplasm,neoplasme,34,36
neoplasm,neoplasmata,25,33
neoplasm,neoplasmjournal,18,20
neoplasm,neoplasmsmetrics,15,15
neoplasm,neoplasmi,13,15
neoplasm,neoplasmin,13,15
neoplasm,neoplasmand,11,11
neoplasm,neoplasmscarcinoma,11,11
neoplasm,neoplasmsthe,11,11
neoplasm,neoplasmsneoplasm,10,10
neoplasm,neoplasmer,9,10
neoplasm,neoplasmsendoscopy,9,9
neoplasm,neoplasmului,9,11
neoplasm,neoplasmele,8,8
neoplasm,neoplasmsand,8,8
neoplasm,neoplasmsprostate,8,8
neoplasm,neoplasmlar,7,7
neoplasm,neoplasmsa,7,8
neoplasm,neoplasmsin,7,7
neoplasm,neoplasmsprostatemetricsauthor,7,7
neoplasm,neoplasmul,6,7
neoplasm,neoplasmelor,5,5
neoplasm,neoplasmsm,5,5
neoplasm,neoplasmsneoplasms,5,5
neoplasm,neoplasmsprostatic,5,5
neoplasm,neoplasmwith,5,5
neoplasm,neoplasmal,4,7
neoplasm,neoplasmatasen,4,4
neoplasm,neoplasmatogenesis,4,4
neoplasm,neoplasmed,4,5
neoplasm,neoplasmia,4,4
neoplasm,neoplasmor,4,4
neoplasm,neoplasmscancer,4,4
neoplasm,neoplasmschronic,4,4
neoplasm,neoplasmsdrug,4,4
neoplasm,neoplasmsof,4,4
neoplasm,neoplasmsurinary,4,4
neoplasm,neoplasmthat,4,4
neoplasm,neoplasmatical,3,3
neoplasm,neoplasmatik,3,3
neoplasm,neoplasmatischen,3,4
neoplasm,neoplasmclinical,3,3
neoplasm,neoplasmdie,3,3
neoplasm,neoplasmdoi,3,3
neoplasm,neoplasmis,3,3
neoplasm,neoplasmmetastasis,3,3
neoplasm,neoplasmsacute,3,3
neoplasm,neoplasmsadenocarcinoma,3,3
neoplasm,neoplasmsangiomyolipomametricsauthor,3,3
neoplasm,neoplasmsantigens,3,3
neoplasm,neoplasmsbenign,3,3
neoplasm,neoplasmsbone,3,3
neoplasm,neoplasmskidney,3,3
neoplasm,neoplasmstestismetricsauthor,3,3
neoplasm,neoplasmstreatment,3,3
neoplasm,neoplasmswere,3,3
neoplasm,neoplasmswhich,3,3
neoplasm,neoplasmswith,3,3
neoplasm,neoplasmacide,2,6
neoplasm,neoplasmaffecting,2,2
neoplasm,neoplasmcase,2,2
neoplasm,neoplasmchemotherapy,2,2
neoplasm,neoplasmdefine,2,2
neoplasm,neoplasmid,2,2
neoplasm,neoplasmneurological,2,2
neoplasm,neoplasmof,2,2
neoplasm,neoplasmrefsdose,2,2
neoplasm,neoplasmsandrogen,2,2
neoplasm,neoplasmsareencountered,2,2
neoplasm,neoplasmsassociation,2,2
neoplasm,neoplasmsat,2,2
neoplasm,neoplasmsb,2,2
neoplasm,neoplasmscan,2,2
neoplasm,neoplasmscerebellopontine,2,2
neoplasm,neoplasmscns,2,2
neoplasm,neoplasmscystsmetricsauthor,2,2
neoplasm,neoplasmsdavid,2,2
neoplasm,neoplasmsexpression,2,2
neoplasm,neoplasmsfalah,2,2
neoplasm,neoplasmsflow,2,2
neoplasm,neoplasmsgene,2,2
neoplasm,neoplasmshealth,2,2
neoplasm,neoplasmsinterleukin,2,2
neoplasm,neoplasmslymph,2,2
neoplasm,neoplasmsmethods,2,2
neoplasm,neoplasmsmycobacterium,2,2
neoplasm,neoplasmsmyeloid,2,2
neoplasm,neoplasmsnephrectomykidney,2,2
neoplasm,neoplasmsneuroblastomasiv,2,2
neoplasm,neoplasmsnew,2,2
mosquito,mosquito,128263,256294
mosquito,mosquitoes,86985,169141
mosquito,mosquitos,10328,15531
mosquito,mosquitoalert,3426,3436
mosquito,mosquitofish,2537,4821
mosquito,mosquitocidal,1369,1991
mosquito,mosquitoborne,200,223
mosquito,mosquitoe,178,199
mosquito,mosquitocides,106,129
mosquito,mosquitocide,87,108
mosquito,mosquitoxylum,40,43
mosquito,mosquitogenic,27,36
mosquito,mosquitonet,24,36
mosquito,mosquitoaedes,21,21
mosquito,mosquitocida,17,20
mosquito,mosquitoculex,14,14
mosquito,mosquitofishes,12,17
mosquito,mosquitohawk,11,11
mosquito,mosquitowise,11,15
mosquito,mosquitok,10,11
mosquito,mosquitopia,10,12
mosquito,mosquitofern,9,11
mosquito,mosquitomagnet,9,17
mosquito,mosquitocatalog,8,8
mosquito,mosquitoesand,8,8
mosquito,mosquitocidals,7,10
mosquito,mosquitocidas,7,10
mosquito,mosquitocontrol,7,7
mosquito,mosquitosong,7,10
mosquito,mosquitotransmitted,7,7
mosquito,mosquitoeswere,6,6
mosquito,mosquitolarvae,6,6
mosquito,mosquitoline,6,6
mosquito,mosquitospecies,6,6
mosquito,mosquitobites,5,5
mosquito,mosquitomap,5,10
mosquito,mosquitomist,5,9
mosquito,mosquiton,5,6
mosquito,mosquitonest,5,8
mosquito,mosquitonets,5,5
mosquito,mosquitopopulations,5,5
mosquito,mosquitorepellent,5,6
mosquito,mosquitosimcity,5,5
mosquito,mosquitotrap,5,8
mosquito,mosquitovectors,5,5
mosquito,mosquitoand,4,4
mosquito,mosquitobreeding,4,4
mosquito,mosquitocollections,4,4
mosquito,mosquitoesof,4,4
mosquito,mosquitoeswhich,4,4
mosquito,mosquitollne,4,4
mosquito,mosquitoslim,4,8
mosquito,mosquitozapper,4,8
mosquito,mosquitoa,3,3
mosquito,mosquitoanopheles,3,3
mosquito,mosquitocs,3,3
mosquito,mosquitodb,3,9
mosquito,mosquitoeira,3,7
mosquito,mosquitoesanopheles,3,3
mosquito,mosquitoescollected,3,3
mosquito,mosquitoeswerecollected,3,3
mosquito,mosquitol,3,4
mosquito,mosquitolandes,3,3
mosquito,mosquitolarvicidal,3,3
mosquito,mosquitomate,3,6
mosquito,mosquitopopulation,3,3
mosquito,mosquitose,3,3
mosquito,mosquitosphere,3,3
mosquito,mosquitoxylon,3,5
mosquito,mosquitoaag,2,2
mosquito,mosquitoapp,2,3
mosquito,mosquitoassociated,2,2
mosquito,mosquitobased,2,2
mosquito,mosquitobite,2,2
mosquito,mosquitobug,2,2
mosquito,mosquitoc,2,3
mosquito,mosquitocidial,2,2
mosquito,mosquitocite,2,2
mosquito,mosquitocodes,2,2
mosquito,mosquitocoils,2,2
mosquito,mosquitoculiseta,2,2
mosquito,mosquitoeiras,2,2
mosquito,mosquitoesadding,2,2
mosquito,mosquitoescite,2,2
mosquito,mosquitoesin,2,2
mosquito,mosquitoesis,2,2
mosquito,mosquitoesnumber,2,2
mosquito,mosquitoesthe,2,2
mosquito,mosquitoestimer,2,6
mosquito,mosquitoesto,2,2
mosquito,mosquitofusion,2,4
mosquito,mosquitoin,2,2
mosquito,mosquitoinfested,2,2
mosquito,mosquitokiller,2,3
mosquito,mosquitoland,2,4
mosquito,mosquitolarvaein,2,2
mosquito,mosquitoll,2,2
mosquito,mosquitomalaria,2,2
mosquito,mosquitomanagement,2,2
mosquito,mosquitominer,2,3
mold,mold,121602,217173
mold,molding,90635,151225
mold,moldova,57841,84684
mold,molded,41366,55786
mold,molds,41074,58186
mold,moldes,12500,15716
mold,molde,7469,11440
mold,moldenke,4525,9389
mold,moldovan,4396,6642
mold,moldavia,4130,5490
mold,moldavian,3193,4609
mold,moldy,3024,4372
mold,moldboard,2633,4634
mold,moldam,2611,2698
mold,moldagem,2445,3651
mold,moldar,2431,2493
mold,moldings,2305,3194
mold,moldflow,2139,2975
mold,moldados,2096,2550
mold,moldovei,1943,2379
mold,moldable,1877,2467
mold,moldadas,1792,2210
mold,moldado,1771,2124
mold,moldeo,1644,2306
mold,molda,1641,1851
mold,moldear,1622,1654
mold,moldeado,1592,1715
mold,moldean,1544,1569
mold,moldura,1539,1874
mold,moldau,1511,2315
mold,moldando,1452,1474
mold,moldada,1449,1564
mold,moldavie,1334,1768
mold,moldaram,1221,1259
mold,moldavica,1182,1965
mold,moldability,1102,1426
mold,moldea,1012,1051
mold,moldic,933,1248
mold,molder,853,1070
mold,molduras,851,1035
mold,moldanubian,777,1175
mold,moldeando,689,698
mold,moldoveneasc,601,675
mold,moldou,534,537
mold,moldo,522,673
mold,moldeada,513,546
mold,moldovene,503,562
mold,molden,481,628
mold,moldeadas,479,499
mold,moldenhauer,468,598
mold,molders,463,568
mold,moldearon,462,468
mold,moldeados,409,453
mold,moldave,401,511
mold,moldovans,390,556
mold,moldovenesc,388,452
mold,moldex,350,513
mold,moldeamiento,321,368
mold,moldavicum,316,434
mold,moldock,308,439
mold,moldagens,280,358
mold,moldoveanu,255,315
mold,moldvai,236,315
mold,moldawien,231,270
mold,moldovi,210,1158
mold,moldava,208,251
mold,moldm,200,288
mold,moldoveni,198,225
mold,moldovita,196,352
mold,moldaves,190,243
mold,moldeable,186,200
mold,moldaviae,171,190
mold,moldavians,157,190
mold,moldaw,151,162
mold,moldavites,148,267
mold,moldanubicum,139,169
mold,moldeira,135,265
mold,moldovitei,129,129
mold,moldiness,125,159
mold,moldering,123,124
mold,moldovian,123,140
mold,moldavite,114,161
mold,moldeiras,109,158
mold,moldauer,107,135
mold,moldeables,106,112
mold,moldavi,105,132
mold,moldaviensis,105,114
mold,molday,105,177
mold,moldavicus,104,204
mold,moldurado,104,126
mold,moldovy,103,116
mold,moldavii,102,112
mold,moldel,102,105
mold,moldenhawera,97,147
mold,moldwin,95,197
mold,moldavien,93,112
mold,moldless,92,123
mold,moldan,90,102
mold,moldawer,90,106
mold,moldovean,89,92
migrat,migration,1305666,2405537
migrat,migratory,127524,194309
migrat,migrate,114095,130457
migrat,migrated,106487,121697
migrat,migrating,96226,120318
migrat,migrations,85937,110748
migrat,migrates,18527,19753
migrat,migratoria,15711,21315
migrat,migratorio,13679,17186
migrat,migratorios,12322,15062
migrat,migrat,9564,14024
migrat,migratoires,9451,11922
migrat,migratoire,9154,11881
migrat,migratorias,7821,9954
migrat,migrationshintergrund,6857,11260
migrat,migratori,3252,3871
migrat,migratorius,2386,2875
migrat,migratie,2014,2562
migrat,migrational,1880,2319
migrat,migrationspolitik,1248,1561
migrat,migrationsforschung,1152,1432
migrat,migrateurs,1087,1508
migrat,migratorie,1009,1204
migrat,migrationen,935,1101
migrat,migrationsgesellschaft,928,1117
migrat,migrationsbewegungen,815,873
migrat,migrationsgeschichte,780,999
migrat,migrative,701,899
migrat,migrators,551,846
migrat,migratsiya,551,942
migrat,migratoris,480,591
migrat,migrateur,435,537
migrat,migratorioides,406,543
migrat,migratieachtergrond,403,691
migrat,migrator,395,623
migrat,migrationsverhalten,352,426
migrat,migrationsverket,349,621
migrat,migrationsrecht,337,381
migrat,migratable,325,443
migrat,migrationserfahrung,317,390
migrat,migratrices,296,379
migrat,migrationauthors,289,289
migrat,migrationsprozesse,289,309
migrat,migrationsliteratur,269,347
migrat,migrationsstr,264,298
migrat,migratsiyasi,261,343
migrat,migrationserfahrungen,236,253
migrat,migrationskontext,218,243
migrat,migrati,192,210
migrat,migrationsbedingte,189,199
migrat,migrationsstatus,183,220
migrat,migrationsp,179,224
migrat,migrationshintergrundes,178,213
migrat,migratrice,169,211
migrat,migrationsprozessen,161,172
migrat,migrationsverkets,161,258
migrat,migratiebeleid,158,183
migrat,migratio,157,167
migrat,migrationsregime,155,166
migrat,migratsiyaning,153,206
migrat,migrationsgeschehen,149,158
migrat,migrationsprozess,146,168
migrat,migrationsf,141,179
migrat,migratierecht,137,168
migrat,migrationskrise,134,145
migrat,migrationsspezifische,128,141
migrat,migratsiyasining,127,165
migrat,migrationsrechts,126,137
migrat,migrationspolitiken,125,175
migrat,migrationsdiskurs,112,123
migrat,migrationskontrolle,111,138
migrat,migratsion,111,148
migrat,migrationsbedingten,110,116
migrat,migrationsbedingter,107,122
migrat,migrationshintergrunds,106,120
migrat,migrationand,102,102
migrat,migrationspolitischen,100,109
migrat,migrato,99,112
migrat,migrationsmanagement,97,111
migrat,migrationsverhaltens,97,107
migrat,migrationsgesellschaften,95,101
migrat,migrationsgeschichten,92,100
migrat,migrationsbewegung,91,102
migrat,migrationsr,90,120
migrat,migrationsfamilien,88,99
migrat,migrationsph,88,89
migrat,migrationspolitische,86,91
migrat,migrationsbezogene,85,93
migrat,migratories,85,101
migrat,migratorische,85,96
migrat,migratione,84,91
migrat,migrationsbiografien,81,87
migrat,migrativity,81,135
migrat,migratiegeschiedenis,79,80
migrat,migrationsspezifischen,79,88
migrat,migratsii,79,84
migrat,migrationof,78,78
migrat,migrationsbev,76,110
migrat,migratorischen,76,82
migrat,migrationsgesellschaftlichen,72,80
micronutrient,micronutrients,47123,69223
micronutrient,micronutrient,42268,65696
micronutrient,micronutrientes,9222,14538
micronutrient,micronutriente,1138,1365
micronutrient,micronutrienti,179,243
micronutrient,micronutrienten,22,35
micronutrient,micronutrientscalories,7,7
micronutrient,micronutrientdense,6,6
micronutrient,micronutrientsand,5,5
micronutrient,micronutrientdeficiencies,3,3
micronutrient,micronutrientmalnutrition,3,3
micronutrient,micronutrientn,3,3
micronutrient,micronutrientss,3,3
micronutrient,micronutriental,2,2
micronutrient,micronutrientand,2,2
micronutrient,micronutrientapplication,2,2
micronutrient,micronutrientea,2,2
micronutrient,micronutrientenriched,2,2
micronutrient,micronutrienteseleva,2,2
micronutrient,micronutrientesem,2,2
micronutrient,micronutrientesen,2,2
micronutrient,micronutrientessituaci,2,2
micronutrient,micronutrientforum,2,5
micronutrient,micronutrientii,2,2
micronutrient,micronutrientrich,2,2
micronutrient,micronutrientsaredriversofabundance,2,2
micronutrient,micronutrientsby,2,2
micronutrient,micronutrientsin,2,2
micronutrient,micronutrientstatus,2,2
micronutrient,micronutrientsvitamin,2,2
micronutrient,micronutrientsviz,2,2
micronutrient,micronutrientaccumulation,1,1
micronutrient,micronutrientcompounds,1,1
micronutrient,micronutrientconcentraties,1,1
micronutrient,micronutrientconsumption,1,1
micronutrient,micronutrientcontained,1,1
micronutrient,micronutrientcontent,1,1
micronutrient,micronutrientdeficiency,1,1
micronutrient,micronutrientdeficiencydata,1,1
micronutrient,micronutrientenrichment,1,1
micronutrient,micronutrientenstatus,1,2
micronutrient,micronutrientesapresentamse,1,1
micronutrient,micronutrientesconclusiones,1,1
micronutrient,micronutrientescr,1,1
micronutrient,micronutrientesdetermin,1,1
micronutrient,micronutrientesentre,1,1
micronutrient,micronutrienteses,1,2
micronutrient,micronutrientesforam,1,1
micronutrient,micronutrientesrealizando,1,1
micronutrient,micronutrientesrecomendados,1,1
micronutrient,micronutrientesrelacionados,1,1
micronutrient,micronutrientesse,1,1
micronutrient,micronutrientessobre,1,1
micronutrient,micronutrientezinco,1,1
micronutrient,micronutrientfertilizers,1,1
micronutrient,micronutrientfortificationstrategiesinindiasmiddaymealsprogram,1,1
micronutrient,micronutrientfortified,1,1
micronutrient,micronutrientinsufficiency,1,1
micronutrient,micronutrientintake,1,1
micronutrient,micronutrientintakes,1,1
micronutrient,micronutrientkidney,1,1
micronutrient,micronutrientof,1,1
micronutrient,micronutrientosis,1,1
micronutrient,micronutrientpremixes,1,1
micronutrient,micronutrientrequirement,1,1
micronutrient,micronutrientsacquired,1,1
micronutrient,micronutrientsanalysis,1,1
micronutrient,micronutrientsb,1,1
micronutrient,micronutrientscomplex,1,1
micronutrient,micronutrientsdeficiency,1,1
micronutrient,micronutrientsdietboneosteoporosisabsorption,1,1
micronutrient,micronutrientsdistributioninsoybean,1,1
micronutrient,micronutrientsduring,1,1
micronutrient,micronutrientseffects,1,1
micronutrient,micronutrientsferrosic,1,1
micronutrient,micronutrientsheavilyaffect,1,1
micronutrient,micronutrientsindo,1,1
micronutrient,micronutrientsmealy,1,1
micronutrient,micronutrientsminor,1,1
micronutrient,micronutrientsnecessary,1,1
micronutrient,micronutrientsnutrition,1,1
micronutrient,micronutrientsnutritionpistachiozinc,1,1
micronutrient,micronutrientson,1,1
micronutrient,micronutrientsowing,1,1
micronutrient,micronutrientsoxidants,1,1
micronutrient,micronutrientsplant,1,1
micronutrient,micronutrientsprinciples,1,1
micronutrient,micronutrientsprinkles,1,1
micronutrient,micronutrientsproline,1,1
micronutrient,micronutrientsq,1,1
micronutrient,micronutrientsrequirement,1,1
micronutrient,micronutrientsshadenetting,1,1
micronutrient,micronutrientssoil,1,1
micronutrient,micronutrientssolubilization,1,1
micronutrient,micronutrientssourcedffemnbcuznwater,1,1
micronutrient,micronutrientsthis,1,1
micronutrient,micronutrientsupplement,1,1
micronutrient,micronutrientsupplementation,1,1
micronutrient,micronutrientsvi,1,1
micronutrient,micronutrientswhich,1,1
medical,medical,4687136,7951964
medical,medically,92438,112357
medical,medicale,9799,12043
medical,medicalization,7968,11488
medical,medicales,3846,4449
medical,medicalized,3240,3752
medical,medicalisation,2909,3921
medical,medicaliza,2822,4330
medical,medicalised,1573,1765
medical,medicalizaci,1466,1966
medical,medicals,1048,1209
medical,medicalmente,852,1074
medical,medicalhealthhumanities,800,800
medical,medicalizing,778,886
medical,medicalizacao,439,655
medical,medicalize,362,380
medical,medicalizado,352,400
medical,medicali,349,422
medical,medicalising,344,379
medical,medicalement,337,373
medical,medicala,317,406
medical,medicalizacion,292,364
medical,medicalcollege,286,291
medical,medicalizada,271,291
medical,medicalizzazione,270,345
medical,medicalise,268,284
medical,medicalizante,202,239
medical,medicalstudents,187,195
medical,medicalizantes,151,170
medical,medicalcare,129,135
medical,medicalizar,126,130
medical,medicalrecords,124,124
medical,medicaland,120,121
medical,medicall,114,125
medical,medicaldevices,95,110
medical,medicalisering,93,104
medical,medicalresearch,93,96
medical,medicalizados,92,102
medical,medicaleducation,91,101
medical,medicalia,91,91
medical,medicalises,90,97
medical,medicalsciences,90,91
medical,medicalisee,88,91
medical,medicalizadas,88,103
medical,medicaltreatment,88,89
medical,medicalizes,85,86
medical,medicalletter,78,86
medical,medicaluniversity,77,78
medical,medicalcenter,73,74
medical,medicalexpo,71,112
medical,medicalschool,70,82
medical,medicalrecord,69,118
medical,medicalhistory,64,66
medical,medicaljournal,58,60
medical,medicalert,57,111
medical,medicalsurgical,56,63
medical,medicalimaging,50,54
medical,medicalfarmasi,49,98
medical,medicalnewstoday,49,58
medical,medicalitzaci,46,57
medical,medicalizador,46,46
medical,medicalese,42,90
medical,medicalis,41,51
medical,medicalscience,41,42
medical,medicalisees,38,45
medical,medicalstudyzone,38,38
medical,medicalism,37,52
medical,medicalpractice,37,37
medical,medicalprofessionals,37,37
medical,medicalservices,35,36
medical,medicaldevice,34,35
medical,medicalizadora,32,35
medical,medicalconditions,31,31
medical,medicalizando,29,29
medical,medicalassociation,28,28
medical,medicalliterature,28,28
medical,medicalpark,28,33
medical,medicalstudent,28,30
medical,medicaly,28,28
medical,medicalimage,27,27
medical,medicalinformation,27,27
medical,medicalfaculty,26,26
medical,medicaljournals,26,26
medical,medicalnet,26,37
medical,medicalapplications,25,27
medical,medicalmanagement,25,25
medical,medicalstaff,25,28
medical,medicalschools,24,25
medical,medicaltourism,24,26
medical,medicalcomplex,23,23
medical,medicaldata,23,31
medical,medicalequipment,23,25
medical,medicalizzato,23,23
medical,medicalc,22,23
medical,medicalexamination,22,23
medical,medicalimages,22,22
medical,medicalinstitutions,22,22
medical,medicalpersonnel,21,22
medical,medicaltherapy,20,23
medical,medicalcondition,19,19
meat,meat,333522,729855
meat,meats,24156,32876
meat,meath,11133,11999
meat,meatus,11076,15855
meat,meatal,3747,6173
meat,meatballs,3100,8120
meat,meatball,1915,4124
meat,meaty,1750,2086
meat,meatpacking,1143,1759
meat,meatless,793,1053
meat,meato,653,972
meat,meatp,645,1855
meat,meatoplasty,494,775
meat,meatiness,409,624
meat,meatotomy,406,584
meat,meatloaf,290,389
meat,meatuses,169,213
meat,meating,162,193
meat,meathod,158,174
meat,meati,148,160
meat,meatpackers,137,191
meat,meatier,127,129
meat,meatoscopia,127,135
meat,meater,109,374
meat,meatworks,109,144
meat,meate,108,151
meat,meatu,99,141
meat,meathas,91,92
meat,meatures,89,93
meat,meathods,87,92
meat,meatyard,71,140
meat,meathus,66,68
meat,meatoscopy,63,75
meat,meatspace,63,94
meat,meatpacker,61,81
meat,meated,60,66
meat,meattini,57,70
meat,meatmeal,53,71
meat,meates,52,56
meat,meatopida,50,103
meat,meation,48,48
meat,meatos,48,62
meat,meathead,47,56
meat,meatured,43,44
meat,meatiq,42,68
meat,meatquality,41,53
meat,meata,40,48
meat,meataxe,40,49
meat,meatworkers,40,64
meat,meatborne,39,45
meat,meathop,39,51
meat,meatiest,38,38
meat,meature,38,39
meat,meatgrinder,37,63
meat,meatwagon,37,43
meat,meatand,35,36
meat,meatification,35,76
meat,meatitis,35,46
meat,meatness,35,41
meat,meatcutters,33,39
meat,meatstick,33,36
meat,meatproducts,32,35
meat,meatals,28,30
meat,meatography,28,35
meat,meatheringham,26,26
meat,meatic,26,33
meat,meatl,26,31
meat,meatmen,26,36
meat,meaterial,25,26
meat,meatmaster,25,50
meat,meatlike,24,38
meat,meaton,24,27
meat,meatotympanoplasty,24,30
meat,meatsci,24,39
meat,meatmas,23,63
meat,meatusstenose,23,29
meat,meatstasis,22,27
meat,meatcutter,21,24
meat,meatis,21,21
meat,meatprocessing,21,23
meat,meatastasis,20,21
meat,meateaters,20,22
meat,meatest,20,22
meat,meatocisternography,20,25
meat,meatoplastia,19,31
meat,meathook,18,18
meat,meatotomies,18,22
meat,meatza,18,18
meat,meatcontaining,17,43
meat,meatcutting,17,23
meat,meaterials,17,17
meat,meatime,17,17
meat,meatheads,16,32
meat,meatloaves,16,30
meat,meatotomie,16,39
meat,meatproduction,16,17
meat,meatsmell,16,50
meat,meaturing,16,17
meat,meatzaritza,16,17
meat,meatable,14,18
manag,management,9082642,15673927
manag,managing,1037179,1199205
manag,manage,933071,1068968
manag,managers,800621,1184852
manag,managed,767963,896706
manag,manager,705551,887318
manag,managerial,282909,406349
manag,manages,76133,79141
manag,manageable,66366,69378
manag,managements,33971,39229
manag,manag,14985,18452
manag,managua,11726,18257
manag,managementu,7440,11129
manag,managment,7095,7621
manag,manageability,6533,7628
manag,managerialism,5909,8117
manag,managemen,4020,4938
manag,managen,3304,3697
manag,manageriale,2853,3349
manag,managementul,2567,2792
manag,managerially,2056,2136
manag,managerialist,1914,2264
manag,managern,1570,1747
manag,manageriali,1465,1686
manag,managementa,1354,1983
manag,managemental,1333,1528
manag,managementmaternal,1158,1158
manag,managementof,1127,1149
manag,managementsystem,1110,1229
manag,managementului,1056,1197
manag,managament,1025,1245
manag,manageriales,953,1069
manag,managementin,705,788
manag,managernya,684,686
manag,managementsysteme,665,777
manag,managementand,625,632
manag,managemet,601,641
manag,managementem,531,577
manag,managementsystems,504,557
manag,managemant,465,505
manag,managementkonzepte,457,501
manag,managem,437,462
manag,manageme,437,443
manag,managementthe,435,459
manag,managemnt,424,436
manag,managementlehre,397,448
manag,managementforschung,364,421
manag,managerin,362,497
manag,managent,355,375
manag,managuensis,353,470
manag,managementjournal,343,394
manag,managemnet,317,333
manag,managementsystemen,316,360
manag,managementstrategien,293,305
manag,managementaufgabe,284,292
manag,managementaufgaben,284,298
manag,managenent,278,281
manag,managanese,276,317
manag,managementthese,272,272
manag,managerinnen,258,309
manag,managementpraxis,250,263
manag,managementmethoden,247,277
manag,managerialization,246,358
manag,managementkonzept,239,255
manag,manageriaux,239,262
manag,manageably,232,235
manag,managementansatz,229,245
manag,managementans,215,245
manag,managementpractices,215,221
manag,managemententscheidungen,214,231
manag,managable,212,216
manag,managementliteratur,203,216
manag,managerjev,197,272
manag,manageri,189,221
manag,managementinstrument,188,200
manag,managera,186,242
manag,managementma,178,205
manag,managerment,170,193
manag,managementfunktionen,166,181
manag,managenment,164,167
manag,managementis,163,167
manag,managerthese,163,163
manag,managementprozess,159,180
manag,managementprozesses,153,168
manag,managerji,151,237
manag,managementkonzepten,144,170
manag,managementinstrumente,138,152
manag,managerialisation,138,173
manag,manago,138,167
manag,managemenet,136,152
manag,managementprozesse,134,151
manag,managementstrategies,134,138
manag,managemente,133,155
manag,managementteam,133,176
manag,managementnovember,131,131
manag,managementplan,127,146
manag,managementwissen,126,140
manag,managementinformation,120,127
manag,managementmodell,119,138
manag,managerja,119,186
malnour,malnourished,25251,39642
malnour,malnourishment,2445,2905
malnour,malnourish,53,56
malnour,malnour,25,25
malnour,malnourishing,19,20
malnour,malnoury,11,13
malnour,malnourised,10,10
malnour,malnourris,9,12
malnour,malnouri,6,8
malnour,malnourishedchildren,5,5
malnour,malnourishments,5,5
malnour,malnourishedand,3,3
malnour,malnourhised,2,2
malnour,malnourishe,2,2
malnour,malnourishea,2,2
malnour,malnourishedpatients,2,2
malnour,malnourishedthan,2,2
malnour,malnourishmentand,2,2
malnour,malnourrised,2,2
malnour,malnourrished,2,2
malnour,malnourhized,1,1
malnour,malnourial,1,1
malnour,malnourihed,1,1
malnour,malnouris,1,1
malnour,malnourisched,1,1
malnour,malnourishedindividuals,1,1
malnour,malnourishedmedical,1,1
malnour,malnourishedneonatal,1,1
malnour,malnourishedposterior,1,1
malnour,malnourishedpreschool,1,1
malnour,malnourishedwomen,1,1
malnour,malnourisheed,1,1
malnour,malnourishmen,1,1
malnour,malnourishmentchild,1,1
malnour,malnourishmentf,1,1
malnour,malnourishmentthat,1,1
malnour,malnouriushment,1,1
malnour,malnournished,1,1
malnour,malnouroshed,1,1
malnour,malnourri,1,1
malnour,malnourrshed,1,1
malnour,malnourshed,1,1
malnour,malnoursihed,1,1
lung,lung,1535942,3324692
lung,lungs,244190,349961
lung,lungo,39107,46328
lung,lunga,12824,14198
lung,lunge,12713,18986
lung,lungen,7486,9244
lung,lunghezza,4640,6120
lung,lunghi,3324,3899
lung,lungentuberkulose,2335,2511
lung,lungenerkrankungen,2112,2577
lung,lungfish,2050,4239
lung,lungworm,2011,3423
lung,lungenfunktion,1860,2444
lung,lungi,1831,1960
lung,lungenerkrankung,1743,2061
lung,lunghe,1741,2003
lung,lungenkarzinom,1614,2101
lung,lungenembolie,1554,2041
lung,lunges,1535,2464
lung,lungenkrebs,1121,1552
lung,lungworms,994,1441
lung,lungul,763,827
lung,lungenfibrose,718,1045
lung,lungenversagen,683,850
lung,lungfishes,674,1071
lung,lungenkarzinoms,668,810
lung,lunging,663,966
lung,lungu,662,917
lung,lungentransplantation,634,873
lung,lungenemphysem,589,733
lung,lunghezze,584,688
lung,lungengewebe,570,736
lung,lungentumoren,540,680
lung,lungcancer,505,786
lung,lungenmetastasen,490,659
lung,lungenentz,488,538
lung,lungenkrankheiten,460,512
lung,lungsjukdom,401,660
lung,lungenembolien,374,422
lung,lungenver,372,449
lung,lungomare,365,520
lung,lungensch,357,476
lung,lunger,336,400
lung,lungern,335,352
lung,lungengef,324,387
lung,lungless,320,507
lung,lungenarterienembolie,306,371
lung,lungr,302,547
lung,lunged,296,349
lung,lungamente,289,293
lung,lungimirante,289,293
lung,lungau,277,353
lung,lungimiranza,275,287
lung,lungenkarzinomen,271,325
lung,lungenschwindsucht,267,272
lung,lungenversagens,257,300
lung,lungenvolumenreduktion,255,385
lung,lungenresektion,253,297
lung,lungengewebes,234,268
lung,lungenkarzinome,234,291
lung,lungsod,228,295
lung,lunghissimo,222,234
lung,lungenparenchyms,217,234
lung,lungenemphysems,215,238
lung,lunghissima,192,197
lung,lunglei,191,300
lung,lungenbeteiligung,190,217
lung,lungenkreislauf,185,200
lung,lungekreft,184,420
lung,lungenresektionen,183,225
lung,lungenfunktionspr,182,200
lung,lungenfunktionsdiagnostik,176,194
lung,lungenparenchym,176,220
lung,lungesykdom,175,237
lung,lungenkrankheit,167,177
lung,lungenfunktionsparameter,160,181
lung,lungenhypoplasie,159,220
lung,lungenvolumen,159,234
lung,lungometraggio,159,178
lung,lungenbiopsie,154,187
lung,lungenkranke,153,163
lung,lungenforschung,147,165
lung,lungenkranken,147,170
lung,lungene,146,169
lung,lungenrundherden,145,201
lung,lungenrundherde,144,189
lung,lungren,144,205
lung,lungenarterien,142,212
lung,lungengesunden,141,179
lung,lungenmodell,141,153
lung,lungfunction,133,157
lung,lungenlappen,131,176
lung,lungenvenen,124,171
lung,lungimiranti,123,124
lung,lungentuberkul,122,135
lung,lungan,121,173
lung,lungenfl,121,184
lung,lungenkrebspatienten,120,150
lung,lungenschaden,120,180
lung,lungenperfusion,117,176
lithogenes,lithogenesis,938,1170
lithogenes,lithogenes,99,123
lithogenes,lithogenese,35,37
lithogenes,lithogenesi,7,7
lithogenes,lithogenesia,7,7
lithogenes,lithogenesity,7,10
lithogenes,lithogenesias,5,5
lithogenes,lithogeneses,1,1
lithogenes,lithogenesie,1,1
lithogenes,lithogenesiswith,1,1
lithogenes,lithogenesy,1,1
injur,injury,1664638,3270694
injur,injuries,573623,1050412
injur,injured,220915,314019
injur,injurious,27867,35780
injur,injure,13190,15042
injur,injuring,7965,8724
injur,injures,5697,6297
injur,injuria,2655,3685
injur,injuried,2067,2805
injur,injurias,1309,1523
injur,injur,574,614
injur,injurers,530,962
injur,injurer,442,777
injur,injurie,246,262
injur,injuri,241,279
injur,injuriousness,240,264
injur,injuriously,183,189
injur,injurien,174,178
injur,injurieux,173,188
injur,injuryjournal,126,151
injur,injurys,96,115
injur,injuryand,94,94
injur,injuryin,94,95
injur,injurying,91,112
injur,injuriosas,85,89
injur,injuryed,85,107
injur,injuriarum,80,86
injur,injurieuses,72,82
injur,injuriosos,70,72
injur,injuriesjournal,67,75
injur,injuriis,62,62
injur,injuriosa,62,64
injur,injuriados,60,80
injur,injurieuse,58,61
injur,injurythe,58,61
injur,injuriadas,56,84
injur,injuriado,56,67
injur,injurous,55,62
injur,injurier,50,50
injur,injuriy,49,51
injur,injuryinduced,49,50
injur,injurya,47,47
injur,injurioso,45,45
injur,injuriesrespiratory,43,43
injur,injuriar,40,42
injur,injurystroketop,40,40
injur,injuryvisual,40,40
injur,injurant,38,53
injur,injuriesin,38,39
injur,injuryto,36,36
injur,injuriada,34,43
injur,injuriesand,33,33
injur,injuryprev,32,36
injur,injuryrelated,30,30
injur,injurg,29,31
injur,injuriae,29,29
injur,injuryprevention,29,32
injur,injurey,27,29
injur,injuryof,27,27
injur,injuris,26,26
injur,injurywas,26,26
injur,injurants,25,28
injur,injurieshealth,24,24
injur,injuriam,23,23
injur,injuryacute,23,24
injur,injuriantes,21,22
injur,injurieswere,21,21
injur,injuryis,21,23
injur,injurythese,21,21
injur,injurability,20,25
injur,injurable,20,24
injur,injuriante,19,20
injur,injurychristine,18,18
injur,injuryrisk,18,18
injur,injurywere,17,17
injur,injurt,16,17
injur,injuriesthe,15,16
injur,injuryby,15,15
injur,injurywith,15,15
injur,injurienklage,14,16
injur,injurity,14,14
injur,injurycase,14,14
injur,injurythrough,14,14
injur,injureis,13,14
injur,injurs,13,13
injur,injuryare,13,13
injur,injuryspinal,13,14
injur,injureds,12,16
injur,injuriandi,12,15
injur,injuriesa,12,12
injur,injuriesprevention,12,12
injur,injuriosus,12,14
injur,injurty,12,12
injur,injurv,12,12
injur,injurytraumatic,12,12
injur,injuriesmedical,11,11
injur,injurin,11,16
injur,injurio,11,11
injur,injurios,11,12
injur,injuryat,11,11
infrastructure,infrastructure,1273147,1836637
infrastructure,infrastructures,193263,253065
infrastructure,infrastructureless,783,879
infrastructure,infrastructureresilience,593,1648
infrastructure,infrastructurele,564,646
infrastructure,infrastructured,283,332
infrastructure,infrastructuren,180,230
infrastructure,infrastructurel,148,155
infrastructure,infrastructurelles,133,142
infrastructure,infrastructurels,118,139
infrastructure,infrastructurelle,114,125
infrastructure,infrastructuresystems,114,256
infrastructure,infrastructureand,94,95
infrastructure,infrastructuresdg,52,52
infrastructure,infrastructuredevelopment,48,51
infrastructure,infrastructurein,46,47
infrastructure,infrastructureel,38,39
infrastructure,infrastructurethese,33,33
infrastructure,infrastructurefor,32,32
infrastructure,infrastructureof,32,32
infrastructure,infrastructurethe,32,32
infrastructure,infrastructureas,29,29
infrastructure,infrastructureto,28,28
infrastructure,infrastructurebased,26,27
infrastructure,infrastructureis,26,27
infrastructure,infrastructureprojects,23,23
infrastructure,infrastructureauthors,20,20
infrastructure,infrastructureinfrastructure,18,18
infrastructure,infrastructurea,17,17
infrastructure,infrastructureauthor,16,16
infrastructure,infrastructuresand,14,15
infrastructure,infrastructurethat,14,14
infrastructure,infrastructureinvestment,13,13
infrastructure,infrastructurepublic,13,13
infrastructure,infrastructuresin,13,14
infrastructure,infrastructuretransport,13,13
infrastructure,infrastructureurban,12,12
infrastructure,infrastructureare,11,11
infrastructure,infrastructureconstruction,11,11
infrastructure,infrastructurefacilities,11,11
infrastructure,infrastructurewater,10,10
infrastructure,infrastructuredocument,9,9
infrastructure,infrastructureinformation,9,9
infrastructure,infrastructuressrn,9,9
infrastructure,infrastructurevirtual,9,9
infrastructure,infrastructureor,8,8
infrastructure,infrastructureplanning,8,8
infrastructure,infrastructurerural,8,8
infrastructure,infrastructuresuch,8,8
infrastructure,infrastructuredistinctive,7,7
infrastructure,infrastructurefree,7,9
infrastructure,infrastructurequality,7,7
infrastructure,infrastructurerelated,7,7
infrastructure,infrastructureroad,7,7
infrastructure,infrastructuresystem,7,7
infrastructure,infrastructurefrom,6,6
infrastructure,infrastructurehielements,6,54
infrastructure,infrastructurehomeland,6,6
infrastructure,infrastructureinvestments,6,6
infrastructure,infrastructureiza,6,6
infrastructure,infrastructurejournal,6,6
infrastructure,infrastructuremaintenance,6,6
infrastructure,infrastructuremanagement,6,6
infrastructure,infrastructureprivate,6,6
infrastructure,infrastructurepurchase,6,6
infrastructure,infrastructurereportcard,6,6
infrastructure,infrastructureroadways,6,6
infrastructure,infrastructurethrough,6,6
infrastructure,infrastructuretopicdiversity,6,6
infrastructure,infrastructurewhich,6,6
infrastructure,infrastructureat,5,5
infrastructure,infrastructureclimate,5,5
infrastructure,infrastructureeconomic,5,5
infrastructure,infrastructurehas,5,5
infrastructure,infrastructureinstitutional,5,5
infrastructure,infrastructureland,5,5
infrastructure,infrastructurelives,5,5
infrastructure,infrastructureon,5,5
infrastructure,infrastructurestormwater,5,5
infrastructure,infrastructuretechnical,5,5
infrastructure,infrastructuretechnology,5,8
infrastructure,infrastructurebas,4,4
infrastructure,infrastructuredesign,4,5
infrastructure,infrastructuredevelopments,4,4
infrastructure,infrastructuree,4,4
infrastructure,infrastructureenvironmental,4,4
infrastructure,infrastructurefinancing,4,4
infrastructure,infrastructurefiscal,4,4
infrastructure,infrastructuregas,4,4
infrastructure,infrastructurehave,4,4
infrastructure,infrastructurei,4,10
infrastructure,infrastructureinternational,4,4
infrastructure,infrastructurekeywords,4,4
infrastructure,infrastructurelibrary,4,4
infrastructure,infrastructuremodels,4,7
infrastructure,infrastructurenetwork,4,4
infrastructure,infrastructurepacific,4,4
infrastructure,infrastructurepoverty,4,4
infrastructure,infrastructureproject,4,4
infrastructure,infrastructureproviders,4,4
infect,infection,2823110,5471497
infect,infections,1311522,2104742
infect,infected,1054438,1859826
infect,infectious,654166,924253
infect,infect,100788,121882
infect,infective,92508,131454
infect,infecting,71677,85467
infect,infectivity,57654,86539
infect,infects,32081,33850
infect,infectados,22910,34707
infect,infectadas,11175,15602
infect,infectieuses,8000,9941
infect,infectieux,5868,7527
infect,infectado,5302,6293
infect,infectieuse,4820,6014
infect,infectiousness,4811,6932
infect,infectada,3663,4345
infect,infectives,3027,4043
infect,infectar,2681,2945
infect,infectoria,2095,3638
infect,infecta,1922,2080
infect,infecties,1888,2618
infect,infecto,1820,1984
infect,infectologia,1798,2161
infect,infectie,1771,2562
infect,infectes,1671,2395
infect,infectocontagiosa,1656,1683
infect,infectocontagiosas,1305,1520
infect,infectees,1258,1685
infect,infectantes,1192,1549
infect,infecte,1109,1222
infect,infectolog,1098,1369
infect,infectan,1000,1103
infect,infectiosum,831,1085
infect,infectante,819,948
infect,infectando,810,891
infect,infectant,727,873
infect,infectiologie,719,874
infect,infectors,715,1174
infect,infecter,701,784
infect,infectividad,688,931
infect,infectividade,663,889
infect,infectam,615,676
infect,infectieziekten,614,929
infect,infector,587,898
infect,infectiva,533,638
infect,infectology,474,555
infect,infectaron,463,507
infect,infectivo,463,562
infect,infectee,452,572
infect,infectiology,448,498
infect,infectivities,439,512
infect,infectarse,428,446
infect,infectivos,407,506
infect,infecti,353,418
infect,infectivas,353,438
infect,infectio,324,361
infect,infectable,321,379
infect,infectiosa,318,369
infect,infecton,309,390
infect,infectiveness,289,340
infect,infectats,287,495
infect,infectent,286,304
infect,infectional,268,372
infect,infectability,263,391
infect,infectieuze,261,314
infect,infectionskrankheiten,250,253
infect,infectionin,247,251
infect,infectionsbasic,204,204
infect,infectivit,199,282
infect,infectionjournal,187,203
infect,infectible,180,207
infect,infectiously,180,186
infect,infectiepreventie,178,246
infect,infectibility,175,226
infect,infectaram,170,195
infect,infectiont,170,171
infect,infectants,169,213
infect,infectades,164,270
infect,infectologista,156,176
infect,infectous,150,159
infect,infectionand,148,151
infect,infectedwith,146,150
infect,infectome,146,226
infect,infectou,146,151
infect,infectieziekte,145,162
infect,infectiosit,144,184
infect,infectiousdiseases,138,146
infect,infectiologue,127,143
infect,infectionem,126,151
infect,infecteds,115,166
infect,infectiologues,111,128
infect,infectionthe,110,119
infect,infectus,106,142
infect,infectionsthe,105,112
infect,infectiosity,105,134
infect,infectiologists,102,116
infect,infectionwith,100,102
infect,infectivite,99,133
infect,infectionsin,98,101
infarct,infarction,473136,816039
infarct,infarct,91434,156169
infarct,infarcts,23965,38651
infarct,infarctions,17993,23312
infarct,infarcted,16508,26510
infarct,infarctus,5089,7515
infarct,infarctive,139,180
infarct,infarcting,122,136
infarct,infarctectomy,105,131
infarct,infarctional,104,152
infarct,infarctionthe,96,114
infarct,infarctrelated,61,69
infarct,infarctual,58,67
infarct,infarcton,56,65
infarct,infarctio,54,57
infarct,infarctionpercutaneous,51,52
infarct,infarctul,45,46
infarct,infarctionstable,44,44
infarct,infarctiona,43,46
infarct,infarcti,41,42
infarct,infarctoid,40,41
infarct,infarctului,38,38
infarct,infarctin,37,38
infarct,infarctionand,37,37
infarct,infarctionjournal,35,45
infarct,infarctionobservational,33,33
infarct,infarctionclinical,31,34
infarct,infarctioncardiac,29,33
infarct,infarctionin,28,28
infarct,infarctlike,28,37
infarct,infarctionresearch,23,23
infarct,infarcten,22,32
infarct,infarctionacute,22,22
infarct,infarctionmyocardial,22,23
infarct,infarctionpatients,22,26
infarct,infarctionrenal,22,22
infarct,infarctation,21,21
infarct,infarctionpopulation,21,21
infarct,infarctionquality,21,21
infarct,infarcte,20,20
infarct,infarctioncoronary,20,21
infarct,infarctionpulmonary,20,21
infarct,infarctionprimary,18,18
infarct,infarctum,17,17
infarct,infarctionprospective,16,16
infarct,infarctic,15,20
infarct,infarctionrisk,15,15
infarct,infarctsize,15,15
infarct,infarctiondie,14,14
infarct,infarctionstroke,14,14
infarct,infarctionwith,14,14
infarct,infarctionp,13,21
infarct,infarctionrelative,13,13
infarct,infarctionthrombosis,13,13
infarct,infarcto,13,13
infarct,infarctust,13,16
infarct,infarctionwere,12,12
infarct,infarctusban,12,12
infarct,infarctioneffect,11,14
infarct,infarctionheart,11,11
infarct,infarctionleft,11,11
infarct,infarctionventricular,11,12
infarct,infarctionwas,11,11
infarct,infarctlon,11,11
infarct,infarctionpatient,10,10
infarct,infarctionprevention,10,10
infarct,infarctioncardiovascular,9,9
infarct,infarctionis,9,9
infarct,infarctionrandomized,9,9
infarct,infarctionangina,8,8
infarct,infarctioncorrespondence,8,8
infarct,infarctionl,8,9
infarct,infarctionn,8,8
infarct,infarctionperforation,8,15
infarct,infarctionrelated,8,8
infarct,infarctionserum,8,11
infarct,infarctionstatins,8,8
infarct,infarctionto,8,8
infarct,infarctgrootte,7,8
infarct,infarctionjohn,7,7
infarct,infarctionmethods,7,7
infarct,infarctionnumber,7,7
infarct,infarctionpeptic,7,7
infarct,infarctiontreatment,7,7
infarct,infarctionunstable,7,8
infarct,infarcta,6,7
infarct,infarctial,6,8
infarct,infarctionan,6,6
infarct,infarctionanticoagulant,6,9
infarct,infarctionblood,6,6
infarct,infarctionby,6,6
infarct,infarctiondavid,6,6
infarct,infarctiondiagnosis,6,6
infarct,infarctionelectrocardiographic,6,6
infarct,infarctionhealth,6,6
infarct,infarctionhemodynamic,6,7
infarct,infarctioni,6,8
infarct,infarctionmichael,6,6
infarct,infarctionobstetrics,6,6
infarct,infarctionor,6,6
industr,industry,3543327,5559962
industr,industrial,2419599,3506200
industr,industries,950873,1235898
industr,industria,201201,269423
industr,industri,187581,370850
industr,industrie,140301,175448
industr,industrialization,119693,156501
industr,industrialized,79260,90631
industr,industriales,54614,69500
industr,industrielle,52945,62831
industr,industrially,42118,45596
industr,industrias,37158,46443
industr,industriel,32472,38456
industr,industriais,29412,37036
industr,industriels,27362,32378
industr,industrialisation,26654,33500
industr,industrielles,25213,30928
industr,industriale,21033,27076
industr,industriellen,18276,20596
industr,industrialised,17752,20361
industr,industriali,14030,16941
industr,industrializaci,10982,13065
industr,industrializados,9092,10686
industr,industrialists,8549,9602
industr,industrializa,7455,8820
industr,industrials,7042,8176
industr,industrializing,6960,7800
industr,industrialisierung,5580,6690
industr,industrieller,5261,5681
industr,industrious,4746,5126
industr,industrialist,4576,4953
industr,industriji,4429,5271
industr,industrialis,4324,4726
industr,industrije,4080,5328
industr,industriell,4041,4688
industr,industrieunternehmen,3995,4278
industr,industrialism,3813,4444
industr,industrien,3462,4237
industr,industrializacion,2882,3339
industr,industrija,2217,2787
industr,industrializadas,2173,2494
industr,industrialisasi,2145,3120
industr,industrialize,2118,2228
industr,industrialmente,2062,2145
industr,industrienationen,1951,2025
industr,industriegesellschaft,1933,2047
industr,industrializado,1921,2165
industr,industrializada,1885,2260
industr,industrializacao,1829,2177
industr,industrialising,1816,2011
industr,industrializzazione,1715,1936
industr,industrin,1641,2202
industr,industrijske,1511,1921
industr,industriestaaten,1325,1394
industr,industr,1290,1396
industr,industrijskih,1289,1554
industr,industrier,1276,1551
industr,industrialises,1243,1338
industr,industriella,1194,1541
industr,industrieroboter,1147,1331
industr,industriousness,1128,1272
industr,industriekultur,1115,1226
industr,industrieel,1091,1248
industr,industrialisierten,1046,1087
industr,industriegesellschaften,1019,1066
industr,industriepolitik,1010,1261
industr,industrializzati,948,1007
industr,industriellement,890,919
industr,industriegewerkschaft,888,1245
industr,industrierobotern,867,982
industr,industrys,862,943
industr,industriebetrieben,860,972
industr,industriegebiet,846,907
industr,industriju,836,939
industr,industriele,835,985
industr,industrycite,788,788
industr,industrijski,777,867
industr,industrieanlagen,764,846
industr,industriestadt,687,697
industr,industriebetrieb,677,851
industr,industrijskog,677,862
industr,industriequartier,673,673
industr,industrijska,632,726
industr,industrialitzaci,628,703
industr,industrinya,628,688
industr,industrialise,626,645
industr,industrijskim,614,686
industr,industrywide,610,657
industr,industrieg,579,801
industr,industriezweige,561,587
industr,industrif,553,796
industr,industriebetriebe,544,578
industr,industriezweigen,544,586
industr,industriomr,510,743
industr,industrieproduktion,509,623
industr,industriebau,448,785
industr,industriekulturreise,439,439
industr,industriesoziologie,436,654
industr,industriously,432,438
industr,industriellt,431,589
indicator,indicators,1495679,2294840
indicator,indicator,866847,1147942
indicator,indicatoren,11557,16550
indicator,indicatori,9816,13160
indicator,indicatore,2794,3400
indicator,indicatory,452,553
indicator,indicatorilor,265,293
indicator,indicatorsof,210,212
indicator,indicatorii,167,169
indicator,indicatorof,120,122
indicator,indicatorsin,67,67
indicator,indicatorsand,64,66
indicator,indicatorsfor,56,56
indicator,indicatores,55,58
indicator,indicatoridae,50,53
indicator,indicatorsto,36,36
indicator,indicatorsare,34,36
indicator,indicatorsoorten,34,41
indicator,indicatorswere,33,33
indicator,indicatorenset,32,56
indicator,indicatorul,32,33
indicator,indicatorfor,30,30
indicator,indicatorsthat,30,30
indicator,indicatorthese,30,30
indicator,indicatorsauthors,29,29
indicator,indicatorshealth,28,28
indicator,indicatorsthe,28,31
indicator,indicatorsmobile,26,26
indicator,indicatorbased,24,24
indicator,indicatorsa,24,24
indicator,indicatoris,20,20
indicator,indicatorului,20,21
indicator,indicatorssuch,19,19
indicator,indicatorthe,19,23
indicator,indicatorsysteem,18,24
indicator,indicatora,16,16
indicator,indicatorset,16,21
indicator,indicatorssocial,16,16
indicator,indicatorwaarden,16,27
indicator,indicatorin,15,15
indicator,indicatorss,15,16
indicator,indicatorsas,14,14
indicator,indicatorshave,14,14
indicator,indicatorwaarde,14,14
indicator,indicatorsused,13,13
indicator,indicatorsworld,13,13
indicator,indicatorseconomic,12,12
indicator,indicatorand,11,11
indicator,indicatorensets,11,19
indicator,indicatorrapport,11,11
indicator,indicatorsthis,11,11
indicator,indicatordilution,10,11
indicator,indicatorplanten,10,12
indicator,indicatorspoverty,10,10
indicator,indicatorfree,9,13
indicator,indicatorsby,9,9
indicator,indicatorson,9,9
indicator,indicatorthat,9,9
indicator,indicatorscite,8,8
indicator,indicatorsdevelopment,8,8
indicator,indicatorseducational,8,8
indicator,indicatorsenvironmental,8,8
indicator,indicatorsincluding,8,8
indicator,indicatorsis,8,8
indicator,indicatorsjournal,8,8
indicator,indicatorsnational,8,8
indicator,indicatorsstatistical,8,8
indicator,indicatorswhich,8,8
indicator,indicatorswith,8,8
indicator,indicatorc,7,7
indicator,indicatorelektroden,7,7
indicator,indicatorius,7,10
indicator,indicatorsbusiness,7,7
indicator,indicatorsdescribing,7,7
indicator,indicatorsoort,7,8
indicator,indicatorspecies,7,7
indicator,indicatorssm,7,7
indicator,indicatorsystem,7,7
indicator,indicatorsystemen,7,7
indicator,indicatorensysteem,6,6
indicator,indicatorhill,6,10
indicator,indicatorl,6,8
indicator,indicatorpapier,6,6
indicator,indicatorr,6,6
indicator,indicatorscan,6,6
indicator,indicatorscores,6,7
indicator,indicatorsdebt,6,6
indicator,indicatorsdemographic,6,12
indicator,indicatorsfree,6,10
indicator,indicatorsfrom,6,6
indicator,indicatorsquality,6,6
indicator,indicatorsrelated,6,6
indicator,indicatorssustainable,6,7
indicator,indicatorstechnology,6,6
indicator,indicatorstm,6,8
indicator,indicatorto,6,6
indicator,indicatoruntersuchungen,6,6
indicator,indicatorcongeneren,5,5
indicator,indicatorelektrode,5,5
indicator,indicatorenlijst,5,5
ind,individual,10673682,12190020
ind,induced,5795867,8994978
ind,index,4922279,7235560
ind,indicate,4500407,4856931
ind,individuals,4157057,5784741
ind,independent,3735527,4698663
ind,indicated,3592851,4132288
ind,industry,3543327,5559962
ind,industrial,2419599,3506200
ind,indicates,1991407,2172927
ind,india,1921013,3036589
ind,indicating,1791408,1947345
ind,indonesia,1640940,3173441
ind,indicators,1495679,2294840
ind,induction,1411628,2061630
ind,induce,1021850,1158763
ind,indian,1018259,1603985
ind,industries,950873,1235898
ind,indeed,938043,1006332
ind,indicator,866847,1147942
ind,indices,855426,1295024
ind,independently,849175,925935
ind,indirect,769491,1013520
ind,induces,686420,765352
ind,independence,552369,750927
ind,indigenous,522551,1020595
ind,ind,514533,769648
ind,indications,456163,538877
ind,inducing,447051,508096
ind,indication,417278,467503
ind,individually,375362,399278
ind,indexes,340797,483476
ind,indonesian,332177,539304
ind,indoor,328056,600307
ind,indirectly,326867,345659
ind,indispensable,300332,310319
ind,indica,284707,415917
ind,indicative,255959,273493
ind,indicadores,232856,352416
ind,inductive,218152,277670
ind,inducible,205917,268192
ind,industria,201201,269423
ind,individualized,190377,229203
ind,industri,187581,370850
ind,indiv,181955,278275
ind,individu,173649,247276
ind,indiana,167122,238929
ind,inde,166753,216589
ind,industrie,140301,175448
ind,individuos,126687,175594
ind,indexed,124245,160494
ind,indikator,123286,208162
ind,industrialization,119693,156501
ind,indice,117620,163978
ind,indo,116912,169038
ind,indians,113743,167078
ind,inductively,106122,123061
ind,indican,105370,111619
ind,indium,105281,156499
ind,indole,103483,159196
ind,indexing,99450,147095
ind,indicam,95817,100668
ind,indistinguishable,90309,96028
ind,individuo,81360,96101
ind,indeks,80488,168183
ind,industrialized,79260,90631
ind,independiente,75496,83346
ind,indem,72226,81991
ind,individuelle,70493,80474
ind,indicando,70154,75073
ind,indistinct,66839,91509
ind,inductance,62697,100997
ind,independencia,62490,77755
ind,independen,60980,82000
ind,individus,59472,79090
ind,indicador,59202,75341
ind,indeterminate,57658,78746
ind,inducer,56952,73841
ind,indentation,56941,96476
ind,individuales,56461,63483
ind,industriales,54614,69500
ind,industrielle,52945,62831
ind,individualism,52940,70448
ind,inductor,52910,91006
ind,individuais,52603,60126
ind,indagine,50029,59311
ind,individuality,49899,60589
ind,indicaram,48893,52112
ind,indies,48416,61550
ind,indagar,47355,49214
ind,indomethacin,45058,87381
ind,indefinite,44224,58075
ind,industrially,42118,45596
ind,indicar,41659,43666
ind,indien,41185,51309
ind,independente,40666,45643
ind,indaga,40406,41683
ind,individuellen,38095,42684
ind,independientes,37867,43176
ind,industrias,37158,46443
hypotherm,hypothermia,60527,122792
hypotherm,hypothermic,20487,31667
hypotherm,hypothermie,2293,3679
hypotherm,hypothermal,718,1030
hypotherm,hypothermically,214,274
hypotherm,hypothermy,147,242
hypotherm,hypothermen,118,155
hypotherm,hypothermer,82,97
hypotherm,hypotherme,79,88
hypotherm,hypothermiebehandlung,78,115
hypotherm,hypothermique,73,88
hypotherm,hypothermosol,56,99
hypotherm,hypotherm,50,51
hypotherm,hypothermi,33,61
hypotherm,hypothermies,33,37
hypotherm,hypothermias,27,32
hypotherm,hypothermem,26,29
hypotherm,hypothermien,20,23
hypotherm,hypothermizing,19,20
hypotherm,hypothermiajournal,18,23
hypotherm,hypothermietherapie,18,37
hypotherm,hypothermiques,15,15
hypotherm,hypothermisante,15,30
hypotherm,hypothermial,12,17
hypotherm,hypothermischen,11,16
hypotherm,hypotherma,9,15
hypotherm,hypothermes,9,12
hypotherm,hypothermally,8,11
hypotherm,hypothermiarelated,7,7
hypotherm,hypothermiainduced,6,6
hypotherm,hypothermieprophylaxe,6,7
hypotherm,hypothermophilic,6,6
hypotherm,hypothermiepr,5,5
hypotherm,hypothermieregisters,5,6
hypotherm,hypothermin,5,7
hypotherm,hypothermischer,5,6
hypotherm,hypothermesthesia,4,8
hypotherm,hypothermiaa,4,4
hypotherm,hypothermiahandle,4,6
hypotherm,hypothermical,4,5
hypotherm,hypothermics,4,7
hypotherm,hypothermieger,4,5
hypotherm,hypothermiegruppe,4,10
hypotherm,hypothermierate,4,5
hypotherm,hypothermis,4,4
hypotherm,hypothermisants,4,5
hypotherm,hypothermische,4,6
hypotherm,hypothermized,4,5
hypotherm,hypothermiant,3,4
hypotherm,hypothermiawith,3,3
hypotherm,hypothermla,3,3
hypotherm,hypothermohygrophilous,3,4
hypotherm,hypothermua,3,6
hypotherm,hypothermya,3,3
hypotherm,hypothermaia,2,2
hypotherm,hypothermale,2,2
hypotherm,hypothermales,2,2
hypotherm,hypothermalgesia,2,3
hypotherm,hypothermiaand,2,2
hypotherm,hypothermiaanis,2,2
hypotherm,hypothermiac,2,3
hypotherm,hypothermiacooling,2,2
hypotherm,hypothermiaeffects,2,3
hypotherm,hypothermiahas,2,2
hypotherm,hypothermiawere,2,2
hypotherm,hypothermiebedingten,2,2
hypotherm,hypothermiebeginn,2,2
hypotherm,hypothermiebehand,2,2
hypotherm,hypothermied,2,2
hypotherm,hypothermieexperimente,2,2
hypotherm,hypothermieexperimenten,2,2
hypotherm,hypothermiegrad,2,3
hypotherm,hypothermieneigung,2,2
hypotherm,hypothermiepatienten,2,2
hypotherm,hypothermierisiko,2,2
hypotherm,hypothermiestudien,2,2
hypotherm,hypothermig,2,2
hypotherm,hypothermisant,2,2
hypotherm,hypothermisantes,2,2
hypotherm,hypothermisch,2,2
hypotherm,hypothermja,2,2
hypotherm,hypothermlc,2,2
hypotherm,hypothermogenesis,2,2
hypotherm,hypothermogenic,2,3
hypotherm,hypotherms,2,2
hypotherm,hypothermay,1,1
hypotherm,hypothermc,1,1
hypotherm,hypothermea,1,1
hypotherm,hypothermed,1,1
hypotherm,hypothermeia,1,1
hypotherm,hypothermenkonservierungen,1,1
hypotherm,hypothermiaaccidental,1,2
hypotherm,hypothermiaacidolitic,1,1
hypotherm,hypothermiaactive,1,1
hypotherm,hypothermiaalone,1,1
hypotherm,hypothermiaanticoagulant,1,1
hypotherm,hypothermiaas,1,1
hypotherm,hypothermiabackground,1,1
hypotherm,hypothermiacan,1,1
hypotherm,hypothermiacereb,1,1
hypertherm,hyperthermia,57405,109132
hypertherm,hyperthermic,14226,20474
hypertherm,hyperthermophilic,7161,9842
hypertherm,hyperthermal,3359,4931
hypertherm,hyperthermie,1913,2733
hypertherm,hyperthermophile,1173,1357
hypertherm,hyperthermophiles,934,1306
hypertherm,hyperthermals,504,917
hypertherm,hyperthermostable,459,582
hypertherm,hyperthermus,314,345
hypertherm,hypertherme,184,201
hypertherm,hypertherm,170,246
hypertherm,hyperthermo,169,251
hypertherm,hyperthermique,140,176
hypertherm,hyperthermen,125,134
hypertherm,hyperthermy,117,174
hypertherm,hyperthermer,100,116
hypertherm,hyperthermophilen,85,119
hypertherm,hyperthermoacidophilic,77,96
hypertherm,hyperthermostability,70,86
hypertherm,hyperthermochemotherapy,57,94
hypertherm,hyperthermiques,55,98
hypertherm,hyperthermotherapy,50,77
hypertherm,hyperthermies,46,61
hypertherm,hyperthermias,37,39
hypertherm,hyperthermophily,27,30
hypertherm,hyperthermiebehandlung,26,30
hypertherm,hyperthermically,21,23
hypertherm,hyperthermochemoradiotherapy,21,36
hypertherm,hyperthermally,15,15
hypertherm,hyperthermi,15,21
hypertherm,hyperthermische,15,16
hypertherm,hyperthermoactive,14,14
hypertherm,hyperthermischen,13,15
hypertherm,hyperthermophylic,12,12
hypertherm,hyperthermophiler,11,13
hypertherm,hyperthermoradiotherapy,11,15
hypertherm,hypertherma,10,10
hypertherm,hyperthermophillic,9,9
hypertherm,hyperthermiajournal,8,9
hypertherm,hyperthermales,7,10
hypertherm,hyperthermiain,7,7
hypertherm,hyperthermial,7,10
hypertherm,hyperthermien,7,10
hypertherm,hyperthermoacidic,7,12
hypertherm,hyperthermoacidophiles,7,9
hypertherm,hyperthermophilc,7,7
hypertherm,hyperthermophilicity,7,7
hypertherm,hypertherms,7,8
hypertherm,hyperthermiaand,6,6
hypertherm,hyperthermiainduced,6,7
hypertherm,hyperthermiesyndromen,6,7
hypertherm,hyperthermieverfahren,6,7
hypertherm,hyperthermoacidophile,6,6
hypertherm,hyperthermotolerant,6,7
hypertherm,hyperthermale,5,6
hypertherm,hyperthermatic,5,6
hypertherm,hyperthermietherapie,5,5
hypertherm,hyperthermina,5,5
hypertherm,hyperthermisants,5,5
hypertherm,hyperthermisch,5,5
hypertherm,hyperthermischer,5,6
hypertherm,hyperthermochemoradiation,5,5
hypertherm,hyperthermophilethermotoga,5,5
hypertherm,hyperthermai,4,4
hypertherm,hyperthermalen,4,4
hypertherm,hyperthermes,4,4
hypertherm,hyperthermical,4,5
hypertherm,hyperthermisante,4,4
hypertherm,hyperthermizing,4,4
hypertherm,hyperthermochemotherapeutic,4,4
hypertherm,hyperthermophophilic,4,5
hypertherm,hyperthermosensitivity,4,4
hypertherm,hyperthermostabilization,4,4
hypertherm,hyperthermotolerance,4,4
hypertherm,hyperthermantic,3,3
hypertherm,hyperthermiaon,3,3
hypertherm,hyperthermiatherapy,3,3
hypertherm,hyperthermiatreatment,3,3
hypertherm,hyperthermieanwendung,3,3
hypertherm,hyperthermiebehandlungen,3,3
hypertherm,hyperthermiekrise,3,3
hypertherm,hyperthermieplanung,3,4
hypertherm,hyperthermiert,3,4
hypertherm,hyperthermierten,3,3
hypertherm,hypertherminal,3,3
hypertherm,hyperthermoactivity,3,3
hypertherm,hyperthermophic,3,3
hypertherm,hyperthermophilie,3,4
hypertherm,hyperthermophilies,3,3
hypertherm,hyperthermophlic,3,3
hypertherm,hyperthermaia,2,2
hypertherm,hyperthermiaat,2,2
hypertherm,hyperthermiadiscuss,2,2
hypertherm,hyperthermiafigurea,2,2
hypertherm,hyperthermiahyperthermia,2,2
hypertherm,hyperthermiaidentify,2,2
hypertherm,hyperthermiamediated,2,2
hypertherm,hyperthermiants,2,2
hypertherm,hyperthermiaour,2,2
hypertens,hypertension,930136,1844622
hypertens,hypertensive,242832,444095
hypertens,hypertensives,17095,28343
hypertens,hypertens,1946,2571
hypertens,hypertensions,941,1074
hypertens,hypertensie,921,1168
hypertens,hypertensiven,602,772
hypertens,hypertensin,415,637
hypertens,hypertensiver,285,323
hypertens,hypertense,253,328
hypertens,hypertensi,222,313
hypertens,hypertensinogenic,196,263
hypertens,hypertensia,179,262
hypertens,hypertensjon,155,231
hypertens,hypertensio,147,160
hypertens,hypertensionthe,123,159
hypertens,hypertensionjournal,95,142
hypertens,hypertenseur,93,103
hypertens,hypertensifs,91,113
hypertens,hypertensiologie,88,99
hypertens,hypertenseurs,86,97
hypertens,hypertensivepatients,86,88
hypertens,hypertensionaha,83,124
hypertens,hypertensionand,81,82
hypertens,hypertensionin,78,79
hypertens,hypertensiv,69,83
hypertens,hypertensif,65,72
hypertens,hypertensiona,60,62
hypertens,hypertensieve,57,73
hypertens,hypertensinogen,48,57
hypertens,hypertenstion,48,48
hypertens,hypertensionis,44,45
hypertens,hypertenson,43,49
hypertens,hypertensionpulmonary,42,45
hypertens,hypertensionrenal,37,47
hypertens,hypertensionhypertension,35,37
hypertens,hypertensiology,31,32
hypertens,hypertensinase,27,56
hypertens,hypertensionp,26,32
hypertens,hypertensionpublished,26,26
hypertens,hypertensionwas,24,24
hypertens,hypertensivc,24,46
hypertens,hypertensionwere,23,23
hypertens,hypertensiverats,23,23
hypertens,hypertensiebehandeling,22,22
hypertens,hypertenses,21,28
hypertens,hypertensiondie,20,21
hypertens,hypertensor,20,24
hypertens,hypertensionwith,19,19
hypertens,hypertensionrelated,18,18
hypertens,hypertensionj,17,17
hypertens,hypertensionmanagement,17,17
hypertens,hypertensogenic,17,18
hypertens,hypertensional,16,22
hypertens,hypertensity,16,19
hypertens,hypertensic,15,21
hypertens,hypertensiologists,15,15
hypertens,hypertensionamong,15,15
hypertens,hypertensionprimary,15,19
hypertens,hypertensionclinical,14,14
hypertens,hypertensioneffects,14,14
hypertens,hypertensities,14,17
hypertens,hypertensivedisorders,14,15
hypertens,hypertensiogenic,13,13
hypertens,hypertensionare,13,13
hypertens,hypertensionen,13,15
hypertens,hypertensionof,13,14
hypertens,hypertensionto,13,13
hypertens,hypertensins,12,12
hypertens,hypertensioni,12,13
hypertens,hypertensioninduced,12,12
hypertens,hypertensionresearch,12,12
hypertens,hypertensiontreatment,12,13
hypertens,hypertensiota,12,14
hypertens,hypertensiva,12,12
hypertens,hypertensivesubjects,12,12
hypertens,hypertensionacute,11,11
hypertens,hypertensionan,11,11
hypertens,hypertensione,11,11
hypertens,hypertensionidiopathic,11,13
hypertens,hypertensionportal,11,13
hypertens,hypertensionsystolic,11,12
hypertens,hypertensionvascular,11,11
hypertens,hypertensis,11,11
hypertens,hypertensively,11,23
hypertens,hypertensiepati,10,11
hypertens,hypertensine,10,11
hypertens,hypertensionby,10,11
hypertens,hypertensionmethod,10,10
hypertens,hypertensire,10,11
hypertens,hypertenssion,10,15
hypertens,hypertensioncardiovascular,9,9
hypertens,hypertensiondavid,9,9
hypertens,hypertensiongeorge,9,9
hypertens,hypertensionjames,9,9
hypertens,hypertensionmethods,9,9
hypertens,hypertensionnew,9,10
hypertens,hypertensionor,9,11
hypertens,hypertensionstroke,9,9
hypertens,hypertensoin,9,9
hydrofluorocarbon,hydrofluorocarbons,1604,1791
hydrofluorocarbon,hydrofluorocarbon,939,1095
hydrofluorocarbon,hydrofluorocarbones,7,7
hydrofluorocarbon,hydrofluorocarbonyl,3,6
hydrofluorocarbon,hydrofluorocarbone,2,2
hydrofluorocarbon,hydrofluorocarbonbased,1,1
hydrofluorocarbon,hydrofluorocarbonscite,1,1
hydrofluorocarbon,hydrofluorocarbonsdavid,1,1
hydrofluorocarbon,hydrofluorocarbonsr,1,1
hydrofluorocarbon,hydrofluorocarbonsrobert,1,1
hydrofluorocarbon,hydrofluorocarbonsrussell,1,1
hydroclim,hydroclimatic,7432,10878
hydroclim,hydroclimate,6257,9768
hydroclim,hydroclimatology,720,885
hydroclim,hydroclimatological,602,775
hydroclim,hydroclimatiques,371,466
hydroclim,hydroclimates,211,244
hydroclim,hydroclimatique,194,237
hydroclim,hydroclimatically,36,42
hydroclim,hydroclimat,34,37
hydroclim,hydroclimatologic,32,38
hydroclim,hydroclimatologie,29,31
hydroclim,hydroclimatologiques,22,23
hydroclim,hydroclimatologique,18,23
hydroclim,hydroclimatical,11,13
hydroclim,hydroclimatedecisiontree,6,6
hydroclim,hydroclimatologies,6,6
hydroclim,hydroclim,5,13
hydroclim,hydroclimatogical,5,5
hydroclim,hydroclimatologically,4,4
hydroclim,hydroclimatologue,4,4
hydroclim,hydroclimatologists,3,3
hydroclim,hydroclimatezones,2,2
hydroclim,hydroclimatonomy,2,2
hydroclim,hydroclimats,2,2
hydroclim,hydroclimologic,2,2
hydroclim,hydroclims,2,2
hydroclim,hydroclima,1,1
hydroclim,hydroclimaponics,1,1
hydroclim,hydroclimatalogical,1,1
hydroclim,hydroclimatc,1,1
hydroclim,hydroclimateand,1,1
hydroclim,hydroclimateauthorscolin,1,1
hydroclim,hydroclimateauthorsfrancinadominguezidjorgeeiras,1,1
hydroclim,hydroclimateof,1,1
hydroclim,hydroclimatethe,1,1
hydroclim,hydroclimaticchanges,1,2
hydroclim,hydroclimaticdata,1,1
hydroclim,hydroclimaticfactors,1,1
hydroclim,hydroclimaticrisk,1,1
hydroclim,hydroclimatie,1,1
hydroclim,hydroclimatisme,1,1
hydroclim,hydroclimatolgy,1,1
hydroclim,hydroclimatolog,1,1
hydroclim,hydroclimatologicals,1,1
hydroclim,hydroclimatotherapy,1,1
hydroclim,hydroclimotological,1,1
hurricane,hurricane,70143,128710
hurricane,hurricanes,29036,41767
hurricane,hurricanewind,24,34
hurricane,hurricanewindwater,24,38
hurricane,hurricanekatrina,9,9
hurricane,hurricaneforce,6,6
hurricane,hurricanemanual,6,6
hurricane,hurricanelike,5,5
hurricane,hurricaneharvey,4,4
hurricane,hurricaneirma,4,4
hurricane,hurricanepaper,4,4
hurricane,hurricanearchive,3,3
hurricane,hurricaned,3,4
hurricane,hurricanelog,3,3
hurricane,hurricaneprone,3,3
hurricane,hurricaneproof,3,4
hurricane,hurricanesandy,3,3
hurricane,hurricanesauthorslewis,3,3
hurricane,hurricaneshighlanders,3,3
hurricane,hurricanethese,3,3
hurricane,hurricaneand,2,2
hurricane,hurricanebloom,2,2
hurricane,hurricanechris,2,2
hurricane,hurricaneconditions,2,2
hurricane,hurricanedeath,2,8
hurricane,hurricanedorian,2,2
hurricane,hurricaneexposure,2,2
hurricane,hurricaneexposuredata,2,4
hurricane,hurricanefault,2,2
hurricane,hurricaneger,2,5
hurricane,hurricanegerblue,2,2
hurricane,hurricanegerred,2,2
hurricane,hurricanehaon,2,4
hurricane,hurricaneharveyregistryaer,2,5
hurricane,hurricaneharveyrelieffund,2,2
hurricane,hurricanehelene,2,2
hurricane,hurricaneintensity,2,2
hurricane,hurricanemaria,2,3
hurricane,hurricanematthewclaimsdata,2,2
hurricane,hurricanenames,2,2
hurricane,hurricanepocalypse,2,2
hurricane,hurricanepsa,2,2
hurricane,hurricanerelief,2,2
hurricane,hurricanescapes,2,2
hurricane,hurricaneseason,2,2
hurricane,hurricanesexplain,2,2
hurricane,hurricanestorm,2,2
hurricane,hurricanesurge,2,4
hurricane,hurricaneupdate,2,2
hurricane,hurricanev,2,2
hurricane,hurricaneweather,2,2
hurricane,hurricanewindflood,2,4
hurricane,hurricaney,2,2
hurricane,hurricanea,1,1
hurricane,hurricaneaaron,1,1
hurricane,hurricaneandrew,1,1
hurricane,hurricanearia,1,1
hurricane,hurricanebailey,1,1
hurricane,hurricanebarrier,1,1
hurricane,hurricaneberyl,1,1
hurricane,hurricanebill,1,1
hurricane,hurricanebws,1,1
hurricane,hurricanecarla,1,1
hurricane,hurricanech,1,1
hurricane,hurricanechy,1,1
hurricane,hurricanecity,1,1
hurricane,hurricanedesign,1,1
hurricane,hurricanedisaster,1,1
hurricane,hurricaneemo,1,2
hurricane,hurricaneenergy,1,1
hurricane,hurricaneequations,1,1
hurricane,hurricanees,1,1
hurricane,hurricaneevacuation,1,1
hurricane,hurricanefigureday,1,1
hurricane,hurricaneflorence,1,1
hurricane,hurricaneforms,1,1
hurricane,hurricaneg,1,1
hurricane,hurricanegordel,1,1
hurricane,hurricanegustav,1,1
hurricane,hurricaneh,1,1
hurricane,hurricanehank,1,1
hurricane,hurricanehazard,1,1
hurricane,hurricanehenri,1,1
hurricane,hurricanehills,1,1
hurricane,hurricanehit,1,1
hurricane,hurricanehugo,1,2
hurricane,hurricanehumberto,1,1
hurricane,hurricaneinduced,1,1
hurricane,hurricaneinducedflooding,1,1
hurricane,hurricaneirenedelawaresperspective,1,1
hurricane,hurricanej,1,1
hurricane,hurricanejay,1,1
hurricane,hurricanejust,1,1
hurricane,hurricaneleslie,1,1
hurricane,hurricaneman,1,1
hurricane,hurricanemanship,1,1
hurricane,hurricanemapping,1,1
hurricane,hurricanemichael,1,1
hurricane,hurricanemilton,1,1
hurricane,hurricanen,1,1
hospital,hospital,3550338,5907212
hospital,hospitals,742691,1181436
hospital,hospitalization,322422,494552
hospital,hospitalized,283893,399459
hospital,hospitality,99223,181250
hospital,hospitalizations,88270,141790
hospital,hospitalar,59677,97809
hospital,hospitalisation,50778,76251
hospital,hospitalised,31102,44581
hospital,hospitales,27921,39681
hospital,hospitalaria,26804,37714
hospital,hospitalier,23566,29504
hospital,hospitalizados,22575,32196
hospital,hospitalares,21471,30222
hospital,hospitalario,18006,22513
hospital,hospitalizaci,14820,20753
hospital,hospitalisations,14301,21993
hospital,hospitalarios,11075,14527
hospital,hospitali,10040,12209
hospital,hospitaliza,9949,15119
hospital,hospitalis,9689,12266
hospital,hospitaliers,7160,8652
hospital,hospitalarias,6732,8352
hospital,hospitalizado,4973,6274
hospital,hospitalist,4056,7490
hospital,hospitalists,3968,8830
hospital,hospitalizacion,3749,5088
hospital,hospitalizadas,3622,4955
hospital,hospitalidade,3328,7649
hospital,hospitalit,3136,4256
hospital,hospitalizaciones,2931,4035
hospital,hospitalidad,2704,3808
hospital,hospitalizada,2489,3293
hospital,hospitalet,2245,2908
hospital,hospitalisierten,1846,3186
hospital,hospitalises,1831,2228
hospital,hospitaliere,1772,2098
hospital,hospitalisierungen,1613,8238
hospital,hospitalisierungsinzidenz,1489,5293
hospital,hospitalo,1434,1619
hospital,hospitalisierter,1358,1364
hospital,hospitalize,1254,1448
hospital,hospitalizacji,1245,1798
hospital,hospitalizacao,1170,1758
hospital,hospitalisasi,1045,3135
hospital,hospitalizowanych,1023,1310
hospital,hospitallers,1023,1514
hospital,hospitaller,1018,1485
hospital,hospitalizace,899,1205
hospital,hospitalizovan,868,1134
hospital,hospitallondon,774,1395
hospital,hospitalizing,730,879
hospital,hospitalieres,728,813
hospital,hospitale,599,726
hospital,hospitalise,599,647
hospital,hospitalizacije,593,833
hospital,hospitalari,557,739
hospital,hospitalitas,555,1153
hospital,hospitaliz,481,703
hospital,hospitalisierung,467,519
hospital,hospitalism,428,497
hospital,hospitaloc,417,440
hospital,hospitalite,351,462
hospital,hospitalen,342,421
hospital,hospitaler,335,391
hospital,hospitaliziranih,298,374
hospital,hospitalizacoes,291,380
hospital,hospitalisiert,287,296
hospital,hospitalbased,281,284
hospital,hospitalwide,270,313
hospital,hospitalaris,269,355
hospital,hospitalisee,267,276
hospital,hospitalin,260,303
hospital,hospitalizacija,259,381
hospital,hospitalitzaci,253,421
hospital,hospitalizaron,233,246
hospital,hospitalities,222,260
hospital,hospitalacquired,208,221
hospital,hospitalpharmacy,208,211
hospital,hospitalisees,196,216
hospital,hospitalary,175,218
hospital,hospitalqueen,175,287
hospital,hospitaliser,162,171
hospital,hospitalitzats,150,201
hospital,hospitalboston,144,198
hospital,hospitaland,141,144
hospital,hospitalismus,139,166
hospital,hospitalisationen,133,171
hospital,hospitalocentrico,130,133
hospital,hospitalbirmingham,125,257
hospital,hospitalizacj,124,129
hospital,hospitalizacijos,122,188
hospital,hospitalsl,119,193
hospital,hospitaliti,118,225
hospital,hospitalizacja,118,129
hospital,hospitall,118,127
hospital,hospitala,117,136
hospital,hospitalizovani,116,120
hospital,hospitaleiro,115,129
hospital,hospitalisierungsrate,115,119
homeless,homeless,60886,121976
homeless,homelessness,46748,95051
homeless,homelessnes,29,32
homeless,homelesses,16,21
homeless,homelessly,11,11
homeless,homelesshub,6,6
homeless,homelessnesss,5,9
homeless,homelessnessdo,4,4
homeless,homelessnesshousing,4,5
homeless,homelessnessimpact,4,4
homeless,homelesspeople,4,4
homeless,homelesspopulation,4,4
homeless,homelesss,4,4
homeless,homelessand,3,3
homeless,homelessne,3,3
homeless,homelessnessin,3,3
homeless,homelessthe,3,3
homeless,homelesswomen,3,3
homeless,homelessanger,2,2
homeless,homelessbrothers,2,2
homeless,homelesschildren,2,2
homeless,homelesseness,2,2
homeless,homelessess,2,2
homeless,homelesseve,2,2
homeless,homelessgenius,2,2
homeless,homelessin,2,2
homeless,homelessless,2,2
homeless,homelessmeetupvlc,2,2
homeless,homelessmen,2,2
homeless,homelessnessfrom,2,2
homeless,homelessnesshomeless,2,2
homeless,homelessnesshomelessness,2,3
homeless,homelessnessii,2,2
homeless,homelessnesslearn,2,2
homeless,homelessnessoctober,2,2
homeless,homelessa,1,1
homeless,homelessaddicted,1,1
homeless,homelessadolescents,1,1
homeless,homelessandinjection,1,1
homeless,homelessavoid,1,1
homeless,homelessboundla,1,1
homeless,homelessbullet,1,1
homeless,homelesscamps,1,1
homeless,homelesschangevrsystem,1,2
homeless,homelesschildhealthcare,1,1
homeless,homelesscohen,1,1
homeless,homelesscomics,1,1
homeless,homelesscommunitypovertyleisuresocial,1,1
homeless,homelesscoyotes,1,1
homeless,homelessdual,1,1
homeless,homelesse,1,1
homeless,homelessedinburgh,1,1
homeless,homelessenss,1,1
homeless,homelessexhibitana,1,1
homeless,homelessfamilies,1,1
homeless,homelessfamiliesgroupworkintervention,1,1
homeless,homelessfamiliesinnewyorkcity,1,1
homeless,homelessfonts,1,1
homeless,homelessfrank,1,1
homeless,homelessgayteenproblem,1,1
homeless,homelessgovernment,1,1
homeless,homelesshare,1,1
homeless,homelesshess,1,1
homeless,homelesshistory,1,1
homeless,homelesshome,1,1
homeless,homelesshomeless,1,1
homeless,homelesshomelessness,1,1
homeless,homelesshomelessnessengagementenvironmental,1,1
homeless,homelesshood,1,1
homeless,homelesshousingneighborhood,1,1
homeless,homelesshouston,1,1
homeless,homelessincentives,1,1
homeless,homelessindividuals,1,1
homeless,homelessintervention,1,1
homeless,homelessis,1,1
homeless,homelessjoan,1,1
homeless,homelessl,1,1
homeless,homelesslaw,1,1
homeless,homelesslegislation,1,1
homeless,homelesslgbt,1,1
homeless,homelesslife,1,1
homeless,homelesslike,1,1
homeless,homelessmind,1,1
homeless,homelessnation,1,1
homeless,homelessnees,1,1
homeless,homelessnessa,1,1
homeless,homelessnessafter,1,1
homeless,homelessnessamongveteranssponsored,1,1
homeless,homelessnessand,1,1
homeless,homelessnessas,1,1
homeless,homelessnessby,1,1
homeless,homelessnesscare,1,1
homeless,homelessnesscase,1,1
homeless,homelessnesscausesolder,1,1
homeless,homelessnesschild,1,1
homeless,homelessnessclinic,1,1
homeless,homelessnesscollin,1,1
homeless,homelessnesscoming,1,1
homeless,homelessnesscommunity,1,1
homeless,homelessnesscompliance,1,1
hfc,hfc,14484,34080
hfc,hfcs,3931,8320
hfc,hfcvd,1295,1832
hfc,hfcl,1114,2150
hfc,hfct,480,967
hfc,hfcc,356,951
hfc,hfcd,271,1023
hfc,hfco,245,558
hfc,hfca,176,385
hfc,hfcv,159,341
hfc,hfcwo,159,581
hfc,hfcvs,141,342
hfc,hfccs,126,310
hfc,hfcrn,120,358
hfc,hfcm,100,274
hfc,hfcr,96,242
hfc,hfcg,81,245
hfc,hfcusi,74,91
hfc,hfcw,74,204
hfc,hfcn,73,132
hfc,hfcf,72,165
hfc,hfcas,69,147
hfc,hfcp,67,191
hfc,hfce,57,127
hfc,hfci,56,95
hfc,hfcb,47,110
hfc,hfcu,43,109
hfc,hfcts,38,60
hfc,hfch,33,64
hfc,hfcws,28,80
hfc,hfcit,26,36
hfc,hfcevs,23,43
hfc,hfcgs,23,53
hfc,hfcommunity,22,48
hfc,hfcct,20,66
hfc,hfcnv,20,20
hfc,hfcwc,20,70
hfc,hfcaa,19,56
hfc,hfcev,19,29
hfc,hfcga,18,62
hfc,hfck,18,19
hfc,hfcms,18,39
hfc,hfcrcus,18,19
hfc,hfcosb,17,27
hfc,hfclm,16,27
hfc,hfcx,16,29
hfc,hfcrags,15,15
hfc,hfctm,15,34
hfc,hfcuge,15,25
hfc,hfcbga,14,20
hfc,hfccts,14,39
hfc,hfchdf,14,22
hfc,hfcxn,14,30
hfc,hfcoo,13,42
hfc,hfcpcs,13,61
hfc,hfcdu,12,40
hfc,hfckw,12,15
hfc,hfcns,12,49
hfc,hfcsd,12,16
hfc,hfctr,12,12
hfc,hfcat,10,45
hfc,hfcfb,10,17
hfc,hfclala,10,22
hfc,hfclch,9,11
hfc,hfcnn,9,21
hfc,hfcla,8,15
hfc,hfcop,8,11
hfc,hfcal,7,7
hfc,hfcite,7,7
hfc,hfcz,7,24
hfc,hfcdo,6,6
hfc,hfcds,6,14
hfc,hfcfo,6,6
hfc,hfcgammari,6,24
hfc,hfcnt,6,14
hfc,hfcoga,6,8
hfc,hfcon,6,9
hfc,hfcro,6,8
hfc,hfcxny,6,11
hfc,hfcam,5,5
hfc,hfcbs,5,6
hfc,hfcgr,5,30
hfc,hfchl,5,10
hfc,hfcmscs,5,25
hfc,hfcommitspreprocessing,5,5
hfc,hfcsa,5,12
hfc,hfcsh,5,14
hfc,hfcsi,5,6
hfc,hfcube,5,18
hfc,hfcugeas,5,10
hfc,hfcvrptw,5,5
hfc,hfcy,5,9
hfc,hfcde,4,15
hfc,hfcfd,4,13
hfc,hfcfree,4,6
hfc,hfchbc,4,10
hfc,hfchd,4,19
hfc,hfcim,4,5
hfc,hfcis,4,9
hfc,hfckh,4,4
hemorrhag,hemorrhage,305926,526041
hemorrhag,hemorrhagic,140004,216032
hemorrhag,hemorrhages,30645,40547
hemorrhag,hemorrhaging,3209,3852
hemorrhag,hemorrhagepre,1158,1158
hemorrhag,hemorrhaged,996,1263
hemorrhag,hemorrhagica,544,728
hemorrhag,hemorrhagia,147,169
hemorrhag,hemorrhag,73,76
hemorrhag,hemorrhagejournal,72,81
hemorrhag,hemorrhagicum,66,102
hemorrhag,hemorrhagie,54,62
hemorrhag,hemorrhagin,53,72
hemorrhag,hemorrhagiparous,50,55
hemorrhag,hemorrhagicfever,39,43
hemorrhag,hemorrhagies,37,39
hemorrhag,hemorrhagins,35,40
hemorrhag,hemorrhagical,34,42
hemorrhag,hemorrhagea,32,32
hemorrhag,hemorrhagy,32,36
hemorrhag,hemorrhagein,31,35
hemorrhag,hemorrhageand,30,30
hemorrhag,hemorrhagenic,30,33
hemorrhag,hemorrhagi,25,30
hemorrhag,hemorrhagc,19,40
hemorrhag,hemorrhagically,16,18
hemorrhag,hemorrhagische,15,16
hemorrhag,hemorrhaghic,14,14
hemorrhag,hemorrhagias,14,14
hemorrhag,hemorrhagicshock,13,13
hemorrhag,hemorrhagicstroke,13,14
hemorrhag,hemorrhagethe,11,11
hemorrhag,hemorrhagis,10,11
hemorrhag,hemorrhagefigure,9,9
hemorrhag,hemorrhageic,9,9
hemorrhag,hemorrhagique,9,9
hemorrhag,hemorrhagewas,8,8
hemorrhag,hemorrhagiae,8,9
hemorrhag,hemorrhagicus,8,8
hemorrhag,hemorrhagiectoides,8,11
hemorrhag,hemorrhagisk,8,8
hemorrhag,hemorrhaglc,8,8
hemorrhag,hemorrhageassociated,7,7
hemorrhag,hemorrhagegastrointestinal,7,7
hemorrhag,hemorrhagics,7,9
hemorrhag,hemorrhagometry,7,16
hemorrhag,hemorrhageendoscopy,6,7
hemorrhag,hemorrhagefred,6,6
hemorrhag,hemorrhagemachine,6,7
hemorrhag,hemorrhagesin,6,6
hemorrhag,hemorrhagio,6,7
hemorrhag,hemorrhagean,5,5
hemorrhag,hemorrhagec,5,5
hemorrhag,hemorrhagiccystitis,5,5
hemorrhag,hemorrhagecase,4,4
hemorrhag,hemorrhagedavid,4,4
hemorrhag,hemorrhageduring,4,4
hemorrhag,hemorrhagel,4,4
hemorrhag,hemorrhagepulmonary,4,4
hemorrhag,hemorrhagesurgery,4,4
hemorrhag,hemorrhagewere,4,4
hemorrhag,hemorrhagewith,4,4
hemorrhag,hemorrhagiccomplications,4,4
hemorrhag,hemorrhagicdisease,4,4
hemorrhag,hemorrhagick,4,4
hemorrhag,hemorrhagicnecrosis,4,4
hemorrhag,hemorrhagicnecrotizing,4,4
hemorrhag,hemorrhagictelangiectasia,4,4
hemorrhag,hemorrhagik,4,4
hemorrhag,hemorrhagisch,4,4
hemorrhag,hemorrhagiska,4,4
hemorrhag,hemorrhagae,3,3
hemorrhag,hemorrhageacute,3,3
hemorrhag,hemorrhageadrenal,3,5
hemorrhag,hemorrhageafter,3,3
hemorrhag,hemorrhageal,3,3
hemorrhag,hemorrhagearound,3,3
hemorrhag,hemorrhageat,3,3
hemorrhag,hemorrhagediagnosis,3,3
hemorrhag,hemorrhagedie,3,3
hemorrhag,hemorrhageinfection,3,6
hemorrhag,hemorrhageintracerebral,3,3
hemorrhag,hemorrhageis,3,3
hemorrhag,hemorrhageous,3,3
hemorrhag,hemorrhagepatients,3,3
hemorrhag,hemorrhagerecently,3,3
hemorrhag,hemorrhagerichard,3,3
hemorrhag,hemorrhagerisk,3,3
hemorrhag,hemorrhagese,3,3
hemorrhag,hemorrhageshockdeliriummultiorgan,3,3
hemorrhag,hemorrhageson,3,3
hemorrhag,hemorrhaget,3,3
hemorrhag,hemorrhagethis,3,3
hemorrhag,hemorrhagethomas,3,3
hemorrhag,hemorrhagicfluid,3,3
hemorrhag,hemorrhagico,3,3
hemorrhag,hemorrhagicpancreatitis,3,3
hemorrhag,hemorrhagicsepticemia,3,3
hemorrhag,hemorrhagk,3,3
hemorrhag,hemorrhageabraham,2,2
heatwave,heatwaves,13654,24864
heatwave,heatwave,9263,18554
heatwave,heatwaver,45,75
heatwave,heatwavesmeth,11,11
heatwave,heatwaveall,3,3
heatwave,heatwavedarea,2,2
heatwave,heatwavedata,2,2
heatwave,heatwavediscover,2,2
heatwave,heatwavegfpoffspringproductionmaterial,2,2
heatwave,heatwavemap,2,2
heatwave,heatwavesandthunderstorm,2,2
heatwave,heatwavescm,2,2
heatwave,heatwavesin,2,2
heatwave,heatwavesoptics,2,2
heatwave,heatwaveattributable,1,1
heatwave,heatwaveauthorsemilybercos,1,1
heatwave,heatwavecompounded,1,1
heatwave,heatwaveegg,1,1
heatwave,heatwaveheat,1,1
heatwave,heatwaveplan,1,1
heatwave,heatwaveproject,1,1
heatwave,heatwaveresilient,1,1
heatwave,heatwavesafter,1,1
heatwave,heatwavesand,1,1
heatwave,heatwavesattheresolution,1,1
heatwave,heatwavesextreme,1,1
heatwave,heatwavesheat,1,2
heatwave,heatwavesheatwave,1,1
heatwave,heatwavesnature,1,1
heatwave,heatwavesoverea,1,1
heatwave,heatwavespores,1,1
heatwave,heatwaveunited,1,1
heatwave,heatwavezzz,1,1
health,health,9030288,19425944
health,healthy,2176347,3185618
health,healthcare,1305647,2388851
health,healthier,83259,96166
health,healthful,11404,14472
health,healthily,6105,6416
health,healthiness,6074,8713
health,healthiest,3894,4332
health,healthspan,3390,5293
health,healthwriting,2562,2562
health,healthfulness,1876,2685
health,healthnurse,1568,1568
health,healthrelated,1193,1244
health,healthineers,1114,1386
health,healthmilitary,1000,1000
health,healthsystem,697,791
health,healthandsocialcare,626,628
health,healthism,622,1012
health,healthand,610,630
health,healths,588,644
health,healthandlifeexpectancies,582,582
health,healthstar,579,598
health,healthtech,579,900
health,healthdata,526,741
health,healthworkers,519,575
health,healthfully,506,547
health,healthc,484,558
health,healthshive,474,1996
health,healthpartners,414,584
health,healthnet,384,595
health,healthgeographics,375,375
health,healthwatch,365,526
health,healthnursing,319,319
health,healthsupplement,308,1337
health,healthsafetyview,303,303
health,healthline,288,372
health,healthpromoting,287,323
health,healthwise,286,434
health,healthly,280,287
health,healthcore,278,370
health,healthservices,258,271
health,healthnsupplements,255,386
health,healthcarthub,246,280
health,healthmap,246,409
health,healthresearch,241,256
health,healthview,237,246
health,healthsouth,228,304
health,healththe,224,231
health,healthgrades,212,325
health,healthorganization,204,205
health,healthin,187,198
health,healthpublic,174,176
health,healtheducation,173,187
health,healthbethesda,170,263
health,healthproblems,168,174
health,healthhealth,162,177
health,healthworker,162,172
health,healthmultiple,160,160
health,healthprofessionals,158,162
health,healthstatus,150,157
health,healthkit,149,209
health,healthpromotion,149,167
health,healthgrid,144,241
health,healthproblem,142,142
health,healthcareassociated,137,139
health,healthypeople,133,146
health,healthcenter,132,141
health,healthcheck,130,209
health,healthways,128,172
health,healthe,127,168
health,healthaffairs,126,166
health,healthservice,126,127
health,healthinfonet,122,178
health,healthquality,118,121
health,healthcom,117,135
health,healthlink,116,191
health,healthcareprofessionals,115,129
health,healthof,114,115
health,healthcares,110,127
health,healthnewsmart,110,387
health,healthsciences,108,113
health,healthist,104,123
health,healthrisk,102,102
health,healthit,101,113
health,healthbuddy,100,272
health,healthycontrols,100,107
health,healthylifestyle,99,122
health,healthway,98,144
health,healthboston,97,145
health,healthconnect,97,143
health,healthinsurance,97,103
health,healthstyles,96,139
health,healthgrain,91,154
health,healthquerys,90,130
health,healthoutcomes,89,90
health,healthysubjects,87,90
health,healthinformation,86,87
health,healthverity,84,92
health,healthvault,83,112
health,healthychildren,83,111
halogen,halogen,67782,106675
halogen,halogenated,29863,41521
halogen,halogens,11641,14537
halogen,halogenation,8841,12085
halogen,halogeno,3071,3895
halogen,halogenide,1512,1686
halogen,halogeniden,1506,1638
halogen,halogene,952,1079
halogen,halogenating,837,1019
halogen,halogenase,782,1288
halogen,halogenados,731,949
halogen,halogenides,710,851
halogen,halogenid,623,716
halogen,halogenations,603,689
halogen,halogenverbindungen,547,584
halogen,halogenases,543,1025
halogen,halogenierung,520,581
halogen,halogenierten,505,570
halogen,halogenen,474,504
halogen,halogenes,469,571
halogen,halogenures,441,542
halogen,halogenierte,375,419
halogen,halogenierter,279,309
halogen,halogenderivate,209,214
halogen,halogena,195,295
halogen,halogenate,190,214
halogen,halogenic,189,223
halogen,halogenwasserstoff,185,209
halogen,halogenketonen,181,193
halogen,halogenuros,172,214
halogen,halogenwasserstoffs,159,168
halogen,halogenure,151,180
halogen,halogenmethyl,142,167
halogen,halogenomethyl,134,167
halogen,halogenwasserstoffen,132,145
halogen,halogenaustausch,128,138
halogen,halogenado,125,146
halogen,halogenatome,124,132
halogen,halogenophenyl,117,152
halogen,halogenidionen,114,126
halogen,halogenative,112,152
halogen,halogenido,110,176
halogen,halogenobenzenes,110,141
halogen,halogeniert,104,104
halogen,halogenos,102,111
halogen,halogenbr,98,206
halogen,halogenlampen,98,108
halogen,halogenadas,96,125
halogen,halogenoalkyl,96,109
halogen,halogencarbons,95,102
halogen,halogenalkyl,94,106
halogen,halogenoalkanes,93,116
halogen,halogensilanen,81,84
halogen,halogenates,80,98
halogen,halogenbenzolen,79,84
halogen,halogensubstituierten,79,84
halogen,halogenhaltigen,77,84
halogen,halogenketone,77,77
halogen,halogenfreien,76,88
halogen,halogenkohlenwasserstoffe,71,78
halogen,halogenose,71,75
halogen,halogenderivaten,70,70
halogen,halogenovan,67,94
halogen,halogenkohlenwasserstoffen,65,78
halogen,halogenids,63,68
halogen,halogenionen,63,78
halogen,halogenolysis,62,69
halogen,halogenous,62,79
halogen,halogenatomen,61,67
halogen,halogenlampe,61,71
halogen,halogenatom,60,62
halogen,halogenoketones,58,67
halogen,halogenbenzole,56,57
halogen,halogenessigs,55,58
halogen,halogenov,55,65
halogen,halogenfreie,54,58
halogen,halogenalkanen,53,54
halogen,halogenetos,53,70
halogen,halogenopyridines,53,70
halogen,halogenaci,52,66
halogen,halogensubstituierte,52,54
halogen,halogenophenols,51,69
halogen,halogenwasserstoffe,50,52
halogen,halogenesis,48,60
halogen,halogenida,47,59
halogen,halogenierungen,47,51
halogen,halogenees,45,55
halogen,halogenoarenes,45,49
halogen,halogensubstituierter,45,45
halogen,halogenboranen,44,49
halogen,halogenoalkylamines,44,51
halogen,halogensubstituenten,44,48
halogen,halogenatoms,43,43
halogen,halogenoacetic,43,48
halogen,halogenbestimmung,42,42
halogen,halogenoethyl,42,49
halogen,halogenomethanes,42,58
halogen,halogenophilic,42,58
halogen,halogenuro,42,51
halogen,halogenalkane,41,47
haemorrhag,haemorrhage,68884,106848
haemorrhag,haemorrhagic,30940,43372
haemorrhag,haemorrhages,8559,11514
haemorrhag,haemorrhagica,722,892
haemorrhag,haemorrhaging,700,818
haemorrhag,haemorrhagia,301,343
haemorrhag,haemorrhaged,116,157
haemorrhag,haemorrhagicum,85,93
haemorrhag,haemorrhagischen,71,73
haemorrhag,haemorrhagiae,57,60
haemorrhag,haemorrhagiis,55,55
haemorrhag,haemorrhagi,47,54
haemorrhag,haemorrhagie,47,48
haemorrhag,haemorrhagische,43,46
haemorrhag,haemorrhagiarum,32,32
haemorrhag,haemorrhagical,27,28
haemorrhag,haemorrhagicus,23,26
haemorrhag,haemorrhagin,22,30
haemorrhag,haemorrhagias,18,18
haemorrhag,haemorrhagiarvm,17,17
haemorrhag,haemorrhagins,17,20
haemorrhag,haemorrhagischer,17,17
haemorrhag,haemorrhagien,16,18
haemorrhag,haemorrhagies,15,15
haemorrhag,haemorrhag,14,14
haemorrhag,haemorrhagico,11,11
haemorrhag,haemorrhagisch,8,8
haemorrhag,haemorrhagy,8,11
haemorrhag,haemorrhagein,7,7
haemorrhag,haemorrhagethe,5,5
haemorrhag,haemorrhaghic,5,5
haemorrhag,haemorrhagically,5,8
haemorrhag,haemorrhagicfever,5,5
haemorrhag,haemorrhagicsepticaemia,5,5
haemorrhag,haemorrhagisches,5,5
haemorrhag,haemorrhaglc,5,5
haemorrhag,haemorrhagea,4,4
haemorrhag,haemorrhageand,4,4
haemorrhag,haemorrhagiam,4,4
haemorrhag,haemorrhagicstroke,4,4
haemorrhag,haemorrhagictelangiectasia,4,4
haemorrhag,haemorrhagio,4,5
haemorrhag,haemorrhagischem,4,4
haemorrhag,haemorrhageis,3,3
haemorrhag,haemorrhagepulmonary,3,3
haemorrhag,haemorrhageq,3,3
haemorrhag,haemorrhagewas,3,3
haemorrhag,haemorrhagiarivm,3,3
haemorrhag,haemorrhagicae,3,3
haemorrhag,haemorrhagicis,3,3
haemorrhag,haemorrhagicshock,3,3
haemorrhag,haemorrhagis,3,3
haemorrhag,haemorrhagometry,3,4
haemorrhag,haemorrhagae,2,2
haemorrhag,haemorrhagc,2,2
haemorrhag,haemorrhageafter,2,2
haemorrhag,haemorrhagean,2,2
haemorrhag,haemorrhagec,2,2
haemorrhag,haemorrhageclinical,2,2
haemorrhag,haemorrhagediseases,2,2
haemorrhag,haemorrhageic,2,2
haemorrhag,haemorrhageinterviews,2,2
haemorrhag,haemorrhagej,2,2
haemorrhag,haemorrhagel,2,2
haemorrhag,haemorrhageleptospirosis,2,2
haemorrhag,haemorrhageulceration,2,2
haemorrhag,haemorrhagewithin,2,2
haemorrhag,haemorrhagge,2,2
haemorrhag,haemorrhaghe,2,2
haemorrhag,haemorrhagicepisode,2,2
haemorrhag,haemorrhagick,2,2
haemorrhag,haemorrhagisk,2,5
haemorrhag,haemorrhagoc,2,2
haemorrhag,haemorrhags,2,2
haemorrhag,haemorrhageabstrakpendahuluan,1,1
haemorrhag,haemorrhageaby,1,1
haemorrhag,haemorrhageacta,1,1
haemorrhag,haemorrhageaemor,1,1
haemorrhag,haemorrhageamong,1,1
haemorrhag,haemorrhageamyloidosisprimary,1,1
haemorrhag,haemorrhageanddelayinregaining,1,1
haemorrhag,haemorrhageandndash,1,1
haemorrhag,haemorrhageare,1,1
haemorrhag,haemorrhageareathighriskofneurological,1,1
haemorrhag,haemorrhageay,1,1
haemorrhag,haemorrhagebackground,1,1
haemorrhag,haemorrhagecan,1,2
haemorrhag,haemorrhagecase,1,1
haemorrhag,haemorrhagecausedcardiac,1,1
haemorrhag,haemorrhagedead,1,1
haemorrhag,haemorrhagedi,1,1
haemorrhag,haemorrhagedrug,1,1
haemorrhag,haemorrhagedue,1,1
haemorrhag,haemorrhageendoluminal,1,1
haemorrhag,haemorrhageerbpathologie,1,1
haemorrhag,haemorrhageeuropean,1,1
haemorrhag,haemorrhagef,1,1
haemorrhag,haemorrhagefor,1,1
haemorrhag,haemorrhagefrom,1,1
haemorrhag,haemorrhagehaemophilia,1,1
gestation,gestational,256331,445297
gestation,gestation,228379,351691
gestation,gestations,8604,11605
gestation,gestationnel,1982,2961
gestation,gestationsdiabetes,1204,1868
gestation,gestationis,1175,1881
gestation,gestationsalter,1035,1390
gestation,gestationally,442,503
gestation,gestationnelle,208,272
gestation,gestationsalters,126,148
gestation,gestationnelles,113,151
gestation,gestationnels,112,123
gestation,gestationalage,111,118
gestation,gestationswoche,87,102
gestation,gestationeerd,66,68
gestation,gestationsdiabetikerinnen,61,82
gestation,gestationsbedingte,47,52
gestation,gestationaldiabetes,44,47
gestation,gestationswochen,42,45
gestation,gestationel,39,49
gestation,gestationsperiode,38,38
gestation,gestationshypertonie,37,48
gestation,gestationsdauer,33,40
gestation,gestationstag,30,44
gestation,gestationnal,28,28
gestation,gestationa,25,25
gestation,gestationszeit,22,25
gestation,gestatione,21,21
gestation,gestationl,21,25
gestation,gestationsbedingten,20,20
gestation,gestationshormon,19,21
gestation,gestationalhypertension,17,17
gestation,gestationai,15,18
gestation,gestationperiod,14,17
gestation,gestationsaltersabh,14,16
gestation,gestationwere,13,13
gestation,gestationalweeks,11,11
gestation,gestationsvorg,11,11
gestation,gestationaldiabetesmellitus,10,11
gestation,gestationand,10,10
gestation,gestationele,10,12
gestation,gestationsvecka,10,12
gestation,gestationes,9,10
gestation,gestationsalterabh,9,9
gestation,gestationshypertonus,9,9
gestation,gestationaltrophoblastic,8,12
gestation,gestationsl,8,10
gestation,gestationalen,7,7
gestation,gestationality,7,13
gestation,gestationalweek,7,7
gestation,gestationalweight,7,7
gestation,gestationelle,7,8
gestation,gestationstagen,7,7
gestation,gestationalis,6,8
gestation,gestationeerde,6,6
gestation,gestationem,6,6
gestation,gestationsalder,6,8
gestation,gestationsaltern,6,7
gestation,gestationsverlauf,6,6
gestation,gestationwith,6,6
gestation,gestationale,5,5
gestation,gestationary,5,5
gestation,gestationssack,5,5
gestation,gestationszeitpunkt,5,5
gestation,gestationszeitpunkten,5,12
gestation,gestationage,4,4
gestation,gestationalism,4,6
gestation,gestationfigure,4,10
gestation,gestationla,4,4
gestation,gestationon,4,4
gestation,gestationsabh,4,4
gestation,gestationsalterbezogene,4,6
gestation,gestationsdiabetesrisiko,4,4
gestation,gestationsphase,4,4
gestation,gestationsproze,4,4
gestation,gestationsuge,4,11
gestation,gestationalperiod,3,3
gestation,gestationday,3,3
gestation,gestationed,3,4
gestation,gestationeel,3,3
gestation,gestationi,3,5
gestation,gestationin,3,3
gestation,gestationsal,3,3
gestation,gestationsalterbestimmung,3,4
gestation,gestationsalterssch,3,3
gestation,gestationsdiabetischen,3,5
gestation,gestationsdiabtes,3,3
gestation,gestationshyperthyreose,3,6
gestation,gestationsketose,3,7
gestation,gestationsnephrose,3,3
gestation,gestationsperioden,3,3
gestation,gestationsreife,3,3
gestation,gestationsstadien,3,3
gestation,gestationstoxikose,3,3
gestation,gestationsveckor,3,3
gestation,gestationthe,3,3
gestation,gestationthis,3,3
gestation,gestationaalinen,2,2
gestation,gestationaf,2,2
gestation,gestationalamenorrhea,2,2
gastro,gastrointestinal,581558,861252
gastro,gastro,66124,87665
gastro,gastroenterology,65056,92158
gastro,gastropoda,54877,62026
gastro,gastroesophageal,52965,79134
gastro,gastroenteritis,45152,70892
gastro,gastrocnemius,34748,56897
gastro,gastropods,19273,27415
gastro,gastroduodenal,19126,27790
gastro,gastropod,18655,25610
gastro,gastrostomy,18076,32041
gastro,gastroenterologists,12984,18050
gastro,gastroscopy,12123,18597
gastro,gastronomy,10670,17721
gastro,gastron,10159,15893
gastro,gastronomic,9385,16972
gastro,gastroparesis,7902,17577
gastro,gastronom,7896,11087
gastro,gastroenterologist,7235,8624
gastro,gastroenterological,7011,8571
gastro,gastrointestinales,6968,9363
gastro,gastroenterol,6500,8943
gastro,gastronomia,6034,9363
gastro,gastroprotective,5272,8402
gastro,gastronomie,4990,7525
gastro,gastroschisis,4807,11370
gastro,gastrojejunostomy,4484,6606
gastro,gastropathy,4313,6899
gastro,gastroenteropancreatic,3873,5193
gastro,gastrointestinale,3723,4252
gastro,gastrointestinais,3718,4953
gastro,gastrodia,3477,7027
gastro,gastroplasty,3397,4940
gastro,gastroscope,3175,5073
gastro,gastroesof,2865,4431
gastro,gastronomica,2838,4940
gastro,gastroenterologie,2710,3391
gastro,gastroenterolog,2701,3450
gastro,gastrointestinalen,2494,2958
gastro,gastroscopic,2402,3265
gastro,gastroepiploic,2246,3413
gastro,gastronomi,2214,6176
gastro,gastroenteric,2055,2685
gastro,gastroretentive,2017,3300
gastro,gastroenterologia,1946,2471
gastro,gastroenterostomy,1885,2635
gastro,gastrotricha,1826,2280
gastro,gastrotheca,1755,2759
gastro,gastroent,1721,1942
gastro,gastrointestinaltrakt,1601,1782
gastro,gastrojejunal,1598,2228
gastro,gastrointest,1574,2253
gastro,gastrodin,1459,4537
gastro,gastrotomy,1445,1822
gastro,gastroduodenitis,1263,1977
gastro,gastropexy,1234,2516
gastro,gastrointestinaler,1225,1349
gastro,gastronomique,1200,1881
gastro,gastrocopta,1111,1324
gastro,gastrocolic,1096,1739
gastro,gastrografin,1088,2011
gastro,gastroprotection,1076,1519
gastro,gastropacha,1043,1873
gastro,gastroduodenoscopy,1036,1152
gastro,gastronomico,952,1208
gastro,gastroenterologic,951,1083
gastro,gastrocn,915,1533
gastro,gastrophryne,882,1011
gastro,gastrointestinaltraktes,878,969
gastro,gastroenteropathy,812,1172
gastro,gastroenterite,789,1094
gastro,gastrochilus,759,1341
gastro,gastrostomie,715,967
gastro,gastrointestinaltrakts,711,777
gastro,gastronomik,661,1351
gastro,gastrostom,641,1058
gastro,gastrostomies,641,879
gastro,gastroplastia,620,1003
gastro,gastronomical,618,784
gastro,gastrolobium,617,1005
gastro,gastrostomia,607,1100
gastro,gastroenterologischen,592,688
gastro,gastrooesophageal,576,704
gastro,gastroenterologen,544,646
gastro,gastronomii,539,676
gastro,gastroscopies,539,676
gastro,gastroesofagico,529,754
gastro,gastrovascular,529,794
gastro,gastroduodenostomy,521,732
gastro,gastrocnemii,520,764
gastro,gastrodermis,518,842
gastro,gastrointestinali,518,682
gastro,gastronomiques,496,547
gastro,gastroenter,482,645
gastro,gastrosaccus,467,567
gastro,gastroenterologische,465,494
gastro,gastrosplenic,431,679
gastro,gastrogavage,416,549
gastro,gastrocnemio,414,611
gastro,gastroskopie,414,497
gas,gas,4202609,7811163
gas,gases,752666,938449
gas,gastrointestinal,581558,861252
gas,gastric,558405,1322789
gas,gasses,329241,331110
gas,gaspuff,229393,229393
gas,gaseous,174796,227294
gas,gasoline,100294,185273
gas,gasification,66361,135286
gas,gastro,66124,87665
gas,gastroenterology,65056,92158
gas,gastrectomy,58250,103008
gas,gastropoda,54877,62026
gas,gastritis,53120,111315
gas,gastroesophageal,52965,79134
gas,gastos,51424,71266
gas,gasto,47431,73416
gas,gastroenteritis,45152,70892
gas,gastrocnemius,34748,56897
gas,gaston,26472,32993
gas,gastrin,22401,52065
gas,gastropods,19273,27415
gas,gastroduodenal,19126,27790
gas,gastropod,18655,25610
gas,gastrostomy,18076,32041
gas,gaster,15927,34945
gas,gasifier,15073,28535
gas,gast,15039,19839
gas,gasb,14803,31516
gas,gaspar,13233,17849
gas,gastroenterologists,12984,18050
gas,gastroscopy,12123,18597
gas,gastrulation,11568,18849
gas,gase,11494,18495
gas,gasket,11039,20623
gas,gastronomy,10670,17721
gas,gastron,10159,15893
gas,gasolina,9871,14201
gas,gastronomic,9385,16972
gas,gasp,9293,14200
gas,gasterosteus,7933,9491
gas,gastroparesis,7902,17577
gas,gastronom,7896,11087
gas,gasset,7471,9855
gas,gastroenterologist,7235,8624
gas,gasosa,7154,8772
gas,gastroenterological,7011,8571
gas,gastrointestinales,6968,9363
gas,gastroenterol,6500,8943
gas,gastrul,6145,46142
gas,gastronomia,6034,9363
gas,gastral,5882,12056
gas,gaskets,5852,9300
gas,gaskell,5683,9405
gas,gass,5528,7943
gas,gastrula,5329,7587
gas,gastroprotective,5272,8402
gas,gasen,5128,5848
gas,gastronomie,4990,7525
gas,gaspard,4810,5848
gas,gastroschisis,4807,11370
gas,gascogne,4767,6021
gas,gasdermin,4676,6794
gas,gastrojejunostomy,4484,6606
gas,gasal,4393,5604
gas,gastropathy,4313,6899
gas,gasf,4279,5110
gas,gasphase,4180,4857
gas,gasseri,4074,6372
gas,gastrique,3893,6014
gas,gastroenteropancreatic,3873,5193
gas,gassing,3799,5434
gas,gastrointestinale,3723,4252
gas,gastrointestinais,3718,4953
gas,gastaut,3552,5089
gas,gasdynamic,3517,4573
gas,gastrodia,3477,7027
gas,gasified,3454,4446
gas,gastroplasty,3397,4940
gas,gastrale,3351,3883
gas,gasifiers,3275,4530
gas,gasser,3214,4079
gas,gastroscope,3175,5073
gas,gasteiz,3073,3874
gas,gaseosa,3067,3800
gas,gastrica,3045,4782
gas,gasipaes,3012,4494
gas,gasping,2920,4073
gas,gastroesof,2865,4431
gas,gastrico,2860,4759
gas,gastronomica,2838,4940
gas,gasse,2803,3128
gas,gasosas,2763,3909
gas,gassmann,2730,4273
gas,gastroenterologie,2710,3391
gas,gastroenterolog,2701,3450
gas,gastar,2631,2781
gas,gash,2610,3842
gas,gastrointestinalen,2494,2958
gas,gascon,2450,3134
fuel,fuel,1144009,2266276
fuel,fueling,530277,535355
fuel,fuels,329261,479807
fuel,fueled,74330,84902
fuel,fuelled,32232,35988
fuel,fuelling,10779,12717
fuel,fuelwood,5641,10083
fuel,fuelleborni,1867,2603
fuel,fuelcell,1856,2288
fuel,fuelhh,840,840
fuel,fuelcellsworks,547,547
fuel,fuelle,404,448
fuel,fuell,199,216
fuel,fuelconsumption,157,173
fuel,fueller,150,218
fuel,fuelbed,141,256
fuel,fuelcells,124,132
fuel,fuelbeds,123,248
fuel,fueleu,101,146
fuel,fueler,100,138
fuel,fuellen,98,107
fuel,fueloil,97,133
fuel,fuela,79,79
fuel,fuelband,72,121
fuel,fuelbreak,72,124
fuel,fueld,68,72
fuel,fuelbreaks,65,112
fuel,fuelwoods,62,85
fuel,fuelscite,55,55
fuel,fuelbased,49,54
fuel,fuelfix,45,54
fuel,fuelcon,44,81
fuel,fuelefficient,44,44
fuel,fueleconomy,43,46
fuel,fuelgen,43,62
fuel,fuelles,43,54
fuel,fuelless,42,104
fuel,fuellmich,38,73
fuel,fueland,37,37
fuel,fuelgae,37,81
fuel,fuellung,37,41
fuel,fuelcite,36,36
fuel,fuelmore,35,35
fuel,fuellergehalt,33,38
fuel,fuelair,31,34
fuel,fuelization,31,40
fuel,fuelinjection,29,29
fuel,fuelpositive,28,31
fuel,fuellers,27,41
fuel,fuelelement,25,25
fuel,fuellstoffe,25,34
fuel,fuellhart,24,31
fuel,fuelfor,23,24
fuel,fuelin,23,23
fuel,fuellstoff,23,32
fuel,fuelsfuel,22,22
fuel,fueltank,22,30
fuel,fuelish,21,22
fuel,fuellstoffen,21,22
fuel,fuelcombustion,20,21
fuel,fuelers,20,24
fuel,fuelings,20,23
fuel,fuelefficiency,19,19
fuel,fuelspp,19,19
fuel,fuele,18,18
fuel,fuellern,18,26
fuel,fuelrich,18,19
fuel,fuelduring,16,16
fuel,fuelphp,16,23
fuel,fueloleo,15,21
fuel,fuelsave,15,25
fuel,fueltype,15,19
fuel,fuelburn,14,27
fuel,fueles,14,21
fuel,fuelnegg,14,15
fuel,fueltech,14,19
fuel,fuellebornii,13,16
fuel,fuelwatch,13,28
fuel,fuella,12,13
fuel,fuellten,12,12
fuel,fueloepi,12,22
fuel,fuelpoverty,12,14
fuel,fuelsaving,12,12
fuel,fuelberg,11,15
fuel,fuelcycle,11,13
fuel,fuelenergy,11,11
fuel,fuelfired,11,11
fuel,fuelgas,11,13
fuel,fuellas,11,14
fuel,fuellboden,11,11
fuel,fuellt,11,11
fuel,fuelsand,11,11
fuel,fuelshed,11,16
fuel,fuelberth,10,10
fuel,fuelleborn,10,10
fuel,fuellenbach,10,19
fuel,fueloline,10,13
fuel,fuelquest,10,10
fuel,fuelrod,10,15
fuel,fuelsfor,10,10
frail,frailty,69468,220231
frail,frail,43433,83713
frail,fraile,2565,3210
frail,frailes,2237,2776
frail,frailties,2187,2492
frail,frailer,1189,1324
frail,frailest,375,397
frail,frailejones,219,316
frail,frailesca,204,343
frail,frailea,170,347
frail,frailej,148,184
frail,frailey,134,185
frail,frailness,122,136
frail,fraility,101,126
frail,fraillon,83,106
frail,frailing,64,88
frail,frails,60,69
frail,frailejonal,39,58
frail,frailejon,36,47
frail,frailescana,27,41
frail,frailly,27,28
frail,frailtypack,27,37
frail,fraileana,25,33
frail,frailed,25,28
frail,frailities,25,25
frail,frailtie,25,25
frail,frailecillo,23,31
frail,frailt,22,26
frail,frailomic,20,32
frail,fraily,19,19
frail,fraillery,17,17
frail,frailsafe,17,38
frail,frailejonales,15,17
frail,frailensis,15,18
frail,frailero,14,14
frail,frailescanense,14,42
frail,frailtyhl,14,28
frail,fraill,13,16
frail,fraila,12,20
frail,fraileros,11,13
frail,frailsurvey,10,27
frail,frailkim,9,9
frail,frailesel,8,14
frail,frailmar,8,12
frail,frailach,7,7
frail,frailen,7,16
frail,frailiche,7,13
frail,frailtyand,7,8
frail,frailtysurv,7,12
frail,frailand,6,6
frail,frailecillos,6,10
frail,fraileyi,6,13
frail,frailocracia,6,6
frail,frailtools,6,6
frail,frailtyem,6,8
frail,frailcare,5,8
frail,frailee,5,5
frail,fraileys,5,5
frail,frailis,5,5
frail,frailscale,5,5
frail,frailtyindex,5,5
frail,fraileagust,4,4
frail,frailers,4,12
frail,frailito,4,5
frail,frailles,4,4
frail,frailmatics,4,4
frail,frailtyamongrobustparticipantsatbaselineand,4,4
frail,frailachs,3,3
frail,frailco,3,5
frail,frailesco,3,4
frail,frailite,3,4
frail,frailocracy,3,3
frail,frailones,3,4
frail,frailti,3,6
frail,frailtydavid,3,3
frail,frailtyism,3,4
frail,frailtymodels,3,3
frail,frailtystatus,3,5
frail,frailtythe,3,4
frail,frailtyu,3,13
frail,frailu,3,4
frail,frailuna,3,4
frail,frailar,2,3
frail,frailas,2,3
frail,frailberg,2,2
frail,frailcheck,2,2
frail,frailclinic,2,5
frail,fraileactor,2,2
frail,fraileas,2,2
frail,frailecito,2,2
frail,fraileg,2,2
frail,frailego,2,3
frail,frailejonalpajonal,2,2
frail,frailejondel,2,2
frail,frailejonota,2,2
frail,frailelderly,2,2
frail,frailemerino,2,2
frail,frailengo,2,3
frail,frailera,2,2
frail,frailescano,2,11
flood,flood,330715,757082
flood,flooding,190003,335252
flood,floods,124751,187815
flood,flooded,55852,78288
flood,floodplain,51701,94558
flood,floodplains,17016,24473
flood,floodwater,4241,6916
flood,floodwaters,2621,3158
flood,floodgates,1972,2413
flood,floodlight,1107,1647
flood,floodings,986,1141
flood,floodway,967,1675
flood,floodgate,830,1238
flood,floodable,604,814
flood,floodlights,564,662
flood,floodmapgl,370,436
flood,floodlighting,294,399
flood,floodwalls,268,349
flood,floodwall,253,407
flood,floodways,251,351
flood,floodland,191,254
flood,floodar,165,165
flood,floodbasin,164,271
flood,floodflow,134,162
flood,floodlands,129,137
flood,floodprone,128,146
flood,floodproofing,113,232
flood,floodsite,104,166
flood,floodrisk,103,155
flood,floodnet,101,199
flood,floodtide,100,116
flood,floodlit,97,98
flood,floodwood,93,105
flood,floodwave,87,126
flood,floodability,78,113
flood,floodflows,73,93
flood,floodout,72,114
flood,floodfill,70,102
flood,floodsnet,67,212
flood,floody,66,76
flood,floodmap,47,73
flood,floodbasins,45,64
flood,flooder,36,42
flood,floodcontrol,35,35
flood,floodx,35,212
flood,floodcite,34,34
flood,floodin,33,35
flood,floodmark,33,34
flood,floodouts,33,49
flood,floodplane,26,27
flood,floodprobe,26,42
flood,floodwatch,25,51
flood,floodzone,25,30
flood,floodhazard,24,24
flood,floodline,24,33
flood,floodlinehour,24,24
flood,floodscale,24,49
flood,floodscape,23,26
flood,floodwaves,23,35
flood,floodarea,22,38
flood,floodplan,22,22
flood,floodpulse,22,30
flood,floodlines,21,44
flood,floodrelief,20,23
flood,floodless,19,24
flood,floodproof,19,21
flood,floodbank,18,35
flood,flooddam,18,30
flood,floodfrequency,18,22
flood,floodfront,18,22
flood,floodlighted,18,20
flood,floodos,18,28
flood,floodpain,18,18
flood,floodforecasting,17,17
flood,floodingin,17,17
flood,floodlamp,17,18
flood,floodmarks,17,20
flood,floodsense,17,32
flood,floodjet,15,17
flood,floodsformer,15,33
flood,floodaffected,14,14
flood,floodand,14,14
flood,floodlist,14,21
flood,floodscapes,14,17
flood,floodstory,14,36
flood,floodworks,14,19
flood,floodhub,13,17
flood,floodingand,13,13
flood,floodmaps,13,17
flood,floodplans,13,17
flood,floodproofs,13,13
flood,floodthe,13,13
flood,floodwise,13,16
flood,floodevac,12,12
flood,floodfreq,12,17
flood,floodiness,12,31
flood,floodrelated,12,12
flood,floodadapt,11,29
flood,floodback,11,24
flood,floodcitisense,11,19
fire,fire,708789,1587877
fire,fires,130197,221073
fire,fired,114131,158580
fire,firenze,40453,50337
fire,firefly,25061,40638
fire,firefighters,24336,47117
fire,firearms,20715,35969
fire,firewall,18183,34996
fire,firearm,15845,40507
fire,firewood,13592,19653
fire,firefighting,13230,20800
fire,firefighter,11734,16610
fire,firewalls,10871,15191
fire,fireworks,10824,16916
fire,firefox,10560,18367
fire,fireplace,8920,11451
fire,fireball,8656,13608
fire,firemen,7253,9656
fire,firebase,5992,8996
fire,fireman,5291,7106
fire,firestone,4837,7071
fire,fireflies,4303,6648
fire,fireside,4271,5151
fire,firem,3863,5068
fire,fireproof,3753,5705
fire,firepower,3349,4874
fire,firehouse,2834,3108
fire,firemn,2788,3698
fire,fireballs,2673,3774
fire,firent,2584,2672
fire,firework,2315,3683
fire,fireplaces,2216,2719
fire,firestorm,2006,2379
fire,firebird,1791,2951
fire,firedrake,1489,4310
fire,fireproofing,1452,2292
fire,firebrand,1395,2327
fire,firehose,1324,1910
fire,firecracker,1093,1655
fire,firedrakeproject,1090,2350
fire,firewire,1065,1380
fire,firecrackers,1002,1509
fire,fireclay,780,1029
fire,fireweed,757,1391
fire,firex,684,1030
fire,fireline,665,1108
fire,firebox,660,995
fire,firebrands,620,1294
fire,firemni,613,1086
fire,firesetting,548,1558
fire,firecloud,536,717
fire,firebreaks,528,789
fire,firebrick,497,705
fire,firebreak,494,789
fire,firelight,411,541
fire,firestore,407,563
fire,firefight,386,527
fire,firestorms,377,592
fire,fireground,372,543
fire,fireblight,369,534
fire,firewater,347,507
fire,firedamp,345,454
fire,firebug,300,486
fire,firemaster,298,460
fire,firewalling,298,343
fire,firedpy,295,592
fire,firebombing,286,323
fire,firesetters,284,748
fire,firebaugh,273,363
fire,firey,264,325
fire,firetv,259,272
fire,firenzuola,254,337
fire,firer,245,334
fire,firestarter,244,565
fire,firetruck,243,297
fire,fireworm,236,390
fire,firehole,223,329
fire,firestick,221,346
fire,firestein,209,290
fire,firestop,195,291
fire,firet,186,197
fire,firesides,183,198
fire,firemnich,167,193
fire,fireless,166,198
fire,firestonei,166,168
fire,fireflood,159,348
fire,firebugs,150,245
fire,firemniho,150,182
fire,firefights,149,167
fire,firepit,149,179
fire,firebrat,147,235
fire,fireeye,144,185
fire,firewise,142,259
fire,firetube,139,237
fire,fireboat,138,191
fire,firecci,131,270
fire,firebricks,130,195
fire,firetail,129,195
fire,firetec,128,204
fire,firethorn,127,228
filter,filter,2306146,3122077
filter,filtering,461458,684400
filter,filters,409388,661982
filter,filtered,199852,248839
filter,filterbank,3017,4719
filter,filtern,2923,3240
filter,filterability,2688,4539
filter,filterable,2408,3095
filter,filterung,1153,1307
filter,filterbanks,990,1702
filter,filterless,739,1114
filter,filtergrams,657,847
filter,filteration,602,714
filter,filtercake,411,981
filter,filterers,400,493
filter,filteroptionen,365,367
filter,filterisasi,360,477
filter,filterfunktion,261,271
filter,filterings,236,266
filter,filtert,232,260
filter,filterpapier,212,236
filter,filtera,199,293
filter,filterblasen,165,186
filter,filterm,161,172
filter,filterer,157,177
filter,filterbatch,150,206
filter,filteret,145,254
filter,filterf,140,140
filter,filterwire,136,266
filter,filterwirkung,135,156
filter,filteren,133,143
filter,filtermedien,133,188
filter,filtermaterial,122,168
filter,filterkaffee,119,141
filter,filterpaper,109,134
filter,filtersystem,108,117
filter,filtertechnik,108,115
filter,filteranlagen,99,110
filter,filteri,98,112
filter,filterkuchen,98,132
filter,filterkombination,97,98
filter,filtergraph,92,134
filter,filtersysteme,92,106
filter,filtermaterialien,90,117
filter,filterfunktionen,87,90
filter,filtere,86,100
filter,filterate,85,119
filter,filterverfahren,82,88
filter,filterelemente,81,90
filter,filtergram,78,90
filter,filterd,75,89
filter,filterbased,74,75
filter,filteranlage,73,113
filter,filterst,71,86
filter,filtercakes,70,113
filter,filterb,67,98
filter,filtermedium,62,71
filter,filteraltreads,59,177
filter,filteroption,59,59
filter,filterleistung,53,80
filter,filterbar,52,56
filter,filterin,51,53
filter,filtereinstellungen,50,55
filter,filterwechsel,50,58
filter,filtereigenschaften,49,57
filter,filtersystemen,49,53
filter,filterset,48,59
filter,filterfor,47,47
filter,filtersand,46,59
filter,filterblase,44,64
filter,filterfeeding,44,44
filter,filtersim,43,81
filter,filterstrukturen,43,50
filter,filterscite,42,42
filter,filtertheorie,42,44
filter,filterand,41,41
filter,filterite,41,88
filter,filtermethoden,41,44
filter,filteredpush,40,89
filter,filterpress,40,51
filter,filterelementen,39,44
filter,filtermaterials,39,41
filter,filterschaltungen,39,45
filter,filterlaag,38,87
filter,filtermethode,38,41
filter,filterschicht,38,48
filter,filterdesign,37,38
filter,filterentwurf,37,37
filter,filterkuchens,37,52
filter,filternya,37,40
filter,filterwith,37,37
filter,filteris,35,36
filter,filternden,34,37
filter,filterbase,33,59
filter,filterl,33,49
filter,filterima,32,35
filter,filterkriterien,32,43
filter,filtertechniken,32,38
filter,filterasi,31,59
filter,filteringauthors,31,31
fever,fever,484586,772256
fever,fevereiro,34187,36981
fever,fevers,20152,24373
fever,feverish,3787,4211
fever,fevered,843,995
fever,feverfew,842,1573
fever,feverishly,816,820
fever,feverishness,182,199
fever,feversham,178,211
fever,feveral,135,204
fever,feverole,128,172
fever,feverel,118,139
fever,feverous,108,155
fever,feverpain,48,126
fever,feverin,46,47
fever,feverstreptococcal,46,48
fever,feverthe,43,53
fever,fevering,42,54
fever,fevery,42,52
fever,feverand,38,38
fever,feverthese,29,29
fever,fevera,25,25
fever,fevere,24,28
fever,feveroles,21,31
fever,fevervirus,20,20
fever,feverless,18,18
fever,feverrheumatoid,18,18
fever,feverplate,17,17
fever,feverrheumatic,17,20
fever,feverapp,15,44
fever,feveris,15,16
fever,feverlike,15,17
fever,feverwith,15,15
fever,feverously,14,14
fever,fevereirode,12,12
fever,feverkidstool,11,32
fever,feveracute,10,13
fever,feverdisk,10,15
fever,feveri,10,10
fever,feverjournal,10,10
fever,feveran,9,13
fever,feverclinical,9,9
fever,feverfamilial,9,17
fever,feverfever,8,10
fever,feverof,8,8
fever,feverpaul,8,8
fever,feveramong,7,7
fever,feverc,7,7
fever,feverdx,7,13
fever,fevereiros,7,12
fever,feverlini,7,8
fever,feverpatients,7,7
fever,fevert,7,7
fever,fevervine,7,16
fever,feverwas,7,7
fever,feverall,6,8
fever,feveranalysis,6,6
fever,feverassociated,6,6
fever,feveric,6,7
fever,feverity,6,7
fever,feverq,6,12
fever,feversyphilis,6,6
fever,feverwere,6,6
fever,fevercases,5,5
fever,feverdas,5,5
fever,fevergeorge,5,5
fever,feverjames,5,5
fever,feverlein,5,7
fever,feverlino,5,5
fever,feverlinvs,5,5
fever,fevermix,5,21
fever,feveror,5,5
fever,feverperiodic,5,5
fever,feverresearch,5,5
fever,fevertreatment,5,5
fever,fevertree,5,5
fever,feveryellow,5,5
fever,feverbach,4,4
fever,fevercausing,4,4
fever,feverchild,4,4
fever,fevercolchicine,4,7
fever,feverdengue,4,4
fever,feverdi,4,4
fever,feverdie,4,4
fever,feverdifferential,4,4
fever,feverdisks,4,4
fever,feverei,4,4
fever,fevererio,4,4
fever,fevererkrankungen,4,4
fever,fevergroup,4,4
fever,feverh,4,4
fever,feverhttps,4,4
fever,feverhuman,4,4
fever,feverier,4,4
fever,feverinduced,4,4
fever,feverland,4,4
fever,fevernova,4,4
fever,feveron,4,4
fever,feverprevention,4,5
fever,feverrecurrent,4,5
fertilizer,fertilizers,276793,417701
fertilizer,fertilizer,267402,636686
fertilizer,fertilizerapplication,41,42
fertilizer,fertilizerand,33,33
fertilizer,fertilizering,33,41
fertilizer,fertilizerson,26,26
fertilizer,fertilizeron,23,26
fertilizer,fertilizerscite,20,20
fertilizer,fertilizered,19,27
fertilizer,fertilizern,18,20
fertilizer,fertilizersand,15,15
fertilizer,fertilizeris,14,14
fertilizer,fertilizersin,14,14
fertilizer,fertilizerat,13,15
fertilizer,fertilizerlevels,11,12
fertilizer,fertilizerp,11,11
fertilizer,fertilizerwas,11,11
fertilizer,fertilizercite,10,10
fertilizer,fertilizeras,9,9
fertilizer,fertilizerrates,9,9
fertilizer,fertilizersa,9,9
fertilizer,fertilizerwith,9,10
fertilizer,fertilizerd,8,8
fertilizer,fertilizerin,8,8
fertilizer,fertilizernitrogen,8,9
fertilizer,fertilizersare,8,8
fertilizer,fertilizerse,8,8
fertilizer,fertilizerthe,8,10
fertilizer,fertilizerchemical,7,7
fertilizer,fertilizerck,7,9
fertilizer,fertilizerrecommendation,7,9
fertilizer,fertilizersw,7,7
fertilizer,fertilizertreatment,7,7
fertilizer,fertilizerwere,7,8
fertilizer,fertilizercropspecific,6,8
fertilizer,fertilizerk,6,7
fertilizer,fertilizerorganic,6,6
fertilizer,fertilizerphosphate,6,6
fertilizer,fertilizerphosphorus,6,7
fertilizer,fertilizersg,6,6
fertilizer,fertilizersj,6,6
fertilizer,fertilizertreatments,6,6
fertilizer,fertilizeruse,6,6
fertilizer,fertilizera,5,5
fertilizer,fertilizerapplications,5,5
fertilizer,fertilizeration,5,5
fertilizer,fertilizerby,5,5
fertilizer,fertilizerfertilizer,5,12
fertilizer,fertilizerfor,5,5
fertilizer,fertilizernagar,5,5
fertilizer,fertilizernitrogenous,5,5
fertilizer,fertilizerrate,5,5
fertilizer,fertilizerrecommendations,5,5
fertilizer,fertilizersandpesticides,5,5
fertilizer,fertilizersf,5,5
fertilizer,fertilizersh,5,5
fertilizer,fertilizersl,5,5
fertilizer,fertilizersoil,5,7
fertilizer,fertilizersthe,5,5
fertilizer,fertilizersto,5,5
fertilizer,fertilizerto,5,5
fertilizer,fertilizertype,5,5
fertilizer,fertilizeralone,4,4
fertilizer,fertilizerefficiency,4,4
fertilizer,fertilizermanagement,4,4
fertilizer,fertilizerplanting,4,4
fertilizer,fertilizerplants,4,4
fertilizer,fertilizerpotassium,4,4
fertilizer,fertilizerproduction,4,5
fertilizer,fertilizerprovide,4,4
fertilizer,fertilizerr,4,4
fertilizer,fertilizersc,4,4
fertilizer,fertilizerscience,4,4
fertilizer,fertilizersr,4,4
fertilizer,fertilizerstraw,4,5
fertilizer,fertilizerswith,4,4
fertilizer,fertilizerthat,4,4
fertilizer,fertilizerunder,4,4
fertilizer,fertilizerapplied,3,3
fertilizer,fertilizeravailability,3,3
fertilizer,fertilizercan,3,3
fertilizer,fertilizerdemandbycropdata,3,3
fertilizer,fertilizerdistribution,3,3
fertilizer,fertilizerfarmyard,3,3
fertilizer,fertilizerfrom,3,3
fertilizer,fertilizergrade,3,6
fertilizer,fertilizerincreased,3,3
fertilizer,fertilizerindustry,3,3
fertilizer,fertilizerinorganic,3,3
fertilizer,fertilizerirrigation,3,3
fertilizer,fertilizermanureresidues,3,3
fertilizer,fertilizerneeds,3,4
fertilizer,fertilizerno,3,3
fertilizer,fertilizernutrient,3,3
fertilizer,fertilizerof,3,3
fertilizer,fertilizeror,3,3
fertilizer,fertilizerplant,3,3
fertilizer,fertilizerrs,3,3
fertilizer,fertilizersassuming,3,3
fertilizer,fertilizersbruce,3,3
factor,factors,9616741,14993392
factor,factor,6030740,8507192
factor,factores,489254,762564
factor,factorial,239158,281791
factor,factory,227673,328957
factor,factories,100471,127646
factor,factorization,96732,146239
factor,factoring,21205,30527
factor,factored,17781,20607
factor,factoren,13499,19875
factor,factorized,9727,11985
factor,factorizations,9504,13423
factor,factorisation,7395,10663
factor,factorielle,3781,4650
factor,factoriales,3322,3828
factor,factorize,3167,3364
factor,factorially,3131,3225
factor,factorizable,2647,3782
factor,factorizing,2495,2767
factor,factorials,2289,2832
factor,factorizes,1789,1834
factor,factori,1417,1611
factor,factorii,1352,1477
factor,factorielles,1138,1310
factor,factorilor,1012,1104
factor,factorable,966,1398
factor,factorisations,928,1332
factor,factorizaci,878,1426
factor,factorised,835,1048
factor,factoriel,752,863
factor,factoria,698,804
factor,factorsthat,557,566
factor,factorise,452,501
factor,factorizability,415,518
factor,factorsin,395,399
factor,factoral,390,445
factor,factorability,377,463
factor,factorsof,359,363
factor,factorisable,357,526
factor,factorising,333,384
factor,factoriels,331,377
factor,factorum,324,328
factor,factorsand,321,328
factor,factoranalysis,282,290
factor,factorin,273,279
factor,factorsaffecting,272,277
factor,factorizacion,268,384
factor,factorul,263,328
factor,factoris,258,277
factor,factorof,252,260
factor,factoriality,243,324
factor,factore,227,232
factor,factorsinfluencing,225,227
factor,factorsfor,224,227
factor,factorfor,215,215
factor,factorises,213,222
factor,factorului,213,221
factor,factorssuch,208,210
factor,factorias,190,219
factor,factoralpha,181,182
factor,factorily,173,173
factor,factoriza,170,214
factor,factora,162,172
factor,factorson,162,165
factor,factortame,162,230
factor,factoresde,158,165
factor,factorswhich,155,156
factor,factoranalyse,153,186
factor,factorsare,150,151
factor,factorswere,149,152
factor,factorsassociated,147,151
factor,factorumque,141,143
factor,factorizar,140,215
factor,factorsthe,130,135
factor,factorand,128,135
factor,factoriais,125,138
factor,factoriser,125,261
factor,factoresque,112,113
factor,factorytalk,108,160
factor,factoraje,105,224
factor,factorsmyocardial,95,95
factor,factorings,90,110
factor,factorizaciones,90,135
factor,factorovskyi,84,93
factor,factorbeta,81,85
factor,factorsto,76,76
factor,factorviii,76,84
factor,factorthat,74,74
factor,factorialmente,72,83
factor,factorthese,72,72
factor,factorys,69,76
factor,factorb,68,71
factor,factorsa,66,66
factor,factorsjournal,64,64
factor,factorkappa,63,65
factor,factorenergia,62,62
factor,factorsamong,62,64
factor,factorsrelated,62,62
factor,factorss,58,58
factor,factorv,57,69
event,events,3210345,4705737
event,event,1847721,2731460
event,eventually,572854,595919
event,eventos,152065,218432
event,eventual,137411,143933
event,evento,107404,151312
event,eventi,20167,26851
event,eventdate,17236,27044
event,eventualmente,15418,15784
event,eventuell,14977,15780
event,eventueel,12293,14775
event,eventuele,12130,15040
event,eventuais,10677,11162
event,eventuelle,10238,10778
event,eventuali,9886,10813
event,eventuella,9405,10274
event,eventuale,6943,7554
event,eventful,6928,7374
event,eventuellt,4702,5045
event,eventhough,4356,4463
event,eventuales,4114,4297
event,eventuality,3735,4191
event,eventuelt,3501,3736
event,eventuellement,2777,2845
event,eventtime,2506,2578
event,eventration,2270,3909
event,eventuelles,2151,2184
event,eventualities,1886,2175
event,eventail,1831,1897
event,eventuel,1742,1796
event,eventuels,1557,1582
event,eventuellen,1433,1482
event,eventuate,1415,1426
event,eventualidad,1117,1180
event,eventuated,1006,1014
event,eventyr,949,1163
event,eventu,912,996
event,eventbrite,835,1254
event,eventing,816,1369
event,eventualidades,793,847
event,eventid,779,950
event,eventive,759,1197
event,eventfulness,756,1040
event,eventueller,638,642
event,eventuates,579,584
event,eventualno,496,502
event,eventualit,466,485
event,eventscite,464,464
event,eventuating,463,471
event,eventstudie,462,589
event,eventualne,442,455
event,eventide,425,531
event,eventualidade,421,467
event,eventualite,371,376
event,eventrations,367,441
event,evental,330,440
event,eventualis,287,456
event,eventualita,280,289
event,eventmarketing,279,411
event,eventtype,264,271
event,eventrelated,263,269
event,eventus,244,266
event,eventraci,243,352
event,eventdriven,231,235
event,eventualnih,213,215
event,eventualni,206,210
event,eventraciones,201,284
event,eventmanagement,199,275
event,eventbased,195,201
event,eventless,188,195
event,eventum,181,217
event,eventails,147,161
event,eventsin,146,167
event,eventy,142,166
event,eventdisplay,139,852
event,eventualna,138,139
event,eventualment,129,131
event,eventyret,129,151
event,eventthese,128,128
event,eventiva,126,164
event,eventness,125,156
event,eventualnog,122,125
event,evently,119,132
event,eventremarks,119,298
event,eventsthe,119,154
event,eventa,117,154
event,eventualy,116,116
event,eventisierung,115,146
event,eventhe,100,100
event,eventsand,100,100
event,eventuals,99,103
event,evente,98,106
event,eventtriggered,92,102
event,eventualnim,92,98
event,eventuauy,91,94
event,eventfree,89,96
event,eventualnu,88,88
event,eventf,85,140
event,eventough,84,88
event,eventkultur,83,98
epidemic,epidemic,358060,542327
epidemic,epidemics,89747,118226
epidemic,epidemica,2406,2824
epidemic,epidemical,1050,1254
epidemic,epidemico,683,752
epidemic,epidemically,575,616
epidemic,epidemicity,399,512
epidemic,epidemicos,390,424
epidemic,epidemicas,327,350
epidemic,epidemicus,167,282
epidemic,epidemici,152,174
epidemic,epidemiche,125,130
epidemic,epidemicznego,103,112
epidemic,epidemicsound,102,112
epidemic,epidemick,69,79
epidemic,epidemice,65,66
epidemic,epidemicznych,51,62
epidemic,epidemicae,44,44
epidemic,epidemicis,44,44
epidemic,epidemiczne,35,37
epidemic,epidemicznej,30,33
epidemic,epidemicznym,28,29
epidemic,epidemicological,26,26
epidemic,epidemicum,23,26
epidemic,epidemiczn,19,19
epidemic,epidemicin,18,18
epidemic,epidemiczna,18,18
epidemic,epidemicam,17,17
epidemic,epidemicology,17,18
epidemic,epidemicmodel,16,18
epidemic,epidemiczny,14,16
epidemic,epidemicamente,13,13
epidemic,epidemicarum,13,13
epidemic,epidemicall,12,12
epidemic,epidemicand,10,10
epidemic,epidemiclogical,10,10
epidemic,epidemicof,10,10
epidemic,epidemicthe,8,8
epidemic,epidemicdiseases,7,7
epidemic,epidemiclike,7,7
epidemic,epidemickeho,6,6
epidemic,epidemicorum,6,6
epidemic,epidemicznymi,6,7
epidemic,epidemiced,5,6
epidemic,epidemicidad,5,5
epidemic,epidemickou,5,5
epidemic,epidemicproportions,5,5
epidemic,epidemicsand,5,5
epidemic,epidemicworld,5,5
epidemic,epidemican,4,4
epidemic,epidemicdisease,4,4
epidemic,epidemicdue,4,4
epidemic,epidemicera,4,4
epidemic,epidemichas,4,4
epidemic,epidemicintroduction,4,4
epidemic,epidemicka,4,4
epidemic,epidemicks,4,4
epidemic,epidemicky,4,4
epidemic,epidemicologic,4,4
epidemic,epidemicperiod,4,4
epidemic,epidemicprevention,4,4
epidemic,epidemicstrains,4,4
epidemic,epidemictyphus,4,4
epidemic,epidemicwhich,4,4
epidemic,epidemicalgorithm,3,3
epidemic,epidemicalization,3,3
epidemic,epidemicauthors,3,3
epidemic,epidemicc,3,3
epidemic,epidemicke,3,3
epidemic,epidemiclogic,3,3
epidemic,epidemicmark,3,3
epidemic,epidemicon,3,3
epidemic,epidemicor,3,3
epidemic,epidemicorvm,3,3
epidemic,epidemicoutbreak,3,3
epidemic,epidemicsis,3,3
epidemic,epidemicsof,3,3
epidemic,epidemicstyle,3,3
epidemic,epidemicwaves,3,3
epidemic,epidemicwith,3,3
epidemic,epidemicx,3,3
epidemic,epidemicalfred,2,2
epidemic,epidemicao,2,2
epidemic,epidemicaobjetivo,2,2
epidemic,epidemicareas,2,2
epidemic,epidemicblood,2,2
epidemic,epidemiccelebrating,2,2
epidemic,epidemicchat,2,4
epidemic,epidemiccovid,2,3
epidemic,epidemicdis,2,2
epidemic,epidemicencephalitis,2,3
epidemic,epidemichigh,2,2
epidemic,epidemicidade,2,2
epidemic,epidemicinfectious,2,2
epidemic,epidemicinformation,2,2
epidemic,epidemicisque,2,2
epidemic,epidemicite,2,8
epidemic,epidemicities,2,2
epidemic,epidemicjoan,2,2
epidemic,epidemicjournal,2,2
encephalit,encephalitis,92244,167866
encephalit,encephalitogenic,2686,4219
encephalit,encephalitic,2431,3042
encephalit,encephalitozoon,2114,3675
encephalit,encephalitides,1015,1272
encephalit,encephalite,286,374
encephalit,encephalitozoonosis,269,407
encephalit,encephalitogenicity,217,275
encephalit,encephalitogen,138,179
encephalit,encephalites,128,178
encephalit,encephalitiden,51,54
encephalit,encephalities,44,48
encephalit,encephalitisvirus,27,32
encephalit,encephalitischen,21,28
encephalit,encephalitidis,18,18
encephalit,encephalitische,18,19
encephalit,encephalitozoonidae,17,19
encephalit,encephalitits,15,16
encephalit,encephalitises,14,22
encephalit,encephaliti,13,13
encephalit,encephalitics,12,13
encephalit,encephalitide,12,12
encephalit,encephalitique,12,16
encephalit,encephalitogene,11,11
encephalit,encephalitogens,11,15
encephalit,encephalitischer,10,12
encephalit,encephalitomyelitis,10,11
encephalit,encephalitozoonose,10,13
encephalit,encephalits,10,10
encephalit,encephalitisthe,8,10
encephalit,encephalitiker,7,7
encephalit,encephalitisa,7,7
encephalit,encephalitiskranken,7,13
encephalit,encephalitus,7,7
encephalit,encephalit,6,7
encephalit,encephalitiques,6,6
encephalit,encephalitise,6,7
encephalit,encephalitisf,6,8
encephalit,encephalitisin,6,7
encephalit,encephalito,6,6
encephalit,encephalitidies,5,5
encephalit,encephalitisacute,5,6
encephalit,encephalitisand,5,5
encephalit,encephalitisek,5,11
encephalit,encephalitazoon,4,4
encephalit,encephaliten,4,4
encephalit,encephalitikern,4,4
encephalit,encephalitischem,4,4
encephalit,encephalitisstudien,4,4
encephalit,encephalitogenen,4,6
encephalit,encephalitogenes,4,4
encephalit,encephalitisartige,3,3
encephalit,encephalitisepidemie,3,3
encephalit,encephalitisherpes,3,10
encephalit,encephalitisisotope,3,3
encephalit,encephalitison,3,3
encephalit,encephalitist,3,3
encephalit,encephalitisviral,3,6
encephalit,encephalitogenesis,3,3
encephalit,encephalitozoan,3,6
encephalit,encephalitozon,3,3
encephalit,encephalitozoonos,3,5
encephalit,encephality,3,3
encephalit,encephalitedes,2,4
encephalit,encephalitfs,2,2
encephalit,encephalitica,2,2
encephalit,encephalitisb,2,2
encephalit,encephalitiscase,2,2
encephalit,encephalitisches,2,2
encephalit,encephalitischristine,2,2
encephalit,encephalitisclinical,2,2
encephalit,encephalitisde,2,2
encephalit,encephalitisdiagnosis,2,2
encephalit,encephalitiserkrankungen,2,2
encephalit,encephalitisformen,2,2
encephalit,encephalitisimmunofluorescence,2,2
encephalit,encephalitisis,2,2
encephalit,encephalitism,2,2
encephalit,encephalitismyocarditis,2,2
encephalit,encephalitisnek,2,2
encephalit,encephalitisneuropediatrics,2,2
encephalit,encephalitisobjective,2,2
encephalit,encephalitisplugging,2,2
encephalit,encephalitisre,2,2
encephalit,encephalitiss,2,2
encephalit,encephalitisthere,2,2
encephalit,encephalitisthis,2,2
encephalit,encephalitistreatment,2,2
encephalit,encephalitiswest,2,2
encephalit,encephalititis,2,2
encephalit,encephalitls,2,2
encephalit,encephalitog,2,2
encephalit,encephalitogenie,2,2
encephalit,encephalitozo,2,2
encephalit,encephalitozoic,2,2
encephalit,encephalitozoom,2,2
encephalit,encephalitozoonintestinalis,2,2
encephalit,encephalitozoonoses,2,3
encephalit,encephalitatic,1,1
encephalit,encephalitazoan,1,1
emission,emission,3955919,5147522
emission,emissions,2483693,3461477
emission,emissionen,11575,17480
emission,emissioni,4900,7464
emission,emissione,3488,4990
emission,emissionshandel,922,1126
emission,emissioner,647,1083
emission,emissionsminderung,620,685
emission,emissionshandels,415,512
emission,emissionswerte,347,420
emission,emissionsfaktoren,333,517
emission,emissionsspektren,330,361
emission,emissionsverhalten,297,335
emission,emissionsreduktion,259,278
emission,emissionsarme,241,253
emission,emissionsspektroskopie,238,260
emission,emissionsgrenzwerte,214,226
emission,emissionshandelssystem,214,239
emission,emissionsmessungen,194,215
emission,emissionsspektrometrie,184,200
emission,emissionsquellen,182,194
emission,emissionswellenl,178,229
emission,emissionsfreien,174,182
emission,emissionsarmen,158,162
emission,emissionerna,151,219
emission,emissionsfreie,151,157
emission,emissionsspektrum,149,157
emission,emissionsreduzierung,147,151
emission,emissionsminderungen,133,140
emission,emissionsdaten,131,160
emission,emissionsspektralanalyse,130,135
emission,emissionsfrei,129,137
emission,emissionsfaktorer,125,243
emission,emissionslinien,125,162
emission,emissionszertifikate,122,134
emission,emissionsarmer,119,129
emission,emissionseigenschaften,113,124
emission,emissionsraten,111,167
emission,emissionshandelsgesetz,109,111
emission,emissionshandelssystems,108,113
emission,emissionsrechten,105,142
emission,emissionsverhaltens,103,110
emission,emissionsreduktionen,101,116
emission,emissionsbanden,97,123
emission,emissionsrechte,96,120
emission,emissionszertifikaten,91,106
emission,emissionsberechtigungen,85,91
emission,emissionsarm,84,87
emission,emissionline,78,80
emission,emissionsfrom,78,78
emission,emissiontomography,78,78
emission,emissionsschutz,77,77
emission,emissionsmessung,74,84
emission,emissionstomographie,74,81
emission,emissionsziele,73,91
emission,emissionskataster,69,82
emission,emissionsbilanz,68,80
emission,emissionspfad,68,71
emission,emissionsgesch,67,74
emission,emissionsintensit,67,73
emission,emissionsquelle,67,72
emission,emissionsrechtehandel,67,72
emission,emissionsverm,67,83
emission,emissionsrate,66,79
emission,emissionsfreier,64,67
emission,emissionsminderungsma,64,71
emission,emissionsfaktor,58,71
emission,emissionsvermeidung,58,63
emission,emissionsszenarien,57,65
emission,emissionsbande,56,79
emission,emissionsdata,56,68
emission,emissionsminderungstechniken,56,57
emission,emissionspfade,56,79
emission,emissionsand,55,59
emission,emissionsof,52,54
emission,emissionin,51,51
emission,emissionsmengen,51,66
emission,emissionssituation,51,55
emission,emissionsentwicklung,50,54
emission,emissionseinsparungen,49,56
emission,emissionsberechnung,48,55
emission,emissionsin,48,50
emission,emissionswerten,48,50
emission,emissionfrom,47,51
emission,emissionsberichterstattung,47,57
emission,emissionsh,47,53
emission,emissionspr,47,56
emission,emissionof,46,46
emission,emissionsmodell,45,56
emission,emissionsnorm,45,53
emission,emissionsvorschriften,45,55
emission,emissionand,44,44
emission,emissionsaussto,43,45
emission,emissionshandelssystemen,43,52
emission,emissionless,42,50
emission,emissionscite,42,42
emission,emissionsgrad,42,86
emission,emissionsmaxima,42,46
emission,emissionsmindernde,41,41
emission,emissionsf,40,52
elder,elderly,800757,1609911
elder,elder,81628,120894
elder,elders,61096,91124
elder,eldercare,3686,6607
elder,elderlies,2777,4449
elder,elderberry,2102,4522
elder,eldery,1061,1279
elder,eldership,360,555
elder,elderhostel,346,478
elder,elderfield,326,389
elder,elderberries,322,496
elder,elderhood,235,359
elder,eldering,217,258
elder,elderlys,203,295
elder,elderflower,172,350
elder,elderspeak,170,549
elder,elderliness,166,237
elder,elderton,164,206
elder,elderecho,140,142
elder,eldersveld,136,178
elder,elderi,123,142
elder,elderkin,113,149
elder,elderlypatients,106,109
elder,elderjack,103,103
elder,elderl,101,103
elder,eldershaw,89,143
elder,elderlypeople,88,90
elder,elderen,76,81
elder,elderslie,65,92
elder,elderflowers,58,103
elder,elderlythe,46,47
elder,elderfieldcite,44,44
elder,elderlyin,44,44
elder,eldercite,43,43
elder,elderlypopulation,43,43
elder,eldert,43,46
elder,eldermet,41,81
elder,elderships,36,89
elder,elderlyand,30,31
elder,eldern,30,32
elder,eldere,29,32
elder,elderiana,29,29
elder,elderley,29,29
elder,elderlycare,29,40
elder,elderwood,27,30
elder,elderlywomen,26,31
elder,elderiy,24,28
elder,elderely,22,22
elder,elderlings,22,41
elder,elderm,22,22
elder,elderson,22,22
elder,elderiny,21,22
elder,elderlyindividuals,21,25
elder,elderlywith,21,21
elder,eldermen,20,20
elder,eldergods,19,57
elder,elderhostels,19,21
elder,elderies,19,27
elder,elderd,18,22
elder,elderbrook,17,25
elder,elderlya,17,17
elder,eldera,16,16
elder,elderhorst,16,17
elder,elderty,16,20
elder,eldercide,15,32
elder,eldersmile,15,35
elder,eldertree,15,63
elder,elderman,14,19
elder,elderscrolls,14,14
elder,elderlymen,13,13
elder,eldershield,13,31
elder,elderado,12,12
elder,elderhostelers,12,18
elder,elderica,11,14
elder,elderlaw,11,12
elder,elderlywho,11,14
elder,elderness,11,26
elder,eldero,11,16
elder,elderplace,11,17
elder,eldersfield,11,14
elder,elderabuse,10,10
elder,elderling,10,12
elder,elderlv,10,10
elder,elderlyas,10,10
elder,elderlywere,10,10
elder,eldermancy,10,40
elder,elderprops,10,10
elder,elderry,10,11
elder,elderscapes,10,10
elder,elderview,10,10
elder,elderbush,9,10
elder,elderlink,9,18
elder,elderlybackground,9,9
elder,elderlyhealth,9,9
elder,elderlyjournal,9,9
elder,elderlymethod,9,9
elder,elderlypatient,9,9
elder,eldervit,9,18
elder,elderwomen,9,9
elder,elderburbia,8,11
efficien,efficiency,4902649,7142635
efficien,efficient,4189116,5008740
efficien,efficiently,1019583,1085864
efficien,efficiencies,265547,324184
efficien,efficienza,15678,20342
efficien,efficience,9974,13417
efficien,efficiente,9358,10178
efficien,efficientnet,6744,10560
efficien,efficientnetb,2642,4226
efficien,efficienti,2559,2739
efficien,efficients,2539,2845
efficien,efficientnetv,1303,2056
efficien,efficien,893,921
efficien,efficientes,837,894
efficien,efficientdet,813,1274
efficien,efficieny,712,748
efficien,efficientamento,706,904
efficien,efficiences,661,724
efficien,efficiencyof,660,675
efficien,efficientie,525,688
efficien,efficiencyand,376,377
efficien,efficienty,374,395
efficien,efficienter,368,392
efficien,efficienct,308,315
efficien,efficienc,307,312
efficien,efficienze,296,342
efficien,efficiens,263,337
efficien,efficientemente,202,217
efficien,efficieney,183,195
efficien,efficientand,168,169
efficien,efficientnets,167,222
efficien,efficiencyin,165,166
efficien,efficientcy,135,143
efficien,efficienly,119,120
efficien,efficientere,115,120
efficien,efficientvit,97,164
efficien,efficientformer,73,104
efficien,efficiencyis,70,72
efficien,efficiencyenergy,69,72
efficien,efficiendy,69,69
efficien,efficiencys,65,70
efficien,efficientare,65,68
efficien,efficientia,61,65
efficien,efficiencywas,60,60
efficien,efficiencey,59,61
efficien,efficiencv,59,63
efficien,efficiensy,56,60
efficien,efficientl,49,49
efficien,efficientdynamics,46,51
efficien,efficientismo,43,44
efficien,efficiencyfor,42,43
efficien,efficiencythe,42,46
efficien,efficientin,42,42
efficien,efficientmethod,42,42
efficien,efficienctly,38,38
efficien,efficiencycite,38,38
efficien,efficientb,38,45
efficien,efficientlyand,37,37
efficien,efficiencywith,36,36
efficien,efficientista,34,34
efficien,efficientsam,30,38
efficien,efficientway,30,30
efficien,efficientuse,29,29
efficien,efficiencyby,28,28
efficien,efficiencythese,28,28
efficien,efficiennet,28,33
efficien,efficienciesof,27,28
efficien,efficientformerv,27,40
efficien,efficientpose,26,61
efficien,efficiensea,25,25
efficien,efficienci,24,25
efficien,efficienciy,24,25
efficien,efficientmethods,24,24
efficien,efficiencyenhancing,23,23
efficien,efficientfor,23,23
efficien,efficientunet,23,47
efficien,efficientthan,22,22
efficien,efficientiy,21,21
efficien,efficientlite,20,21
efficien,efficientmanner,20,20
efficien,efficientoperation,20,20
efficien,efficienoy,19,20
efficien,efficientem,19,19
efficien,efficientenergy,19,19
efficien,efficiencyto,18,18
efficien,efficientalgorithm,18,18
efficien,efficientt,18,18
efficien,efficiencyat,17,17
efficien,efficiencyimprovements,17,19
efficien,efficiencymore,17,17
efficien,efficienies,17,17
efficien,efficientis,17,17
efficien,efficientmanagement,17,17
efficien,efficientness,17,17
efficien,efficiencty,16,16
efficien,efficiencyanalysis,16,16
efficien,efficiencycan,16,16
efficien,efficientive,16,18
efficien,efficiencia,15,16
efficien,efficiencie,15,15
effect,effect,14719503,21490342
effect,effects,13116497,18794481
effect,effective,9138544,10922356
effect,effectiveness,3655760,4678361
effect,effectively,2476100,2650892
effect,effector,218807,327444
effect,effected,79200,83914
effect,effectu,76571,86375
effect,effectors,72498,101835
effect,effecting,38233,40513
effect,effectuer,23499,25461
effect,effectivity,19555,23122
effect,effectue,19533,20574
effect,effecten,19209,26308
effect,effectivement,13142,13560
effect,effectual,11698,13422
effect,effectif,10525,12037
effect,effectuee,10218,10794
effect,effectifs,9860,11833
effect,effectuees,8206,8595
effect,effectiviteit,7353,9362
effect,effectief,6354,7374
effect,effectues,5920,6183
effect,effectives,4988,5416
effect,effectieve,4621,5408
effect,effection,4011,4637
effect,effectuation,3959,7582
effect,effectually,3924,3992
effect,effectuate,3299,3390
effect,effectuant,3279,3365
effect,effectivit,3077,3664
effect,effectuent,3009,3087
effect,effectuated,2807,2925
effect,effectof,2632,2712
effect,effectuez,2090,2140
effect,effecteurs,1879,2712
effect,effectsof,1815,1851
effect,effectivness,1682,1766
effect,effecton,1537,1613
effect,effectuons,1365,1420
effect,effectivenes,1211,1269
effect,effectuating,1131,1170
effect,effectiever,1128,1223
effect,effecteur,934,1204
effect,effecter,894,1072
effect,effectivite,809,977
effect,effectivenessof,775,787
effect,effectson,676,681
effect,effectrices,670,881
effect,effecti,630,654
effect,effectiv,617,639
effect,effectibus,567,581
effect,effectful,549,802
effect,effectus,514,574
effect,effectiviness,512,583
effect,effectuates,494,501
effect,effectivly,470,474
effect,effectivenss,439,461
effect,effectuait,397,401
effect,effectly,395,403
effect,effectivenesses,392,422
effect,effectua,354,359
effect,effectuera,331,338
effect,effectuality,302,331
effect,effectivities,292,338
effect,effectuaient,287,299
effect,effectievere,282,289
effect,effectivein,277,282
effect,effectum,277,291
effect,effectivelly,267,271
effect,effectin,262,270
effect,effectis,261,265
effect,effectonderzoek,257,288
effect,effectivess,253,257
effect,effectance,246,363
effect,effectiveand,228,230
effect,effectsin,224,231
effect,effections,218,253
effect,effecta,216,242
effect,effectand,216,218
effect,effectrice,211,232
effect,effecte,209,215
effect,effecto,200,217
effect,effectmeting,199,221
effect,effectes,188,193
effect,effecters,186,232
effect,effectualness,181,205
effect,effectrapportage,180,203
effect,effectuerons,173,175
effect,effectsand,165,165
effect,effectevaluatie,163,196
effect,effectivization,159,183
effect,effectos,157,171
effect,effectve,152,159
effect,effectv,149,153
effect,effectivenesss,145,146
effect,effectibvs,137,137
effect,effectsize,136,181
effect,effectene,133,199
effect,effectt,129,131
eczema,eczema,39554,74106
eczema,eczematous,5098,6587
eczema,eczemas,752,916
eczema,eczematoid,490,568
eczema,eczematosa,71,84
eczema,eczematization,66,71
eczema,eczematosas,65,74
eczema,eczematic,52,69
eczema,eczematiform,41,45
eczema,eczematid,37,55
eczema,eczematized,29,38
eczema,eczematogenic,24,26
eczema,eczemabathingstudy,18,18
eczema,eczematogenous,10,10
eczema,eczematose,10,11
eczema,eczematoso,10,12
eczema,eczemain,9,9
eczema,eczematids,9,10
eczema,eczematisation,9,11
eczema,eczematide,8,8
eczema,eczemacareonline,7,7
eczema,eczemateuze,7,7
eczema,eczematics,7,7
eczema,eczematiformes,7,14
eczema,eczematogens,7,7
eczema,eczematosos,7,7
eczema,eczemadrs,6,6
eczema,eczematides,6,8
eczema,eczemat,5,5
eczema,eczematoides,5,5
eczema,eczemanet,4,8
eczema,eczemata,4,4
eczema,eczemate,4,4
eczema,eczematogen,4,4
eczema,eczematosis,4,4
eczema,eczemaand,3,3
eczema,eczemahand,3,3
eczema,eczemapred,3,9
eczema,eczemasir,3,3
eczema,eczemateous,3,3
eczema,eczemateuse,3,3
eczema,eczematiforme,3,4
eczema,eczematised,3,3
eczema,eczematiza,3,3
eczema,eczematoids,3,3
eczema,eczematoses,3,3
eczema,eczematrials,3,3
eczema,eczemab,2,2
eczema,eczemaclinical,2,2
eczema,eczemacold,2,2
eczema,eczemahow,2,2
eczema,eczemal,2,5
eczema,eczemalike,2,2
eczema,eczemaliving,2,2
eczema,eczeman,2,2
eczema,eczemapartner,2,2
eczema,eczemasymptoms,2,2
eczema,eczemateux,2,5
eczema,eczematidlike,2,2
eczema,eczematiformi,2,2
eczema,eczematiod,2,2
eczema,eczematis,2,2
eczema,eczematizaci,2,2
eczema,eczematizations,2,2
eczema,eczematizing,2,2
eczema,eczematoide,2,2
eczema,eczematolepis,2,2
eczema,eczematosi,2,4
eczema,eczematouslesions,2,2
eczema,eczemawas,2,2
eczema,eczemaa,1,1
eczema,eczemaandatopyinearly,1,1
eczema,eczemaandhadnot,1,1
eczema,eczemaandinthose,1,1
eczema,eczemaandotheratopic,1,1
eczema,eczemaandtheir,1,1
eczema,eczemaarea,1,1
eczema,eczemaat,1,1
eczema,eczemaatopic,1,1
eczema,eczemaby,1,1
eczema,eczemachronic,1,1
eczema,eczemaclearly,1,1
eczema,eczemadavid,1,1
eczema,eczemadermatitis,1,1
eczema,eczemadoesnotlead,1,1
eczema,eczemae,1,1
eczema,eczemaeczema,1,1
eczema,eczemaedited,1,1
eczema,eczemaemollient,1,1
eczema,eczemaepstein,1,1
eczema,eczemagenerally,1,1
eczema,eczemahad,1,1
eczema,eczemahasnorelationship,1,1
eczema,eczemaherpeticatum,1,1
eczema,eczemaherpeticum,1,1
eczema,eczemahttps,1,1
eczema,eczemai,1,1
eczema,eczemaid,1,1
eczema,eczemainearly,1,1
eczema,eczemairritant,1,1
drought,drought,312531,822060
drought,droughts,56792,85106
drought,droughty,1025,1186
drought,droughted,919,1503
drought,droughtmaster,137,202
drought,droughttolerant,86,87
drought,droughting,66,102
drought,droughtresistant,61,66
drought,droughtprone,56,60
drought,droughtstress,49,63
drought,droughttolerance,40,43
drought,droughtand,39,39
drought,droughtiness,38,43
drought,droughtnet,38,58
drought,droughtresistance,34,34
drought,droughtstressed,29,29
drought,droughtinduced,27,28
drought,droughtconditions,23,23
drought,droughtdb,18,27
drought,droughtness,18,25
drought,droughtstricken,16,16
drought,droughtmonitor,14,20
drought,droughtspotter,14,17
drought,droughtscape,13,13
drought,droughtaffected,12,12
drought,droughtgard,12,24
drought,droughtin,11,11
drought,droughton,10,10
drought,droughtdrought,9,10
drought,droughtsensitive,9,10
drought,droughtier,8,12
drought,droughtrelated,8,8
drought,droughtscan,8,10
drought,droughttego,8,31
drought,droughtmasters,7,10
drought,droughtperiods,7,7
drought,droughtproof,7,7
drought,droughtsusceptible,7,7
drought,droughtiest,6,6
drought,droughtlike,6,6
drought,droughtmanagement,5,5
drought,droughtmitigation,5,5
drought,droughtmonitoring,5,5
drought,droughtor,5,5
drought,droughtproofing,5,5
drought,droughtseverity,5,5
drought,droughtas,4,4
drought,droughtavoidance,4,4
drought,droughter,4,5
drought,droughtevents,4,4
drought,droughtflood,4,8
drought,droughtforestmortalityeurope,4,4
drought,droughtimpact,4,4
drought,droughtindices,4,4
drought,droughtis,4,4
drought,droughtize,4,7
drought,droughtmas,4,9
drought,droughtof,4,4
drought,droughtr,4,6
drought,droughtsand,4,4
drought,droughtadaptation,3,3
drought,droughtassesscategorical,3,3
drought,droughtassociated,3,4
drought,droughtcodemodis,3,3
drought,droughtdata,3,7
drought,droughth,3,3
drought,droughtimpacts,3,3
drought,droughtlagv,3,6
drought,droughtoccurance,3,3
drought,droughtpack,3,3
drought,droughtresisting,3,3
drought,droughtresponsive,3,3
drought,droughtset,3,7
drought,droughtsevere,3,3
drought,droughtshaming,3,8
drought,droughtsin,3,3
drought,droughtview,3,3
drought,droughtability,2,2
drought,droughtadapted,2,2
drought,droughtadaptive,2,2
drought,droughtanalysisdatafull,2,6
drought,droughtanalysismetadata,2,2
drought,droughtauthors,2,2
drought,droughtauthorshedeffessaididaubreyduggerjenikeismannancybakeradambenthemjoelblomquistkatherinecalvinxingyuanchensalmecookgaleng,2,2
drought,droughtbark,2,2
drought,droughtcast,2,9
drought,droughtclip,2,4
drought,droughtd,2,2
drought,droughtdeciduous,2,2
drought,droughtdemonstrated,2,2
drought,droughtdifferences,2,2
drought,droughte,2,2
drought,droughteye,2,2
drought,droughtfall,2,2
drought,droughtfertilizing,2,2
drought,droughtforecasting,2,2
drought,droughtgwas,2,2
drought,droughtgws,2,4
drought,droughthazard,2,2
drought,droughti,2,2
displace,displacement,705917,1077266
displace,displaced,173083,231679
displace,displacements,157798,210109
displace,displace,33983,36183
displace,displaces,12695,13122
displace,displaceable,1730,2138
displace,displacer,1536,2623
displace,displacers,422,660
displace,displacedsusy,244,244
displace,displaceability,169,256
displace,displacees,161,250
displace,displacemen,79,88
displace,displacenteras,60,67
displace,displacementof,57,61
displace,displacee,55,89
displace,displacementbased,55,56
displace,displacem,37,38
displace,displacemet,36,37
displace,displacementand,33,34
displace,displacentero,33,36
displace,displacemental,31,44
displace,displaceme,26,26
displace,displacenteros,24,24
displace,displacemnt,23,24
displace,displacementin,20,22
displace,displacementcm,18,20
displace,displacementthe,18,18
displace,displacentera,16,16
displace,displacedpersons,15,15
displace,displacenent,15,15
displace,displacent,15,16
displace,displacementsand,13,13
displace,displacementcc,12,14
displace,displacemnet,12,12
displace,displacernent,12,12
displace,displacedby,11,11
displace,displacemant,11,11
displace,displacemcnt,11,11
displace,displacementfield,11,11
displace,displacementcontrolled,9,10
displace,displacementfor,9,9
displace,displacementjournal,9,10
displace,displacemens,8,8
displace,displacementsof,8,8
displace,displacemnts,8,8
displace,displaceably,7,7
displace,displacedin,7,7
displace,displacedpeople,7,10
displace,displacementa,7,8
displace,displacementat,7,7
displace,displacementswere,7,7
displace,displacethe,7,7
displace,displacedjet,6,6
displace,displacedly,6,6
displace,displacedworkers,6,6
displace,displacememt,6,7
displace,displacementthese,6,6
displace,displacementvector,6,6
displace,displacemets,6,6
displace,displacedness,5,5
displace,displacementcurves,5,5
displace,displacementefficiency,5,5
displace,displacementfields,5,5
displace,displacementfrom,5,5
displace,displacementnya,5,6
displace,displacementpressure,5,5
displace,displacementt,5,5
displace,displacementu,5,6
displace,displacemtn,5,5
displace,displacenient,5,5
displace,displacernents,5,7
displace,displacedfrom,4,4
displace,displacemenl,4,4
displace,displacementangle,4,4
displace,displacementdependent,4,4
displace,displacemente,4,4
displace,displacementgearbox,4,4
displace,displacementis,4,4
displace,displacementjames,4,4
displace,displacementmore,4,4
displace,displacementon,4,4
displace,displacementtime,4,4
displace,displacementto,4,4
displace,displacementwas,4,4
displace,displacementwith,4,4
displace,displacemetn,4,4
displace,displacemnent,4,4
displace,displacemon,4,9
displace,displacenment,4,4
displace,displacering,4,5
displace,displaceda,3,3
displace,displacedvertex,3,3
displace,displacedwith,3,3
displace,displacemennt,3,3
displace,displacementafter,3,3
displace,displacementbut,3,3
displace,displacementcharles,3,3
displace,displacementdavid,3,3
displace,displacementdeltav,3,3
displace,displacementdonald,3,3
disease,disease,8093748,14484245
disease,diseases,3031859,4467567
disease,diseased,113231,147638
disease,diseaseinternational,1574,1576
disease,diseasecritical,1167,1167
disease,diseasesvol,1160,1164
disease,diseaseinfluenza,1002,1002
disease,diseasethe,655,742
disease,diseasebenign,624,624
disease,diseaseclassic,620,620
disease,diseaselegislative,618,618
disease,diseasejournal,553,749
disease,diseasefree,428,439
disease,diseasea,420,437
disease,diseasevol,396,396
disease,diseasein,355,361
disease,diseaseand,354,362
disease,diseasespecific,235,239
disease,diseasemodifying,231,235
disease,diseasesthe,203,215
disease,diseasesrenal,195,197
disease,diseaserelated,187,191
disease,diseasesand,174,174
disease,diseaseis,172,173
disease,diseasesin,166,168
disease,diseasesmental,160,160
disease,diseasecausing,152,154
disease,diseasespulmonary,135,140
disease,diseaseassociated,122,123
disease,diseasesmedical,120,122
disease,diseaseclinical,119,128
disease,diseasesresearch,106,106
disease,diseasescardiovascular,99,102
disease,diseasesheart,96,96
disease,diseasesa,95,98
disease,diseasewith,94,95
disease,diseasepatients,87,87
disease,diseasesliver,85,87
disease,diseasemanagement,84,92
disease,diseasesof,84,84
disease,diseasee,79,80
disease,diseasemeth,79,96
disease,diseasetreatment,79,83
disease,diseasewas,79,81
disease,diseaseas,76,76
disease,diseaseof,75,75
disease,diseaseprogression,74,75
disease,diseaseacute,73,78
disease,diseasecontrol,72,72
disease,diseasedie,71,72
disease,diseasecoronary,69,72
disease,diseasedrug,67,70
disease,diseasethese,67,67
disease,diseasechronic,64,65
disease,diseasethat,60,61
disease,diseasesinfectious,59,59
disease,diseasewere,59,61
disease,diseasepulmonary,56,62
disease,diseaseprevention,55,55
disease,diseasec,54,56
disease,diseaserobert,54,54
disease,diseaseactivity,52,53
disease,diseasean,52,52
disease,diseasepediatricsresearchsurgerywomen,52,52
disease,diseaserisk,51,51
disease,diseasemedical,50,50
disease,diseasesclinical,50,50
disease,diseasessuch,50,50
disease,diseaseto,50,51
disease,diseasejohn,49,49
disease,diseasediagnosis,48,49
disease,diseaseseverity,47,47
disease,diseasecardiovascular,46,47
disease,diseaser,44,49
disease,diseasesare,44,45
disease,diseaseshospital,44,44
disease,diseaset,44,47
disease,diseaseswith,43,43
disease,diseaseeffect,42,44
disease,diseaseontology,42,72
disease,diseasesprevention,42,42
disease,diseaseby,41,45
disease,diseaserenal,41,46
disease,diseaseresistant,41,41
disease,diseasess,41,43
disease,diseasesthyroid,41,41
disease,diseasesrespiratory,40,40
disease,diseasecase,39,40
disease,diseasedetection,38,42
disease,diseasediabetes,38,40
disease,diseaseeffects,38,38
disease,diseasej,38,38
disease,diseasesis,38,38
disease,diseaseb,37,43
disease,diseasei,37,38
disease,diseaseon,37,37
disease,diseasesgenetic,37,38
disease,diseasecardiac,36,36
disease,diseasedavid,36,36
disease,diseaseheart,36,41
disaster,disaster,377667,730853
disaster,disasters,215544,324771
disaster,disasterous,243,256
disaster,disastermanagement,62,67
disaster,disasterprone,54,56
disaster,disasterina,52,192
disaster,disasterrelated,32,33
disaster,disasterin,27,27
disaster,disastersnatural,25,25
disaster,disasterprevention,24,24
disaster,disasterthe,23,23
disaster,disasterrisk,21,22
disaster,disastersin,20,20
disaster,disasteraware,17,29
disaster,disasteraffected,16,16
disaster,disastered,16,19
disaster,disasterpiece,16,17
disaster,disastersand,15,15
disaster,disastermitigation,14,16
disaster,disasterpreparedness,14,15
disaster,disasternatural,13,13
disaster,disasterresponse,13,14
disaster,disasterthese,13,13
disaster,disasterand,12,12
disaster,disasterrecovery,12,12
disaster,disasteris,11,11
disaster,disasterstricken,11,11
disaster,disasterresilient,10,10
disaster,disastersauthors,10,10
disaster,disasteradio,9,14
disaster,disasteroida,9,12
disaster,disasterpeace,9,13
disaster,disasterrelief,9,9
disaster,disastersthe,9,9
disaster,disastera,8,8
disaster,disasterland,8,9
disaster,disasterpdf,8,8
disaster,disasterscape,8,8
disaster,disasterjamie,7,20
disaster,disasternet,7,13
disaster,disasterof,7,7
disaster,disasterreduction,7,7
disaster,disastersis,7,8
disaster,disastersjournal,7,7
disaster,disasterspublic,7,7
disaster,disastereomeric,6,6
disaster,disasteres,6,6
disaster,disasteridae,6,11
disaster,disastering,6,7
disaster,disasterization,6,7
disaster,disasteroid,6,11
disaster,disasteroids,6,11
disaster,disasterprep,6,8
disaster,disasterscapes,6,8
disaster,disastersneeds,6,6
disaster,disasterdisaster,5,5
disaster,disastereo,5,5
disaster,disastereomers,5,5
disaster,disasterinduced,5,5
disaster,disasternuclear,5,5
disaster,disasterology,5,10
disaster,disasterously,5,5
disaster,disasterpsych,5,7
disaster,disasterresistant,5,5
disaster,disasterssuch,5,5
disaster,disastersubterraneans,5,5
disaster,disastercite,4,4
disaster,disasterclimate,4,4
disaster,disastereomer,4,4
disaster,disasterfor,4,4
disaster,disasterproof,4,4
disaster,disasterr,4,4
disaster,disasterrisks,4,4
disaster,disastersare,4,4
disaster,disastersprogress,4,4
disaster,disastersrisk,4,4
disaster,disastersssrn,4,4
disaster,disasterstemporary,4,4
disaster,disasterswere,4,4
disaster,disasterareas,3,3
disaster,disasteras,3,3
disaster,disasterby,3,3
disaster,disastercast,3,3
disaster,disasterchemical,3,3
disaster,disasterdamage,3,3
disaster,disastereoselective,3,3
disaster,disasterhousing,3,3
disaster,disasterjeff,3,3
disaster,disasterly,3,3
disaster,disastermed,3,6
disaster,disastermm,3,7
disaster,disastermonitoring,3,3
disaster,disasteroidea,3,3
disaster,disasteron,3,3
disaster,disasterplan,3,3
disaster,disasterproblems,3,3
disaster,disasterresilience,3,3
disaster,disastersby,3,3
disaster,disasterscope,3,3
disaster,disastersdisasters,3,3
disab,disability,592115,1063964
disab,disabilities,357252,691037
disab,disabled,186585,322477
disab,disabling,55711,62476
disab,disable,15754,18630
disab,disabilitas,8481,31885
disab,disablement,4119,5634
disab,disables,3744,3971
disab,disabilit,3725,5984
disab,disabilita,3090,4973
disab,disabili,1969,2566
disab,disabil,994,1039
disab,disabile,680,899
disab,disabuse,432,437
disab,disablism,394,589
disab,disabilites,369,405
disab,disabused,298,300
disab,disabkids,294,576
disab,disableligatures,293,293
disab,disablers,266,360
disab,disabilty,213,224
disab,disablist,206,331
disab,disabilties,165,175
disab,disablity,158,166
disab,disablements,141,176
disab,disabler,136,156
disab,disablities,128,140
disab,disabusing,128,133
disab,disabitata,114,120
disab,disab,98,106
disab,disabi,96,97
disab,disabilite,88,133
disab,disabuses,87,87
disab,disabilitie,74,76
disab,disabiltas,73,78
disab,disabdakan,69,75
disab,disablility,66,74
disab,disabilitiy,63,74
disab,disabilityadjusted,63,63
disab,disabilitou,61,79
disab,disabilitanti,54,54
disab,disabato,52,86
disab,disabitkan,51,62
disab,disabilityand,49,49
disab,disabilitante,47,48
disab,disablitas,46,52
disab,disabilitating,45,47
disab,disabilitasnya,41,46
disab,disabilityrights,39,39
disab,disabillity,37,49
disab,disabitato,36,44
disab,disabilityin,35,35
disab,disabiliy,34,34
disab,disabillities,34,42
disab,disabitati,34,34
disab,disabilitiesin,32,32
disab,disablilities,32,32
disab,disabitate,29,29
disab,disabsortivas,29,30
disab,disabilies,27,29
disab,disabiltiy,27,31
disab,disableds,27,33
disab,disabilism,26,31
disab,disabilitiesand,26,27
disab,disabiliti,23,37
disab,disabel,22,30
disab,disabl,22,25
disab,disabiling,20,20
disab,disableautofetch,20,20
disab,disableism,20,32
disab,disabilis,19,19
disab,disabledpeople,19,22
disab,disabsorption,19,24
disab,disabsortiva,19,20
disab,disabiitas,18,19
disab,disabililty,18,20
disab,disabilitites,18,18
disab,disabilityrelated,18,19
disab,disabledchildren,18,18
disab,disabatino,17,20
disab,disabiity,17,20
disab,disabiled,17,17
disab,disabilitis,17,24
disab,disabilitycare,17,33
disab,disablon,17,22
disab,disabsortivo,17,17
disab,disabilitiesthe,16,16
disab,disabitudine,16,39
disab,disabilitythe,15,15
disab,disabledpersons,15,17
disab,disabunkan,15,15
disab,disabilias,14,16
disab,disabiliies,14,16
disab,disabilitu,14,17
disab,disabilitythis,14,14
disab,disabsor,14,16
disab,disabc,13,23
disab,disabeled,13,15
disab,disabilitare,13,18
disab,disabilitasdi,13,13
diarrhoea,diarrhoea,57662,99379
diarrhoea,diarrhoeal,9209,14302
diarrhoea,diarrhoeagenic,666,967
diarrhoea,diarrhoeas,449,532
diarrhoea,diarrhoeals,29,29
diarrhoea,diarrhoeae,16,16
diarrhoea,diarrhoeaic,6,9
diarrhoea,diarrhoeapredominant,6,6
diarrhoea,diarrhoeatic,6,9
diarrhoea,diarrhoeaand,5,5
diarrhoea,diarrhoeac,5,11
diarrhoea,diarrhoeain,5,5
diarrhoea,diarrhoeaogenic,5,5
diarrhoea,diarrhoeafor,3,3
diarrhoea,diarrhoeawas,3,3
diarrhoea,diarrhoeawere,3,3
diarrhoea,diarrhoeaamong,2,2
diarrhoea,diarrhoeaare,2,2
diarrhoea,diarrhoeaassociated,2,2
diarrhoea,diarrhoeachild,2,2
diarrhoea,diarrhoeadoi,2,2
diarrhoea,diarrhoealdisease,2,2
diarrhoea,diarrhoealoss,2,2
diarrhoea,diarrhoeam,2,3
diarrhoea,diarrhoeapatient,2,2
diarrhoea,diarrhoeaprevention,2,2
diarrhoea,diarrhoeathe,2,2
diarrhoea,diarrhoeatwo,2,2
diarrhoea,diarrhoeavirus,2,2
diarrhoea,diarrhoeawhat,2,2
diarrhoea,diarrhoeawhy,2,2
diarrhoea,diarrhoeaa,1,1
diarrhoea,diarrhoeaamongst,1,1
diarrhoea,diarrhoeaandneonatal,1,1
diarrhoea,diarrhoeaappropriately,1,1
diarrhoea,diarrhoeaassociation,1,1
diarrhoea,diarrhoeaat,1,1
diarrhoea,diarrhoeaatteinte,1,1
diarrhoea,diarrhoeabkl,1,1
diarrhoea,diarrhoeacase,1,1
diarrhoea,diarrhoeacausing,1,1
diarrhoea,diarrhoeaclassification,1,1
diarrhoea,diarrhoeacochrane,1,1
diarrhoea,diarrhoeacogenic,1,1
diarrhoea,diarrhoeacr,1,1
diarrhoea,diarrhoead,1,1
diarrhoea,diarrhoeadehydration,1,1
diarrhoea,diarrhoeadespite,1,1
diarrhoea,diarrhoeadiagnosis,1,1
diarrhoea,diarrhoeadiarrhea,1,1
diarrhoea,diarrhoeadiarrhoea,1,1
diarrhoea,diarrhoeadisaccharidaseshypolactasiairritable,1,1
diarrhoea,diarrhoeadisaccharidesintestine,1,1
diarrhoea,diarrhoeaeffect,1,1
diarrhoea,diarrhoeaepidemiology,1,1
diarrhoea,diarrhoeaetiology,1,1
diarrhoea,diarrhoeaexpert,1,1
diarrhoea,diarrhoeafructose,1,1
diarrhoea,diarrhoeafunctional,1,1
diarrhoea,diarrhoeaganic,1,1
diarrhoea,diarrhoeagenesis,1,1
diarrhoea,diarrhoeagenice,1,1
diarrhoea,diarrhoeagenicity,1,1
diarrhoea,diarrhoeaginic,1,1
diarrhoea,diarrhoeagram,1,1
diarrhoea,diarrhoeai,1,1
diarrhoea,diarrhoeaii,1,1
diarrhoea,diarrhoeainactivation,1,1
diarrhoea,diarrhoeainfection,1,1
diarrhoea,diarrhoeainfectiousescherichia,1,1
diarrhoea,diarrhoeainternational,1,1
diarrhoea,diarrhoeais,1,1
diarrhoea,diarrhoealgram,1,1
diarrhoea,diarrhoealillness,1,1
diarrhoea,diarrhoealinfection,1,1
diarrhoea,diarrhoealmice,1,1
diarrhoea,diarrhoealrelated,1,1
diarrhoea,diarrhoealsymptoms,1,1
diarrhoea,diarrhoeamalabsorption,1,1
diarrhoea,diarrhoeamalnutrition,1,3
diarrhoea,diarrhoeamanagement,1,1
diarrhoea,diarrhoeamedical,1,1
diarrhoea,diarrhoeamethods,1,1
diarrhoea,diarrhoeamice,1,1
diarrhoea,diarrhoeanigerian,1,1
diarrhoea,diarrhoeao,1,1
diarrhoea,diarrhoeaoccurrence,1,1
diarrhoea,diarrhoeaother,1,1
diarrhoea,diarrhoeapathogens,1,1
diarrhoea,diarrhoeaperoral,1,1
diarrhoea,diarrhoeapositive,1,1
diarrhoea,diarrhoeaque,1,1
diarrhoea,diarrhoeareference,1,1
diarrhoea,diarrhoearelated,1,1
diarrhoea,diarrhoeareview,1,1
diarrhoea,diarrhoeaseeking,1,1
diarrhoea,diarrhoeasemergence,1,1
diarrhoea,diarrhoeasince,1,1
diarrhoea,diarrhoeasnon,1,1
diarrhoea,diarrhoeasprimary,1,1
diarrh,diarrhea,198161,349496
diarrh,diarrhoea,57662,99379
diarrh,diarrheal,23395,35874
diarrh,diarrhoeal,9209,14302
diarrh,diarrh,4920,6570
diarrh,diarrheic,4244,7399
diarrh,diarrheagenic,2470,3910
diarrh,diarrhoeic,1571,2706
diarrh,diarrheas,1484,1770
diarrh,diarrhetic,1092,1374
diarrh,diarrhoe,837,1066
diarrh,diarrhoeagenic,666,967
diarrh,diarrhee,542,760
diarrh,diarrhoeas,449,532
diarrh,diarrhees,349,445
diarrh,diarrheogenic,189,287
diarrh,diarrhena,184,295
diarrh,diarrhoen,158,186
diarrh,diarrheiques,118,150
diarrh,diarrheoa,65,79
diarrh,diarrhcea,58,61
diarrh,diarrhe,56,101
diarrh,diarrheals,54,60
diarrh,diarrhoetic,54,64
diarrh,diarrheique,47,53
diarrh,diarrhoegenic,39,55
diarrh,diarrhogenic,39,44
diarrh,diarrheain,37,38
diarrh,diarrhoel,31,31
diarrh,diarrhoeals,29,29
diarrh,diarrhoic,28,33
diarrh,diarrheae,26,30
diarrh,diarrho,24,27
diarrh,diarrhoiec,24,26
diarrh,diarrheagenicity,23,30
diarrh,diarrhegenic,20,25
diarrh,diarrhrea,20,45
diarrh,diarrhoae,19,29
diarrh,diarrheaand,17,18
diarrh,diarrhoeae,16,16
diarrh,diarrhae,15,16
diarrh,diarrhoeogenic,15,15
diarrh,diarrhaea,14,14
diarrh,diarrheapredominant,13,13
diarrh,diarrheoal,13,17
diarrh,diarrhiza,12,34
diarrh,diarrhoa,12,12
diarrh,diarrhoes,12,15
diarrh,diarrhorea,12,14
diarrh,diarrheathe,11,11
diarrh,diarrheatic,11,11
diarrh,diarrheawas,11,11
diarrh,diarrheea,11,13
diarrh,diarrhoischer,11,11
diarrh,diarrheavirus,10,10
diarrh,diarrhegma,10,10
diarrh,diarrhia,10,16
diarrh,diarrhes,9,9
diarrh,diarrha,8,8
diarrh,diarrheagenicescherichia,8,8
diarrh,diarrheahttps,8,8
diarrh,diarrheais,8,9
diarrh,diarrhooa,8,8
diarrh,diarrhroa,8,10
diarrh,diarrheagenice,7,7
diarrh,diarrheaic,7,13
diarrh,diarrhear,7,7
diarrh,diarrher,7,7
diarrh,diarrheaa,6,8
diarrh,diarrheaamong,6,6
diarrh,diarrheawere,6,6
diarrh,diarrhoca,6,6
diarrh,diarrhoeaic,6,9
diarrh,diarrhoeapredominant,6,6
diarrh,diarrhoeatic,6,9
diarrh,diarrhoeis,6,6
diarrh,diarrhaegenic,5,5
diarrh,diarrheawith,5,5
diarrh,diarrhed,5,6
diarrh,diarrheneae,5,5
diarrh,diarrhoael,5,6
diarrh,diarrhoeaand,5,5
diarrh,diarrhoeac,5,11
diarrh,diarrhoeain,5,5
diarrh,diarrhoeaogenic,5,5
diarrh,diarrhoeen,5,5
diarrh,diarrhoemechanismen,5,5
diarrh,diarrhoischen,5,5
diarrh,diarrheaabstrak,4,4
diarrh,diarrheacausing,4,4
diarrh,diarrhead,4,4
diarrh,diarrheagastrointestinal,4,4
diarrh,diarrheagenesis,4,4
diarrh,diarrheagenics,4,4
diarrh,diarrhealdiseases,4,4
diarrh,diarrheatreatment,4,4
diarrh,diarrheia,4,4
diarrh,diarrhoeia,4,4
diarrh,diarrhoische,4,4
diarrh,diarrhoreal,4,4
diabet,diabetes,1623394,3609361
diabet,diabetic,619043,1420098
diabet,diabetics,63832,110108
diabet,diabete,10166,16199
diabet,diabetogenic,5711,7679
diabet,diabeticos,4601,8575
diabet,diabetik,3372,9039
diabet,diabet,3262,4205
diabet,diabetology,3004,3457
diabet,diabetica,2866,4355
diabet,diabetischen,2646,3568
diabet,diabetico,2640,4304
diabet,diabetikern,2503,3340
diabet,diabetiker,2385,3250
diabet,diabetische,2247,2679
diabet,diabetologists,1862,2379
diabet,diabetischer,1388,1672
diabet,diabetiques,1362,2313
diabet,diabetu,1334,2117
diabet,diabetis,1307,2199
diabet,diabetologia,1157,1333
diabet,diabetique,1071,1523
diabet,diabetici,979,1411
diabet,diabetologie,976,1106
diabet,diabeteksen,955,1981
diabet,diabetologist,932,1145
diabet,diabetesmellitus,913,975
diabet,diabeticas,765,1178
diabet,diabetol,757,923
diabet,diabeticorum,751,1123
diabet,diabetikum,663,1853
diabet,diabetesta,588,1184
diabet,diabetestherapie,580,652
diabet,diabetespatienten,541,665
diabet,diabetem,517,748
diabet,diabetick,501,690
diabet,diabeteses,432,803
diabet,diabetekseen,391,582
diabet,diabets,384,434
diabet,diabeto,361,563
diabet,diabetesrisiko,322,372
diabet,diabetus,308,413
diabet,diabetischem,300,361
diabet,diabetogenesis,300,361
diabet,diabetom,276,282
diabet,diabetika,262,620
diabet,diabetisches,255,268
diabet,diabeties,241,291
diabet,diabetikers,238,266
diabet,diabetul,232,278
diabet,diabetologen,227,262
diabet,diabetespati,220,262
diabet,diabeticum,211,247
diabet,diabetesbehandlung,209,219
diabet,diabetogenicity,207,242
diabet,diabetas,199,249
diabet,diabetological,199,227
diabet,diabeti,196,244
diabet,diabetesdauer,195,269
diabet,diabetespr,190,231
diabet,diabeta,182,196
diabet,diabetologica,175,198
diabet,diabeteszorg,166,245
diabet,diabeteksesta,165,247
diabet,diabetin,165,294
diabet,diabetikerinnen,162,215
diabet,diabetologischen,156,198
diabet,diabetului,156,177
diabet,diabeticke,153,229
diabet,diabeticpatients,151,159
diabet,diabetesforschung,150,176
diabet,diabetesv,147,200
diabet,diabetesmanagement,146,162
diabet,diabetesben,141,181
diabet,diabetologii,141,175
diabet,diabeteserkrankung,138,146
diabet,diabetisi,124,300
diabet,diabetning,121,158
diabet,diabetog,116,130
diabet,diabetolog,112,123
diabet,diabetologicznego,108,115
diabet,diabetisch,106,116
diabet,diabetesrelated,105,108
diabet,diabetiky,103,117
diabet,diabetesa,102,132
diabet,diabetesi,102,176
diabet,diabeticretinopathy,102,112
diabet,diabetesdocumentation,101,101
diabet,diabetiche,99,121
diabet,diabetologicznej,99,127
diabet,diabetimss,96,268
diabet,diabetesjournals,92,112
diabet,diabetikere,91,124
diabet,diabetesformen,90,104
diabet,diabetespatienter,87,115
diabet,diabetli,86,127
diabet,diabeteseinstellung,85,99
diabet,diabetologi,85,112
diabet,diabetesand,84,87
diabet,diabeticheskoy,81,81
depress,depression,1130357,2449825
depress,depressive,287441,572962
depress,depressed,217274,303813
depress,depress,51182,86164
depress,depressions,45026,61258
depress,depressing,16605,18151
depress,depressant,15959,21092
depress,depresses,9084,9499
depress,depressa,8777,12529
depress,depressor,8101,12750
depress,depressurization,7364,11667
depress,depressivos,6971,12988
depress,depressus,5545,7721
depress,depressants,5472,6861
depress,depressionen,4929,6512
depress,depressao,4426,9443
depress,depressiven,3878,5721
depress,depressie,3503,5511
depress,depressivo,3373,4860
depress,depressiva,3249,5726
depress,depressione,3225,4916
depress,depressives,2599,4065
depress,depressiver,2297,3088
depress,depressivit,1941,3330
depress,depressum,1447,1949
depress,depressieve,1264,2355
depress,depresszi,1175,2563
depress,depressi,1132,1888
depress,depressurized,1016,1211
depress,depressiveness,1003,1762
depress,depressiv,827,1044
depress,depressariidae,794,911
depress,depressional,792,1195
depress,depressingly,774,777
depress,depressogenic,642,858
depress,depressors,642,838
depress,depressivi,626,903
depress,depressurisation,597,1078
depress,depressifs,534,750
depress,depressurizing,525,645
depress,depressaria,521,933
depress,depressio,499,749
depress,depressivas,470,587
depress,depressif,434,581
depress,depressible,394,566
depress,depresso,354,392
depress,depressies,321,377
depress,depressionsbehandlung,295,348
depress,depressurize,268,293
depress,depressivity,260,419
depress,depressiya,248,300
depress,depressiceps,247,409
depress,depressicornis,246,320
depress,depresse,222,241
depress,depressionsskala,222,469
depress,depressief,200,252
depress,depressioner,199,236
depress,depressores,183,231
depress,depressioni,179,198
depress,depressifrons,173,274
depress,depressiusculum,146,185
depress,depressoes,131,157
depress,depressius,129,223
depress,depressiooni,124,266
depress,depresssion,124,133
depress,depressis,117,120
depress,depressivitat,116,213
depress,depressionand,108,110
depress,depressz,107,171
depress,depressariinae,106,123
depress,depressiviteit,99,134
depress,depressurised,93,106
depress,depressirostris,91,129
depress,depressuring,87,141
depress,depressionstherapie,86,94
depress,depressionssymptome,84,96
depress,depressora,82,91
depress,depressionsforschung,81,85
depress,depressioon,81,106
depress,depressiu,81,110
depress,depressionin,80,81
depress,depressivem,80,83
depress,depressivesymptoms,79,87
depress,depressula,79,108
depress,depressionssymtom,78,140
depress,depressionsrisiko,66,81
depress,depressionssymptomatik,66,98
depress,depressionswerte,66,79
depress,depressurizes,65,68
depress,depressively,64,70
depress,depressin,62,63
depress,depressotypic,59,76
depress,depressurizations,59,67
depress,depressionsinventar,58,63
depress,depressurising,53,80
depress,depressana,52,93
depress,depressiuscula,52,60
depress,depressure,52,66
depress,depressionssymptomen,51,61
depress,depresson,51,55
dengue,dengue,112895,363123
dengue,denguefieber,63,83
dengue,dengues,55,64
dengue,denguevirus,43,64
dengue,denguefever,24,25
dengue,denguedi,19,19
dengue,denguenet,19,31
dengue,dengueseq,19,33
dengue,denguetools,19,29
dengue,denguefeber,18,20
dengue,denguehemorrhagic,18,19
dengue,denguelike,17,25
dengue,dengueinfection,14,14
dengue,denguefiebers,13,13
dengue,denguele,13,17
dengue,denguemateriales,12,12
dengue,denguezli,10,11
dengue,dengueendemic,9,9
dengue,denguei,9,15
dengue,dengueen,8,9
dengue,denguepada,8,8
dengue,dengueresultados,8,8
dengue,dengueviren,8,9
dengue,denguecases,5,5
dengue,denguehaemorrhagic,5,5
dengue,dengueme,5,10
dengue,denguev,5,5
dengue,dengueantigenicgeneticbkk,4,4
dengue,denguecasedata,4,4
dengue,denguedan,4,4
dengue,denguedengan,4,4
dengue,denguedengue,4,4
dengue,denguedrugrep,4,7
dengue,dengueinfected,4,4
dengue,dengueis,4,4
dengue,denguerelated,4,4
dengue,denguespecific,4,4
dengue,dengueyang,4,4
dengue,dengueagethailand,3,3
dengue,dengueassociated,3,3
dengue,denguebd,3,4
dengue,denguechat,3,15
dengue,denguein,3,3
dengue,denguel,3,4
dengue,denguelim,3,3
dengue,denguen,3,3
dengue,denguenil,3,11
dengue,denguepatients,3,3
dengue,denguepositive,3,4
dengue,dengueprevention,3,4
dengue,dengueshock,3,3
dengue,denguestudi,3,3
dengue,denguetech,3,3
dengue,denguevector,3,3
dengue,denguea,2,2
dengue,dengueagg,2,2
dengue,dengueamerica,2,4
dengue,dengueat,2,2
dengue,denguebackgrpaper,2,2
dengue,denguebr,2,2
dengue,denguecomuna,2,2
dengue,denguecontrol,2,2
dengue,denguedisease,2,2
dengue,denguefieberf,2,2
dengue,dengueguidelines,2,2
dengue,denguehemorragico,2,3
dengue,denguehttp,2,2
dengue,dengueimpfung,2,2
dengue,dengueincidence,2,2
dengue,dengueindu,2,2
dengue,dengueinfektionen,2,3
dengue,denguekuume,2,2
dengue,denguemaladies,2,2
dengue,denguemobility,2,2
dengue,dengueneutralizing,2,2
dengue,dengueobjetivo,2,2
dengue,dengueoutbreak,2,2
dengue,denguepaper,2,4
dengue,denguephil,2,2
dengue,dengueremain,2,2
dengue,denguerio,2,2
dengue,denguesuspected,2,2
dengue,dengueterhadap,2,2
dengue,denguetest,2,2
dengue,denguevectormodels,2,2
dengue,denguevirusinfecties,2,2
dengue,dengueviz,2,2
dengue,dengueabstractdengue,1,1
dengue,dengueadalahmerupakan,1,1
dengue,dengueadmitted,1,1
dengue,dengueai,1,1
dengue,dengueaid,1,6
dengue,dengueakutdisebabkanoleh,1,1
dengue,denguealert,1,1
dengue,dengueand,1,1
dengue,dengueantara,1,1
dengue,dengueattributable,1,1
dengue,dengueayang,1,1
dengue,denguebagi,1,1
dengue,denguebased,1,1
decarb,decarboxylase,43902,63970
decarb,decarbonization,29003,39522
decarb,decarboxylation,22894,32393
decarb,decarbonisation,11811,16286
decarb,decarboxylative,7698,11759
decarb,decarbonizing,6006,6564
decarb,decarbonize,5854,6211
decarb,decarbonylation,4544,6298
decarb,decarburization,3713,6623
decarb,decarbonized,3303,3743
decarb,decarbonising,2603,2880
decarb,decarboxylated,2553,2992
decarb,decarbonise,2497,2675
decarb,decarboxylases,1909,2535
decarb,decarbonation,1480,2102
decarb,decarbonised,1190,1350
decarb,decarboxylierung,1174,1326
decarb,decarbonylative,1015,1657
decarb,decarboxylating,909,1077
decarb,decarburized,794,1257
decarb,decarboxylate,703,789
decarb,decarboxyliert,381,383
decarb,decarburisation,348,665
decarb,decarbonizzazione,339,436
decarb,decarbonylated,334,392
decarb,decarboxylates,333,348
decarb,decarbonated,319,428
decarb,decarburizing,313,442
decarb,decarboxylations,299,361
decarb,decarbonylierung,251,289
decarb,decarboxy,247,312
decarb,decarbamoyl,156,227
decarb,decarbonylase,155,212
decarb,decarbonizes,135,158
decarb,decarboxilase,114,120
decarb,decarb,106,131
decarb,decarboxilasa,103,158
decarb,decarboxylieren,96,97
decarb,decarbono,83,87
decarb,decarboxymethyl,83,116
decarb,decarbon,81,89
decarb,decarbonylate,72,74
decarb,decarbonatation,71,93
decarb,decarbonatization,71,83
decarb,decarbonylates,70,76
decarb,decarbamoylation,68,92
decarb,decarbonises,68,68
decarb,decarbonylations,68,83
decarb,decarbazine,61,65
decarb,decarboxylierende,61,76
decarb,decarburised,61,94
decarb,decarbamylation,59,83
decarb,decarburation,56,79
decarb,decarbamoylsaxitoxin,53,56
decarb,decarbonylating,49,49
decarb,decarboxyl,49,68
decarb,decarbomethoxylation,46,55
decarb,decarbethoxylation,44,49
decarb,decarboxylic,44,54
decarb,decarbonyl,43,57
decarb,decarbonyliert,42,42
decarb,decarbossilazione,40,46
decarb,decarbalkoxylation,39,50
decarb,decarbonate,38,41
decarb,decarbossilasi,38,42
decarb,decarbox,37,37
decarb,decarbo,36,50
decarb,decarburising,34,52
decarb,decarboxylierenden,33,42
decarb,decarbonizzare,31,32
decarb,decarboxylasen,31,40
decarb,decarburize,31,33
decarb,decarbonating,30,35
decarb,decarbomethoxy,29,38
decarb,decarbonylases,29,41
decarb,decarboxilation,28,28
decarb,decarbone,21,22
decarb,decarboxylierungsprodukt,21,21
decarb,decarboxlyase,19,20
decarb,decarboxyla,19,19
decarb,decarbamoylmitomycin,18,26
decarb,decarbenation,17,24
decarb,decarbomethoxylated,17,20
decarb,decarbonee,17,18
decarb,decarbonizaci,17,27
decarb,decarbopalladation,17,17
decarb,decarborane,17,19
decarb,decarboxlase,17,19
decarb,decarbonilation,16,16
decarb,decarbonizer,16,21
decarb,decarboxylierungen,15,15
decarb,decarboethoxylation,14,14
decarb,decarboidratos,14,14
decarb,decarboni,14,14
decarb,decarbonylieren,14,14
decarb,decarbonylierende,14,21
decarb,decarboxylierender,14,14
decarb,decarboxylierungsprodukte,14,14
decarb,decarbamylated,13,21
decarb,decarbobenzoxylation,13,15
death,death,2561132,3882061
death,deaths,576954,881151
death,deathbed,2824,3355
death,deathly,1630,2437
death,deathless,540,749
death,deathwatch,273,500
death,deathscapes,232,365
death,deathmatch,222,293
death,deathtrap,157,181
death,deathbeds,145,169
death,deathin,144,145
death,deathways,121,198
death,deathblow,114,116
death,deathscape,112,155
death,deatherage,107,121
death,deathand,103,105
death,deathcore,103,120
death,deathrate,97,119
death,deathof,89,89
death,deathcare,81,148
death,deathlike,77,77
death,deaththe,74,78
death,deathes,72,82
death,deathpenalty,68,74
death,deathstar,67,104
death,deathwish,67,78
death,deathlessness,66,87
death,deathridge,66,99
death,deathstroke,61,883
death,deathrock,58,96
death,deathe,56,63
death,deathliness,51,54
death,deathguild,50,69
death,deathtomusic,48,57
death,deathis,47,49
death,deathful,45,48
death,deathpanel,44,51
death,deathrates,43,47
death,deathreg,38,38
death,deaththese,38,38
death,deathday,37,51
death,deathwork,32,50
death,deathworlds,32,56
death,deatha,31,32
death,deathrockradio,31,31
death,deathsin,31,31
death,deathrow,30,31
death,deathtraps,30,33
death,deathstalker,29,31
death,deathline,28,43
death,deathray,27,46
death,deathworld,26,39
death,deathcap,25,29
death,deathfugue,25,30
death,deathwas,25,25
death,deathwing,25,39
death,deathfest,24,39
death,deathi,24,25
death,deathloop,23,34
death,deathstarbench,23,28
death,deathfrom,22,23
death,deathworldwide,22,22
death,deaththis,21,21
death,deathvalleyensis,21,40
death,deathassociated,20,20
death,deathbots,20,51
death,deathlife,20,31
death,deathmetal,20,45
death,deathward,20,25
death,deathpanelpod,19,25
death,deathbound,18,22
death,deathh,18,18
death,deathsand,18,18
death,deathtime,18,22
death,deathcamp,16,16
death,deathcertificate,16,19
death,deathjewelradio,16,16
death,deathmatches,16,16
death,deathn,16,55
death,deathofauthor,16,16
death,deathpanelpodnew,16,16
death,deathsof,16,16
death,deathswere,16,16
death,deathswerefabricated,16,16
death,deathbomb,15,18
death,deathby,15,15
death,deathgrind,15,16
death,deathing,15,21
death,deathmachine,15,25
death,deathmask,15,19
death,deathrelated,15,19
death,deathsong,15,18
death,deaththat,15,15
death,deathto,15,16
death,deathamong,14,14
death,deathbase,14,14
death,deathligand,14,15
death,deathpile,14,15
death,deathsfrom,14,14
death,deathsquad,14,15
cyclone,cyclone,60310,114688
cyclone,cyclones,38436,64695
cyclone,cycloneda,852,1291
cyclone,cyclonema,224,234
cyclone,cycloneuroterus,124,329
cyclone,cycloneii,75,75
cyclone,cyclonephelium,75,144
cyclone,cycloneritida,72,74
cyclone,cyclonerodiol,69,90
cyclone,cyclonedx,65,133
cyclone,cycloneuralia,64,77
cyclone,cycloneuralians,42,81
cyclone,cycloneuralian,38,58
cyclone,cyclonet,30,70
cyclone,cycloneura,28,56
cyclone,cycloneseq,26,58
cyclone,cycloneiii,21,22
cyclone,cycloneophyl,21,30
cyclone,cyclonen,20,22
cyclone,cyclonerane,20,27
cyclone,cycloned,19,20
cyclone,cyclonexis,19,36
cyclone,cyclonenia,17,24
cyclone,cyclonene,15,26
cyclone,cycloneiv,13,16
cyclone,cycloneren,13,21
cyclone,cycloneritimorpha,12,15
cyclone,cyclonetracker,12,12
cyclone,cyclonetracking,12,12
cyclone,cyclonev,11,11
cyclone,cyclonedds,10,20
cyclone,cycloneosamandion,9,11
cyclone,cyclonerotriol,9,13
cyclone,cycloneolitsol,7,8
cyclone,cycloneophylplatinum,7,11
cyclone,cycloneosamandione,7,8
cyclone,cycloneboy,6,6
cyclone,cyclonelike,5,5
cyclone,cycloneosamandions,5,7
cyclone,cycloneran,5,6
cyclone,cycloneswindsat,5,5
cyclone,cyclonexane,5,5
cyclone,cycloneolitsin,4,5
cyclone,cyclonepiano,4,4
cyclone,cyclonepressure,4,4
cyclone,cyclonervilol,4,6
cyclone,cyclonervosa,4,4
cyclone,cycloneaffected,3,3
cyclone,cyclonedasanguinea,3,3
cyclone,cyclonedetector,3,3
cyclone,cyclonegaja,3,3
cyclone,cyclonegenesis,3,5
cyclone,cycloneid,3,3
cyclone,cycloneolignane,3,4
cyclone,cycloneolignans,3,13
cyclone,cycloneophylpalladium,3,4
cyclone,cycloneperformance,3,3
cyclone,cyclonerodiols,3,3
cyclone,cyclonerualians,3,3
cyclone,cyclonesand,3,4
cyclone,cyclonetm,3,4
cyclone,cyclonetwork,3,4
cyclone,cyclonea,2,3
cyclone,cycloneactivity,2,2
cyclone,cycloneand,2,2
cyclone,cycloneapplicationcase,2,2
cyclone,cyclonebased,2,2
cyclone,cyclonebularine,2,2
cyclone,cyclonecc,2,13
cyclone,cyclonedb,2,2
cyclone,cycloneep,2,2
cyclone,cycloneexports,2,2
cyclone,cycloneextremes,2,2
cyclone,cycloneiiep,2,2
cyclone,cycloneinduced,2,2
cyclone,cyclonellin,2,3
cyclone,cyclonemedia,2,2
cyclone,cyclonemedium,2,2
cyclone,cyclonemelter,2,2
cyclone,cycloneml,2,2
cyclone,cyclonenatural,2,2
cyclone,cycloneocean,2,2
cyclone,cycloneosamandaridine,2,5
cyclone,cycloneparams,2,2
cyclone,cyclonephailin,2,2
cyclone,cyclonephilic,2,2
cyclone,cycloneprone,2,2
cyclone,cycloneranate,2,2
cyclone,cycloneritid,2,2
cyclone,cycloneritimorphs,2,2
cyclone,cyclonerol,2,2
cyclone,cyclonerolidol,2,2
cyclone,cyclonervilasterol,2,3
cyclone,cyclonesare,2,2
cyclone,cyclonesep,2,2
cyclone,cyclonesin,2,2
cyclone,cyclonestorm,2,2
cyclone,cyclonesunder,2,2
cyclone,cyclonethese,2,2
cyclone,cyclonetracks,2,2
cramp,cramps,13147,18454
cramp,cramping,5530,7181
cramp,cramp,4926,8550
cramp,cramped,4164,4388
cramp,crampton,2671,3621
cramp,crampy,1179,1242
cramp,crampes,310,421
cramp,crampons,251,331
cramp,crampon,249,317
cramp,crampin,239,371
cramp,crampe,160,183
cramp,crampel,103,150
cramp,cramptoni,83,118
cramp,crampi,61,68
cramp,crampeli,45,90
cramp,cramphorn,37,64
cramp,cramplike,35,40
cramp,crampas,32,56
cramp,crampsie,25,29
cramp,crampsey,20,23
cramp,crampedness,19,22
cramp,cramponner,18,20
cramp,cramponn,17,18
cramp,cramptmore,17,17
cramp,crampa,15,19
cramp,cramphorne,14,14
cramp,cramponne,14,14
cramp,crampus,13,15
cramp,crampers,12,27
cramp,crampinbritish,12,12
cramp,cramponnement,12,13
cramp,crampinstuart,11,11
cramp,cramponnent,10,11
cramp,cramprich,10,10
cramp,cramptons,10,11
cramp,crampinuniversity,9,9
cramp,crampones,9,15
cramp,cramptonomyia,9,13
cramp,crampol,7,7
cramp,crampiness,6,7
cramp,crampings,5,5
cramp,crample,5,5
cramp,crampo,5,5
cramp,crampt,5,6
cramp,cramptoncite,5,5
cramp,crampbark,4,4
cramp,crampette,4,4
cramp,crampiano,4,4
cramp,crampiforme,4,4
cramp,crampness,4,4
cramp,crampolin,4,4
cramp,cramponnaient,4,4
cramp,cramponnant,4,4
cramp,cramponnez,4,4
cramp,crampp,4,4
cramp,cramptom,4,4
cramp,cramptonomyiidae,4,5
cramp,crampeter,3,3
cramp,crampiformes,3,3
cramp,crampilh,3,3
cramp,crampindepartment,3,3
cramp,crampley,3,5
cramp,cramposie,3,5
cramp,cramption,3,4
cramp,crampuskrankheit,3,3
cramp,crampusneurose,3,3
cramp,crampable,2,9
cramp,crampagna,2,4
cramp,crampbell,2,2
cramp,crampedconditions,2,2
cramp,crampele,2,2
cramp,cramper,2,2
cramp,crampet,2,2
cramp,crampete,2,2
cramp,crampfish,2,2
cramp,cramphin,2,3
cramp,crampho,2,2
cramp,crampinenru,2,2
cramp,crampiniain,2,2
cramp,crampininst,2,2
cramp,crampinjohn,2,2
cramp,crampinsergey,2,2
cramp,crampinxiangyang,2,2
cramp,crampisius,2,2
cramp,crampled,2,2
cramp,crampmoor,2,2
cramp,crampoane,2,3
cramp,crampoid,2,2
cramp,crampology,2,2
cramp,cramponated,2,2
cramp,cramponla,2,2
cramp,cramponnait,2,2
cramp,cramponnee,2,2
cramp,cramponnes,2,2
cramp,crampositive,2,2
cramp,cramppcp,2,3
cramp,crampsa,2,2
cramp,crampsy,2,2
cramp,crampten,2,2
cramp,cramptonrobert,2,2
control,control,14003023,24295472
control,controlled,3093803,3813507
control,controls,1831680,2739156
control,controlling,1795804,1984213
control,controller,658642,1297739
control,controle,338318,551558
control,controllers,316325,435705
control,controllable,176653,211461
control,controlar,72998,80058
control,controles,69317,104028
control,controllability,63748,95934
control,controllo,45519,65584
control,controlado,33224,37636
control,controlada,30624,37023
control,controlo,30250,49453
control,controlados,21377,24694
control,controlador,17117,28528
control,controladas,16277,17971
control,controla,11799,12536
control,controladores,11192,17272
control,controllably,8374,8682
control,controling,7061,7747
control,controlando,6643,6898
control,controled,6471,6942
control,controlan,6416,6823
control,controlli,6351,9006
control,controler,6072,6504
control,controlee,4168,4531
control,controllare,3501,3800
control,controll,3300,3752
control,controladoria,3126,6527
control,controlam,2826,2944
control,controllato,2362,2654
control,controllata,2122,2416
control,controlees,1841,1978
control,controlant,1680,1784
control,controlat,1657,1948
control,controlgroup,1654,1766
control,controllingu,1553,2722
control,controlable,1440,1556
control,controllings,1424,1875
control,controleren,1372,1532
control,controlables,1334,1572
control,controllati,1219,1375
control,controlaron,1197,1246
control,controlen,1151,1172
control,controlent,1122,1187
control,controladora,1117,1312
control,controllate,1107,1208
control,controlateral,1085,1274
control,controlos,1036,1565
control,controlgear,1025,2118
control,controlnet,932,1428
control,controleur,898,1257
control,controlegroep,861,1337
control,controlarse,777,788
control,controlla,760,830
control,controlul,755,833
control,controlyour,684,684
control,controllership,651,1210
control,controlof,640,649
control,controlarlo,619,643
control,controlou,594,656
control,controladoras,578,670
control,controlarlos,554,565
control,controleurs,551,756
control,controlarla,543,548
control,controlabilidad,522,834
control,controland,502,512
control,controlle,490,528
control,controlaram,481,501
control,controllano,479,509
control,controllore,450,653
control,controlleurs,430,518
control,controlats,417,468
control,controlthe,413,418
control,controlsystem,403,414
control,controlului,393,473
control,controlaba,391,396
control,controllando,373,393
control,controleboringen,372,458
control,controlabilidade,364,569
control,controlarlas,355,358
control,controlaban,334,343
control,controlamos,331,350
control,controllori,331,446
control,controlades,321,355
control,controlability,317,351
control,controladors,313,523
control,controlin,309,312
control,controllern,309,480
control,controlaterale,286,354
control,controlls,282,299
control,controllogix,255,359
control,controluce,254,264
control,controlem,251,255
control,controlimiti,251,349
control,controllabili,239,252
control,controllingov,234,369
control,controlthese,224,224
contamination,contamination,561578,842501
contamination,contaminations,19769,23077
contamination,contaminationof,43,44
contamination,contaminationin,41,43
contamination,contaminationand,29,29
contamination,contaminationcite,16,16
contamination,contaminationby,14,14
contamination,contaminationwith,13,14
contamination,contaminationthe,12,12
contamination,contaminationwas,10,10
contamination,contaminational,9,9
contamination,contaminationauthors,8,8
contamination,contaminationfree,7,7
contamination,contaminationis,7,7
contamination,contaminationsoil,7,7
contamination,contaminationgroundwater,6,6
contamination,contaminationlevel,6,6
contamination,contaminationlevels,6,6
contamination,contaminationanalysis,5,13
contamination,contaminationbetween,5,5
contamination,contaminationenvironmental,5,5
contamination,contaminationheavy,5,5
contamination,contaminationmore,5,5
contamination,contaminationon,5,5
contamination,contaminationprevention,5,7
contamination,contaminationdetermination,4,6
contamination,contaminationduring,4,4
contamination,contaminationed,4,4
contamination,contaminationes,4,4
contamination,contaminationfrom,4,4
contamination,contaminationwere,4,4
contamination,contaminationwhich,4,4
contamination,contaminationa,3,3
contamination,contaminationat,3,3
contamination,contaminationen,3,3
contamination,contaminationform,3,3
contamination,contaminationlocation,3,3
contamination,contaminationloop,3,6
contamination,contaminationpermalink,3,3
contamination,contaminationrelated,3,3
contamination,contaminationremoval,3,3
contamination,contaminationrisk,3,3
contamination,contaminationsethell,3,3
contamination,contaminationsfrom,3,3
contamination,contaminationsingle,3,3
contamination,contaminationsupplementary,3,3
contamination,contaminationswith,3,3
contamination,contaminationthat,3,3
contamination,contaminationas,2,2
contamination,contaminationbaseline,2,2
contamination,contaminationbioaccumulation,2,2
contamination,contaminationbwr,2,2
contamination,contaminationbye,2,2
contamination,contaminationc,2,2
contamination,contaminationcan,2,2
contamination,contaminationcarbon,2,2
contamination,contaminationcaused,2,2
contamination,contaminationcell,2,2
contamination,contaminationd,2,2
contamination,contaminationdans,2,2
contamination,contaminationdrain,2,2
contamination,contaminationdue,2,2
contamination,contaminationevidence,2,2
contamination,contaminationfactor,2,2
contamination,contaminationfrequency,2,2
contamination,contaminationg,2,2
contamination,contaminationgerman,2,2
contamination,contaminationi,2,2
contamination,contaminationinthe,2,2
contamination,contaminationjason,2,2
contamination,contaminationkellyn,2,2
contamination,contaminationlabs,2,2
contamination,contaminationlowseqsincluded,2,4
contamination,contaminationlowseqsremoved,2,8
contamination,contaminationm,2,2
contamination,contaminationmay,2,2
contamination,contaminationmetrika,2,2
contamination,contaminationmonitoring,2,2
contamination,contaminationnistes,2,2
contamination,contaminationphytoremediation,2,2
contamination,contaminationplant,2,2
contamination,contaminationpotential,2,2
contamination,contaminationproblems,2,2
contamination,contaminationproducestoxic,2,2
contamination,contaminationradioactive,2,2
contamination,contaminationrandy,2,2
contamination,contaminationresulting,2,2
contamination,contaminationroutes,2,2
contamination,contaminationsatisfied,2,2
contamination,contaminationseems,2,2
contamination,contaminationsin,2,2
contamination,contaminationsles,2,2
contamination,contaminationsrespectively,2,2
contamination,contaminationwheel,2,2
contamination,contaminationwhen,2,2
contamination,contaminationx,2,2
contamination,contaminationabdominal,1,1
contamination,contaminationabout,1,1
contamination,contaminationabstractthe,1,1
contamination,contaminationacs,1,1
consum,consumption,2264168,3828631
consum,consumer,996042,1720969
consum,consumers,777927,1315337
consum,consuming,489823,529919
consum,consumo,370113,640721
consum,consumed,351419,427790
consum,consume,170852,194250
consum,consumidores,93283,134810
consum,consumidor,85605,128583
consum,consumes,70185,73538
consum,consumerism,27952,37506
consum,consumptions,19647,22691
consum,consumptive,15904,26980
consum,consumir,15611,17519
consum,consumable,13614,16644
consum,consumos,13134,17263
consum,consum,12152,17585
consum,consumables,11295,15083
consum,consumen,10654,12606
consum,consumida,10347,11561
consum,consumidos,9874,11089
consum,consumido,9078,9913
consum,consummate,8534,8975
consum,consumi,7443,9743
consum,consumerist,6446,7426
consum,consumatori,6331,8859
consum,consummation,5535,6179
consum,consumidas,5387,5978
consum,consumatore,5293,7325
consum,consumismo,4180,4934
consum,consumidoras,2864,3833
consum,consummated,2826,2947
consum,consument,2734,3612
consum,consumenten,2427,3496
consum,consummatory,2424,3635
consum,consuma,2119,2236
consum,consumieron,2067,2634
consum,consump,1974,2106
consum,consumista,1923,2041
consum,consumidora,1910,2140
consum,consumiram,1752,2198
consum,consummating,1738,1819
consum,consumpti,1712,3315
consum,consumiendo,1475,1535
consum,consumado,1468,1717
consum,consumptie,1453,1796
consum,consumindo,1345,1444
consum,consumidors,1291,1864
consum,consumaci,1042,1176
consum,consumimos,1010,1087
consum,consumiam,1000,1209
consum,consumtion,982,1202
consum,consumerista,772,930
consum,consumiu,741,829
consum,consums,670,941
consum,consuman,628,649
consum,consumptives,626,673
consum,consumados,541,618
consum,consumistas,526,552
consum,consumerization,514,812
consum,consummates,514,525
consum,consumada,501,517
consum,consumeristas,494,613
consum,consumibles,488,602
consum,consumare,467,492
consum,consumia,454,515
consum,consumar,442,453
consum,consumato,414,442
consum,consummately,402,406
consum,consumata,391,439
consum,consumedly,389,396
consum,consumirem,379,405
consum,consumati,343,363
consum,consumului,332,365
consum,consumeren,325,402
consum,consumian,322,363
consum,consumul,314,382
consum,consumatorilor,309,373
consum,consumirse,296,302
consum,consumacion,293,322
consum,consumeristic,292,336
consum,consumano,284,302
consum,consumeix,275,302
consum,consumeixen,272,290
consum,consumentenrecht,263,305
consum,consumate,262,274
consum,consumentenpanel,262,382
consum,consumirlo,262,281
consum,consumio,257,299
consum,consumode,257,266
consum,consumptionand,245,246
consum,consumentengedrag,242,276
consum,consumptionof,242,249
consum,consumptively,230,259
consum,consumible,223,243
consum,consumation,219,239
consum,consumirlos,217,219
consum,consumpt,207,224
consum,consumatorului,200,258
consum,consumentenbescherming,194,226
conflict,conflict,1082281,1799898
conflict,conflicts,590736,801299
conflict,conflicting,287305,310391
conflict,conflicto,99204,140364
conflict,conflictos,89985,122943
conflict,conflicted,19715,21277
conflict,conflictual,11201,12841
conflict,conflictividad,8361,10392
conflict,conflictive,4701,5247
conflict,conflictiva,4138,4298
conflict,conflictivas,3799,4051
conflict,conflictofinterestforms,3462,3465
conflict,conflicte,3137,4017
conflict,conflictes,2777,3748
conflict,conflictivo,2684,2773
conflict,conflictivos,2496,2614
conflict,conflictuelle,2439,2613
conflict,conflictuelles,2433,2592
conflict,conflictualit,1984,2301
conflict,conflicten,1752,2420
conflict,confliction,1663,1975
conflict,conflictuel,1500,1552
conflict,conflictuels,1321,1378
conflict,conflictology,452,680
conflict,conflictological,412,830
conflict,conflictelor,391,452
conflict,conflictividades,391,462
conflict,conflictivitat,354,421
conflict,conflictions,331,370
conflict,conflictul,295,341
conflict,conflictului,283,319
conflict,conflictuality,262,321
conflict,conflictualite,260,319
conflict,conflicterende,227,247
conflict,conflictus,210,238
conflict,conflictele,201,236
conflict,conflictogenic,195,274
conflict,conflictuales,178,196
conflict,conflictingly,169,170
conflict,conflictu,163,197
conflict,conflictthese,139,139
conflict,conflictofinterest,134,134
conflict,conflictius,127,132
conflict,conflictmanagement,127,152
conflict,conflictness,125,165
conflict,conflictoplossing,125,173
conflict,conflictivamente,121,123
conflict,conflictenrecht,119,134
conflict,conflictives,117,141
conflict,conflictana,114,150
conflict,conflictivity,111,133
conflict,conflictof,100,102
conflict,conflicthantering,97,117
conflict,conflictresolution,97,104
conflict,conflictualidad,92,111
conflict,conflictualisation,92,100
conflict,conflictiu,90,92
conflict,conflictogenity,83,131
conflict,conflictsituaties,83,102
conflict,conflictbetween,80,83
conflict,conflictuale,74,84
conflict,conflictful,72,78
conflict,conflicteren,71,71
conflict,conflictin,69,72
conflict,conflictaffected,68,69
conflict,conflictwith,68,71
conflict,conflictand,67,68
conflict,conflictogenicity,56,79
conflict,conflicta,55,60
conflict,conflictfree,54,56
conflict,conflictthe,52,52
conflict,conflictolog,50,55
conflict,conflictpreventie,45,51
conflict,conflictsbetween,44,45
conflict,conflictually,44,45
conflict,conflictivista,42,46
conflict,conflictsand,42,42
conflict,conflictbeheersing,40,43
conflict,conflictuous,37,40
conflict,conflictsin,35,35
conflict,conflictueuze,32,42
conflict,conflictory,29,39
conflict,conflictridden,29,29
conflict,conflictualites,28,29
conflict,conflictbeslechting,27,28
conflict,conflictis,27,29
conflict,conflictologists,27,37
conflict,conflictum,27,29
conflict,conflictedness,26,29
conflict,conflictless,26,37
conflict,conflicteert,25,26
conflict,conflictsof,25,25
conflict,conflictualiste,25,28
conflict,conflicti,24,24
conflict,conflictsituatie,24,31
conflict,conflictualis,24,24
conflict,conflictualism,24,26
conflict,conflictalk,23,38
conflict,conflictbemiddeling,23,33
conflict,conflictconflict,23,24
condition,conditions,11888705,15445989
condition,condition,3627345,4751266
condition,conditional,378952,543080
condition,conditioning,299847,474941
condition,conditioned,242693,324846
condition,conditionally,40491,47553
condition,conditioner,26687,42992
condition,conditioners,14620,20612
condition,conditionality,14029,20736
condition,conditionals,8283,14720
condition,conditionnement,5535,7298
condition,conditionn,5028,5507
condition,conditionne,4555,4673
condition,conditionnent,3241,3300
condition,conditionnelle,2688,3435
condition,conditionalities,1772,2242
condition,conditionnel,1702,2959
condition,conditionings,1331,1559
condition,conditionnelles,1136,1463
condition,conditionnant,1027,1058
condition,conditionner,959,979
condition,conditionnee,808,853
condition,conditionnels,773,980
condition,conditione,658,690
condition,conditionnalit,609,755
condition,conditionnements,591,681
condition,conditionsof,550,555
condition,conditionalization,535,870
condition,conditionis,432,469
condition,conditionsand,412,414
condition,conditiones,371,390
condition,conditionnellement,330,364
condition,conditionsfor,307,308
condition,conditionibus,301,307
condition,conditionnes,294,317
condition,conditionof,294,295
condition,conditionsin,280,282
condition,conditionnees,261,283
condition,conditionsthe,241,247
condition,conditionability,209,283
condition,conditionning,183,194
condition,conditionand,166,166
condition,conditionned,154,161
condition,conditionering,144,215
condition,conditionsare,140,141
condition,conditionem,129,129
condition,conditionsa,125,130
condition,conditionin,123,124
condition,conditionswere,121,121
condition,conditioni,118,120
condition,conditionneur,116,176
condition,conditionson,116,116
condition,conditionfor,115,115
condition,conditionneurs,113,158
condition,conditiona,109,116
condition,conditionalized,107,124
condition,conditionele,106,147
condition,conditionalworksheet,96,194
condition,conditionsthat,96,96
condition,conditionate,95,99
condition,conditionnalite,93,125
condition,conditionalworksheetssecond,88,113
condition,conditionnera,86,86
condition,conditionthese,81,81
condition,conditionsto,80,81
condition,conditiong,78,90
condition,conditionsis,78,78
condition,conditionalizing,76,86
condition,conditionalworksheets,74,88
condition,conditionedness,74,81
condition,conditionalpdf,73,131
condition,conditionable,70,72
condition,conditionnait,65,65
condition,conditionsunder,63,64
condition,conditionthat,62,62
condition,conditionbased,61,61
condition,conditionalism,59,67
condition,conditionated,58,62
condition,conditionss,57,60
condition,conditionsjournal,56,59
condition,conditionalthird,55,55
condition,conditiond,55,58
condition,conditionswith,54,54
condition,conditionneront,53,53
condition,conditionthe,53,60
condition,conditioneren,51,59
condition,conditionalspdf,50,52
condition,conditionants,50,61
condition,conditionsat,50,50
condition,conditionwas,50,50
condition,conditionen,49,50
condition,conditionnaient,49,50
condition,conditionalize,47,50
condition,conditionssuch,47,47
condition,conditionalisation,46,81
condition,conditionnal,46,50
condition,conditionsgenital,46,46
condition,conditionsmore,46,46
condition,conditionsd,43,43
condition,conditionds,42,43
cold,cold,1281765,1969585
cold,colder,32645,36611
cold,coldest,12135,14125
cold,colds,8230,10427
cold,coldness,4577,6013
cold,coldwater,2442,3454
cold,coldplay,1213,3379
cold,coldstream,1023,1282
cold,coldly,1010,1074
cold,colditz,907,1194
cold,coldwell,863,1124
cold,colden,819,1029
cold,coldspots,807,1321
cold,colding,670,865
cold,coldb,503,704
cold,coldfusion,394,826
cold,coldfield,373,465
cold,coldspot,349,491
cold,coldfire,242,410
cold,coldblooded,228,312
cold,coldwar,212,245
cold,coldharbour,178,288
cold,coldspring,169,259
cold,coldenia,168,235
cold,coldiron,168,232
cold,coldstart,139,227
cold,coldren,129,155
cold,coldworked,127,165
cold,coldblood,116,226
cold,coldingham,116,158
cold,colde,115,153
cold,coldformed,112,125
cold,coldworking,107,186
cold,coldham,99,119
cold,coldm,98,98
cold,coldman,95,113
cold,coldplate,95,205
cold,coldex,94,173
cold,coldiretti,92,107
cold,coldea,86,102
cold,coldewey,86,105
cold,coldbrook,84,159
cold,coldstorage,84,101
cold,coldfinger,83,152
cold,coldheartedness,82,117
cold,coldset,82,111
cold,coldbox,81,136
cold,coldhead,81,127
cold,coldrolled,81,85
cold,coldeportes,78,100
cold,colda,77,173
cold,coldfoot,77,110
cold,coldhearted,75,84
cold,coldefy,65,81
cold,coldp,65,115
cold,coldpressed,62,65
cold,coldcut,61,73
cold,coldand,60,63
cold,coldwave,58,93
cold,coldstore,57,85
cold,coldu,56,254
cold,coldadapted,55,55
cold,coldrerio,52,64
cold,coldfeet,51,52
cold,coldwaves,51,72
cold,coldarc,45,71
cold,coldplates,45,55
cold,coldroom,43,57
cold,coldwork,41,46
cold,coldata,40,47
cold,coldmass,40,55
cold,coldr,40,63
cold,coldframe,39,53
cold,coldfront,39,51
cold,coldchain,37,41
cold,coldframes,37,42
cold,coldspray,35,45
cold,coldevin,34,40
cold,coldigioco,34,70
cold,coldrolling,34,34
cold,coldhardiness,33,44
cold,coldicott,33,45
cold,coldrey,33,48
cold,coldshock,33,53
cold,coldair,32,101
cold,coldbath,31,38
cold,colded,31,39
cold,coldinduced,30,33
cold,coldat,29,43
cold,coldice,29,43
cold,coldregions,29,34
cold,coldwall,29,39
cold,coldspark,27,54
cold,coldsprings,24,26
cold,coldtemperate,24,24
cold,coldz,24,44
cold,coldzyme,24,106
cold,coldclimate,23,24
cold,coldron,22,27
cold,coldside,22,28
coast,coastal,730940,1239793
coast,coast,631287,872729
coast,coasts,60061,72268
coast,coastline,56028,75163
coast,coastlines,17952,20596
coast,coaster,6376,8749
coast,coasting,3858,5569
coast,coasters,1229,1656
coast,coastguard,1016,1462
coast,coastally,798,1009
coast,coastwise,640,784
coast,coastcross,603,1372
coast,coastland,580,783
coast,coastdown,425,734
coast,coastlands,407,504
coast,coastwide,384,484
coast,coasted,259,279
coast,coastsat,231,462
coast,coasta,227,246
coast,coastwatch,223,369
coast,coastward,181,219
coast,coastdat,125,292
coast,coastguards,93,109
coast,coastaleng,89,114
coast,coastof,86,86
coast,coastel,71,94
coast,coastes,68,70
coast,coastsnap,68,159
coast,coastalwhite,58,59
coast,coastcite,58,58
coast,coastseg,58,171
coast,coastthese,54,54
coast,coastals,48,88
coast,coastrange,47,83
coast,coastalization,46,68
coast,coastjam,43,99
coast,coastcolour,42,66
coast,coastalplain,41,49
coast,coastalareas,39,43
coast,coastcare,39,76
coast,coastaldem,38,67
coast,coastalwaters,37,37
coast,coastin,37,75
coast,coastalarea,35,36
coast,coastscapes,33,46
coast,coastcam,30,83
coast,coastscape,30,52
coast,coasttrain,29,75
coast,coastwatchers,28,36
coast,coastways,27,27
coast,coastl,26,29
coast,coasty,26,26
coast,coastalscape,25,46
coast,coastdowns,25,28
coast,coastside,25,32
coast,coastalisation,24,37
coast,coastalzone,24,25
coast,coastmap,24,54
coast,coastaline,23,27
coast,coastalt,23,35
coast,coastalnet,22,97
coast,coastalscapes,22,35
coast,coasteering,22,54
coast,coastalcommunities,21,24
coast,coastsentinel,21,21
coast,coastafrican,20,20
coast,coastaland,20,20
coast,coastalis,20,35
coast,coastlab,20,25
coast,coastpredict,20,38
coast,coastai,19,21
coast,coastlooc,19,28
coast,coastox,19,31
coast,coastalmarine,18,19
coast,coastral,18,19
coast,coastview,18,27
coast,coastwatcher,18,21
coast,coastalregion,17,17
coast,coastby,17,22
coast,coastgis,17,20
coast,coastings,17,18
coast,coastlandscalvary,17,17
coast,coastalwatch,16,18
coast,coastn,16,20
coast,coastobs,16,30
coast,coastalenvironment,15,15
coast,coastalmanagement,15,15
coast,coaste,15,15
coast,coastalregions,14,14
coast,coastand,14,14
coast,coastkeeper,14,21
coast,coastructed,14,19
coast,coastthe,14,14
coast,coastadapt,13,18
coast,coastas,13,14
coast,coastatum,13,26
coast,coastbusters,13,17
coast,coastcolonial,13,13
coast,coaston,13,17
coast,coastsforkids,13,13
clinician,clinicians,506286,665982
clinician,clinician,175769,228521
clinician,cliniciansu,23,31
clinician,cliniciansto,17,17
clinician,cliniciansin,16,16
clinician,cliniciansshould,16,16
clinician,cliniciansthis,16,16
clinician,clinicianu,15,15
clinician,clinicianrated,14,14
clinician,cliniciansand,14,14
clinician,cliniciansbackground,13,13
clinician,clinicianadherence,12,12
clinician,clinicianadministered,11,11
clinician,cliniciansthe,11,11
clinician,clinicianand,10,10
clinician,cliniciansa,9,9
clinician,cliniciansmark,8,8
clinician,clinicianswith,8,10
clinician,clinicianpatient,7,7
clinician,clinicianscientists,7,8
clinician,cliniciansfor,5,5
clinician,clinicianship,5,6
clinician,clinicianswe,5,5
clinician,clinicianul,5,5
clinician,clinicianin,4,4
clinician,cliniciansaaron,4,4
clinician,clinicianshave,4,4
clinician,clinicianteachers,4,4
clinician,cliniciand,3,3
clinician,clinicianfriendly,3,3
clinician,cliniciani,3,3
clinician,clinicianj,3,3
clinician,clinicianreported,3,3
clinician,cliniciansare,3,3
clinician,cliniciansbrief,3,3
clinician,clinicianscharlotte,3,3
clinician,cliniciansdesign,3,3
clinician,cliniciansfree,3,3
clinician,cliniciansinvolved,3,3
clinician,cliniciansis,3,3
clinician,cliniciansnorman,3,3
clinician,cliniciansvolume,3,3
clinician,clinicianului,3,4
clinician,clinicianwellbeing,3,4
clinician,cliniciana,2,2
clinician,clinicianalaris,2,2
clinician,clinicianawareness,2,2
clinician,clinicianbarriersandfacilitators,2,4
clinician,clinicianbased,2,2
clinician,clinicianbefore,2,2
clinician,cliniciancan,2,2
clinician,cliniciancollected,2,2
clinician,cliniciandriven,2,2
clinician,cliniciane,2,2
clinician,clinicianguide,2,2
clinician,clinicianincrease,2,4
clinician,clinicianinterviewguide,2,2
clinician,clinicianinvestigator,2,2
clinician,clinicianis,2,2
clinician,clinicianled,2,2
clinician,clinicianmultiple,2,2
clinician,clinicianos,2,2
clinician,clinicianperceived,2,2
clinician,clinicianpsilas,2,2
clinician,clinicianrelated,2,2
clinician,clinicianresearcher,2,2
clinician,clinicianrsquos,2,2
clinician,cliniciansabout,2,2
clinician,cliniciansacute,2,2
clinician,cliniciansat,2,2
clinician,cliniciansbackgroundin,2,2
clinician,cliniciansbackgroundthe,2,2
clinician,cliniciansby,2,2
clinician,clinicianscarotid,2,2
clinician,clinicianscentral,2,2
clinician,clinicianschairperson,2,2
clinician,cliniciansciera,2,2
clinician,cliniciansclinical,2,2
clinician,cliniciansclinicians,2,2
clinician,cliniciansconsistent,2,2
clinician,cliniciansdelayed,2,2
clinician,clinicianshould,2,2
clinician,cliniciansi,2,2
clinician,cliniciansmay,2,2
clinician,cliniciansmeal,2,2
clinician,cliniciansmi,2,2
clinician,cliniciansof,2,2
clinician,cliniciansprescribe,2,2
clinician,cliniciansprogressive,2,2
clinician,clinicianspsila,2,2
clinician,cliniciansrequire,2,2
clinician,clinicianss,2,2
clinician,clinicianstarget,2,2
clinician,cliniciansthere,2,2
clinician,cliniciansurology,2,2
clinician,cliniciansusually,2,2
clinician,clinicianswere,2,2
clinician,clinicianthe,2,2
clinician,clinicianwith,2,2
clinician,clinicianabout,1,1
clinic,clinical,8908157,14403446
clinic,clinically,889063,1039213
clinic,clinic,728436,1048054
clinic,clinicians,506286,665982
clinic,clinics,272564,382309
clinic,clinician,175769,228521
clinic,clinicaltrials,131588,152797
clinic,clinico,111921,135074
clinic,clinicopathological,110855,145473
clinic,clinica,81397,110534
clinic,clinicopathologic,54673,68279
clinic,clinicas,32606,40196
clinic,clinicos,28056,35231
clinic,clinicamente,15180,16771
clinic,clinicaltrial,12767,12861
clinic,clinici,10083,12499
clinic,cliniche,7407,8749
clinic,cliniciens,3956,4749
clinic,clinicien,3661,4199
clinic,clinicmental,2563,2563
clinic,clinicoradiological,2111,2543
clinic,clinicopathology,1873,2160
clinic,clinicalkey,1554,1820
clinic,clinicopathologically,1551,1594
clinic,clinice,1223,1396
clinic,clinicopatol,913,1085
clinic,clinicodemographic,841,1027
clinic,clinicoquir,696,730
clinic,clinicoradiologic,673,776
clinic,clinicals,660,724
clinic,clinicaltrialsregister,613,634
clinic,clinicoepidemiological,593,740
clinic,clinicogenomic,512,664
clinic,clinicaltrails,431,433
clinic,clinicienne,428,467
clinic,clinicoepidemiol,397,484
clinic,clinicobiological,396,466
clinic,clinicai,384,479
clinic,clinicomorphological,381,423
clinic,clinicans,379,388
clinic,clinicaly,330,340
clinic,clinicdb,325,397
clinic,clinicolaboratory,288,341
clinic,clinicial,279,286
clinic,clinicohistopathological,279,320
clinic,clinicalbert,277,452
clinic,clinicalpractice,262,267
clinic,clinicaland,261,264
clinic,clinicostatistical,246,258
clinic,clinican,243,256
clinic,clinicoradiographic,232,260
clinic,clinicohematological,207,270
clinic,clinicalpathological,197,228
clinic,clinicl,197,202
clinic,clinicogenetic,188,219
clinic,clinicus,185,186
clinic,clinicobiochemical,178,195
clinic,clinicobiologiques,162,175
clinic,clinicoanatomical,154,164
clinic,clinicophysiological,150,183
clinic,clinicobiologique,142,150
clinic,clinicohistological,142,172
clinic,clinicomycological,142,168
clinic,clinicoradiologically,140,149
clinic,clinicpathological,137,151
clinic,cliniciennes,131,171
clinic,clinicopatologicas,128,145
clinic,clinicopatho,125,126
clinic,clinicament,119,141
clinic,clinicobiologic,117,138
clinic,clinicoanatomic,114,129
clinic,clinicopatologicos,113,129
clinic,clinicoepidemiologic,111,127
clinic,clinicalexamination,108,110
clinic,clinicalmanifestations,106,107
clinic,clinicae,105,105
clinic,clinicaldata,105,105
clinic,clinicbuy,104,104
clinic,clinicalfeatures,103,104
clinic,clinicomicrobiological,102,117
clinic,clinicopharmacological,101,107
clinic,clinicochemical,100,122
clinic,clinicoeconomics,99,110
clinic,clinicoetiological,97,114
clinic,clinicohistopathologic,97,113
clinic,clinicii,96,97
clinic,clinicodiagnostic,95,97
clinic,clinicalpresentation,92,94
clinic,clinicoimmunological,89,91
clinic,clinicalcharacteristics,88,93
clinic,clinicofunctional,87,100
clinic,clinicalsymptoms,85,87
clinic,clinicam,83,84
clinic,clinicopathologiques,83,98
clinic,clinicopatologico,83,89
clinic,clinicoroentgenological,83,91
clinic,clinicopathlogical,78,85
clinic,clinicrochester,78,115
clinic,clinicalchemistry,75,75
clinic,clinicohaematological,74,98
climat,climate,2257516,4429551
climat,climatic,410526,569683
climat,climates,97224,121017
climat,climatology,46565,61743
climat,climatological,39620,48949
climat,climat,38828,54773
climat,climatique,31632,45623
climat,climatiques,26212,37919
climat,climatico,11976,17484
climat,climatically,10351,11889
climat,climatol,7404,8793
climat,climaticas,7179,8976
climat,climatologies,5559,7472
climat,climatica,4637,5800
climat,climatici,4628,5922
climat,climatizaci,4236,6102
climat,climaticos,3976,4815
climat,climatolog,3506,4110
climat,climats,3056,3625
climat,climatologia,3005,3858
climat,climatiche,2234,2693
climat,climatologically,2138,2252
climat,climatiza,1909,2709
climat,climatologie,1897,2248
climat,climaterio,1757,3291
climat,climatologists,1530,1673
climat,climatisation,1404,2216
climat,climatologic,1145,1272
climat,climatechange,1084,1165
climat,climatizada,911,1012
climat,climatizzazione,768,1144
climat,climatizacion,709,1000
climat,climatitzaci,698,1065
climat,climatologicas,690,764
climat,climatologiques,679,762
climat,climato,654,820
climat,climatologist,630,661
climat,climatical,573,634
climat,climatologicos,535,566
climat,climatotherapy,519,722
climat,climatization,517,666
climat,climatologique,477,528
climat,climatice,474,623
climat,climatizadas,393,422
climat,climateric,362,477
climat,climatizar,362,395
climat,climatologica,353,380
climat,climategate,322,444
climat,climaticamente,317,336
climat,climatizado,314,398
climat,climatizados,294,372
climat,climatologico,264,305
climat,climatized,252,285
climat,climatebasis,218,715
climat,climatis,202,225
climat,climatitzacio,194,315
climat,climatizacao,194,291
climat,climatronic,175,537
climat,climaterico,170,233
climat,climatics,165,201
climat,climaterica,156,207
climat,climaterock,151,153
climat,climatologues,148,157
climat,climatericas,140,233
climat,climaterelated,138,142
climat,climatecafe,133,143
climat,climateprediction,113,142
climat,climatetech,108,115
climat,climatiseurs,108,182
climat,climaticconditions,107,108
climat,climatologias,104,119
climat,climatiquement,99,101
climat,climatography,99,120
climat,climatemodels,96,189
climat,climatena,91,150
climat,climatericos,91,148
climat,climatogeographic,91,104
climat,climatiseur,90,210
climat,climatedata,89,97
climat,climatogenic,86,103
climat,climatostratigraphic,86,98
climat,climatestudio,84,90
climat,climatizador,82,117
climat,climatizadores,79,103
climat,climatypes,79,180
climat,climatesmart,74,81
climat,climatologicamente,74,78
climat,climatului,74,86
climat,climateworks,72,80
climat,climateand,71,72
climat,climated,70,75
climat,climati,69,70
climat,climatul,69,74
climat,climateresilient,68,71
climat,climatum,68,69
climat,climatologue,66,70
climat,climatolo,65,69
climat,climatostratigraphy,65,71
climat,climatron,59,69
climat,climatophilous,58,91
cholera,cholera,60490,112304
cholera,cholerae,30499,69351
cholera,choleraesuis,1994,3891
cholera,choleragen,325,850
cholera,choleraic,174,208
cholera,choleragenoid,158,249
cholera,choleratoxin,154,221
cholera,cholerasuis,146,187
cholera,choleraepidemie,78,79
cholera,choleragenic,73,89
cholera,choleraeo,59,96
cholera,choleravibrionen,32,38
cholera,cholerabacillen,31,31
cholera,choleras,29,31
cholera,cholerakranken,24,26
cholera,choleraphage,24,32
cholera,choleraesius,22,24
cholera,choleraf,22,26
cholera,choleraepidemien,21,21
cholera,cholerafrage,19,19
cholera,choleradiagnose,17,18
cholera,cholerabakterien,16,16
cholera,choleraforschung,15,15
cholera,choleralike,15,15
cholera,choleravibrio,13,13
cholera,cholerabacterien,12,12
cholera,choleraverd,12,12
cholera,choleragift,11,11
cholera,cholerabehandlung,9,9
cholera,choleraein,9,9
cholera,choleratic,9,10
cholera,choleraegon,8,24
cholera,choleraesuius,8,12
cholera,choleran,8,9
cholera,choleraphages,8,11
cholera,choleraseq,8,22
cholera,cholerac,7,7
cholera,choleraes,7,9
cholera,choleraeuis,7,8
cholera,cholerain,7,8
cholera,choleram,7,7
cholera,choleraeand,6,6
cholera,choleraerkrankungen,6,6
cholera,choleragefahr,6,6
cholera,choleraimmunit,6,6
cholera,choleraprophylaxe,6,6
cholera,cholerase,6,8
cholera,cholerazeit,6,6
cholera,choleraanfalles,5,5
cholera,choleraausbruch,5,5
cholera,choleraausleerungen,5,5
cholera,cholerabazillen,5,5
cholera,cholerabuch,5,5
cholera,cholerad,5,5
cholera,choleraenon,5,9
cholera,choleragenicity,5,7
cholera,cholerakapelle,5,5
cholera,cholerakranker,5,5
cholera,choleral,5,5
cholera,choleravirus,5,5
cholera,cholerabacillus,4,4
cholera,cholerabodentheorie,4,4
cholera,choleracommission,4,4
cholera,choleradiagnostik,4,4
cholera,choleraen,4,4
cholera,choleraesui,4,6
cholera,choleraesus,4,7
cholera,choleraewere,4,4
cholera,choleraforschungen,4,4
cholera,cholerainfection,4,4
cholera,cholerajahr,4,6
cholera,cholerakonferenz,4,4
cholera,cholerapandemie,4,4
cholera,choleraroth,4,4
cholera,choleraspirillen,4,4
cholera,cholerastoma,4,6
cholera,cholerate,4,4
cholera,cholerazeiten,4,4
cholera,cholerabek,3,3
cholera,choleracholera,3,3
cholera,choleradarmes,3,3
cholera,choleraee,3,3
cholera,choleraeel,3,3
cholera,choleraeis,3,3
cholera,choleraeisolated,3,3
cholera,choleraemotility,3,3
cholera,choleraesusis,3,3
cholera,choleraeusing,3,3
cholera,cholerafall,3,3
cholera,choleragarde,3,7
cholera,choleragifte,3,3
cholera,choleragiftes,3,3
cholera,cholerainfektionen,3,3
cholera,choleraleichen,3,3
cholera,choleraleichenbefunde,3,3
cholera,choleramap,3,4
cholera,choleramusik,3,6
cholera,choleraniere,3,3
cholera,choleraoutbreaks,3,3
cholera,cholerare,3,4
chlorofluorocarbon,chlorofluorocarbons,3599,4019
chlorofluorocarbon,chlorofluorocarbon,2167,2854
chlorofluorocarbon,chlorofluorocarbones,26,29
chlorofluorocarbon,chlorofluorocarbonscite,5,5
chlorofluorocarbon,chlorofluorocarbonyl,3,3
chlorofluorocarbon,chlorofluorocarboncite,2,2
chlorofluorocarbon,chlorofluorocarbonate,1,1
chlorofluorocarbon,chlorofluorocarbonated,1,1
chlorofluorocarbon,chlorofluorocarbonbeclomethasone,1,1
chlorofluorocarbon,chlorofluorocarbondriven,1,1
chlorofluorocarbon,chlorofluorocarbone,1,1
chlorofluorocarbon,chlorofluorocarboned,1,1
chlorofluorocarbon,chlorofluorocarbonees,1,1
chlorofluorocarbon,chlorofluorocarbonsalan,1,1
chlorofluorocarbon,chlorofluorocarbonsarlen,1,1
chlorofluorocarbon,chlorofluorocarbonsauthors,1,1
chlorofluorocarbon,chlorofluorocarbonschris,1,1
chlorofluorocarbon,chlorofluorocarbonschristopher,1,1
chlorofluorocarbon,chlorofluorocarbonsdavid,1,1
chlorofluorocarbon,chlorofluorocarbonse,1,1
chlorofluorocarbon,chlorofluorocarbonsfour,1,2
chlorofluorocarbon,chlorofluorocarbonsjames,1,1
chlorofluorocarbon,chlorofluorocarbonslois,1,1
chlorofluorocarbon,chlorofluorocarbonsp,1,1
chlorofluorocarbon,chlorofluorocarbonspamela,1,1
chlorofluorocarbon,chlorofluorocarbonst,1,1
chlorocarbon,chlorocarbonyl,498,647
chlorocarbon,chlorocarbons,361,482
chlorocarbon,chlorocarbon,252,326
chlorocarbon,chlorocarbonate,125,146
chlorocarbon,chlorocarbonylbis,67,83
chlorocarbon,chlorocarbonylation,50,65
chlorocarbon,chlorocarbonylsulfenyl,48,66
chlorocarbon,chlorocarbonates,34,44
chlorocarbon,chlorocarbonylphenyl,34,41
chlorocarbon,chlorocarbonylcyanide,19,20
chlorocarbon,chlorocarbonyls,13,13
chlorocarbon,chlorocarbonic,11,14
chlorocarbon,chlorocarbonium,9,10
chlorocarbon,chlorocarbonylated,8,9
chlorocarbon,chlorocarbonylbenzo,7,7
chlorocarbon,chlorocarbonyloxy,7,7
chlorocarbon,chlorocarbonylphenoxy,5,7
chlorocarbon,chlorocarbony,4,4
chlorocarbon,chlorocarbonylbenzoate,4,4
chlorocarbon,chlorocarbonylferrocene,4,4
chlorocarbon,chlorocarbonylmethoxy,4,5
chlorocarbon,chlorocarbonylmethyl,4,4
chlorocarbon,chlorocarbones,3,3
chlorocarbon,chlorocarbonylamino,3,7
chlorocarbon,chlorocarbonylbenzotriazole,3,3
chlorocarbon,chlorocarbonylcyanidephenyl,3,3
chlorocarbon,chlorocarbonylcyanidephenylhydrazone,3,3
chlorocarbon,chlorocarbonylketene,3,3
chlorocarbon,chlorocarbonylrhodium,3,5
chlorocarbon,chlorocarbonylsulphenyl,3,4
chlorocarbon,chlorocarbonylalkylketenes,2,2
chlorocarbon,chlorocarbonyldiphosphiniridium,2,2
chlorocarbon,chlorocarbonyliridium,2,5
chlorocarbon,chlorocarbonylketenes,2,3
chlorocarbon,chlorocarbonylnitrosylbis,2,4
chlorocarbon,chlorocarbonylphenylmaleimide,2,2
chlorocarbon,chlorocarbonylrhenium,2,3
chlorocarbon,chlorocarbonylsulfane,2,2
chlorocarbon,chlorocarbonylthio,2,2
chlorocarbon,chlorocarbonamides,1,1
chlorocarbon,chlorocarbonatea,1,1
chlorocarbon,chlorocarbonatearthur,1,1
chlorocarbon,chlorocarbonation,1,1
chlorocarbon,chlorocarbonimidic,1,1
chlorocarbon,chlorocarbonitrile,1,1
chlorocarbon,chlorocarbonitriles,1,1
chlorocarbon,chlorocarbonnewly,1,1
chlorocarbon,chlorocarbonsalan,1,1
chlorocarbon,chlorocarbonsdavid,1,1
chlorocarbon,chlorocarbonsgary,1,1
chlorocarbon,chlorocarbonsjames,1,1
chlorocarbon,chlorocarbonsrobert,1,1
chlorocarbon,chlorocarbonyi,1,1
chlorocarbon,chlorocarbonylacetate,1,1
chlorocarbon,chlorocarbonylacetyl,1,1
chlorocarbon,chlorocarbonylaquoruthenate,1,1
chlorocarbon,chlorocarbonylationwarren,1,1
chlorocarbon,chlorocarbonylbenzotriazol,1,1
chlorocarbon,chlorocarbonylbiphenyl,1,1
chlorocarbon,chlorocarbonylbutyric,1,1
chlorocarbon,chlorocarbonylcarbazole,1,1
chlorocarbon,chlorocarbonylcyanidephanylhydrazone,1,1
chlorocarbon,chlorocarbonylcyclohexane,1,1
chlorocarbon,chlorocarbonyldicyano,1,1
chlorocarbon,chlorocarbonyldiphenyl,1,1
chlorocarbon,chlorocarbonyle,1,1
chlorocarbon,chlorocarbonylethyl,1,1
chlorocarbon,chlorocarbonylfluorocarbonyl,1,1
chlorocarbon,chlorocarbonylhydroximoyl,1,1
chlorocarbon,chlorocarbonylimidazolidin,1,1
chlorocarbon,chlorocarbonylimide,1,2
chlorocarbon,chlorocarbonyliminium,1,1
chlorocarbon,chlorocarbonyliridates,1,1
chlorocarbon,chlorocarbonylisocyanate,1,1
chlorocarbon,chlorocarbonylisocyanide,1,2
chlorocarbon,chlorocarbonylisothiocyanat,1,1
chlorocarbon,chlorocarbonylketenen,1,1
chlorocarbon,chlorocarbonylkomplex,1,1
chlorocarbon,chlorocarbonylmethane,1,1
chlorocarbon,chlorocarbonylmethoxycoumarin,1,1
chlorocarbon,chlorocarbonylmethy,1,1
chlorocarbon,chlorocarbonylmethylphenyl,1,1
chlorocarbon,chlorocarbonylnitrosyl,1,1
chlorocarbon,chlorocarbonylobis,1,2
chlorocarbon,chlorocarbonyloxybenzotriazol,1,1
chlorocarbon,chlorocarbonyloxybutyroyl,1,1
chlorocarbon,chlorocarbonyloxycaproyl,1,1
chlorocarbon,chlorocarbonyloxycarboxylic,1,1
chlorocarbon,chlorocarbonyloxyethyl,1,1
chlorocarbon,chlorocarbonyloxyterminated,1,1
chlorocarbon,chlorocarbonylphenoxyl,1,1
chlorocarbon,chlorocarbonylphenylazo,1,1
chlorocarbon,chlorocarbonylphenylhydrazone,1,1
chlorocarbon,chlorocarbonylphosphin,1,1
chlorocarbon,chlorocarbonylphosphol,1,1
chlorocarbon,chlorocarbonylphosphonium,1,1
chlorocarbon,chlorocarbonylphthalimidyl,1,1
chlorocarbon,chlorocarbonylporphinato,1,1
chlorocarbon,chlorocarbonylpropionate,1,2
chlorocarbon,chlorocarbonylpropylmethyl,1,1
change,changes,8845197,12442023
change,change,7424970,10808711
change,changed,1558158,1703047
change,changelog,100978,106016
change,changement,92844,122424
change,changements,81079,105269
change,changer,43763,50939
change,changeable,28493,31995
change,changeover,8630,12075
change,changers,6960,8907
change,changent,5530,5806
change,changeability,5070,6364
change,changeant,3325,3429
change,changepoint,2313,4215
change,changeur,1565,2248
change,changeurs,1321,1770
change,changesin,1314,1335
change,changeless,1272,1377
change,changeling,1239,1928
change,changeovers,1214,1429
change,changeantes,1078,1104
change,changepoints,1026,1892
change,changeux,1023,1297
change,changemakers,982,1247
change,changeante,926,937
change,changeful,863,931
change,changeants,762,787
change,changein,610,625
change,changemens,578,602
change,changea,555,573
change,changera,467,483
change,changeables,463,621
change,changeout,440,541
change,changemaker,433,677
change,changez,406,628
change,changescite,403,403
change,changeuse,394,430
change,changeait,366,375
change,changethe,366,387
change,changepage,295,295
change,changeof,286,288
change,changeuses,284,330
change,changeons,280,304
change,changelings,264,311
change,changelogs,254,291
change,changemanagement,242,262
change,changeaient,238,249
change,changeront,233,253
change,changesof,222,224
change,changeand,216,217
change,changemaking,210,295
change,changeth,209,216
change,changesand,194,195
change,changeably,171,174
change,changeclimate,168,214
change,changelessness,165,178
change,changee,159,163
change,changeing,143,147
change,changethese,137,137
change,changeableness,136,151
change,changesthe,122,126
change,changerait,120,124
change,changeset,120,379
change,changedetection,119,122
change,changesets,115,187
change,changesthat,110,111
change,changemyview,102,136
change,changesto,100,102
change,changeswere,100,101
change,changesare,87,88
change,changeis,79,80
change,changees,78,78
change,changedthe,70,70
change,changeon,70,78
change,changefulness,69,74
change,changesocial,67,67
change,changeup,63,115
change,changecite,62,62
change,changedo,58,58
change,changefrom,56,56
change,changeouts,56,62
change,changeraient,53,54
change,changeto,53,58
change,changedfrom,52,52
change,changeglobal,50,52
change,changeshave,49,49
change,changet,49,54
change,changewith,48,48
change,changeson,46,46
change,changelab,44,74
change,changeswith,44,44
change,changelist,43,46
change,changess,42,43
change,changeeconomic,41,42
change,changeenvironmental,41,42
change,changeinternational,41,41
change,changensis,41,61
change,changesduring,41,41
change,changei,40,44
change,changemitigation,40,41
cfc,cfc,24965,53490
cfc,cfcs,5867,10096
cfc,cfcl,1581,2750
cfc,cfca,1488,1851
cfc,cfcc,1120,2362
cfc,cfcf,578,914
cfc,cfcr,312,586
cfc,cfcm,287,626
cfc,cfce,279,420
cfc,cfcye,220,227
cfc,cfcb,205,320
cfc,cfcd,188,253
cfc,cfci,174,272
cfc,cfct,156,296
cfc,cfccs,145,287
cfc,cfcn,135,354
cfc,cfch,126,225
cfc,cfconventions,99,108
cfc,cfcp,91,220
cfc,cfcg,68,189
cfc,cfcmc,63,137
cfc,cfco,62,145
cfc,cfchs,49,113
cfc,cfchip,45,145
cfc,cfchps,43,263
cfc,cfcms,42,93
cfc,cfcv,37,96
cfc,cfcca,36,51
cfc,cfcss,36,91
cfc,cfcrs,29,82
cfc,cfcu,28,51
cfc,cfcst,22,44
cfc,cfcaf,21,30
cfc,cfcas,20,30
cfc,cfccc,20,31
cfc,cfcfb,20,45
cfc,cfcip,20,54
cfc,cfcw,20,31
cfc,cfcj,18,30
cfc,cfcasaci,16,16
cfc,cfcch,16,21
cfc,cfcec,16,53
cfc,cfcfd,16,18
cfc,cfclbr,16,21
cfc,cfclo,16,36
cfc,cfcba,15,15
cfc,cfccd,15,18
cfc,cfcdb,15,21
cfc,cfcfc,15,24
cfc,cfclh,14,17
cfc,cfcdd,13,14
cfc,cfcfr,13,19
cfc,cfcfs,13,25
cfc,cfclcf,13,21
cfc,cfcalvin,12,60
cfc,cfccf,12,15
cfc,cfck,12,12
cfc,cfcar,11,16
cfc,cfccb,11,17
cfc,cfclcfcl,11,18
cfc,cfclch,11,37
cfc,cfcce,10,10
cfc,cfcda,10,12
cfc,cfcdc,10,11
cfc,cfcde,10,11
cfc,cfcea,10,10
cfc,cfcmulti,10,30
cfc,cfcns,10,11
cfc,cfcsp,10,15
cfc,cfcab,9,19
cfc,cfcae,9,9
cfc,cfcbf,9,10
cfc,cfcdf,9,11
cfc,cfceb,9,10
cfc,cfcef,9,11
cfc,cfcgr,9,28
cfc,cfchf,9,14
cfc,cfcmcs,9,15
cfc,cfcnn,9,22
cfc,cfcbm,8,20
cfc,cfcdna,8,30
cfc,cfcfcf,8,12
cfc,cfcfe,8,10
cfc,cfcfem,8,8
cfc,cfcir,8,10
cfc,cfcli,8,9
cfc,cfcul,8,8
cfc,cfcyp,8,89
cfc,cfcac,7,7
cfc,cfcbd,7,7
cfc,cfccif,7,36
cfc,cfccp,7,9
cfc,cfced,7,7
cfc,cfcee,7,9
cfc,cfcin,7,10
cfc,cfcombine,7,7
cfc,cfcor,7,11
cfc,cfcps,7,18
cfc,cfcrb,7,7
cfc,cfcvid,7,7
cent,central,5223624,6778362
cent,center,3803578,5203327
cent,century,2802204,3924921
cent,centre,1581673,1998467
cent,centro,1089227,1305961
cent,centers,1046549,1419821
cent,centered,624808,802046
cent,centuries,503559,572358
cent,cent,460892,882356
cent,centres,368053,498412
cent,centralized,205927,261503
cent,centred,201224,256844
cent,centric,183057,247255
cent,centros,178108,242560
cent,centra,150680,163786
cent,centrale,126361,148279
cent,centrality,126331,179608
cent,centrifugal,102818,162560
cent,centrally,102726,121597
cent,centrifugation,83173,106054
cent,centr,72246,81006
cent,centrales,68770,80449
cent,centrado,64429,70084
cent,cents,63775,78732
cent,centroid,57805,89623
cent,centering,49641,60678
cent,centrada,46626,50543
cent,centennial,46232,59506
cent,centrum,40845,52849
cent,centralization,37867,48642
cent,centes,37727,39942
cent,centimeter,36859,44273
cent,centrais,36434,41311
cent,centaurea,32883,61543
cent,centimeters,32405,37482
cent,centrifuge,32233,52239
cent,centenary,29510,34075
cent,cente,29156,30601
cent,centralised,28276,34010
cent,centenario,28102,31750
cent,centrosymmetric,23609,29086
cent,centrifuged,22868,27281
cent,centerline,20698,28949
cent,centromere,19328,33958
cent,cento,18661,35886
cent,centralisation,18562,23757
cent,centrar,18477,18993
cent,centurion,17315,116969
cent,centraal,16448,18593
cent,centroids,16318,21483
cent,centradas,16064,17286
cent,centralidade,15520,18239
cent,centralis,14933,19707
cent,centromeric,14733,22213
cent,centri,14692,18729
cent,centrados,14688,15609
cent,centran,14344,14663
cent,centrala,12953,15064
cent,centripetal,12731,15842
cent,centrosome,12335,29474
cent,centroam,11855,14663
cent,centenaire,11854,13308
cent,centramos,10243,10582
cent,centerpiece,10184,10520
cent,centralidad,10081,11570
cent,centella,9611,17992
cent,centaines,9527,10053
cent,centring,9411,10715
cent,centile,9296,16563
cent,centerpoint,9221,9488
cent,centralizing,9145,9889
cent,centraremos,9130,9447
cent,centromeres,9061,16144
cent,centeredness,8755,11890
cent,centrarse,8107,8255
cent,centrando,8028,8113
cent,centrali,7840,8768
cent,centrosema,7520,15126
cent,centimetres,7451,8633
cent,centroamericanos,7358,8078
cent,centraux,7325,8125
cent,centrosomes,7092,14273
cent,centaur,7076,10450
cent,centralize,6976,7209
cent,centaine,6757,6940
cent,centuria,6700,7212
cent,centralit,6519,7519
cent,centimetre,6461,7465
cent,centru,6231,7185
cent,centroamericana,6147,7742
cent,centroamericano,5949,6963
cent,centen,5785,7051
cent,centralizada,5721,6286
cent,centration,5564,6497
cent,centricity,5547,7572
cent,centralizado,5306,5869
cent,centralt,5301,5673
cent,centenas,5152,5413
cent,centralities,5085,6684
cent,centraliza,5048,5760
car,care,5184157,10737075
car,carried,4617165,5199488
car,carbon,3142207,5891175
car,carcinoma,1374895,2433582
car,cardiac,1307467,2586371
car,cardiovascular,1174612,1987789
car,car,1060784,1744995
car,carry,885301,959624
car,caracter,794880,1005591
car,career,781606,1340218
car,carrying,706457,846086
car,carrier,690648,1033242
car,carlo,621902,816743
car,cara,555883,827758
car,carefully,534326,553021
car,careful,504721,523214
car,card,408163,694102
car,carriers,407867,609988
car,carolina,390620,551935
car,caract,339376,438751
car,carbonate,330724,574977
car,carbohydrate,283587,430689
car,cards,279597,375685
car,cardiology,268709,471119
car,caracteriza,254662,287349
car,carries,253931,264121
car,carlos,248540,349656
car,caribbean,234839,360265
car,carotid,234257,524236
car,cars,233344,340769
car,caregivers,226382,533317
car,carl,224739,277201
car,caring,209386,296141
car,careers,194386,245689
car,cargo,184421,279032
car,carcinomas,184002,293477
car,cartilage,181774,440073
car,caracteristicas,176538,219295
car,carbonyl,165714,226984
car,caracterizaci,161651,189623
car,cardiomyopathy,159810,271065
car,carbohydrates,158334,208896
car,carta,152095,189098
car,carga,149252,227593
car,caracterizar,148373,157179
car,carbide,147500,229241
car,carcinogenesis,141189,190822
car,carboxylic,140298,193976
car,cardiopulmonary,139910,204034
car,carex,133011,190625
car,cart,127644,195915
car,carrera,125466,172098
car,caries,121987,311378
car,caregiver,113568,221319
car,carte,112522,140979
car,cardinal,98622,125269
car,carter,90830,132230
car,carcinogenic,83709,112563
car,carina,82739,212582
car,carcass,81870,184452
car,carboxyl,80157,109308
car,carol,78133,103561
car,cartesian,75396,102392
car,carbono,75121,133297
car,cardiomyocytes,73733,142267
car,carbonates,73471,106795
car,carapace,73189,191204
car,carmen,73174,98028
car,caribe,72459,99891
car,cardio,71998,99059
car,carboxylate,71296,99118
car,caracterizado,67610,70355
car,carbons,66010,96156
car,carriage,65424,109401
car,caracterizada,65294,67400
car,carr,62324,85153
car,caratteristiche,57978,71615
car,caroline,57849,74086
car,carp,57662,136471
car,carotenoids,57437,100286
car,carers,57155,118695
car,carnegie,56581,72214
car,carne,54402,98237
car,carri,53755,71840
car,cartas,52744,73029
car,carotene,52428,109169
car,caregiving,51484,101897
car,cartes,50088,66315
car,carbonaceous,49490,70440
car,caracteristiques,48729,57963
car,carpenter,47882,63061
car,cares,47092,61288
car,cardiorespiratory,46859,77344
car,cardiometabolic,46628,89929
car,carroll,46476,68703
car,carotenoid,46323,85116
car,carvalho,46030,69265
car,carbene,45396,75670
car,cargas,45203,64336
car,cartoon,44972,67885
burn,burning,275650,436418
burn,burn,190259,421805
burn,burnout,142193,438078
burn,burns,128387,200976
burn,burned,96309,147699
burn,burnt,40709,58166
burn,burner,39086,74204
burn,burnett,14708,20841
burn,burners,12653,18932
burn,burnup,10726,19742
burn,burnetii,9162,24771
burn,burnham,8013,11070
burn,burney,5992,9612
burn,burnet,5515,7256
burn,burnside,4787,6867
burn,burnishing,3456,8284
burn,burnished,2830,3491
burn,burnaby,2256,3096
burn,burnable,2229,3304
burn,burneun,1801,1801
burn,burnings,1687,2114
burn,burnley,1603,3071
burn,burne,1568,2157
burn,burnell,1208,1508
burn,burnat,1103,1524
burn,burnard,1015,1353
burn,burnups,970,1260
burn,burnette,840,1079
burn,burneti,746,1016
burn,burnouts,746,904
burn,burnin,710,872
burn,burnier,649,741
burn,burnetti,638,850
burn,burnish,638,730
burn,burnie,594,760
burn,burnu,543,843
burn,burnsville,528,885
burn,burningrubberradio,489,489
burn,burnand,483,626
burn,burnes,476,559
burn,burna,470,820
burn,burnatii,396,476
burn,burnos,394,1025
burn,burndown,389,591
burn,burnouf,369,461
burn,burningham,368,589
burn,burneo,351,536
burn,burnstock,335,511
burn,burnyeat,335,517
burn,burnetta,322,322
burn,burnupia,302,1216
burn,burnability,285,428
burn,burnam,264,379
burn,burnoff,246,360
burn,burnupena,246,267
burn,burness,243,285
burn,burneh,240,1434
burn,burnum,227,366
burn,burnthrough,202,346
burn,burnstein,199,271
burn,burnettii,198,244
burn,burncast,180,245
burn,burni,180,308
burn,burnupi,179,251
burn,burnsi,176,259
burn,burnback,167,295
burn,burno,163,236
burn,burnisher,151,194
burn,burnards,146,146
burn,burnashev,143,197
burn,burnay,142,205
burn,burniston,127,145
burn,burnsii,124,253
burn,burntisland,123,144
burn,burnettweldia,121,178
burn,burntwood,112,145
burn,burny,110,129
burn,burnap,107,125
burn,burnettarthur,106,106
burn,burnets,100,117
burn,burnim,100,131
burn,burndy,96,216
burn,burnfort,90,184
burn,burnazyan,88,113
burn,burnichon,84,94
burn,burniat,83,178
burn,burneys,78,99
burn,burnous,76,91
burn,burnscite,76,76
burn,burnot,73,85
burn,burnfoot,66,74
burn,burnel,65,83
burn,burnsius,65,127
burn,burnez,64,83
burn,burnas,63,82
burn,burnage,61,71
burn,burnely,61,62
burn,burnetts,61,70
burn,burnih,61,62
burn,burnod,60,73
building,building,3146194,4950107
building,buildings,759702,1238613
building,buildingbridgesradio,553,715
building,buildingsmart,397,488
building,buildinga,159,168
building,buildingexodus,155,250
building,buildingblocks,115,123
building,buildingfacade,96,96
building,buildingthe,86,87
building,buildingand,83,85
building,buildingthese,81,81
building,buildingmasters,79,79
building,buildingin,76,86
building,buildingsin,76,79
building,buildingenergy,73,73
building,buildingmaterials,69,70
building,buildingsand,63,63
building,buildingof,62,62
building,buildingon,58,58
building,buildingiq,51,59
building,buildingdesign,46,46
building,buildinginformation,46,48
building,buildingconstruction,45,45
building,buildingis,45,49
building,buildingup,45,45
building,buildingblock,42,48
building,buildingtype,39,45
building,buildinggreen,38,40
building,buildingcapital,35,35
building,buildingsystems,30,57
building,buildingwith,28,29
building,buildingswith,27,27
building,buildingcite,24,24
building,buildingintegrated,24,24
building,buildingmaterial,24,26
building,buildingto,24,24
building,buildingsare,23,23
building,buildingprocess,22,22
building,buildingdata,20,23
building,buildingsan,20,20
building,buildingupon,20,20
building,buildinge,19,23
building,buildingmodel,19,25
building,buildingan,18,18
building,buildingfor,18,18
building,buildingphases,18,18
building,buildingcapacity,17,22
building,buildingchild,17,17
building,buildingcivil,17,17
building,buildingfree,17,31
building,buildingi,17,17
building,buildingtensessentence,17,19
building,buildingtrust,17,39
building,buildingstructures,16,16
building,buildingtensespdf,16,16
building,buildingtypes,16,16
building,buildingbuilding,14,15
building,buildingcomponents,14,14
building,buildingmore,14,14
building,buildingsa,14,14
building,buildingsis,14,14
building,buildingtm,14,17
building,buildingenvelope,13,14
building,buildingg,13,13
building,buildingsof,13,13
building,buildingu,13,15
building,buildingcommunity,12,12
building,buildingindustry,12,12
building,buildingperformance,12,12
building,buildingsfree,12,16
building,buildingstock,12,12
building,buildingswere,12,12
building,buildingthis,12,12
building,buildingamerica,11,11
building,buildingauthors,11,11
building,buildingcarbon,11,11
building,buildingnew,11,11
building,buildingpractices,11,11
building,buildingsfrom,11,11
building,buildingsthat,11,11
building,buildingsthe,11,11
building,buildingsync,11,37
building,buildingwide,11,11
building,buildingactivities,10,10
building,buildingat,10,10
building,buildingfrom,10,10
building,buildingonline,10,10
building,buildingpublic,10,10
building,buildingson,10,10
building,buildingsor,10,10
building,buildingsto,10,10
building,buildingwhich,10,10
building,buildingas,9,9
building,buildingelements,9,10
building,buildinghas,9,9
building,buildinghigh,9,9
building,buildingknowledge,9,9
building,buildingmodels,9,9
building,buildingnational,9,9
building,buildingone,9,9
bronchi,bronchial,149777,257591
bronchi,bronchitis,48417,73768
bronchi,bronchiolitis,25454,52861
bronchi,bronchiectasis,24637,51845
bronchi,bronchi,18536,26003
bronchi,bronchiolar,5378,8003
bronchi,bronchioles,5221,7161
bronchi,bronchiseptica,4154,8512
bronchi,bronchiale,4131,5575
bronchi,bronchique,3964,5149
bronchi,bronchioloalveolar,2231,3343
bronchi,bronchiques,1999,2424
bronchi,bronchialkarzinom,1447,1822
bronchi,bronchiole,1375,1919
bronchi,bronchioalveolar,923,1125
bronchi,bronchitic,833,1194
bronchi,bronchiolite,830,1221
bronchi,bronchiectatic,816,1075
bronchi,bronchialkarzinoms,758,863
bronchi,bronchien,752,899
bronchi,bronchiolo,735,965
bronchi,bronchite,647,822
bronchi,bronchialis,526,652
bronchi,bronchia,439,630
bronchi,bronchioli,432,554
bronchi,bronchialen,357,417
bronchi,bronchiektasen,319,460
bronchi,bronchialkarzinomen,306,363
bronchi,bronchiogenic,290,411
bronchi,bronchitics,231,366
bronchi,bronchiectases,226,257
bronchi,bronchialkarzinome,204,233
bronchi,bronchio,199,225
bronchi,bronchiolites,197,226
bronchi,bronchiolectasis,195,242
bronchi,bronchites,174,200
bronchi,bronchiectasia,157,199
bronchi,bronchialer,155,173
bronchi,bronchialasthma,144,168
bronchi,bronchialsystem,141,149
bronchi,bronchiali,132,155
bronchi,bronchiolization,127,195
bronchi,bronchialcarcinom,125,144
bronchi,bronchiolocentric,117,137
bronchi,bronchialsystems,115,120
bronchi,bronchiektasien,114,158
bronchi,bronchiektasie,86,100
bronchi,bronchialepithelzellen,85,146
bronchi,bronchisepticus,82,103
bronchi,bronchialschleimhaut,81,93
bronchi,bronchialdr,79,82
bronchi,bronchitiden,76,83
bronchi,bronchialcarcinoms,74,79
bronchi,bronchiectasie,73,101
bronchi,bronchiales,72,80
bronchi,bronchiolitic,72,106
bronchi,bronchiolus,71,99
bronchi,bronchialepithel,68,90
bronchi,bronchiolen,67,75
bronchi,bronchialmuskulatur,62,110
bronchi,bronchialbaum,59,69
bronchi,bronchialarterien,58,88
bronchi,bronchiectasies,54,66
bronchi,bronchialerkrankungen,53,67
bronchi,bronchiectasic,52,67
bronchi,bronchic,51,58
bronchi,bronchialwand,50,59
bronchi,bronchialsekret,48,54
bronchi,bronchiallavage,47,63
bronchi,bronchialobstruktion,41,44
bronchi,bronchical,41,55
bronchi,bronchialasthmas,40,42
bronchi,bronchialbaumes,40,44
bronchi,bronchipret,38,83
bronchi,bronchialepithels,37,42
bronchi,bronchietasis,35,35
bronchi,bronchiol,34,36
bronchi,bronchially,33,35
bronchi,bronchialkarzinompatienten,31,37
bronchi,bronchialtumoren,30,31
bronchi,bronchium,30,34
bronchi,bronchialni,29,39
bronchi,bronchialbaums,28,32
bronchi,bronchiectasias,28,33
bronchi,bronchii,28,36
bronchi,bronchioid,28,65
bronchi,bronchitol,28,32
bronchi,bronchis,27,36
bronchi,bronchiolaire,26,46
bronchi,bronchiolits,26,28
bronchi,bronchiti,26,29
bronchi,bronchialcarcinomen,25,27
bronchi,bronchialkarzinomzellen,25,30
bronchi,bronchials,25,28
bronchi,bronchioloalveol,25,33
bronchi,bronchilitis,24,29
bronchi,bronchine,24,36
bronchi,bronchiolaires,24,30
bronchi,bronchin,23,29
bronchi,bronchiteux,23,27
bloom,bloom,112124,188486
bloom,blooms,47343,75586
bloom,bloomington,35611,51278
bloom,blooming,23292,31751
bloom,bloomsbury,18432,22954
bloom,bloomberg,15091,19187
bloom,bloomfield,6615,8965
bloom,bloomed,3162,3572
bloom,bloomer,2008,2895
bloom,bloomsburycollections,1265,1281
bloom,bloomsburg,1165,1380
bloom,bloomingdale,1162,1710
bloom,bloomers,842,1173
bloom,bloomery,459,704
bloom,bloome,448,483
bloom,bloomsday,319,459
bloom,bloomquist,259,323
bloom,bloomin,248,388
bloom,bloombergnef,225,253
bloom,bloomian,196,236
bloom,blooma,106,123
bloom,bloomz,106,138
bloom,bloomsdale,105,129
bloom,bloomy,105,152
bloom,bloomless,101,215
bloom,bloomfieldian,96,115
bloom,bloomeri,92,101
bloom,bloomeria,76,89
bloom,bloomgarden,72,82
bloom,bloomsby,63,63
bloom,bloomhill,57,112
bloom,bloomeries,54,69
bloom,bloomier,54,84
bloom,bloomjenifer,53,54
bloom,bloomingdales,47,57
bloom,bloomfilter,45,67
bloom,bloomdavid,43,43
bloom,bloomwood,42,76
bloom,bloomberglaw,37,38
bloom,bloomenthal,37,45
bloom,bloomings,37,37
bloom,bloomtime,35,44
bloom,bloomsburyculturalhistory,32,32
bloom,bloomstone,32,41
bloom,bloomstein,31,49
bloom,bloomberggpt,30,35
bloom,bloomcite,30,30
bloom,bloomfieldcite,30,30
bloom,bloomingtonview,30,45
bloom,bloomjonathan,30,30
bloom,bloomingville,28,28
bloom,bloompublisheryale,28,28
bloom,bloomthe,27,27
bloom,bloombury,26,28
bloom,bloomova,26,29
bloom,bloomcbd,24,225
bloom,bloomovy,24,34
bloom,bloomfields,23,27
bloom,bloominmgton,23,46
bloom,bloomsbry,23,23
bloom,bloomforming,22,22
bloom,bloomage,21,26
bloom,bloomove,21,24
bloom,bloomsburycollection,20,20
bloom,bloomsberries,19,24
bloom,bloomfieldians,18,20
bloom,bloomerang,17,21
bloom,bloomingtonidhttps,17,18
bloom,bloomes,16,16
bloom,bloomfeld,16,24
bloom,bloomu,16,19
bloom,bloomcbdgummiesus,15,25
bloom,bloomlngton,15,15
bloom,bloomsburry,15,18
bloom,bloomville,15,17
bloom,bloomingon,14,17
bloom,bloomovoj,14,14
bloom,bloomaert,13,18
bloom,bloomand,13,13
bloom,bloombergs,13,14
bloom,bloomburg,13,13
bloom,bloomcbdgummieswebsite,13,18
bloom,bloomi,13,20
bloom,bloomingburg,13,15
bloom,bloomovi,13,16
bloom,bloombecker,12,12
bloom,bloomcbdgummies,12,127
bloom,bloomerism,12,19
bloom,bloomfleld,12,13
bloom,bloomgren,12,13
bloom,bloomingotn,12,24
bloom,bloomrelated,12,12
bloom,bloomsburian,12,16
bloom,bloomstalks,12,12
bloom,bloomster,12,12
bloom,bloomcbdgummiesoffer,11,17
bloom,bloomsburyprofessional,11,11
bloom,bloomberry,10,15
bloom,bloomcbdgummiesusa,10,31
bloom,bloomenstein,10,11
bite,bite,86157,145535
bite,bites,41468,61837
bite,bitemporal,3664,5432
bite,biteur,1919,2359
bite,bitewing,1803,3017
bite,biter,1314,1634
bite,biternata,745,1216
bite,bitesize,655,822
bite,biten,654,732
bite,biteurs,606,728
bite,bitegmic,474,509
bite,bitext,457,701
bite,biters,456,717
bite,bitencourt,446,520
bite,biternatum,364,395
bite,bitei,321,694
bite,bitemark,318,700
bite,bitertanol,286,490
bite,biterm,276,365
bite,bitek,263,409
bite,bited,254,296
bite,bitew,250,275
bite,bitel,238,396
bite,bitentaculate,224,260
bite,bitemarks,218,392
bite,bitexts,193,269
bite,biterrois,192,235
bite,bitewings,191,276
bite,biterror,171,183
bite,bitech,150,156
bite,bitentaculata,124,227
bite,bitenleri,88,88
bite,bitex,88,128
bite,bitensky,87,142
bite,bitecl,82,189
bite,biteback,78,80
bite,bitetrahedral,74,87
bite,biterapia,73,133
bite,bitebr,70,160
bite,bitene,70,80
bite,bitetrazole,67,113
bite,bitecas,63,63
bite,bitev,61,68
bite,bitec,60,96
bite,bitestrip,60,86
bite,bitevn,58,63
bite,biteau,57,97
bite,biterolf,57,69
bite,bitetto,57,85
bite,bitectatodinium,55,62
bite,bitemporale,55,60
bite,bitece,54,56
bite,bitensor,52,59
bite,bitenler,51,53
bite,biteplate,50,128
bite,biteni,48,54
bite,bitenlere,48,48
bite,bitelli,47,52
bite,biterminal,47,61
bite,bitenc,46,75
bite,bitectus,45,58
bite,bitemporally,45,46
bite,bitese,45,67
bite,bitentaculatus,43,68
bite,biterken,41,44
bite,biteca,40,55
bite,bitextor,40,141
bite,bitecek,39,42
bite,bitela,39,77
bite,bitetti,39,44
bite,bitef,38,70
bite,bitem,37,54
bite,bitectiporidae,36,51
bite,bitemps,36,109
bite,biteplane,36,90
bite,biterms,36,63
bite,bitespiramycin,36,86
bite,bitet,36,139
bite,biternatus,35,42
bite,biteforce,34,40
bite,bitent,34,34
bite,biterroise,33,36
bite,bitesized,33,52
bite,bitetrahedra,33,42
bite,bitenlerin,32,32
bite,biteniece,31,31
bite,biternate,30,37
bite,bitensors,29,38
bite,bitegumentado,28,30
bite,biteblock,27,79
bite,bitextual,27,33
bite,bitewnych,26,27
bite,bitektine,25,32
bite,biteable,24,44
bite,bitectum,24,46
bite,bitemporalen,24,27
bite,bitey,24,38
bite,bitegumentados,23,23
bite,biterax,23,26
bite,bitegminous,22,22
bicycle,bicycle,70224,128488
bicycle,bicycles,18924,27070
bicycle,bicyclette,1527,1883
bicycle,bicyclettes,338,394
bicycle,bicyclen,333,357
bicycle,bicycled,177,201
bicycle,bicyclers,33,37
bicycle,bicyclegan,31,38
bicycle,bicycler,24,28
bicycle,bicycleitalian,7,8
bicycle,bicyclesand,6,6
bicycle,bicyclea,5,5
bicycle,bicyclemark,5,5
bicycle,bicycleergometer,4,4
bicycle,bicyclemanual,4,4
bicycle,bicyclerelated,4,5
bicycle,bicycletelemetry,4,4
bicycle,bicycletus,4,6
bicycle,bicyclee,3,3
bicycle,bicyclenetwork,3,3
bicycle,bicycleparameters,3,6
bicycle,bicyclesharing,3,4
bicycle,bicyclethese,3,3
bicycle,bicycletteparoles,3,3
bicycle,bicycleway,3,5
bicycle,bicycleaccounts,2,2
bicycle,bicyclecities,2,2
bicycle,bicycleculture,2,2
bicycle,bicyclef,2,2
bicycle,bicyclefree,2,2
bicycle,bicyclefriendly,2,2
bicycle,bicyclegermacrene,2,2
bicycle,bicycleheptan,2,2
bicycle,bicycleman,2,2
bicycle,bicyclemarket,2,2
bicycle,bicyclemin,2,2
bicycle,bicyclemodel,2,2
bicycle,bicyclenes,2,2
bicycle,bicycleparking,2,2
bicycle,bicycleplankleg,2,2
bicycle,bicycleran,2,2
bicycle,bicycleriders,2,2
bicycle,bicycleriding,2,2
bicycle,bicycleridingschool,2,2
bicycle,bicycleroutes,2,2
bicycle,bicyclesafety,2,2
bicycle,bicyclesliegest,2,2
bicycle,bicyclesmethods,2,2
bicycle,bicyclespecific,2,2
bicycle,bicyclesteach,2,2
bicycle,bicyclesteertorqueexperiment,2,2
bicycle,bicycletheft,2,2
bicycle,bicyclethiazolidine,2,2
bicycle,bicycletraining,2,2
bicycle,bicyclettece,2,2
bicycle,bicycletteplanche,2,2
bicycle,bicycleworks,2,6
bicycle,bicycleaccidents,1,1
bicycle,bicycleallowing,1,1
bicycle,bicycleandsimtransport,1,1
bicycle,bicycleannulation,1,1
bicycle,bicycleas,1,1
bicycle,bicycleassumes,1,1
bicycle,bicycleautomobile,1,1
bicycle,bicyclebased,1,1
bicycle,bicyclebooth,1,11
bicycle,bicyclebrand,1,1
bicycle,bicyclecarcass,1,1
bicycle,bicyclecategory,1,1
bicycle,bicyclecrashes,1,1
bicycle,bicyclecrossings,1,2
bicycle,bicyclect,1,1
bicycle,bicyclecycle,1,1
bicycle,bicyclecyclingtrustsindustrial,1,1
bicycle,bicycledaily,1,1
bicycle,bicycledemo,1,1
bicycle,bicycledoes,1,1
bicycle,bicycledover,1,1
bicycle,bicycledualnet,1,1
bicycle,bicycleengines,1,1
bicycle,bicycleergometric,1,2
bicycle,bicycleergometry,1,1
bicycle,bicycleexcise,1,1
bicycle,bicycleexercise,1,1
bicycle,bicycleflat,1,1
bicycle,bicyclefor,1,1
bicycle,bicyclehas,1,1
bicycle,bicyclehelmets,1,1
bicycle,bicyclehept,1,1
bicycle,bicycleheptane,1,1
bicycle,bicyclehex,1,1
bicycle,bicyclehexan,1,1
bicycle,bicyclei,1,1
bicycle,bicycleinfo,1,1
bicycle,bicycleinfrastructure,1,1
bicycle,bicycleinstead,1,1
bicycle,bicycleitore,1,1
bicycle,bicyclekitchen,1,1
bicycle,bicycleklubs,1,1
bicycle,bicyclelab,1,1
bacteria,bacteria,1304633,2286566
bacteria,bacterial,1299473,2235126
bacteria,bacterias,38693,64718
bacteria,bacteriana,29454,43775
bacteria,bacterianas,13036,16794
bacteria,bacteriano,9330,11733
bacteria,bacterially,6943,7925
bacteria,bacterianos,6687,8380
bacteria,bacterials,394,462
bacteria,bacteriae,303,356
bacteria,bacterianes,279,335
bacteria,bacteriastrum,255,322
bacteria,bacterian,243,287
bacteria,bacteriaemia,234,290
bacteria,bacteriaceae,148,161
bacteria,bacterians,145,174
bacteria,bacteriaand,97,99
bacteria,bacteriastroides,92,107
bacteria,bacteriain,87,89
bacteria,bacteriales,83,101
bacteria,bacterialstrains,49,49
bacteria,bacteriawere,44,45
bacteria,bacteriafrom,41,42
bacteria,bacteriacidal,36,36
bacteria,bacterialinfections,33,33
bacteria,bacterialisolates,31,31
bacteria,bacteriai,28,30
bacteria,bacterialgenera,25,25
bacteria,bacterialcontamination,24,25
bacteria,bacteriathe,24,24
bacteria,bacterialinfection,23,24
bacteria,bacterialspecies,23,23
bacteria,bacteriaare,22,22
bacteria,bacterialgrowth,22,22
bacteria,bacterialvaginosis,21,21
bacteria,bacteriaemic,20,22
bacteria,bacterianus,20,22
bacteria,bacteriaactinomycetesfungi,19,19
bacteria,bacteriacite,19,19
bacteria,bacteriaisolated,19,19
bacteria,bacterialization,19,23
bacteria,bacterialogical,19,20
bacteria,bacteriascites,19,22
bacteria,bacteriat,19,19
bacteria,bacterialcommunities,18,18
bacteria,bacterialpathogens,18,18
bacteria,bacteriaescherichia,17,21
bacteria,bacteriafree,16,17
bacteria,bacterialand,16,16
bacteria,bacterialcellulose,16,16
bacteria,bacterialcommunity,16,16
bacteria,bacterialmeningitis,16,17
bacteria,bacterianot,16,16
bacteria,bacteriawith,16,16
bacteria,bacteriais,15,16
bacteria,bacteriathat,15,15
bacteria,bacteriato,15,15
bacteria,bacteriawas,15,15
bacteria,bacteriaa,14,14
bacteria,bacteriabots,14,43
bacteria,bacteriahave,14,14
bacteria,bacteriaas,13,14
bacteria,bacteriagram,13,15
bacteria,bacterialcount,13,13
bacteria,bacteriaon,13,14
bacteria,bacteriastaphylococcus,13,13
bacteria,bacteriab,12,12
bacteria,bacteriacide,12,14
bacteria,bacteriainduced,12,12
bacteria,bacterialculture,12,12
bacteria,bacterialload,12,13
bacteria,bacteriam,12,12
bacteria,bacteriastatic,12,15
bacteria,bacteriaemias,11,12
bacteria,bacterialcell,11,11
bacteria,bacterialike,11,13
bacteria,bacterialpathogen,11,11
bacteria,bacterialperitonitis,11,11
bacteria,bacteriaplankton,11,17
bacteria,bacteriaabstrak,10,10
bacteria,bacteriaderived,10,10
bacteria,bacteriaemi,10,17
bacteria,bacterialcidal,10,10
bacteria,bacterialidentification,10,10
bacteria,bacteriaphage,10,10
bacteria,bacteriabot,9,11
bacteria,bacteriafor,9,9
bacteria,bacterialized,9,14
bacteria,bacterialpopulations,9,10
bacteria,bacterialresistance,9,9
bacteria,bacterialsuspension,9,9
bacteria,bacteriapseudomonas,9,9
bacteria,bacteriawhich,9,9
bacteria,bacteriaj,8,9
bacteria,bacteriajournal,8,8
bacteria,bacterialadhesion,8,8
bacteria,bacterialcells,8,8
bacteria,bacterialdiseases,8,8
bacteria,bacterialpneumonia,8,8
bacteria,bacterialtranslocation,8,9
attack,attack,657545,1036804
attack,attacks,536730,916316
attack,attacked,73102,82689
attack,attacking,54288,64155
attack,attacker,39979,59402
attack,attackers,38584,49294
attack,attacken,1081,1308
attack,attacke,706,789
attack,attackiert,283,289
attack,attackieren,173,175
attack,attackable,167,218
attack,attackability,89,193
attack,attackerna,80,107
attack,attackierte,69,70
attack,attackthese,64,64
attack,attackerar,47,48
attack,attackera,40,44
attack,attackson,40,42
attack,attackierten,39,39
attack,attacksand,33,34
attack,attackes,30,30
attack,attackand,29,29
attack,attackthe,28,29
attack,attackoftheshow,27,27
attack,attackon,27,31
attack,attackin,25,25
attack,attackeras,23,24
attack,attackis,22,22
attack,attackof,20,20
attack,attackterrorist,20,20
attack,attacka,19,25
attack,attackcite,19,19
attack,attackontitan,19,20
attack,attacksin,19,19
attack,attackenfrequenz,16,18
attack,attacksare,16,16
attack,attacksthe,16,17
attack,attackfree,15,55
attack,attackerades,14,15
attack,attackman,13,14
attack,attackenartig,12,12
attack,attacksof,12,12
attack,attackg,11,26
attack,attacksagainst,11,12
attack,attackby,10,10
attack,attackdefense,10,11
attack,attackdetection,10,10
attack,attackerad,10,13
attack,attackmuslim,10,10
attack,attackted,10,10
attack,attackendauer,9,9
attack,attackerade,9,10
attack,attackerat,9,11
attack,attackfor,9,10
attack,attackagainst,8,8
attack,attackdog,8,10
attack,attackedby,8,8
attack,attackerpsilas,8,9
attack,attackmen,8,18
attack,attackswith,8,8
attack,attackt,8,8
attack,attackto,8,8
attack,attackudpmodel,8,8
attack,attackfrom,7,7
attack,attackhaus,7,7
attack,attackrate,7,10
attack,attacksthat,7,8
attack,attacksultrasound,7,7
attack,attacksuse,7,7
attack,attacksusing,7,7
attack,attacktagger,7,18
attack,attackbench,6,16
attack,attackee,6,6
attack,attackenf,6,8
attack,attackerande,6,7
attack,attackerats,6,6
attack,attackernas,6,6
attack,attackhuman,6,6
attack,attackment,6,9
attack,attackmilitary,6,6
attack,attackr,6,10
attack,attackscite,6,6
attack,attacksearch,6,6
attack,attacksfrom,6,6
attack,attacksthis,6,6
attack,attacksunstable,6,6
attack,attacksvascular,6,6
attack,attackthat,6,6
attack,attackticast,6,9
attack,attackarab,5,5
attack,attackbush,5,5
attack,attackchemical,5,5
attack,attackd,5,5
attack,attackenfreiheit,5,7
attack,attackenh,5,5
attack,attackentherapie,5,5
attack,attackenwert,5,5
attack,attackerare,5,5
attack,attackeuropean,5,5
attack,attacki,5,5
asthma,asthma,365772,1004780
asthma,asthmatic,56135,104936
asthma,asthmatics,19403,34972
asthma,asthmaticus,2490,3692
asthma,asthmatiques,1319,2114
asthma,asthmatique,920,1162
asthma,asthmas,426,549
asthma,asthmatikern,186,219
asthma,asthmatiker,182,198
asthma,asthmagens,174,308
asthma,asthmatherapie,156,164
asthma,asthmatischen,141,188
asthma,asthmate,138,138
asthma,asthmakontrolle,120,174
asthma,asthmapatienten,116,141
asthma,asthmaanfall,97,115
asthma,asthmagen,74,109
asthma,asthmatische,71,74
asthma,asthmatica,70,105
asthma,asthmalike,68,82
asthma,asthmatoid,63,98
asthma,asthmaanf,62,66
asthma,asthmarisiko,58,67
asthma,asthmakranken,52,67
asthma,asthmatiform,42,47
asthma,asthmaand,41,42
asthma,asthmathe,41,47
asthma,asthmatischer,40,42
asthma,asthmaerkrankung,38,42
asthma,asthmagenic,37,41
asthma,asthmaschulung,37,42
asthma,asthmasymptome,36,41
asthma,asthmabehandlung,35,38
asthma,asthmaxcel,35,90
asthma,asthmakranke,32,34
asthma,asthmakranker,32,37
asthma,asthmanet,32,45
asthma,asthmat,30,31
asthma,asthmaa,26,26
asthma,asthmain,26,27
asthma,asthmamodell,26,32
asthma,asthmapr,25,29
asthma,asthmarelated,25,26
asthma,asthmasymptomen,21,25
asthma,asthmatis,21,21
asthma,asthmamanagement,20,22
asthma,asthmaforschung,19,19
asthma,asthmaasthma,18,18
asthma,asthmatiforme,18,19
asthma,asthmacontrol,17,18
asthma,asthmaerkrankungen,17,18
asthma,asthmamittel,17,17
asthma,asthmasymptomatik,17,17
asthma,asthmaticpatients,16,16
asthma,asthmahospitalizations,15,15
asthma,asthmais,15,15
asthma,asthmapatients,15,17
asthma,asthmaticastronaut,15,17
asthma,asthmaexazerbationen,14,18
asthma,asthmaticchildren,14,14
asthma,asthmador,13,21
asthma,asthmaf,13,13
asthma,asthmawe,13,13
asthma,asthmaph,12,14
asthma,asthmaanfalls,11,12
asthma,asthmaexacerbations,11,11
asthma,asthmaformen,11,12
asthma,asthmaic,11,13
asthma,asthmaschweregrad,11,17
asthma,asthmati,11,11
asthma,asthmatisch,11,11
asthma,asthmabezogenen,10,15
asthma,asthmaexazerbation,10,10
asthma,asthmaklinik,10,10
asthma,asthmal,10,10
asthma,asthmatiformes,10,11
asthma,asthman,9,9
asthma,asthmatical,9,9
asthma,asthmatikerin,9,9
asthma,asthmato,9,9
asthma,asthmatreatment,9,9
asthma,asthmabund,8,8
asthma,asthmabundes,8,8
asthma,asthmakinder,8,9
asthma,asthmakindern,8,10
asthma,asthmapop,8,8
asthma,asthmasymptoms,8,8
asthma,asthmatikerinnen,8,11
asthma,asthmatuner,8,27
asthma,asthmawere,8,8
asthma,asthmacritic,7,14
asthma,asthmadavid,7,8
asthma,asthmadiagnostik,7,7
asthma,asthmaglobal,7,10
asthma,asthmagruppe,7,12
asthma,asthmamedication,7,7
asthma,asthmamodellen,7,7
asthma,asthmapatient,7,7
asthma,asthmapulmonary,7,7
asthma,asthmatikers,7,8
anxi,anxiety,839917,1985864
anxi,anxious,79479,107603
anxi,anxieties,46131,53533
anxi,anxiolytic,22015,34376
anxi,anxi,8314,14543
anxi,anxiolytics,5846,7702
anxi,anxiogenic,3910,5370
anxi,anxiously,3848,4118
anxi,anxieux,2661,4377
anxi,anxiolysis,1808,2288
anxi,anxiousness,1775,2435
anxi,anxiete,1360,2322
anxi,anxius,854,979
anxi,anxio,731,986
anxi,anxiog,535,591
anxi,anxiolytiques,426,528
anxi,anxieuse,368,404
anxi,anxiet,271,314
anxi,anxiolytique,250,319
anxi,anxian,236,317
anxi,anxieuses,234,280
anxi,anxietate,198,273
anxi,anxin,197,327
anxi,anxietas,185,369
anxi,anxiodepressive,171,266
anxi,anxiod,166,231
anxi,anxiogenesis,148,179
anxi,anxietatea,147,224
anxi,anxia,142,217
anxi,anxiao,139,320
anxi,anxiolytika,138,165
anxi,anxie,129,143
anxi,anxietyand,123,129
anxi,anxity,120,129
anxi,anxiolyse,116,135
anxi,anxiang,110,169
anxi,anxiolytische,110,132
anxi,anxiogene,105,118
anxi,anxioselective,96,113
anxi,anxienty,92,120
anxi,anxiolitic,83,89
anxi,anxiey,67,71
anxi,anxiolytischen,66,71
anxi,anxifer,59,63
anxi,anxiliary,59,61
anxi,anxietyin,55,56
anxi,anxiogenes,54,59
anxi,anxietes,51,56
anxi,anxietyrelated,49,50
anxi,anxietylike,48,56
anxi,anxiolytisch,47,55
anxi,anxiou,38,38
anxi,anxiery,37,45
anxi,anxietyscale,37,37
anxi,anxiolitics,34,38
anxi,anxietydisorders,33,33
anxi,anxiolytischer,31,40
anxi,anxios,31,33
anxi,anxietydepressive,29,32
anxi,anxietylevels,27,29
anxi,anxieta,24,26
anxi,anxietydepression,24,30
anxi,anxietydisorder,24,26
anxi,anxietylevel,24,24
anxi,anxietyinventory,23,23
anxi,anxietyof,23,23
anxi,anxietyamong,21,22
anxi,anxietysymptoms,21,21
anxi,anxietywas,21,22
anxi,anxieusement,21,21
anxi,anxietyprovoking,19,20
anxi,anxiolytica,19,19
anxi,anxionnat,19,19
anxi,anxietic,18,20
anxi,anxietythe,18,18
anxi,anxiolyticlike,18,19
anxi,anxiogenics,17,21
anxi,anxionnaz,17,21
anxi,anxioase,16,19
anxi,anxiolytick,16,21
anxi,anxiolytikum,16,20
anxi,anxium,16,25
anxi,anxiely,15,15
anxi,anxiodepression,15,37
anxi,anxiousdepressive,15,17
anxi,anxities,15,17
anxi,anxietatii,14,14
anxi,anxietys,14,14
anxi,anxiosomatic,14,34
anxi,anxiozity,14,25
anxi,anxietv,13,13
anxi,anxietythese,13,13
anxi,anxii,13,67
anxi,anxicty,12,12
anxi,anxietyon,12,12
anxi,anxietyscore,12,14
anxi,anxiogen,12,15
anxi,anxiogens,12,17
anxi,anxitey,12,12
anxi,anxietou,11,15
anthropometr,anthropometric,132218,195889
anthropometr,anthropometry,26990,34502
anthropometr,anthropometrics,8339,9951
anthropometr,anthropometrical,3440,4437
anthropometr,anthropometrically,859,915
anthropometr,anthropometri,537,984
anthropometr,anthropometrische,492,548
anthropometr,anthropometrischen,447,535
anthropometr,anthropometriques,330,392
anthropometr,anthropometrie,292,333
anthropometr,anthropometries,274,329
anthropometr,anthropometrischer,152,161
anthropometr,anthropometrists,131,176
anthropometr,anthropometrique,130,144
anthropometr,anthropometrist,97,127
anthropometr,anthropometricmeasurements,39,41
anthropometr,anthropometrisch,33,37
anthropometr,anthropometrik,18,46
anthropometr,anthropometria,17,17
anthropometr,anthropometr,16,16
anthropometr,anthropometriese,15,15
anthropometr,anthropometricdata,14,14
anthropometr,anthropometricparameters,13,13
anthropometr,anthropometricvariables,13,13
anthropometr,anthropometricand,11,11
anthropometr,anthropometricmeasures,8,8
anthropometr,anthropometriccharacteristics,7,7
anthropometr,anthropometricstudy,7,7
anthropometr,anthropometris,7,7
anthropometr,anthropometrica,6,6
anthropometr,anthropometrico,6,6
anthropometr,anthropometrisches,6,6
anthropometr,anthropometricindicators,4,4
anthropometr,anthropometriske,4,4
anthropometr,anthropometryand,4,4
anthropometr,anthropometrydata,4,4
anthropometr,anthropometricaly,3,3
anthropometr,anthropometricas,3,3
anthropometr,anthropometricdimensions,3,3
anthropometr,anthropometricity,3,3
anthropometr,anthropometricmeasurement,3,3
anthropometr,anthropometricsmean,3,3
anthropometr,anthropometrinya,3,4
anthropometr,anthropometrybmi,3,6
anthropometr,anthropometrial,2,3
anthropometr,anthropometricaland,2,2
anthropometr,anthropometricfactors,2,2
anthropometr,anthropometricfeatures,2,2
anthropometr,anthropometricindex,2,2
anthropometr,anthropometricindices,2,2
anthropometr,anthropometricinstruments,2,2
anthropometr,anthropometricmeasurementswere,2,2
anthropometr,anthropometricsparticipant,2,2
anthropometr,anthropometricvalues,2,2
anthropometr,anthropometrism,2,2
anthropometr,anthropometriy,2,2
anthropometr,anthropometrographic,2,2
anthropometr,anthropometrybody,2,2
anthropometr,anthropometrycal,2,2
anthropometr,anthropometryfor,2,2
anthropometr,anthropometryin,2,2
anthropometr,anthropometrymeasurements,2,2
anthropometr,anthropometryto,2,2
anthropometr,anthropometray,1,1
anthropometr,anthropometrc,1,1
anthropometr,anthropometrcc,1,1
anthropometr,anthropometre,1,1
anthropometr,anthropometres,1,1
anthropometr,anthropometriberdasarkan,1,1
anthropometr,anthropometricalapproach,1,1
anthropometr,anthropometricalexamination,1,1
anthropometr,anthropometricanalysisof,1,1
anthropometr,anthropometricanthropometric,1,1
anthropometr,anthropometricassessment,1,1
anthropometr,anthropometricbatak,1,1
anthropometr,anthropometricbiochemical,1,1
anthropometr,anthropometricc,1,1
anthropometr,anthropometriccriteria,1,1
anthropometr,anthropometricdominant,1,1
anthropometr,anthropometricequations,1,1
anthropometr,anthropometricexaminations,1,1
anthropometr,anthropometrich,1,1
anthropometr,anthropometricheterogeneity,1,1
anthropometr,anthropometrichistory,1,1
anthropometr,anthropometricians,1,1
anthropometr,anthropometricinformation,1,1
anthropometr,anthropometricis,1,1
anthropometr,anthropometrick,1,1
anthropometr,anthropometricmodel,1,1
anthropometr,anthropometricncharacteristics,1,1
anthropometr,anthropometricnmeasurements,1,2
anthropometr,anthropometricnorms,1,1
anthropometr,anthropometricnutritional,1,1
anthropometr,anthropometricpoints,1,1
anthropometr,anthropometricprofile,1,1
anthropometr,anthropometricprofileduring,1,1
anthropometr,anthropometricprofiles,1,1
anthropometr,anthropometricprofilewas,1,1
anthropometr,anthropometricrelated,1,1
anthropometr,anthropometricresearch,1,1
allerg,allergic,232300,442474
allerg,allergy,155056,282168
allerg,allergen,65814,132385
allerg,allergens,54381,101954
allerg,allergies,48974,68309
allerg,allergenic,17963,26380
allerg,allergenicity,8386,12736
allerg,allergie,7236,9127
allerg,allergn,4215,4545
allerg,allergology,4021,7518
allerg,allergan,3851,6004
allerg,allergische,2797,3494
allerg,allergique,2447,3277
allerg,allergists,2387,3154
allerg,allergien,2325,2798
allerg,allergist,2257,2857
allerg,allergischen,2113,2764
allerg,allergiques,2063,2631
allerg,allergologie,1930,2264
allerg,allergene,1887,2569
allerg,allerg,1829,2677
allerg,allergological,1525,1807
allerg,allergischer,1133,1344
allerg,allergia,729,1032
allerg,allergenen,677,921
allerg,allergi,669,1002
allerg,allergica,666,849
allerg,allergisch,605,658
allerg,allergologic,539,614
allerg,allergo,431,474
allerg,allergoid,393,822
allerg,allergologists,367,405
allerg,allergiker,309,369
allerg,allergosorbent,301,325
allerg,allergiche,299,388
allerg,allergr,295,305
allerg,allergenes,285,432
allerg,allergeni,279,503
allerg,allergoids,277,541
allerg,allergik,274,486
allerg,allergologische,269,287
allerg,allergisches,261,302
allerg,allergischem,250,311
allerg,allergics,248,393
allerg,allergologique,230,272
allerg,allergiediagnostik,229,259
allerg,allergization,208,236
allerg,allergologist,197,235
allerg,allergologischen,193,216
allerg,allergiepr,179,233
allerg,allergopharma,177,241
allerg,allergol,169,201
allerg,allergologen,164,171
allerg,allergier,155,180
allerg,allergologia,146,183
allerg,allergener,141,195
allerg,allergologiques,131,146
allerg,allergikern,129,165
allerg,allergically,127,144
allerg,allergisk,125,186
allerg,allergici,119,151
allerg,allergenspezifische,108,118
allerg,allergologicum,105,109
allerg,allergico,104,122
allerg,allergenically,103,107
allerg,allergiska,103,146
allerg,allergiat,97,114
allerg,allergenspezifischen,88,109
allerg,allergenprovokation,87,150
allerg,allergical,84,105
allerg,allergizing,84,101
allerg,allergeen,83,119
allerg,allergoses,81,93
allerg,allergosis,79,104
allerg,allergenit,78,109
allerg,allergenspecific,78,89
allerg,allergized,76,106
allerg,allergome,76,100
allerg,allergywatch,75,77
allerg,allergin,73,169
allerg,allergologisch,73,76
allerg,allergnedigsten,71,71
allerg,allergenexposition,70,77
allerg,allergenkarenz,70,73
allerg,allergologica,70,84
allerg,allergiekongress,69,69
allerg,allergopathology,69,95
allerg,allergrootste,68,72
allerg,allergiske,67,90
allerg,allergiya,66,73
allerg,allergologues,66,77
allerg,allergioiden,65,108
allerg,allergierisiko,64,74
allerg,allergologue,64,72
allerg,allergian,63,112
allerg,allergisants,63,73
allerg,allergologischer,63,65
allerg,allergometric,62,86
allerg,allergopatie,62,64
allerg,allergisant,61,70
agricultur,agricultural,1783405,3768022
agricultur,agriculture,1301273,2812937
agricultur,agricultura,196952,253528
agricultur,agriculturally,10246,11062
agricultur,agricultures,3494,4205
agricultur,agriculturalists,3237,3789
agricultur,agriculturists,2824,3459
agricultur,agriculturist,1497,1695
agricultur,agriculturas,869,1070
agricultur,agriculturae,863,964
agricultur,agricultur,824,866
agricultur,agriculturalist,795,919
agricultur,agriculturalization,246,475
agricultur,agriculturii,245,258
agricultur,agriculturizaci,224,317
agricultur,agriculturalproduction,140,145
agricultur,agricultureand,125,125
agricultur,agricultureal,90,94
agricultur,agriculturalresearch,75,77
agricultur,agriculturel,74,85
agricultur,agriculturization,70,105
agricultur,agriculturalsector,69,71
agricultur,agricultureon,68,68
agricultur,agriculturalland,66,68
agricultur,agriculturewashington,65,70
agricultur,agriculturalproducts,62,64
agricultur,agriculturalfields,59,61
agricultur,agriculturein,59,62
agricultur,agricultured,49,54
agricultur,agriculturaland,45,46
agricultur,agriculturaldevelopment,41,43
agricultur,agriculturalpractices,41,41
agricultur,agriculturals,40,46
agricultur,agriculturchemie,40,41
agricultur,agriculturaypesca,35,43
agricultur,agriculturai,34,36
agricultur,agriculturalactivities,34,35
agricultur,agriculturebeltsville,34,42
agricultur,agriculturetrinidad,34,45
agricultur,agriculturalism,33,34
agricultur,agriculturethe,33,34
agricultur,agriculturizacion,33,36
agricultur,agriculturafamiliar,32,35
agricultur,agriculturecite,29,29
agricultur,agriculturerelated,25,26
agricultur,agriculturl,25,25
agricultur,agriculturales,24,31
agricultur,agriculturalextension,24,25
agricultur,agriculturalpolicy,24,24
agricultur,agricultureagricultural,24,24
agricultur,agriculturalareas,23,25
agricultur,agriculturalproductivity,23,23
agricultur,agriculturaluniversity,23,23
agricultur,agricultureagriculture,23,23
agricultur,agriculturegrant,23,24
agricultur,agriculturallands,22,23
agricultur,agricultureresearch,22,22
agricultur,agriculturalized,21,21
agricultur,agriculturing,21,22
agricultur,agriculturalsciences,20,20
agricultur,agriculturebased,20,20
agricultur,agriculturalworkers,19,20
agricultur,agriculturers,19,23
agricultur,agriculturesutton,19,27
agricultur,agriculturalenterprises,18,18
agricultur,agriculturalwaste,17,17
agricultur,agriculturarum,17,17
agricultur,agriculturepp,17,17
agricultur,agriculturial,17,18
agricultur,agriculturade,16,17
agricultur,agriculturalisation,16,23
agricultur,agriculturchemische,16,16
agricultur,agriculturea,16,16
agricultur,agricultureislife,15,16
agricultur,agriculturo,15,16
agricultur,agriculturalcrops,14,14
agricultur,agriculturale,14,14
agricultur,agriculturalmachinery,14,14
agricultur,agriculturalsystems,14,14
agricultur,agriculturedevelopment,14,18
agricultur,agricultureorganization,14,14
agricultur,agriculturesector,14,15
agricultur,agriculturral,14,14
agricultur,agriculturalmanagement,13,14
agricultur,agricultureas,13,13
agricultur,agricultureauthors,13,13
agricultur,agriculturefor,13,13
agricultur,agriculturer,13,14
agricultur,agricultureto,13,13
agricultur,agriculturul,13,13
agricultur,agriculturalapplications,12,12
agricultur,agriculturalcooperatives,12,13
agricultur,agriculturaltechnology,12,12
agricultur,agriculturam,12,12
agricultur,agriculturc,12,12
agricultur,agriculturchemischen,12,12
agricultur,agricultureemissions,12,12
agricultur,agriculturefood,12,12
agricultur,agricultureoxford,12,14
agricultur,agricultureuniversity,12,12
adder,adder,21986,48199
adder,adders,10856,18771
adder,adderall,911,2175
adder,adderley,613,918
adder,addera,212,226
adder,adderas,179,187
adder,adderar,87,92
adder,adderly,86,94
adder,addere,76,84
adder,adderades,59,63
adder,adderat,45,46
adder,adderio,43,62
adder,adderats,42,44
adder,adderbury,41,51
adder,addernet,41,106
adder,adderade,39,40
adder,adderson,33,49
adder,adderis,28,64
adder,adderss,26,27
adder,addering,22,22
adder,adderad,21,24
adder,adderton,17,19
adder,adderet,16,33
adder,adderal,15,18
adder,addernets,15,60
adder,addert,13,14
adder,adderande,11,17
adder,adderiten,11,12
adder,addertjes,11,11
adder,addergebroed,10,12
adder,adderitischen,9,9
adder,addertje,9,10
adder,adderessed,7,7
adder,adderleyi,7,7
adder,adderandet,6,7
adder,adderbased,6,6
adder,addergoole,6,9
adder,adderleys,6,7
adder,adderess,5,6
adder,adderhead,5,5
adder,adderand,4,4
adder,adderesses,4,4
adder,adderless,4,5
adder,addern,4,4
adder,adderstone,4,4
adder,addertong,4,4
adder,adderalltm,3,3
adder,adderare,3,6
adder,addercompressors,3,3
adder,adderer,3,4
adder,adderes,3,3
adder,adderfor,3,3
adder,adderi,3,3
adder,adderin,3,4
adder,adderlay,3,4
adder,addersr,3,3
adder,addersses,3,3
adder,adderssing,3,4
adder,addersub,3,3
adder,adderation,2,2
adder,adderbeet,2,2
adder,addercircuits,2,2
adder,adderdesigns,2,2
adder,adderemus,2,2
adder,adderence,2,2
adder,adderende,2,2
adder,adderent,2,2
adder,adderere,2,2
adder,adderetur,2,2
adder,adderic,2,5
adder,adderingen,2,2
adder,adderinputs,2,4
adder,adderirebbe,2,2
adder,adderkluwen,2,2
adder,adderl,2,2
adder,adderleystraat,2,2
adder,adderm,2,6
adder,addermint,2,5
adder,addermis,2,2
adder,adderola,2,2
adder,adderose,2,5
adder,adderpopulatie,2,2
adder,adderr,2,2
adder,adderral,2,2
adder,adderrans,2,2
adder,adderrorbars,2,2
adder,adderrx,2,6
adder,adderssed,2,2
adder,addersubtractor,2,2
adder,adderswith,2,2
adder,adderwith,2,2
adder,adderzeenaald,2,2
adder,adderagoole,1,1
adder,adderallapa,1,1
adder,adderallin,1,1
adder,adderallmethamphetamine,1,1
adder,adderallr,1,1
adder,adderallreg,1,1
adder,adderalls,1,1
adder,adderandbooth,1,1
acciden,accident,363269,568293
acciden,accidents,333821,546381
acciden,accidental,158355,189961
acciden,accidentally,55249,57592
acciden,accidentes,31489,52062
acciden,accidente,17817,24871
acciden,accidently,2301,2394
acciden,accidentalidad,2177,3568
acciden,accidentelle,2018,2206
acciden,accidentales,1865,2142
acciden,accidentabilidad,1435,2340
acciden,accidentelles,1312,1506
acciden,accidence,1056,1203
acciden,accidentalmente,936,963
acciden,accidentada,920,946
acciden,accidentel,894,969
acciden,accidentado,892,974
acciden,accidentals,891,1106
acciden,accidentellement,864,893
acciden,accidentale,646,757
acciden,accidentels,547,613
acciden,accidens,544,625
acciden,accidentados,541,653
acciden,accidential,540,587
acciden,accidentali,446,503
acciden,accidentologie,364,443
acciden,accidenti,255,267
acciden,acciden,185,188
acciden,accidentato,182,191
acciden,accidentology,180,231
acciden,accidentality,176,240
acciden,accidentibus,151,161
acciden,accidentadas,117,122
acciden,accidentelor,117,139
acciden,accidentaly,103,106
acciden,accidentalitat,100,160
acciden,accidentele,96,110
acciden,accidentalit,95,113
acciden,accidentalsampling,95,96
acciden,accidentului,94,112
acciden,accidentul,88,92
acciden,accidented,86,92
acciden,accidentia,86,98
acciden,accidences,85,102
acciden,accidentat,68,77
acciden,accidentog,64,84
acciden,accidentalness,58,76
acciden,accidentata,58,58
acciden,accidentee,56,56
acciden,accidentalis,55,59
acciden,accidentium,54,58
acciden,accidenta,52,52
acciden,accidentis,49,50
acciden,accidentolog,45,59
acciden,accidentalia,43,62
acciden,accidentalment,41,41
acciden,accidentarse,40,47
acciden,accidentati,40,40
acciden,accidenten,40,42
acciden,accidentially,37,40
acciden,accidentien,34,35
acciden,accidentsand,33,33
acciden,accidentai,32,33
acciden,accidentologique,32,35
acciden,accidentalite,31,35
acciden,accidenteel,31,34
acciden,accidentalism,29,36
acciden,accidentogenes,29,36
acciden,accidentsin,27,27
acciden,accidentan,26,30
acciden,accidentologiques,26,29
acciden,accidentprone,26,27
acciden,accidentall,24,26
acciden,accidentand,24,24
acciden,accidentin,22,22
acciden,accidentabilitat,20,31
acciden,accidentalita,20,21
acciden,accidentological,19,21
acciden,accidentability,17,22
acciden,accidentees,17,17
acciden,accidentalista,15,15
acciden,accidentellen,15,15
acciden,accidentogene,15,15
acciden,accidentologia,15,17
acciden,accidentsthe,15,17
acciden,accidentthese,15,15
acciden,accidentesde,14,18
acciden,accidentate,13,13
acciden,accidentol,13,14
acciden,accidency,12,12
acciden,accidentalibus,12,12
acciden,accidentabilit,11,13
acciden,accidenthe,11,12
acciden,accidentian,11,13
acciden,accidento,11,11
acciden,accidentsare,11,11
acciden,accidendal,10,11
acciden,accidentalcreative,10,10
acciden,accidentalismo,10,11
acciden,accidentalist,10,10
