document_id,external_id,document_name,attribute_id,attribute_label,attribute_presence,human_additional_text,item_attribute_full_text_details,citation_page,citation_highlight_text,human_extraction,llm_extraction,llm_reasoning,llm_verbatim_text,human_verbatim_fuzzy_match_pct,llm_verbatim_fuzzy_match_pct,extraction_run_id
60023523,0033a9dc-c1f5-4f47-842c-089a2d11b676,The characterization of mechanical behaviour on kenaf fibre / polypropylene composites,0,include - high precision,True,,,,,False,False,"EXCLUDE. The study evaluates the mechanical and morphological properties of kenaf-fibre/polypropylene composites after alkaline treatment. It does not substantively address climate change, climate variables, climate hazards, fossil-fuel reduction, greenhouse-gas emissions, human health, climate mitigation, or climate adaptation.","The objective of this study is to identify the effect of alkaline treatment on kenaf fibre in WPC system, to investigate the highest strength of kenaf fibre loading on mechanical properties in WPC, and to evaluate the morphology characteristics from fracture specimens related to the mechanical testing via scanning electron microscopy (SEM).",0.00,100.00,2026-08-31_13-28-14_
60023523,0033a9dc-c1f5-4f47-842c-089a2d11b676,The characterization of mechanical behaviour on kenaf fibre / polypropylene composites,5,include - best balance,True,,,,,False,False,"EXCLUDE. Although the paper studies a composite material and discusses replacing a current composite product, the document does not state or evaluate any reduction in greenhouse-gas emissions, climate-forcing agents, or fossil-fuel use. It also contains no qualifying human-health or climate-adaptation component.",Overall 5 wt. % NaOH with 40 wt.% PP/KF (5 wt.% MAPP) showed the best result and it is worth to replace the current kenaf fibre polymer composites product.,0.00,100.00,2026-08-31_13-28-14_
60023523,0033a9dc-c1f5-4f47-842c-089a2d11b676,The characterization of mechanical behaviour on kenaf fibre / polypropylene composites,6,include - high recall,True,,,,,False,False,"EXCLUDE. The record concerns material testing of wood-plastic composites, including tensile, flexural, fatigue, and morphological properties. None of the climate-and-health, climate-mitigation, climate-adaptation, or adaptation-supporting evidence pathways is present.",A tensile test was carried out to determine the tensile stress of the material.,0.00,100.00,2026-08-31_13-28-14_
5471,010cea96-52e4-4819-8944-88d4b08345aa,Presence of pleural plaques and/or asbestosis and the risk of lung cancer in a Crocidolite asbestos exposed population from Western Australia,0,include - high precision,True,,,,,False,False,"EXCLUDE. The record addresses human health and occupational asbestos exposure, but it contains no substantive climate-related factor, climate-forcing agent, fossil-fuel component, mitigation action, or adaptation activity.","Asbestos exposure is associated with dose-dependent risk of benign pleural disease, lung cancer and mesothelioma.",0.00,100.00,2026-08-31_13-28-14_
5471,010cea96-52e4-4819-8944-88d4b08345aa,Presence of pleural plaques and/or asbestosis and the risk of lung cancer in a Crocidolite asbestos exposed population from Western Australia,5,include - best balance,True,,,,,False,False,"EXCLUDE. Although the study evaluates human disease and exposure risk, it does not study climate change, weather or climate variability, a climate-related hazard, fossil fuels, a climate-forcing agent, climate mitigation, or climate adaptation.","Asbestos exposure is associated with dose-dependent risk of benign pleural disease, lung cancer and mesothelioma.",0.00,100.00,2026-08-31_13-28-14_
5471,010cea96-52e4-4819-8944-88d4b08345aa,Presence of pleural plaques and/or asbestosis and the risk of lung cancer in a Crocidolite asbestos exposed population from Western Australia,6,include - high recall,True,,,,,False,False,"EXCLUDE. This is a study of asbestos exposure, pleural disease, and lung-cancer risk. None of the climate-and-health, climate-mitigation, climate-adaptation, or adaptation-supporting evidence pathways is present.","In our population, the presence of pleural plaque is not associated with an increased risk of subsequent lung cancer.",0.00,100.00,2026-08-31_13-28-14_
815689216,023f6c50-518e-4630-877f-026227409a4a,Improvement and application of UNet network for avoiding the effect of urban dense high-rise buildings and other feature shadows on water body extraction,0,include - high precision,True,,,,,False,False,"EXCLUDE. The study develops a remote-sensing method for water-body extraction and addresses interference from building shadows. It does not substantively address climate change, climate variability, weather, climate-related hazards, fossil fuels, or climate-forcing agents, nor does it establish a health, climate-mitigation, or climate-adaptation pathway.",Finding a means to extract water body information efficiently and accurately from high-resolution remote sensing images has been an important research direction in the field of water body extraction in recent years.,0.00,100.00,2026-08-31_13-28-14_
815689216,023f6c50-518e-4630-877f-026227409a4a,Improvement and application of UNet network for avoiding the effect of urban dense high-rise buildings and other feature shadows on water body extraction,5,include - best balance,True,,,,,False,False,"EXCLUDE. The model is intended to improve water-body recognition by overcoming image shadows. The record provides no substantive climate-related component and no explicit or directly inferable connection to human health, climate mitigation, preparedness, resilience, risk reduction, or adaptation planning.","In this paper, a water extraction network SE-CU-Net model is presented to overcome the shadowing effect from buildings and other features.",0.00,100.00,2026-08-31_13-28-14_
815689216,023f6c50-518e-4630-877f-026227409a4a,Improvement and application of UNet network for avoiding the effect of urban dense high-rise buildings and other feature shadows on water body extraction,6,include - high recall,True,,,,,False,False,"EXCLUDE. This is a methodological image-segmentation study. Although it extracts water bodies from satellite imagery, the document does not connect that activity to climate or weather, human health, mitigation, adaptation, hazard projections, preparedness, resilience, or vulnerability assessment; therefore, none of the inclusion pathways is satisfied.","This paper is based on the U-Net convolutional neural network and adds the squeeze-and-excitation module of SENet, an attention mechanism, to the downsampling process of the U-Net network.",0.00,100.00,2026-08-31_13-28-14_
558553,04cbc527-875c-44bd-ad19-a57458f0eaaf,New shop owners in old buildings: spatial politics of the apparel industry in Kyrgyzstan,0,include - high precision,True,,,,,False,False,"EXCLUDE. The study concerns access to electricity and privatized urban infrastructure in the apparel manufacturing sector, but it does not substantively address climate change, weather, fossil fuels, greenhouse gases, climate mitigation, climate adaptation, or human health.",This article adopts a political economy approach with insights from the political geography literature to illuminate how the apparel manufacturing sector in Kyrgyzstan has thrived in a region known for significant challenges in electricity access and availability.,0.00,100.00,2026-08-31_13-28-14_
558553,04cbc527-875c-44bd-ad19-a57458f0eaaf,New shop owners in old buildings: spatial politics of the apparel industry in Kyrgyzstan,5,include - best balance,True,,,,,False,False,"EXCLUDE. The research focuses on production challenges, electricity availability, owner–tenant relations, and infrastructure privatization. It provides no substantive climate-related component and no qualifying health, mitigation, or adaptation pathway.","We contribute to understanding how everyday shop owners make sense of and grapple with production challenges in a new market context, against the backdrop of Soviet infrastructural legacies and post-Soviet privatization processes.",0.00,100.00,2026-08-31_13-28-14_
558553,04cbc527-875c-44bd-ad19-a57458f0eaaf,New shop owners in old buildings: spatial politics of the apparel industry in Kyrgyzstan,6,include - high recall,True,,,,,False,False,"EXCLUDE. Constant electricity provision and poor infrastructure are discussed as industrial and socioeconomic issues, not in relation to climate or weather, human health, emissions mitigation, or climate adaptation. None of the inclusion pathways is satisfied.","Drawing upon original interviews with Bishkek-based shop owners, we find that despite the challenges associated working in these spaces, including poor infrastructure and exploitative relationships with owners, they remain due to the constant provision of electricity and convenient location.",0.00,100.00,2026-08-31_13-28-14_
6365261,05d82313-c646-4ba4-a73f-5e1afccb8c9c,RESEARCH OF CONSEQUENCES OF EMERGENCY SITUATIONS AT THE INDUSTRIAL PIPELINES,0,include - high precision,True,,,,,False,True,"INCLUDE. The study substantively examines fossil-fuel infrastructure and emergency hydrocarbon gas emissions, satisfying climate relevance. It also evaluates hazards to people from pipeline failure, ignition, shock waves, and thermal effects, satisfying the human-health-risk pathway.","Industrial gas pipelines are objects of high danger. In case of the gas pipeline failure, there is a shock wave, which is one of affecting factors. The conditional probability of ignition of emergency emissions of hydrocarbon energy carriers was determined, considering the location of ignition sources. The probit-functions by the thermal effect on people were determined.",0.00,98.12,2026-08-31_13-28-14_
6365261,05d82313-c646-4ba4-a73f-5e1afccb8c9c,RESEARCH OF CONSEQUENCES OF EMERGENCY SITUATIONS AT THE INDUSTRIAL PIPELINES,5,include - best balance,True,,,,,False,True,"INCLUDE. Gas pipelines and hydrocarbon emissions provide a substantive fossil-fuel component, while the modeled shock-wave and thermal effects on people constitute a direct human health and safety risk.","Industrial gas pipelines are objects of high danger. In case of the gas pipeline failure, there is a shock wave, which is one of affecting factors. The conditional probability of ignition of emergency emissions of hydrocarbon energy carriers was determined, considering the location of ignition sources. The probit-functions by the thermal effect on people were determined.",0.00,98.12,2026-08-31_13-28-14_
6365261,05d82313-c646-4ba4-a73f-5e1afccb8c9c,RESEARCH OF CONSEQUENCES OF EMERGENCY SITUATIONS AT THE INDUSTRIAL PIPELINES,6,include - high recall,True,,,,,False,True,"INCLUDE under the climate-plus-health pathway. The record analyzes hydrocarbon gas emissions and pipeline accidents involving fossil-fuel infrastructure, together with resulting shock-wave and thermal hazards to people.","Industrial gas pipelines are objects of high danger. In case of the gas pipeline failure, there is a shock wave, which is one of affecting factors. The conditional probability of ignition of emergency emissions of hydrocarbon energy carriers was determined, considering the location of ignition sources. The probit-functions by the thermal effect on people were determined.",0.00,98.12,2026-08-31_13-28-14_
51599178,0e3bc1fb-5fe4-4537-baff-90b1f9683015,"Ensuring science is useful, usable and used in global disaster risk reduction and sustainable development: a view through the Sendai framework lens",0,include - high precision,True,,,,,True,True,"INCLUDE. The paper substantively connects the Climate Change Agreements with the Sendai Framework and disaster risk reduction, which is a qualifying adaptation/risk-reduction pathway.",This article explores key synergies across these agreements that are articulated in the Sendai Framework to support joint policy-making. The article outlines the opportunities and challenges for scientific research and its translation into policy and practice; proposes scientific activities for developing Disaster Risk Reduction science,0.00,100.00,2026-08-31_13-28-14_
51599178,0e3bc1fb-5fe4-4537-baff-90b1f9683015,"Ensuring science is useful, usable and used in global disaster risk reduction and sustainable development: a view through the Sendai framework lens",5,include - best balance,True,,,,,True,True,"INCLUDE. Climate policy is one of the agreements whose synergies are examined, and the record addresses disaster risk reduction research and policy, satisfying the climate-related adaptation/risk-reduction pathway.",This article explores key synergies across these agreements that are articulated in the Sendai Framework to support joint policy-making. The article outlines the opportunities and challenges for scientific research and its translation into policy and practice; proposes scientific activities for developing Disaster Risk Reduction science,0.00,100.00,2026-08-31_13-28-14_
51599178,0e3bc1fb-5fe4-4537-baff-90b1f9683015,"Ensuring science is useful, usable and used in global disaster risk reduction and sustainable development: a view through the Sendai framework lens",6,include - high recall,True,,,,,True,True,"INCLUDE. The article explicitly examines joint policy synergies between the Sendai disaster-risk-reduction framework and the Climate Change Agreements, supporting the climate adaptation and risk-reduction pathway.","It was the first UN landmark agreement of the year 2015, the other two being the Sustainable Development Goals (agreed September 2015) and the Climate Change Agreements (agreed December 2015). This article explores key synergies across these agreements that are articulated in the Sendai Framework to support joint policy-making.",0.00,100.00,2026-08-31_13-28-14_
35400,0ff90214-b5e5-48c8-af5f-112cb3076ba0,STEP-UP & SCALE-UP: Building dRTP Support and Training Networks,0,include - high precision,True,,,,,False,False,"EXCLUDE. The record concerns professional networks, training, skills, and career support for digital Research Technical Professionals. It contains no substantive climate-related component and does not address a qualifying climate-health, mitigation, or adaptation pathway.",The shared purpose of STEP-UP and SCALE-UP is to build support and training networks for digital Research Technical Professionals (dRTPs),0.00,100.00,2026-08-31_13-28-14_
35400,0ff90214-b5e5-48c8-af5f-112cb3076ba0,STEP-UP & SCALE-UP: Building dRTP Support and Training Networks,5,include - best balance,True,,,,,False,False,"EXCLUDE. The record discusses adapting professional training to research domains, not climate adaptation. It provides no substantive treatment of climate change, weather, climate hazards, fossil fuels, greenhouse gases, or climate-forcing agents, and therefore cannot satisfy the climate-plus-health, mitigation, or adaptation criteria.","Through scaling and supporting groups of research technical champions there’s an opportunity to adapt training for specific research domains, while also raising awareness of the work of digital Research Technical Professionals and how important this is.",0.00,100.00,2026-08-31_13-28-14_
35400,0ff90214-b5e5-48c8-af5f-112cb3076ba0,STEP-UP & SCALE-UP: Building dRTP Support and Training Networks,6,include - high recall,True,,,,,False,False,"EXCLUDE. The described output focuses on careers and skills for data-driven research and support for digital research technical professionals. None of the specified climate-health, climate-mitigation, climate-adaptation, or adaptation-supporting evidence pathways is present.","This video is an output from the Careers and Skills for Data-driven Research (CaSDaR) initiative, a 4-year UKRI funded dRTP initiative.",0.00,100.00,2026-08-31_13-28-14_
4658342,109d2025-cafe-43d1-9b24-e5dba4f68ea4,Dealing with the Unseen: Assessing and Addressing Implicit Attitudes to Enhance Professional Success in Geriatric Mental Healthcare,0,include - high precision,True,,,,,False,False,"The record concerns implicit bias, inequities, and inclusiveness in healthcare and academic medicine. It contains no substantive climate-related component, so it does not satisfy the required climate criterion.","This workshop will address why fairness, inclusiveness and cultural competence are important for success in geriatric mental health care.",0.00,100.00,2026-08-31_13-28-14_
4658342,109d2025-cafe-43d1-9b24-e5dba4f68ea4,Dealing with the Unseen: Assessing and Addressing Implicit Attitudes to Enhance Professional Success in Geriatric Mental Healthcare,5,include - best balance,True,,,,,False,False,"Although the record addresses healthcare, its subject is unconscious bias rather than climate or weather, climate-related hazards, fossil fuels, climate-forcing agents, mitigation, or adaptation. Therefore, the required climate-related component is absent.","It will describe unconscious bias and explain where it comes from, and how it is relevant to our clinical, teaching, and research activities.",0.00,100.00,2026-08-31_13-28-14_
4658342,109d2025-cafe-43d1-9b24-e5dba4f68ea4,Dealing with the Unseen: Assessing and Addressing Implicit Attitudes to Enhance Professional Success in Geriatric Mental Healthcare,6,include - high recall,True,,,,,False,False,"The word “climate” refers to the professional or institutional environment, not Earth’s climate. The record does not match any climate-and-health, climate-mitigation, or climate-adaptation pathway.","Last, this workshop will discuss strategies of what we can do individually and institutionally to reduce unintended negative consequences of implicit attitudes and improve our professional interactions and climate.",0.00,100.00,2026-08-31_13-28-14_
34172,147dd49c-acb3-481c-b17d-98cb19eda4e8,,0,include - high precision,True,,,,,False,False,"EXCLUDE. The record concerns a fuzzy-logic system for evaluating airline catering service and customer satisfaction. It contains no substantive climate-related component and does not address human health, climate mitigation, or climate adaptation.","In this study, the catering service evaluation system for customers is designed and an interface is developed to be used in the aviation 4.0 industry.",0.00,100.00,2026-08-31_13-28-14_
34172,147dd49c-acb3-481c-b17d-98cb19eda4e8,,5,include - best balance,True,,,,,False,False,"EXCLUDE. The study develops a catering customer-evaluation system. It does not measure or analyze climate variables, climate hazards, fossil fuels, greenhouse gases, or climate-forcing agents, and no qualifying health, mitigation, or adaptation pathway is present.",The study contributed to the literature by proposing a new fuzzy control system for catering customer evaluation and by designing an interface and coding system with a special SciKit fuzzy logic toolbox on Python environment.,0.00,100.00,2026-08-31_13-28-14_
34172,147dd49c-acb3-481c-b17d-98cb19eda4e8,,6,include - high recall,True,,,,,False,False,"EXCLUDE. The simulations evaluate an aviation catering customer-feedback system, not climate-related hazards or conditions. None of the climate-and-health, mitigation, adaptation, or adaptation-supporting evidence pathways is satisfied.",The implementation and the design of the system have been simulated several times and the results are evaluated by graphical and visual means.,0.00,100.00,2026-08-31_13-28-14_
7338834,1d1526ba-04b9-4b07-9e2f-bb420a444f73,Phenanthraquinone inhibits eNOS activity and suppresses vasorelaxation,0,include - high precision,True,,,,,False,True,"INCLUDE. Diesel exhaust provides a substantive fossil-fuel-related exposure, and the record directly connects it to cardiopulmonary disease, mortality, impaired vasorelaxation, and elevated blood pressure.",Diesel exhaust particles cause an impairment of endothelium-dependent vasorelaxation and are associated with cardiopulmonary-related diseases and mortality,0.00,100.00,2026-08-31_13-28-14_
7338834,1d1526ba-04b9-4b07-9e2f-bb420a444f73,Phenanthraquinone inhibits eNOS activity and suppresses vasorelaxation,5,include - best balance,True,,,,,False,True,"INCLUDE. The study satisfies the climate-plus-health pathway because it examines a chemical in diesel exhaust, a fossil-fuel-related exposure, in relation to cardiovascular effects and explicitly notes associations with cardiopulmonary disease and mortality.",Diesel exhaust particles cause an impairment of endothelium-dependent vasorelaxation and are associated with cardiopulmonary-related diseases and mortality,0.00,100.00,2026-08-31_13-28-14_
7338834,1d1526ba-04b9-4b07-9e2f-bb420a444f73,Phenanthraquinone inhibits eNOS activity and suppresses vasorelaxation,6,include - high recall,True,,,,,False,True,"INCLUDE. The record substantively studies phenanthraquinone contained in diesel exhaust particles and its cardiovascular effects, including suppressed vasorelaxation and elevated blood pressure. This supports the fossil-fuel-related exposure and health pathway.","The present findings suggest that phenanthraquinone has a potent inhibitory action on eNOS activity via a similar mechanism reported for nNOS, thereby causing the suppression of NO-mediated vasorelaxation and elevation of blood pressure.",0.00,100.00,2026-08-31_13-28-14_
212484,202d1bc8-c1d3-4919-b40e-d7560ac9d3ff,Multi Layer Feature Fusion of Radar and Vision for Obstacle Detection in Complex Scenes,0,include - high precision,True,,,,,False,False,"The record evaluates autonomous-driving obstacle detection under rainy and snowy weather, but it does not address human health outcomes or exposure, climate mitigation, or climate adaptation, preparedness, resilience, or vulnerability reduction. Therefore, it does not satisfy both required components.",The experimental results show that the obstacle detection performance of this method is significantly better than existing technologies in harsh weather conditions (such as rainy and snowy days) and complex lighting conditions (such as nighttime and strong light exposure).,0.00,100.00,2026-08-31_13-28-14_
212484,202d1bc8-c1d3-4919-b40e-d7560ac9d3ff,Multi Layer Feature Fusion of Radar and Vision for Obstacle Detection in Complex Scenes,5,include - best balance,True,,,,,False,False,"Weather conditions are part of the performance evaluation, but the document does not connect them to human health or health systems and does not identify the technology as supporting climate mitigation or adaptation. The required qualifying pathway is absent.",The experimental results show that the obstacle detection performance of this method is significantly better than existing technologies in harsh weather conditions (such as rainy and snowy days) and complex lighting conditions (such as nighttime and strong light exposure).,0.00,100.00,2026-08-31_13-28-14_
212484,202d1bc8-c1d3-4919-b40e-d7560ac9d3ff,Multi Layer Feature Fusion of Radar and Vision for Obstacle Detection in Complex Scenes,6,include - high recall,True,,,,,False,False,"None of the inclusion pathways is established. Although rainy and snowy conditions are studied, the record does not examine their relationship with human health, reduce climate-forcing emissions or fossil-fuel use, or explicitly support climate adaptation, preparedness, resilience, or climate-risk reduction.",The experimental results show that the obstacle detection performance of this method is significantly better than existing technologies in harsh weather conditions (such as rainy and snowy days) and complex lighting conditions (such as nighttime and strong light exposure).,0.00,100.00,2026-08-31_13-28-14_
1680444,24cd711b-5b02-4f55-a8f6-9fde10f61a47,THE FREQUENCY OF USE OF VARIOUS DRUGS IN TREATING THE DISEASES OF THE CARDIOVASCULAR SYSTEM IN PATIENTS OF THE THERAPY DEPARTMENT,0,include - high precision,True,,,,,False,False,"EXCLUDE. The record concerns economic sanctions, import substitution, trade, and agricultural development. It contains no substantive climate-related component and does not address human health, climate mitigation, or climate adaptation.",The article studies the world experience of countering economic sanctions in the agrarian sector of the economy.,0.00,100.00,2026-08-31_13-28-14_
1680444,24cd711b-5b02-4f55-a8f6-9fde10f61a47,THE FREQUENCY OF USE OF VARIOUS DRUGS IN TREATING THE DISEASES OF THE CARDIOVASCULAR SYSTEM IN PATIENTS OF THE THERAPY DEPARTMENT,5,include - best balance,True,,,,,False,False,"EXCLUDE. Agricultural development under economic sanctions is discussed, but no climate or weather factor, climate-forcing agent, fossil fuel, human-health outcome, mitigation measure, or adaptation activity is addressed.","At the same time, it must be said that the development of agriculture in countries affected by sanctions is proceeding at a fairly high pace",0.00,100.00,2026-08-31_13-28-14_
1680444,24cd711b-5b02-4f55-a8f6-9fde10f61a47,THE FREQUENCY OF USE OF VARIOUS DRUGS IN TREATING THE DISEASES OF THE CARDIOVASCULAR SYSTEM IN PATIENTS OF THE THERAPY DEPARTMENT,6,include - high recall,True,,,,,False,False,"EXCLUDE. None of the climate-and-health, climate-mitigation, climate-adaptation, or adaptation-supporting evidence pathways is satisfied by the available record.","Keywords: economic sanctions, agrarian sector of the",0.00,100.00,2026-08-31_13-28-14_
55028098,27c06597-b89d-4e17-9c57-4ef83517cc85,Postoperative AKI After Open-Heart Surgery: What Else Can We Do?,0,include - high precision,True,,,,,False,False,"EXCLUDE. The record concerns nitric oxide (NO) administered during cardiac surgery and its effects on acute kidney injury and other clinical outcomes. It does not substantively address climate change, weather, fossil fuels, a climate-forcing agent, climate mitigation, or climate adaptation. Nitric oxide is not identified in the document as nitrous oxide or as a climate-forcing agent.","To determine the effect of NO gas on renal function and other clinical outcomes in patients requiring cardiopulmonary bypass (CPB), we performed a systematic meta-analysis and trial sequential analysis.",0.00,100.00,2026-08-31_13-28-14_
55028098,27c06597-b89d-4e17-9c57-4ef83517cc85,Postoperative AKI After Open-Heart Surgery: What Else Can We Do?,5,include - best balance,True,,,,,False,False,"EXCLUDE. Although the study clearly addresses human health, its intervention is clinical nitric oxide administration during cardiopulmonary bypass. The document provides no substantive climate-related component and does not connect NO administration to greenhouse-gas emissions, fossil-fuel use, mitigation, adaptation, weather, or climate hazards.","To determine the effect of NO gas on renal function and other clinical outcomes in patients requiring cardiopulmonary bypass (CPB), we performed a systematic meta-analysis and trial sequential analysis.",0.00,100.00,2026-08-31_13-28-14_
55028098,27c06597-b89d-4e17-9c57-4ef83517cc85,Postoperative AKI After Open-Heart Surgery: What Else Can We Do?,6,include - high recall,True,,,,,False,False,"EXCLUDE. None of the specified inclusion pathways is met. The paper evaluates nitric oxide as a medical intervention for postoperative acute kidney injury, but it does not study a climate or weather exposure, climate-forcing emissions, fossil fuels, climate mitigation, or climate adaptation.","In the meta-analysis, NO appeared to reduce the risk of postoperative AKI in patients undergoing CPB.",0.00,100.00,2026-08-31_13-28-14_
6994644,2f395670-3519-4993-9fe3-d62efbf02f7d,Itchy and scratchy? An investigation of human cercarial dermatitis in the UK,0,include - high precision,True,,,,,False,False,"EXCLUDE. The record addresses human disease and symptoms, but it does not substantively study climate change, climate variability, weather variables, climate-related hazards, fossil fuels, greenhouse gases, mitigation, or adaptation. The only temporal environmental reference concerns seasonality, which is insufficient under the criteria.","they reported symptoms from April to November, beyond the usual seasonal period of cercarial emergence.",0.00,100.00,2026-08-31_13-28-14_
6994644,2f395670-3519-4993-9fe3-d62efbf02f7d,Itchy and scratchy? An investigation of human cercarial dermatitis in the UK,5,include - best balance,True,,,,,False,False,"EXCLUDE. Although human health is central to the study, no qualifying climate-related factor is measured, analyzed, modeled, or linked to the disease. Reporting symptoms across months and comparing them with the usual seasonal emergence period does not establish a substantive climate component.","they reported symptoms from April to November, beyond the usual seasonal period of cercarial emergence.",0.00,100.00,2026-08-31_13-28-14_
6994644,2f395670-3519-4993-9fe3-d62efbf02f7d,Itchy and scratchy? An investigation of human cercarial dermatitis in the UK,6,include - high recall,True,,,,,False,False,"EXCLUDE. None of the specified pathways is satisfied. The paper studies human cercarial dermatitis, but it contains no substantive climate-and-health relationship, climate mitigation action, climate adaptation activity, or evidence explicitly intended to support climate adaptation. The seasonal observation alone does not qualify.","they reported symptoms from April to November, beyond the usual seasonal period of cercarial emergence.",0.00,100.00,2026-08-31_13-28-14_
4730636120,336a0cf5-5760-408f-be0a-3179301757d9,The strategic surprise of Russian information operations on social media in 2016 in the United States: mapping a blind spot,0,include - high precision,True,,,,,False,False,"EXCLUDE. The record concerns Russian information operations, cybersecurity, and social media manipulation. It contains no substantive climate-related component and no qualifying climate-health, mitigation, or adaptation pathway.",this article focuses specifically on the covert use of social media accounts and online properties impersonating Americans for the purpose of manipulation.,0.00,100.00,2026-08-31_13-28-14_
4730636120,336a0cf5-5760-408f-be0a-3179301757d9,The strategic surprise of Russian information operations on social media in 2016 in the United States: mapping a blind spot,5,include - best balance,True,,,,,False,False,"EXCLUDE. The subject is information operations on social media and related academic fields. The record does not address climate or weather, climate-forcing agents, fossil fuels, human health, climate mitigation, or climate adaptation.","The authors explore three fields contributing essential insights to the understanding of information operations on social media: cyber conflict and cybersecurity studies, Internet and Society studies, and the Information Controls literature within human rights scholarship.",0.00,100.00,2026-08-31_13-28-14_
4730636120,336a0cf5-5760-408f-be0a-3179301757d9,The strategic surprise of Russian information operations on social media in 2016 in the United States: mapping a blind spot,6,include - high recall,True,,,,,False,False,"EXCLUDE. None of the climate-and-health, climate-mitigation, climate-adaptation, or adaptation-supporting evidence pathways is satisfied.","A more robust and foundational theory of information operations on social media remains to be built, integrating and synthesizing concepts from the three fields described in this article.",0.00,100.00,2026-08-31_13-28-14_
596984,350781d3-5778-4871-af69-cb4ac6b6cbaa,Thirty-two essential questions for understanding the social–ecological system of forage fish: the case of pacific herring,0,include - high precision,True,,,,,False,False,"EXCLUDE. The abstract focuses on collaborative research-priority setting and sustainable management of Pacific Herring. It does not substantively address climate change, climate variability, weather variables, climate-related hazards, fossil fuels, greenhouse gases, human health, climate mitigation, or climate adaptation.","We then identified a set of questions, that, if answered, would significantly increase our ability to sustainably manage the Herring .",0.00,100.00,2026-08-31_13-28-14_
596984,350781d3-5778-4871-af69-cb4ac6b6cbaa,Thirty-two essential questions for understanding the social–ecological system of forage fish: the case of pacific herring,5,include - best balance,True,,,,,False,False,"EXCLUDE. The social–ecological model and research agenda concern Pacific Herring management, but the abstract identifies no substantive climate-related component and no qualifying health, climate-mitigation, or climate-adaptation pathway.","Working with managers, the fisheries industry, indigenous peoples, and scientists, we co-constructed a conceptual model of the Pacific Herring social–ecological system () in the Northeast Pacific.",0.00,100.00,2026-08-31_13-28-14_
596984,350781d3-5778-4871-af69-cb4ac6b6cbaa,Thirty-two essential questions for understanding the social–ecological system of forage fish: the case of pacific herring,6,include - high recall,True,,,,,False,False,"EXCLUDE. The proposed research road map concerns forage-fish research and management generally. The record does not connect it to climate or weather factors, climate mitigation, climate adaptation, climate-risk reduction, or human health.","Our objective was to generate a road map for scientists who wish to conduct useful forage fish research, for resource managers who wish to develop new research efforts that could fill critical gaps, and for public agencies and private foundations seeking to prioritize funding on forage fish issues in the Pacific.",0.00,100.00,2026-08-31_13-28-14_
68335678,37472b37-1ecf-4dee-ba11-15e3c9243818,"Cartographies of Everyday Conflicts in Public Spaces. Informal Micro-activities on Formal Infrastructure. Carapungo Entry Park, Quito",0,include - high precision,True,,,,,False,False,"The study concerns cartographic analysis of informal activities and spatial practices in a public park. It does not substantively address climate change, weather variables, climate hazards, fossil fuels, climate-forcing agents, human health, climate mitigation, or climate adaptation.",this paper researches the existing and usually invisible relationships between informal micro-activities and formal public spaces.,0.00,100.00,2026-08-31_13-28-14_
68335678,37472b37-1ecf-4dee-ba11-15e3c9243818,"Cartographies of Everyday Conflicts in Public Spaces. Informal Micro-activities on Formal Infrastructure. Carapungo Entry Park, Quito",5,include - best balance,True,,,,,False,False,"The record analyzes activities and use of formal public space through cartography. No substantive climate-related component or qualifying health, mitigation, or adaptation pathway is described.","With the production of cartographies, the processes and activities generated by formal and informal vendors, passers-by, and public transport passengers, are made visible and analyzed.",0.00,100.00,2026-08-31_13-28-14_
68335678,37472b37-1ecf-4dee-ba11-15e3c9243818,"Cartographies of Everyday Conflicts in Public Spaces. Informal Micro-activities on Formal Infrastructure. Carapungo Entry Park, Quito",6,include - high recall,True,,,,,False,False,"None of the inclusion pathways is satisfied. The paper focuses on urban spatial practices, informality, and cartographic representation, without studying climate and health, climate mitigation, climate adaptation, or evidence intended to support adaptation.","The expected results based on cartography as an alternative representation, are the presentation of relations of tensions, forces, conflicts, and negotiations that allow us to identify patterns, trends and behaviors",0.00,100.00,2026-08-31_13-28-14_
75313,37b7b6e8-f0f1-47ec-b313-b08af971ae5c,Does intellectual disability research consider the potential impact of geographic location?,0,include - high precision,True,,,,,False,False,"EXCLUDE. The record addresses geographic location and access to services for people with intellectual disability, but it contains no substantive climate-related component involving climate change, weather, climate hazards, fossil fuels, or climate-forcing agents.",Little attention has been paid to geographic location in the sampled intellectual disability literature.,0.00,100.00,2026-08-31_13-28-14_
75313,37b7b6e8-f0f1-47ec-b313-b08af971ae5c,Does intellectual disability research consider the potential impact of geographic location?,5,include - best balance,True,,,,,False,False,"EXCLUDE. Although the record concerns intellectual disability and healthcare access, it only reviews reporting of participants’ geographic locations. It does not establish a climate-related component or a climate mitigation or adaptation pathway.",All research articles since January 2000 in the Journal of Intellectual & Developmental Disability were reviewed to determine the geographic location of the study participants.,0.00,100.00,2026-08-31_13-28-14_
75313,37b7b6e8-f0f1-47ec-b313-b08af971ae5c,Does intellectual disability research consider the potential impact of geographic location?,6,include - high recall,True,,,,,False,False,"EXCLUDE. Geographic disadvantage is discussed, but no climate or weather variable, climate-related hazard, climate-forcing agent, mitigation action, or adaptation activity is studied. Therefore, none of the inclusion pathways is satisfied.",This failure to consider geographic disadvantage potentially limits the applicability of such research findings to a significant proportion of the community.,0.00,100.00,2026-08-31_13-28-14_
3634593,384fac3b-6696-44be-bb47-87d9b66b3e6c,"Numerical investigation of heat and moisture migration in clayey and sandy soils, exploring seasonal fluctuations",0,include - high precision,True,,,,,False,False,"The study substantively analyzes atmospheric and meteorological effects on geothermal-system performance, but it does not address human health, climate adaptation, greenhouse-gas reductions, or reduced/replaced fossil-fuel use. Calling geothermal energy sustainable and eco-friendly is insufficient to establish the required mitigation pathway.","Geothermal energy is widely known as a sustainable and eco-friendly energy source. For its applications, assessing the hydrothermal soil behaviour is crucial.",0.00,100.00,2026-08-31_13-28-14_
3634593,384fac3b-6696-44be-bb47-87d9b66b3e6c,"Numerical investigation of heat and moisture migration in clayey and sandy soils, exploring seasonal fluctuations",5,include - best balance,True,,,,,False,False,"Meteorological variation provides a substantive weather-related component, but no qualifying health, mitigation, or adaptation component is stated. The model is intended to understand and optimize geothermal systems, without an explicit or directly documented connection to emissions reduction, fossil-fuel replacement, climate-risk management, preparedness, or resilience.","This paper presents the results of a numerical study investigating the hydrothermal behaviour of unsaturated soils (clay and sand), considering the meteorological variations at the ground surface.",0.00,100.00,2026-08-31_13-28-14_
3634593,384fac3b-6696-44be-bb47-87d9b66b3e6c,"Numerical investigation of heat and moisture migration in clayey and sandy soils, exploring seasonal fluctuations",6,include - high recall,True,,,,,False,False,"The record concerns optimization of geothermal systems under meteorological conditions, but it does not state that the technology reduces greenhouse-gas emissions or fossil-fuel use, nor does it connect the research to human health or climate adaptation. Therefore, none of the specified inclusion pathways is adequately supported by the document.",This research offers crucial insights into the optimization of both the design and implementation of geothermal systems.,0.00,100.00,2026-08-31_13-28-14_
22339,3d63f91c-fdd7-45c1-be82-a5252d727499,Significance of dietary sulphur and sulphate reducing bacteria in lactating dairy cattle: A review,0,include - high precision,True,,,,,True,True,"INCLUDE. The record discusses controlled dietary sulphur in dairy cattle in relation to methane emissions. Methane is a climate-forcing agent, and the dietary intervention provides a qualifying climate-mitigation pathway.","Controlled amount of sulphur in dairy cattle can improve their performance in context of milk, digestion with the help of sulphate reducing bacteria, methane gas emission",0.00,100.00,2026-08-31_13-28-14_
22339,3d63f91c-fdd7-45c1-be82-a5252d727499,Significance of dietary sulphur and sulphate reducing bacteria in lactating dairy cattle: A review,5,include - best balance,True,,,,,True,True,"INCLUDE. Dietary sulphur is an animal-nutrition intervention whose effects include methane gas emissions. This is a substantive climate-related component and qualifies through the mitigation pathway, even without a human-health outcome.","Controlled amount of sulphur in dairy cattle can improve their performance in context of milk, digestion with the help of sulphate reducing bacteria, methane gas emission",0.00,100.00,2026-08-31_13-28-14_
22339,3d63f91c-fdd7-45c1-be82-a5252d727499,Significance of dietary sulphur and sulphate reducing bacteria in lactating dairy cattle: A review,6,include - high recall,True,,,,,True,True,"INCLUDE. The record matches the climate-mitigation pathway because it addresses an animal-nutrition practice involving controlled sulphur administration and methane emissions, a climate-forcing agent.","Controlled amount of sulphur in dairy cattle can improve their performance in context of milk, digestion with the help of sulphate reducing bacteria, methane gas emission",0.00,100.00,2026-08-31_13-28-14_
647745619,3f336261-58a2-4c57-9afd-152664094fa8,,0,include - high precision,True,,,,,False,False,"EXCLUDE. The record addresses cancer and the health effects of artificial light at night, but it contains no substantive climate-related factor, climate-forcing agent, mitigation action, or adaptation component.","It has been postulated that in industrialized societies, light at night, by suppressing melatonin production, poses a new risk for the development of breast cancer and, perhaps, other cancers as well.",0.00,100.00,2026-08-31_13-28-14_
647745619,3f336261-58a2-4c57-9afd-152664094fa8,,5,include - best balance,True,,,,,False,False,"EXCLUDE. Although the paper concerns cancer biology and potential prevention or treatment, it does not study climate change, weather or climate variability, fossil fuels, greenhouse gases, climate mitigation, or climate adaptation.",Evidence indicates that melatonin’s anticancer effects are exerted via inhibition of cell proliferation and a stimulation of differentiation and apoptosis.,0.00,100.00,2026-08-31_13-28-14_
647745619,3f336261-58a2-4c57-9afd-152664094fa8,,6,include - high recall,True,,,,,False,False,"EXCLUDE. The proposed intervention is melatonin supplementation for cancer prevention or therapy, not an intervention related to climate mitigation or adaptation, and no climate-related exposure is studied.",Dietary melatonin supplementation working in concert with the endogenous melatonin signal has the potential to be a new preventive/therapeutic strategy to optimize the host/cancer balance in favor of host survival and quality of life.,0.00,100.00,2026-08-31_13-28-14_
5417026,40429f32-c29d-4c77-8527-e95fca64a72b,Community Stakeholder Responses to Countering Violent Extremism Locally,0,include - high precision,True,,,,,False,False,"EXCLUDE. The record concerns local governance networks for countering violent extremism (CVE). It contains no substantive climate-related component and does not address climate-related health, mitigation, or adaptation.","The article uses a matching technique to identify and compare the community stakeholder responses to CVE in two communities—Houston, TX and Columbus, OH.",0.00,100.00,2026-08-31_13-28-14_
5417026,40429f32-c29d-4c77-8527-e95fca64a72b,Community Stakeholder Responses to Countering Violent Extremism Locally,5,include - best balance,True,,,,,False,False,"EXCLUDE. The study examines the emergence of collaborative CVE governance networks based on interest, participation capacity, and facilitation. It does not satisfy the required climate component or any qualifying climate-health, mitigation, or adaptation pathway.","By focusing on these drivers of collaborative governance, the article provides an explanation for the lack of CVE collaboration in the United States.",0.00,100.00,2026-08-31_13-28-14_
5417026,40429f32-c29d-4c77-8527-e95fca64a72b,Community Stakeholder Responses to Countering Violent Extremism Locally,6,include - high recall,True,,,,,False,False,"EXCLUDE. None of the inclusion pathways is present. The subject is governance for countering violent extremism, with no study of climate or weather, climate-forcing agents, fossil fuels, human health in relation to climate, climate mitigation, or climate adaptation.","I argue that three factors—interest in CVE, capacity to participate, and facilitation—determine the prospects for the emergence of a CVE governance network within a community.",0.00,100.00,2026-08-31_13-28-14_
30801,4a24b611-5471-46da-a4a8-4c2e272b8a46,A QGIS-Assisted Terrain Evaluation and Drainage Performance Assessment of the Shivajinagar Underpass,0,include - high precision,True,,,,,False,True,"INCLUDE. The record substantively examines recurrent monsoon flooding, a climate-related hazard, and evaluates drainage deficiencies while recommending engineering measures to reduce flooding vulnerability. This qualifies through the climate-adaptation pathway even without a human-health outcome.","Engineering interventions such as sump construction, dual pump installation, inlet redesign, and drain regrading are recommended.",0.00,100.00,2026-08-31_13-28-14_
30801,4a24b611-5471-46da-a4a8-4c2e272b8a46,A QGIS-Assisted Terrain Evaluation and Drainage Performance Assessment of the Shivajinagar Underpass,5,include - best balance,True,,,,,False,True,"INCLUDE. Repeated monsoon flooding is the substantive climate-related hazard, and the QGIS/DEM assessment diagnoses drainage performance and supports practical flood-risk reduction through sump-pump systems, redesigned inlets, and regraded drains. Thus, the study directly supports adaptation and hazard management.",The Shivajinagar Underpass in Chhatrapati Sambhajinagar experiences repeated monsoon flooding that disrupts mobility and deteriorates pavement conditions.,0.00,100.00,2026-08-31_13-28-14_
30801,4a24b611-5471-46da-a4a8-4c2e272b8a46,A QGIS-Assisted Terrain Evaluation and Drainage Performance Assessment of the Shivajinagar Underpass,6,include - high recall,True,,,,,False,True,INCLUDE. The study analyzes a flood hazard and generates engineering evidence for reducing underpass flooding through improved drainage and pumping infrastructure. It therefore matches the climate-adaptation and adaptation-supporting evidence pathways.,"Comparative assessment with functional underpasses demonstrates the need for sump-pump systems, grated inlets, and deeper drain geometry.",0.00,100.00,2026-08-31_13-28-14_
79999452,4a429933-162c-47eb-ac8e-9a558ab09ff2,Unsupervised robust planar segmentation of terrestrial laser scanner point clouds based on fuzzy clustering methods,0,include - high precision,True,,,,,False,False,"EXCLUDE. The record concerns fuzzy clustering and segmentation of terrestrial laser-scanner point clouds. It contains no substantive climate-related component and no qualifying human-health, climate-mitigation, or climate-adaptation component.",This paper presents an unsupervised robust clustering approach based on fuzzy methods.,0.00,100.00,2026-08-31_13-28-14_
79999452,4a429933-162c-47eb-ac8e-9a558ab09ff2,Unsupervised robust planar segmentation of terrestrial laser scanner point clouds based on fuzzy clustering methods,5,include - best balance,True,,,,,False,False,"EXCLUDE. The research develops a method for segmenting laser-scanner data and does not study any climate or weather factor, climate-forcing agent, fossil fuel, human-health outcome, mitigation action, or adaptation activity.",Fuzzy parameters are analysed to adapt the unsupervised clustering methods to segmentation of laser scanner data.,0.00,100.00,2026-08-31_13-28-14_
79999452,4a429933-162c-47eb-ac8e-9a558ab09ff2,Unsupervised robust planar segmentation of terrestrial laser scanner point clouds based on fuzzy clustering methods,6,include - high recall,True,,,,,False,False,"EXCLUDE. None of the inclusion pathways is satisfied. The applications involve point-cloud segmentation for synthetic blocks, ceramic gauge blocks, and an architectural building, without a climate-and-health relationship or a mitigation/adaptation purpose.",It is applied to three point clouds acquired with different terrestrial laser scanners and scenarios,0.00,100.00,2026-08-31_13-28-14_
92690831,4cb68927-e26b-4425-9ade-4440b6e3f269,"Food Safety, Problems and Measures",0,include - high precision,True,,,,,False,False,"The record discusses food safety and measures for the food industry but provides no substantive climate-related component, such as climate change, weather variables, climate hazards, fossil fuels, or greenhouse gases. Therefore, it does not satisfy the required climate criterion.","The food safety plays a more and more important role in the development of the food industry. The present problems are discussed, some measures are proposed.",0.00,100.00,2026-08-31_13-28-14_
92690831,4cb68927-e26b-4425-9ade-4440b6e3f269,"Food Safety, Problems and Measures",5,include - best balance,True,,,,,False,False,"Although food safety may relate broadly to health, the supplied text contains no substantive climate-related component and no climate mitigation or adaptation pathway. The record should therefore be excluded.","The food safety plays a more and more important role in the development of the food industry. The present problems are discussed, some measures are proposed.",0.00,100.00,2026-08-31_13-28-14_
92690831,4cb68927-e26b-4425-9ade-4440b6e3f269,"Food Safety, Problems and Measures",6,include - high recall,True,,,,,False,False,"None of the inclusion pathways is supported. The record mentions food safety and unspecified measures but does not study climate or weather factors, climate-forcing agents, mitigation, or climate adaptation.","The food safety plays a more and more important role in the development of the food industry. The present problems are discussed, some measures are proposed.",0.00,100.00,2026-08-31_13-28-14_
93858,4e7da8ca-0c90-4755-b2ec-a66c21d44711,Acute effects of air pollution on respiratory health of 50-70 yr old adults,0,include - high precision,True,,,,,True,True,"INCLUDE. The study substantively measures black smoke (BS), an atmospheric pollutant relevant under the specified climate-forcing-agent criterion, and directly evaluates its association with human respiratory health outcomes.","In symptomatic subjects from urban areas, PM10, BS, sulphate and SO2 concentrations were associated with the prevalence of large decrements in morning PEF (>20% below the median). BS in particular was also associated with upper respiratory symptoms (URS).",0.00,100.00,2026-08-31_13-28-14_
93858,4e7da8ca-0c90-4755-b2ec-a66c21d44711,Acute effects of air pollution on respiratory health of 50-70 yr old adults,5,include - best balance,True,,,,,True,True,INCLUDE. The climate-plus-health pathway is satisfied because black smoke is measured as an exposure and analyzed in direct relation to respiratory symptoms and peak expiratory flow decrements in adults.,"In symptomatic subjects from urban areas, PM10, BS, sulphate and SO2 concentrations were associated with the prevalence of large decrements in morning PEF (>20% below the median). BS in particular was also associated with upper respiratory symptoms (URS).",0.00,100.00,2026-08-31_13-28-14_
93858,4e7da8ca-0c90-4755-b2ec-a66c21d44711,Acute effects of air pollution on respiratory health of 50-70 yr old adults,6,include - high recall,True,,,,,True,True,"INCLUDE. The record directly connects measured black smoke exposure, which qualifies under the prompt's climate-forcing atmospheric pollutant pathway, with human respiratory health effects.",The magnitude of the effect estimates was in the order of an 80% increase in PEF decrements and a 20% increase in URS for a 40 microg x m-3 increase of the same day BS concentration.,0.00,100.00,2026-08-31_13-28-14_
78958,51ab0487-34cb-43a9-9467-4d6200dcbb15,The ‘Small House’ Phenomenon and Its Impact on Zimbabwean Women’s Sexual Reproductive Health and Rights (SRHR),0,include - high precision,True,,,,,False,False,"EXCLUDE. The chapter addresses women’s sexual and reproductive health and rights, marriage, and family structures, but it contains no substantive climate-related component, climate mitigation action, or climate adaptation activity.","This chapter examines the ‘small house’ concept in Zimbabwe, which entails issues to do with extra-marital affairs, cohabitation and polygamy.",0.00,100.00,2026-08-31_13-28-14_
78958,51ab0487-34cb-43a9-9467-4d6200dcbb15,The ‘Small House’ Phenomenon and Its Impact on Zimbabwean Women’s Sexual Reproductive Health and Rights (SRHR),5,include - best balance,True,,,,,False,False,"EXCLUDE. Although human health and rights are discussed, the record does not study climate change, weather or climate variables, climate-related hazards, fossil fuels, greenhouse gases, mitigation, or adaptation. Therefore, the required climate-related component is absent.","This chapter examines the ‘small house’ concept in Zimbabwe, which entails issues to do with extra-marital affairs, cohabitation and polygamy.",0.00,100.00,2026-08-31_13-28-14_
78958,51ab0487-34cb-43a9-9467-4d6200dcbb15,The ‘Small House’ Phenomenon and Its Impact on Zimbabwean Women’s Sexual Reproductive Health and Rights (SRHR),6,include - high recall,True,,,,,False,False,"EXCLUDE. None of the climate-and-health, climate-mitigation, climate-adaptation, or adaptation-supporting evidence pathways is satisfied. The chapter focuses on gender, family relationships, and women’s sexual and reproductive rights.","Additionally, the chapter utilizes a gender framework to analyze the effects of the ‘small house’ concept on the husbands, wives, extra-marital partners and children in terms of maintenance, inheritance, support and the overall concept of family in the modern-day Zimbabwean context.",0.00,100.00,2026-08-31_13-28-14_
802401,542f56a5-5f41-435c-b95e-b0516baee232,Temperature effects on plant gametophyte performance and their consequences for seed reproduction in wild plants,0,include - high precision,True,,,,,False,True,"INCLUDE. The thesis substantively studies climate change-induced heat stress and evaluates plants’ adaptive and acclimation potential, generating evidence about vulnerability and coping mechanisms under climate-related heat waves. This satisfies the climate adaptation-supporting research pathway even though it does not address human health.","In chapter 5, the adaptive and acclimation potential of six male (anther length, pollen production, and size) and female (ovary length, ovule production, and size) gametophytic traits in eleven distinct populations of wild Silene vulgaris across a temperature gradient in Europe were examined.",0.00,100.00,2026-08-31_13-28-14_
802401,542f56a5-5f41-435c-b95e-b0516baee232,Temperature effects on plant gametophyte performance and their consequences for seed reproduction in wild plants,5,include - best balance,True,,,,,False,True,"INCLUDE. Climate-related heat waves and temperature stress are central study components, and the work explicitly assesses adaptation, acclimation, vulnerability, and potential coping strategies. The climate and adaptation components are substantive and directly connected.","Overall, the lack of adaptation and acclimation mechanisms in gametophytic traits suggests potential reliance on alternative strategies like shifting flowering time and phenotypic plasticity to cope with climate change-induced heat waves.",0.00,100.00,2026-08-31_13-28-14_
802401,542f56a5-5f41-435c-b95e-b0516baee232,Temperature effects on plant gametophyte performance and their consequences for seed reproduction in wild plants,6,include - high recall,True,,,,,False,True,"INCLUDE. The record experimentally investigates the effects of climate change-induced heat waves and produces evidence on plant vulnerability, adaptation, and acclimation. It therefore qualifies through the climate-adaptation evidence pathway without requiring a human-health outcome.","Climate change-induced heat waves can adversely affect seed reproduction in wild plant populations, potentially impacting their long-term survival.",0.00,100.00,2026-08-31_13-28-14_
24113701,55d44eac-d09f-4ad4-a91a-887ebec38d7f,PENDAPAT PESERTA DIDIK SMKN 1 PACET TENTANG HASIL BELAJAR “MENGOPERASIKAN PERALATAN LAYANAN MAKAN DAN MINUM” SEBAGAI KESIAPAN PRAKTEK KERJA INDUSTRI DI RESTORAN HOTEL,0,include - high precision,True,,,,,False,False,EXCLUDE. The study concerns students’ readiness for hotel-restaurant industry work and operation of food and beverage service equipment. It contains no substantive climate-related component and therefore does not satisfy the inclusion criteria.,The study aims to obtain data on The Opinion Of SMKN 1 Pacet Students On Learning Outcome “Operate Food And Beverage Service Equipment” As Readiness Of Industry Working Practice At The Hotel Restaurant,0.00,100.00,2026-08-31_13-28-14_
24113701,55d44eac-d09f-4ad4-a91a-887ebec38d7f,PENDAPAT PESERTA DIDIK SMKN 1 PACET TENTANG HASIL BELAJAR “MENGOPERASIKAN PERALATAN LAYANAN MAKAN DAN MINUM” SEBAGAI KESIAPAN PRAKTEK KERJA INDUSTRI DI RESTORAN HOTEL,5,include - best balance,True,,,,,False,False,"EXCLUDE. The record evaluates vocational students’ physical, mental, emotional, motivational, and knowledge readiness. It does not study climate or weather variables, climate-related hazards, fossil fuels, climate-forcing agents, mitigation, or adaptation.","The research is motivated by the demands on the students to have optimal readiness in working practices in the hotel restaurant industry related to the physical, mental, emotional, motivation and knowledge condition of operating equipment continental food and beverage service.",0.00,100.00,2026-08-31_13-28-14_
24113701,55d44eac-d09f-4ad4-a91a-887ebec38d7f,PENDAPAT PESERTA DIDIK SMKN 1 PACET TENTANG HASIL BELAJAR “MENGOPERASIKAN PERALATAN LAYANAN MAKAN DAN MINUM” SEBAGAI KESIAPAN PRAKTEK KERJA INDUSTRI DI RESTORAN HOTEL,6,include - high recall,True,,,,,False,False,"EXCLUDE. The recommendations address improving students’ knowledge of restaurant tools and mise en place tasks. None of the climate-and-health, climate-mitigation, climate-adaptation, or adaptation-supporting evidence pathways is present.","Suggestions aimed at students to increase their knowledge about a specific tool for a specialty dish, and the mise en place tasks by seeking additional information on the book or other source.",0.00,100.00,2026-08-31_13-28-14_
58922843,5637a062-b583-4c71-82b0-a59fc43430ef,A 63-year-old Woman With Rapidly Progressive Interstitial Lung Disease,0,include - high precision,True,,,,,False,False,"EXCLUDE. The record is a clinical case concerning dermatomyositis-associated interstitial lung disease. Although it addresses human health, it contains no substantive climate, weather, climate-forcing-agent, fossil-fuel, mitigation, or adaptation component.",Diagnosis: Rapidly progressive interstitial lung disease due to melanoma differentiation-associated gene 5 dermatomyositis,0.00,100.00,2026-08-31_13-28-14_
58922843,5637a062-b583-4c71-82b0-a59fc43430ef,A 63-year-old Woman With Rapidly Progressive Interstitial Lung Disease,5,include - best balance,True,,,,,False,False,"EXCLUDE. A qualifying health component is present, but the required substantive climate-related component is absent. The record does not study climate or weather variables, climate hazards, fossil fuels, climate-forcing agents, mitigation, or adaptation.",Diagnosis: Rapidly progressive interstitial lung disease due to melanoma differentiation-associated gene 5 dermatomyositis,0.00,100.00,2026-08-31_13-28-14_
58922843,5637a062-b583-4c71-82b0-a59fc43430ef,A 63-year-old Woman With Rapidly Progressive Interstitial Lung Disease,6,include - high recall,True,,,,,False,False,"EXCLUDE. None of the inclusion pathways is satisfied because this clinical case report has no climate-related exposure, mitigation intervention, adaptation activity, or adaptation-supporting evidence.",Diagnosis: Rapidly progressive interstitial lung disease due to melanoma differentiation-associated gene 5 dermatomyositis,0.00,100.00,2026-08-31_13-28-14_
997047,59baba2a-54cc-4381-b80d-b37d1827c117,世界の人口戦略における公衆衛生的アプローチの有用性 公衆衛生活動を重視するフィリピン家族計画•母子保健プロジェクトの事例報告,0,include - high precision,True,,,,,False,False,"EXCLUDE. The record substantively addresses public health and population growth, but it contains no climate change, climate variability, weather, climate-related hazard, fossil-fuel, greenhouse-gas, mitigation, or adaptation component.","JICA has supported a diverse range of public health activities, such as the establishment of a comprehensive maternal and child health care system, advocacy of reproductive health, performance of adolescence health education and assistance for participatory community action.",0.00,100.00,2026-08-31_13-28-14_
997047,59baba2a-54cc-4381-b80d-b37d1827c117,世界の人口戦略における公衆衛生的アプローチの有用性 公衆衛生活動を重視するフィリピン家族計画•母子保健プロジェクトの事例報告,5,include - best balance,True,,,,,False,False,"EXCLUDE. Although the health criterion is met through maternal and child health and community health activities, the required substantive climate-related component is absent.",JICA assistance to improve maternal and child health status and promote community health initiatives in the Philippines is based on this new paradigm; the ICPD plan.,0.00,100.00,2026-08-31_13-28-14_
997047,59baba2a-54cc-4381-b80d-b37d1827c117,世界の人口戦略における公衆衛生的アプローチの有用性 公衆衛生活動を重視するフィリピン家族計画•母子保健プロジェクトの事例報告,6,include - high recall,True,,,,,False,False,"EXCLUDE. The project concerns population growth and public-health interventions, not climate-related health, climate mitigation, climate adaptation, or evidence supporting adaptation.",The JICA project employed the public health approach that gained a global consensus at Cairo to challenge the problem of a continuously high rate of population growth.,0.00,100.00,2026-08-31_13-28-14_
1516253,5b878959-0146-48fc-8a6c-120646353427,,0,include - high precision,True,,,,,False,True,The study substantively addresses a weather-related hazard (high rainfall and storm runoff) and evaluates mangrove vegetation as a means of reducing soil erosion. This satisfies the climate-related hazard and adaptation/risk-reduction pathway.,"Under high rainfall climatic condition, the mangrove plants were found to reduce soil erosion due to storm runoff during dry season.",0.00,100.00,2026-08-31_13-28-14_
1516253,5b878959-0146-48fc-8a6c-120646353427,,5,include - best balance,True,,,,,False,True,"The record links a climate/weather condition, high precipitation, with the protective role of mangrove forest. Protection of land from precipitation-related impacts is directly relevant to vulnerability and risk reduction, qualifying through the adaptation pathway.","Based on the result obtained from this field study, it was observed that the mangrove forest plays an important role to provide growth and reproduction habitat for the local flora and protect the land from the effects of high precipitation.",0.00,100.00,2026-08-31_13-28-14_
1516253,5b878959-0146-48fc-8a6c-120646353427,,6,include - high recall,True,,,,,False,True,"The study evaluates mangroves' performance in reducing erosion caused by high rainfall and storm runoff. This is a substantive climate-hazard component paired with an adaptation-related risk-reduction function, so the record should be included.","Under high rainfall climatic condition, the mangrove plants were found to reduce soil erosion due to storm runoff during dry season.",0.00,100.00,2026-08-31_13-28-14_
836386,60190894-0e01-484d-a867-f6e565870004,Biosurfactant production by Pantoea sp in submerged fermentation using pineapple peel as an alternative medium,0,include - high precision,True,,,,,False,False,"EXCLUDE. The record studies biosurfactant production and emulsification. Although several fossil-fuel products are tested, it does not address fossil-fuel reduction, greenhouse-gas emissions, climate mitigation, climate adaptation, or human health.","The tensio-active produced stable emulsions with petroleum, motor oil, diesel, gasoline, kerosene, soybean, corn, and sunflower oils.",0.00,100.00,2026-08-31_13-28-14_
836386,60190894-0e01-484d-a867-f6e565870004,Biosurfactant production by Pantoea sp in submerged fermentation using pineapple peel as an alternative medium,5,include - best balance,True,,,,,False,False,EXCLUDE. No substantive climate-related component or qualifying mitigation/adaptation purpose is reported. The only toxicity assessment concerns Artemia salina and does not establish a human-health component.,The toxicity using Artemia salina showed lower toxicity.,0.00,98.21,2026-08-31_13-28-14_
836386,60190894-0e01-484d-a867-f6e565870004,Biosurfactant production by Pantoea sp in submerged fermentation using pineapple peel as an alternative medium,6,include - high recall,True,,,,,False,False,"EXCLUDE. The study concerns low-cost biosurfactant production but does not state or evaluate climate mitigation, fossil-fuel replacement or reduction, climate adaptation, or climate-related human-health effects.","The biotechnological results demonstrated the higher potential of Pantoea sp to biosurfactant production, as well to the low-cost medium constituted by pineapple peel and corn oil.",0.00,100.00,2026-08-31_13-28-14_
3186494320,69ee550a-da8e-4643-a51e-951ffa7db335,Increasing oil recovery by utilization of AICV: a 3D multiphase simulation study of a heavy oil reservoir with an underlying water aquifer,0,include - high precision,True,,,,,False,False,"The study substantively concerns fossil-fuel extraction, but the technology is intended to increase oil recovery. The record does not address human health, reduction of fossil-fuel use or emissions, or adaptation to climate-related hazards. Therefore, it does not satisfy both required criteria and should be excluded.","The Norwegian company InflowControl has patented a new valve named the Autonomous Inflow Control Valve (AICV), which has a promising potential to increase oil recovery factors.",0.00,100.00,2026-08-31_13-28-14_
3186494320,69ee550a-da8e-4643-a51e-951ffa7db335,Increasing oil recovery by utilization of AICV: a 3D multiphase simulation study of a heavy oil reservoir with an underlying water aquifer,5,include - best balance,True,,,,,False,False,"Although oil production provides a substantive fossil-fuel component, the study evaluates technology for improving oil recovery rather than reducing fossil-fuel use or climate-forcing emissions. No human-health or climate-adaptation component is described, so the record should be excluded.",Oil companies are focusing on the development of new technology to improve the recovery of oil in horizontal wells.,0.00,100.00,2026-08-31_13-28-14_
3186494320,69ee550a-da8e-4643-a51e-951ffa7db335,Increasing oil recovery by utilization of AICV: a 3D multiphase simulation study of a heavy oil reservoir with an underlying water aquifer,6,include - high recall,True,,,,,False,False,"None of the inclusion pathways is met. The paper concerns increasing fossil-fuel production, with no relationship to human health, no climate-mitigation objective, and no climate-adaptation, preparedness, resilience, or climate-risk-planning purpose.","Increasing oil recovery represents great financial gains which is important when production facilities are situated in costly locations where access is highly limited, such as offshore environments.",0.00,100.00,2026-08-31_13-28-14_
83008,6e00bc2d-9e90-419e-b6d1-c220ea977ccd,"Ableism, Human Rights, and the COVID-19 Pandemic: Healthcare-Related Barriers Experienced by Deaf People in Aotearoa New Zealand",0,include - high precision,True,,,,,False,False,"EXCLUDE. The study addresses healthcare access and health services during COVID-19, but it contains no substantive climate-related component, climate mitigation action, or climate adaptation activity.",This study documents and critically analyses Deaf people's healthcare access experiences in Aotearoa New Zealand during the COVID-19 pandemic.,0.00,100.00,2026-08-31_13-28-14_
83008,6e00bc2d-9e90-419e-b6d1-c220ea977ccd,"Ableism, Human Rights, and the COVID-19 Pandemic: Healthcare-Related Barriers Experienced by Deaf People in Aotearoa New Zealand",5,include - best balance,True,,,,,False,False,"EXCLUDE. Although the healthcare component is substantive, the record does not study climate change, weather or climate variables, climate-related hazards, fossil fuels, climate-forcing agents, mitigation, or climate adaptation.",This study documents and critically analyses Deaf people's healthcare access experiences in Aotearoa New Zealand during the COVID-19 pandemic.,0.00,100.00,2026-08-31_13-28-14_
83008,6e00bc2d-9e90-419e-b6d1-c220ea977ccd,"Ableism, Human Rights, and the COVID-19 Pandemic: Healthcare-Related Barriers Experienced by Deaf People in Aotearoa New Zealand",6,include - high recall,True,,,,,False,False,"EXCLUDE. The paper concerns barriers to Deaf people's healthcare access during the COVID-19 pandemic. None of the specified climate-and-health, climate-mitigation, climate-adaptation, or adaptation-supporting evidence pathways is present.","Barriers influencing healthcare access included: (1) the inability of healthcare providers to communicate appropriately, including a rigid adherence to face mask use; (2) cultural insensitivity and limited awareness of Deaf people's unique needs; and (3) the impact of ableist assumptions and healthcare delaying care.",0.00,100.00,2026-08-31_13-28-14_
2080,6fb4e655-f3f1-4185-b959-c41cb01450bc,,0,include - high precision,True,,,,,False,False,"EXCLUDE. The record concerns human health, specifically orthostatic hypotension and inflammatory biomarkers, but it contains no substantive climate-related factor, climate-forcing agent, mitigation action, or adaptation component.",Objective: To investigate the inflammatory biomarker signature associated with classical orthostatic hypotension (OH).,0.00,100.00,2026-08-31_13-28-14_
2080,6fb4e655-f3f1-4185-b959-c41cb01450bc,,5,include - best balance,True,,,,,False,False,"EXCLUDE. Although the study has a qualifying human-health component, it does not study climate or weather variables, climate-related hazards, fossil fuels, climate-forcing agents, mitigation, or adaptation.",Targeted protein profiling in classical orthostatic hypotension reveals a biomarker signature associated with immunoregulatory functions and vascular inflammation.,0.00,100.00,2026-08-31_13-28-14_
2080,6fb4e655-f3f1-4185-b959-c41cb01450bc,,6,include - high recall,True,,,,,False,False,"EXCLUDE. None of the climate-plus-health, climate-mitigation, climate-adaptation, or adaptation-supporting evidence pathways is satisfied. The study is limited to biomarkers associated with orthostatic hypotension.","Circulating levels of midkine, immunoglobulin-like transcript-3, regenerating islet-derived protein-4 are elevated in orthostatic hypotension, suggesting a complex interplay among inflammation, autonomic dysfunction and atherothrombosis.",0.00,100.00,2026-08-31_13-28-14_
33511484,7205c549-cb66-44b0-aef1-b984a06b7df2,Impact of Tides and Surges on Fluvial Floods in Coastal Regions,0,include - high precision,True,,,,,True,True,"INCLUDE. The study substantively models climate-related hazards, including floods, storm surges, tides, and typhoon-related compound flooding. It qualifies through the adaptation pathway because the model is explicitly intended to support risk prevention and future projections for coastal cities.",The model framework integrating various flow processes will help to prevent risks of compound events in coastal cities in practical and future projections under different scenarios.,0.00,100.00,2026-08-31_13-28-14_
33511484,7205c549-cb66-44b0-aef1-b984a06b7df2,Impact of Tides and Surges on Fluvial Floods in Coastal Regions,5,include - best balance,True,,,,,True,True,"INCLUDE. Compound coastal flooding and storm surges provide a substantive climate-related component, while the model's stated application to risk prevention and future projections explicitly supports climate-hazard adaptation and risk management.",The model framework integrating various flow processes will help to prevent risks of compound events in coastal cities in practical and future projections under different scenarios.,0.00,100.00,2026-08-31_13-28-14_
33511484,7205c549-cb66-44b0-aef1-b984a06b7df2,Impact of Tides and Surges on Fluvial Floods in Coastal Regions,6,include - high recall,True,,,,,True,True,INCLUDE. The record meets the evidence-supporting-adaptation pathway by developing a coupled flood and surge modeling framework for climate-related coastal hazards and explicitly connecting it to risk prevention and future projections.,The model framework integrating various flow processes will help to prevent risks of compound events in coastal cities in practical and future projections under different scenarios.,0.00,100.00,2026-08-31_13-28-14_
4255,74c351f0-fb9d-4b78-8f5a-7948bece62d2,"THERMAL STRESS TESTING OF SM-2 FUEL ELEMENTS. Final Report for January 1, 1959 to July 1, 1960",0,include - high precision,True,,,,,False,False,"EXCLUDE. The record concerns thermal stability and deflection in reactor fuel elements. Its temperature measurements are engineering test conditions, not climate or weather variables, and it addresses no human health, climate mitigation, or climate adaptation pathway.","To determine the thermal stability of SM-2-welded plate type fuel elements, test specimens were subjected to temperature differences across plate width.",0.00,100.00,2026-08-31_13-28-14_
4255,74c351f0-fb9d-4b78-8f5a-7948bece62d2,"THERMAL STRESS TESTING OF SM-2 FUEL ELEMENTS. Final Report for January 1, 1959 to July 1, 1960",5,include - best balance,True,,,,,False,False,"EXCLUDE. The studied temperature differences are reactor operating conditions rather than climate-related exposures. The document does not examine health outcomes, reduction of greenhouse gases or fossil-fuel use, or adaptation to climate-related hazards.",Thermal deflections of 0.005 in. maximum were measured at the expected reactor operating conditions of 87/sup o/F region- averaged temperature differences.,0.00,100.00,2026-08-31_13-28-14_
4255,74c351f0-fb9d-4b78-8f5a-7948bece62d2,"THERMAL STRESS TESTING OF SM-2 FUEL ELEMENTS. Final Report for January 1, 1959 to July 1, 1960",6,include - high recall,True,,,,,False,False,"EXCLUDE. This is a materials/engineering study of fuel-element thermal stability and deflection. None of the climate-and-health, climate-mitigation, climate-adaptation, or adaptation-supporting evidence pathways is present.","To determine the thermal stability of SM-2-welded plate type fuel elements, test specimens were subjected to temperature differences across plate width.",0.00,100.00,2026-08-31_13-28-14_
4082571503,78983b90-4b65-4ae8-ae9e-52a69a22faf5,Sex Dimorphism in Serum Lecithin: Cholesterol Acyltransferase and Lipoprotein Lipase Activities in Adult Sickle Cell Anaemia Patients with Proteinuria,0,include - high precision,True,,,,,False,False,"EXCLUDE. The study concerns sickle cell anaemia, proteinuria, and metabolic enzyme activity. Although it addresses human health, the record contains no substantive climate-related factor, climate mitigation action, or climate adaptation component.","We evaluated sex differences in the activities of Lecithin: cholesterol acyltransferase (LCAT), Lipoprotein lipase (LPL) and the levels of lipoproteins in SCA patients with proteinuria.",0.00,100.00,2026-08-31_13-28-14_
4082571503,78983b90-4b65-4ae8-ae9e-52a69a22faf5,Sex Dimorphism in Serum Lecithin: Cholesterol Acyltransferase and Lipoprotein Lipase Activities in Adult Sickle Cell Anaemia Patients with Proteinuria,5,include - best balance,True,,,,,False,False,"EXCLUDE. The research examines sex differences in biochemical measures among patients with sickle cell anaemia and proteinuria. No climate or weather variable, climate-related hazard, fossil fuel, climate-forcing agent, mitigation intervention, or adaptation activity is studied.",There are sex differences in the activities of LCAT and LPL in SCA patients with proteinuria.,0.00,100.00,2026-08-31_13-28-14_
4082571503,78983b90-4b65-4ae8-ae9e-52a69a22faf5,Sex Dimorphism in Serum Lecithin: Cholesterol Acyltransferase and Lipoprotein Lipase Activities in Adult Sickle Cell Anaemia Patients with Proteinuria,6,include - high recall,True,,,,,False,False,"EXCLUDE. The record has a human-health component but does not satisfy any inclusion pathway because it provides no climate-health relationship and no climate mitigation, adaptation, preparedness, resilience, or risk-reduction component.",The concentration of 24 h urine protein in the SCA male subjects with proteinuria was significantly higher (0.25 g/day; P < 0.001) compared with the SCA female patients with proteinuria (0.09 g/day).,0.00,100.00,2026-08-31_13-28-14_
4982,7cc96b14-6f4e-42c5-beb5-f28e3ff42b64,,0,include - high precision,True,,,,,False,False,"EXCLUDE. The record studies marine seafloor erosion and sediment reworking. Although it mentions the Last Glacial Maximum and modern bottom flow, it does not substantively address climate change or climate variability, human health, climate mitigation, or adaptation planning.","Recent chirp seismic reflection data combined with multibeam bathymetry, backscatter, and analysis of grab samples and short cores provide evidence of significant recent erosion on the outer New Jersey shelf.",0.00,100.00,2026-08-31_13-28-14_
4982,7cc96b14-6f4e-42c5-beb5-f28e3ff42b64,,5,include - best balance,True,,,,,False,False,"EXCLUDE. This is a geological study of shelf transgression, sediment transport, and erosion. It provides no qualifying human-health relationship, mitigation intervention, or explicit adaptation, preparedness, resilience, vulnerability, or climate-risk-management application.","Seafloor reworking over the transgressive evolution of the shelf appears to have switched from sand ridge evolution, which is documented to ∼ 40 m water depth, to more strictly erosional modification at greater water depths.",0.00,100.00,2026-08-31_13-28-14_
4982,7cc96b14-6f4e-42c5-beb5-f28e3ff42b64,,6,include - high recall,True,,,,,False,False,"EXCLUDE. The study examines wave- and current-related sediment resuspension and marine erosion, but it does not connect these processes to climate change or to health, mitigation, adaptation, preparedness, resilience, or risk reduction.",We suggest that this change may be related to the reduction with water depth in the effectiveness of sediment resuspension by waves.,0.00,100.00,2026-08-31_13-28-14_
38182,7e86ba10-8575-4d09-b3cc-739d14822b6f,,0,include - high precision,True,,,,,False,False,"EXCLUDE. The record describes a radiochemical enzyme-assay procedure and contains no substantive climate-related component or qualifying health, mitigation, or adaptation pathway.",A relatively rapid radiochemical procedure for the determination of folylpolyglutamate synthetase activity is presented in this communication.,0.00,100.00,2026-08-31_13-28-14_
38182,7e86ba10-8575-4d09-b3cc-739d14822b6f,,5,include - best balance,True,,,,,False,False,"EXCLUDE. The study concerns measurement of enzyme activity and does not address climate or weather, fossil fuels, climate-forcing agents, human health, climate mitigation, or climate adaptation.",The procedure is based on measurement of the incorporation of radioactive  l -glutamate into tetrahydropteroylpolyglutamate on incubation with a tetrahydrofolate.,0.00,100.00,2026-08-31_13-28-14_
38182,7e86ba10-8575-4d09-b3cc-739d14822b6f,,6,include - high recall,True,,,,,False,False,"EXCLUDE. None of the climate-and-health, climate-mitigation, climate-adaptation, or adaptation-supporting evidence pathways is present.",The procedure is applicable to monitoring purification of the enzymes and to the study of their properties.,0.00,100.00,2026-08-31_13-28-14_
5163486702,83d587f9-123a-46f4-bedb-3bf8f441cc41,"Viruses, Exploits, Malware and Security Issues on IoT Devices",0,include - high precision,True,,,,,False,False,"EXCLUDE. The record concerns cybersecurity and certification for IoT devices and gateways. It contains no substantive climate-related factor, climate mitigation action, or climate adaptation activity. Healthcare is mentioned only as an example of an IoT use case and is not studied as a health component.","The main challenge for having reasonable security for IoT devices is the fragmentation of the market landscape and protocols, as well as poor penetration of the device attestation and embedded/integrated secure elements for the IoT nodes.",0.00,100.00,2026-08-31_13-28-14_
5163486702,83d587f9-123a-46f4-bedb-3bf8f441cc41,"Viruses, Exploits, Malware and Security Issues on IoT Devices",5,include - best balance,True,,,,,False,False,"EXCLUDE. The study addresses IoT security, certification schemes, and a proof-of-concept shell solution. It does not study climate change, weather, climate hazards, fossil fuels, climate-forcing agents, mitigation, or adaptation, so no qualifying pathway is satisfied.",First section of this paper is an overview of the IoT certification schemes and in the second section the authors present a proof-of-concept solution for direct and reverse shell in an IoT gateway.,0.00,100.00,2026-08-31_13-28-14_
5163486702,83d587f9-123a-46f4-bedb-3bf8f441cc41,"Viruses, Exploits, Malware and Security Issues on IoT Devices",6,include - high recall,True,,,,,False,False,"EXCLUDE. The paper focuses on cybersecurity for IoT gateways and nodes. No climate-and-health, climate-mitigation, climate-adaptation, or adaptation-supporting evidence pathway is present.",The last section offers conclusions regarding the cybersecurity for the IoT gateways and nodes.,0.00,100.00,2026-08-31_13-28-14_
3322946278,88bdbaac-a901-421f-9718-a5b63d7fc98a,Ion transport in hypertension: are changes in the cell membrane responsible?,0,include - high precision,True,,,,,False,False,"EXCLUDE. The record addresses essential hypertension and cell-membrane ion transport but contains no substantive climate-related factor, climate mitigation action, or climate adaptation component.",We suggest that altered composition of the lipid fraction of the cell membrane is the common underlying factor.,0.00,100.00,2026-08-31_13-28-14_
3322946278,88bdbaac-a901-421f-9718-a5b63d7fc98a,Ion transport in hypertension: are changes in the cell membrane responsible?,5,include - best balance,True,,,,,False,False,"EXCLUDE. Although the record concerns human health through hypertension and blood pressure, it does not study any climate or weather variable, climate-related hazard, fossil fuel, climate-forcing agent, mitigation measure, or adaptation activity.","However, functions such as phosphoinositol turnover, calcium binding and Ca2+,Mg2+-ATPase dependent calcium efflux, which are influenced by the lipid composition of the membrane, provide a possible link between the membrane disturbance, intracellular calcium, vascular smooth muscle contraction and blood pressure.",0.00,100.00,2026-08-31_13-28-14_
3322946278,88bdbaac-a901-421f-9718-a5b63d7fc98a,Ion transport in hypertension: are changes in the cell membrane responsible?,6,include - high recall,True,,,,,False,False,"EXCLUDE. The dietary intervention discussed is intended to influence blood pressure, not greenhouse-gas emissions, fossil-fuel use, climate mitigation, or adaptation. None of the climate-related inclusion pathways is satisfied.",It also provides a potential means of influencing blood pressure by dietary intervention.,0.00,100.00,2026-08-31_13-28-14_
2881444016,9030242a-03a6-424f-9025-751812cbf88c,Harboring Sustainability: Assessing the Carbon Footprint of Maritime Fender Systems for Sustainable Ports,0,include - high precision,True,,,,,True,True,"INCLUDE. The record substantively addresses CO2, a greenhouse gas, and evaluates manufacturing measures intended to reduce CO2 emissions. This satisfies both the climate relevance and climate mitigation criteria.","it examines the current scenario, highlighting various measures that all fender manufacturers can adopt to reduce CO2 emissions through design modifications, material selection, transportation, and maintenance practices.",0.00,100.00,2026-08-31_13-28-14_
2881444016,9030242a-03a6-424f-9025-751812cbf88c,Harboring Sustainability: Assessing the Carbon Footprint of Maritime Fender Systems for Sustainable Ports,5,include - best balance,True,,,,,True,True,"INCLUDE. The paper addresses practices and actions intended to reduce greenhouse-gas emissions from fender manufacturing, providing a substantive climate component and a qualifying mitigation pathway.","it examines the current scenario, highlighting various measures that all fender manufacturers can adopt to reduce CO2 emissions through design modifications, material selection, transportation, and maintenance practices.",0.00,100.00,2026-08-31_13-28-14_
2881444016,9030242a-03a6-424f-9025-751812cbf88c,Harboring Sustainability: Assessing the Carbon Footprint of Maritime Fender Systems for Sustainable Ports,6,include - high recall,True,,,,,True,True,"INCLUDE. The record matches the climate mitigation pathway because it considers design, material, transportation, and maintenance measures for reducing CO2 emissions.","it examines the current scenario, highlighting various measures that all fender manufacturers can adopt to reduce CO2 emissions through design modifications, material selection, transportation, and maintenance practices.",0.00,100.00,2026-08-31_13-28-14_
1677110707,906f7dba-7ab3-4e57-9d1d-acc6dc81793a,Pre-existing conditions and the COVID-19 pandemic : the factors driving female television journalists to leave the news industry,0,include - high precision,True,,,,,False,False,"EXCLUDE. The study addresses occupational well-being, burnout, and job satisfaction during the COVID-19 pandemic, but it has no substantive climate-related component. Its brief reference to a possible future natural disaster does not study a climate hazard, mitigation, or adaptation.",This qualitative study investigates the voluntary turnover and job satisfaction of ten female former television journalists following the onset of the COVID-19 pandemic.,0.00,100.00,2026-08-31_13-28-14_
1677110707,906f7dba-7ab3-4e57-9d1d-acc6dc81793a,Pre-existing conditions and the COVID-19 pandemic : the factors driving female television journalists to leave the news industry,5,include - best balance,True,,,,,False,False,"EXCLUDE. Although burnout and occupational conditions are health-related, the record examines the COVID-19 pandemic and journalist turnover rather than any climate/weather factor, climate-forcing agent, fossil fuel, mitigation action, or climate adaptation activity.","Using grounded theory and semi-structured interviews, 10 participants who worked at local television stations discussed the pandemic's effects on feelings of burnout and turnover.",0.00,100.00,2026-08-31_13-28-14_
1677110707,906f7dba-7ab3-4e57-9d1d-acc6dc81793a,Pre-existing conditions and the COVID-19 pandemic : the factors driving female television journalists to leave the news industry,6,include - high recall,True,,,,,False,False,"EXCLUDE. The proposed organizational changes concern retaining television journalists during crises. The record does not satisfy a climate-and-health, climate-mitigation, climate-adaptation, or adaptation-supporting evidence pathway.","The findings indicate media organizations need to increase management training and oversight, improve pay and advancement opportunities, and implement simple safety protocols to retain on-air women talent.",0.00,100.00,2026-08-31_13-28-14_
9587,9394bc32-630d-4128-8dfc-04448776fd1f,"Climate and mortality in Australia: retrospective study, 1979-1990, and predicted impacts in five major cities in 2030",0,include - high precision,True,,,,,True,True,"INCLUDE. The study substantively examines climatic extremes and temperature in relation to human mortality and projects public-health impacts under future climate scenarios, satisfying the climate-and-health pathway.","We therefore aimed to quantify the relationship between climatic extremes and mortality in the 5 largest Australian cities during the period 1979-1990. We then applied the relationship determined between recent climatic conditions and mortality to scenarios for climate and demographic change, to predict potential impacts on public health in the cities in the year 2030.",0.00,100.00,2026-08-31_13-28-14_
9587,9394bc32-630d-4128-8dfc-04448776fd1f,"Climate and mortality in Australia: retrospective study, 1979-1990, and predicted impacts in five major cities in 2030",5,include - best balance,True,,,,,True,True,"INCLUDE. Climatic conditions and temperature are analyzed as exposures related to mortality, and the relationship is applied to future climate scenarios to assess public-health impacts.","We therefore aimed to quantify the relationship between climatic extremes and mortality in the 5 largest Australian cities during the period 1979-1990. We then applied the relationship determined between recent climatic conditions and mortality to scenarios for climate and demographic change, to predict potential impacts on public health in the cities in the year 2030.",0.00,100.00,2026-08-31_13-28-14_
9587,9394bc32-630d-4128-8dfc-04448776fd1f,"Climate and mortality in Australia: retrospective study, 1979-1990, and predicted impacts in five major cities in 2030",6,include - high recall,True,,,,,True,True,INCLUDE. The record directly studies the relationship between climate/weather variables and human mortality and also assesses future public-health impacts under climate-change scenarios.,"We therefore aimed to quantify the relationship between climatic extremes and mortality in the 5 largest Australian cities during the period 1979-1990. We then applied the relationship determined between recent climatic conditions and mortality to scenarios for climate and demographic change, to predict potential impacts on public health in the cities in the year 2030.",0.00,100.00,2026-08-31_13-28-14_
19966,96cfedc7-a996-4889-b776-ed69ba02dcdf,Bestimmung von Kohlenstoff und Wasserstoff in organischen Verbindungen,0,include - high precision,True,,,,,False,False,"Although methane and carbon dioxide are climate-forcing agents, the catalysts were tested for ultimate analysis rather than for reducing emissions or mitigating climate change. The record also contains no human-health or climate-adaptation component.",A study was made of the oxidation activity of 28 catalysts for ultimate analysis under standard conditions.,0.00,100.00,2026-08-31_13-28-14_
19966,96cfedc7-a996-4889-b776-ed69ba02dcdf,Bestimmung von Kohlenstoff und Wasserstoff in organischen Verbindungen,5,include - best balance,True,,,,,False,False,"Methane oxidation is substantively studied, satisfying a climate-related component, but the record does not state or directly demonstrate a health, climate-mitigation, or climate-adaptation purpose. Merely studying conversion of methane to carbon dioxide during analytical catalyst testing is insufficient to establish mitigation.",The test substance was methane in mixture with oxygen (4 volume %) and the lowest temperature was established at which the methane is completely oxidized to water and carbon dioxide.,0.00,100.00,2026-08-31_13-28-14_
19966,96cfedc7-a996-4889-b776-ed69ba02dcdf,Bestimmung von Kohlenstoff und Wasserstoff in organischen Verbindungen,6,include - high recall,True,,,,,False,False,"None of the inclusion pathways is established. The study compares catalysts for analytical methane combustion, with no stated application to greenhouse-gas emission reduction, fossil-fuel reduction, human health, or climate adaptation.",A study was made of the oxidation activity of 28 catalysts for ultimate analysis under standard conditions.,0.00,100.00,2026-08-31_13-28-14_
3522,a7eda8a9-ef16-4830-8fde-a1971b7b3a6a,The Application of Automated Techniques in the Management and Control of Source Materials,0,include - high precision,True,,,,,False,False,"EXCLUDE. The record discusses adapting computers and other inventions for archival work and information retrieval. It contains no substantive climate-related component and no qualifying health, climate-mitigation, or climate-adaptation component.","By applying the computer in archival and manuscript work, the professions can attack problems that long ago were abandoned as prohibitively expensive. The computer is making possible information retrieval on a massive scale.",0.00,100.00,2026-08-31_13-28-14_
3522,a7eda8a9-ef16-4830-8fde-a1971b7b3a6a,The Application of Automated Techniques in the Management and Control of Source Materials,5,include - best balance,True,,,,,False,False,"EXCLUDE. The subject is computer use in archival and manuscript work. The document does not study climate or weather, climate-related hazards, fossil-fuel use, climate-forcing emissions, human health, mitigation, or adaptation.","By applying the computer in archival and manuscript work, the professions can attack problems that long ago were abandoned as prohibitively expensive. The computer is making possible information retrieval on a massive scale.",0.00,100.00,2026-08-31_13-28-14_
3522,a7eda8a9-ef16-4830-8fde-a1971b7b3a6a,The Application of Automated Techniques in the Management and Control of Source Materials,6,include - high recall,True,,,,,False,False,"EXCLUDE. None of the climate-and-health, climate-mitigation, climate-adaptation, or adaptation-supporting evidence pathways is satisfied; the record concerns archival information retrieval.",The problem of retrieving information is not unfamiliar to archivists and manuscript curators.,0.00,100.00,2026-08-31_13-28-14_
521359478,ac766dc4-9743-45cf-82af-a1c1bdc35392,AN AYURVEDIC APPROACH IN THE MANAGEMENT OF URTICARIA(SHEETPITTA): A CASE STUDY,0,include - high precision,True,,,,,False,False,"EXCLUDE. The paper addresses human health through a case study of urticaria, but it has no substantive climate-related component. Pollution and industrialization are mentioned only incidentally in the background and are not measured, analyzed, or connected to the patient's health outcome.",The present paper intends to highlight the ayurvedic manage-ment in reducing sign-symptoms and recurrence of the disease.,0.00,100.00,2026-08-31_13-28-14_
521359478,ac766dc4-9743-45cf-82af-a1c1bdc35392,AN AYURVEDIC APPROACH IN THE MANAGEMENT OF URTICARIA(SHEETPITTA): A CASE STUDY,5,include - best balance,True,,,,,False,False,"EXCLUDE. This is a clinical case study of Ayurvedic treatment for urticaria. It does not study climate or weather variables, climate-related hazards, fossil fuels, climate-forcing agents, mitigation, or adaptation.",The patient was treated with Panchakarma chikitsa includ-ing vaman karma followed by virechan karma and some Ayurvediac shaman drugs.,0.00,100.00,2026-08-31_13-28-14_
521359478,ac766dc4-9743-45cf-82af-a1c1bdc35392,AN AYURVEDIC APPROACH IN THE MANAGEMENT OF URTICARIA(SHEETPITTA): A CASE STUDY,6,include - high recall,True,,,,,False,False,"EXCLUDE. The intervention concerns treatment of urticaria and does not satisfy any climate-health, climate-mitigation, or climate-adaptation pathway. The general background reference to pollution is incidental and does not establish a qualifying climate component.",Conclusion: Urticaria can be successfully treated with an ayurvedic line of treatment and changes in daily lifestyle habits and diet.,0.00,100.00,2026-08-31_13-28-14_
7036,aca9a3eb-cb4e-41dd-9b8e-ece878f7294a,BIOREMEDIATION OF HYDROCARBON POLLUTANTS USING SEWAGE SLUGE AS BIOSTIMULATION AGENTS,0,include - high precision,True,,,,,False,False,"The study substantively addresses crude oil, a fossil fuel, and tests bacterial degradation for environmental restoration. However, it does not address human health, reduction of greenhouse-gas or climate-forcing emissions, reduced fossil-fuel use, climate mitigation, or climate adaptation. Therefore, both required components are not satisfied.",The bacteria were used in a simulated crude oil degradation experiment.,0.00,100.00,2026-08-31_13-28-14_
7036,aca9a3eb-cb4e-41dd-9b8e-ece878f7294a,BIOREMEDIATION OF HYDROCARBON POLLUTANTS USING SEWAGE SLUGE AS BIOSTIMULATION AGENTS,5,include - best balance,True,,,,,False,False,"Although the record concerns remediation of crude-oil pollution, its stated aim is restoration of the nonliving environment after oil spillage. The document provides no qualifying human-health connection and does not indicate that the intervention reduces fossil-fuel use, greenhouse-gas emissions, or climate vulnerability. Thus, no health, mitigation, or adaptation pathway is established.",For a cost effective and sustainable restoration of nonliving environment sewage sludge was assessed in this work.,0.00,100.00,2026-08-31_13-28-14_
7036,aca9a3eb-cb4e-41dd-9b8e-ece878f7294a,BIOREMEDIATION OF HYDROCARBON POLLUTANTS USING SEWAGE SLUGE AS BIOSTIMULATION AGENTS,6,include - high recall,True,,,,,False,False,"The experiment evaluates biodegradation of spilled crude oil using sewage sludge. It is an environmental pollution-remediation study, but the record does not connect this activity to human health, climate mitigation, greenhouse-gas reductions, fossil-fuel replacement, or climate adaptation. None of the inclusion pathways is satisfied.",Experiments were conducted to determine the nutritional contents of sewage sludge with a view to assessing their effect in bacterial degradation of Bonny light crude oil.,0.00,100.00,2026-08-31_13-28-14_
712110,b7fe7d7d-00b7-411a-a269-5fb9542e9c94,Adhesion and anti-inflammatory potential of<i>Lactobacillus rhamnosus</i>GG in a sea buckthorn based beverage matrix,0,include - high precision,True,,,,,False,False,"EXCLUDE. The study evaluates a probiotic beverage matrix and its anti-inflammatory effects. It does not substantively address climate change, climate or weather variables, climate-related hazards, fossil fuels, climate-forcing agents, mitigation, or adaptation.","In this study, we investigated the effect of a sea buckthorn (Hippophae rhamnoides L.) based, malt supplemented, beverage matrix (SBT + M) on the physiological characteristics of the probiotic strain L. rhamnosus GG (ATCC 53103) (LR).",0.00,100.00,2026-08-31_13-28-14_
712110,b7fe7d7d-00b7-411a-a269-5fb9542e9c94,Adhesion and anti-inflammatory potential of<i>Lactobacillus rhamnosus</i>GG in a sea buckthorn based beverage matrix,5,include - best balance,True,,,,,False,False,"EXCLUDE. Although the record investigates inflammation and potential gastrointestinal therapeutic effects, it contains no substantive climate-related component. Therefore, it does not satisfy the required climate-plus-health, mitigation, or adaptation pathway.","More importantly, this study also determined the protective effect of SBT + M on the in vivo functionality of LR in alleviating LPS induced inflammation in zebrafish (Danio rerio).",0.00,100.00,2026-08-31_13-28-14_
712110,b7fe7d7d-00b7-411a-a269-5fb9542e9c94,Adhesion and anti-inflammatory potential of<i>Lactobacillus rhamnosus</i>GG in a sea buckthorn based beverage matrix,6,include - high recall,True,,,,,False,False,"EXCLUDE. The record concerns a probiotic carrier matrix and inflammation, but none of the climate-and-health, climate-mitigation, climate-adaptation, or adaptation-supporting evidence pathways is present.",Our study indicates the contributory role of the carrier matrix and merits further investigation for its use as a potential therapeutic agent for gastrointestinal inflammation.,0.00,100.00,2026-08-31_13-28-14_
9492,bcb62fae-400a-4e03-849b-e9654159a988,"LOADING AND STRUCTURAL RESPONSE OF DEVELOPED SHORELINES UNDER WAVES, SURGE, AND TSUNAMI OVERLAND FLOW HAZARDS",0,include - high precision,True,,,,,True,True,"INCLUDE. The study substantively examines storm waves and surge, which are climate-related coastal hazards, and generates experimental evidence to assess structural survival and failure. This directly supports coastal hazard assessment and vulnerability reduction, satisfying the climate-adaptation pathway.","Prediction of surge, wave, and tsunami flow transformation over the built and natural environment is essential in determining survival and failure of near-coast structures.",0.00,100.00,2026-08-31_13-28-14_
9492,bcb62fae-400a-4e03-849b-e9654159a988,"LOADING AND STRUCTURAL RESPONSE OF DEVELOPED SHORELINES UNDER WAVES, SURGE, AND TSUNAMI OVERLAND FLOW HAZARDS",5,include - best balance,True,,,,,True,True,"INCLUDE. Storm waves and surge provide a substantive climate-hazard component. The large-scale experiments and comprehensive dataset characterize impacts on coastal structures, directly supporting assessment of coastal structural vulnerability and adaptation-related risk reduction.","This study describes an extensive series of large-scale experiments to create a comprehensive dataset of detailed hydrodynamics and forces on an array of coastal structures (representing buildings of a community on a barrier island) subject to the variability of storm waves, surge, and tsunami",0.00,100.00,2026-08-31_13-28-14_
9492,bcb62fae-400a-4e03-849b-e9654159a988,"LOADING AND STRUCTURAL RESPONSE OF DEVELOPED SHORELINES UNDER WAVES, SURGE, AND TSUNAMI OVERLAND FLOW HAZARDS",6,include - high recall,True,,,,,True,True,"INCLUDE. The research generates evidence concerning storm-wave and surge hazards and their effects on near-coast structures. Its stated relevance to determining structural survival and failure qualifies as evidence supporting hazard assessment, preparedness, resilience, and vulnerability reduction under the climate-adaptation pathway.","Prediction of surge, wave, and tsunami flow transformation over the built and natural environment is essential in determining survival and failure of near-coast structures.",0.00,100.00,2026-08-31_13-28-14_
2929,bd59352e-90a0-47fc-ab8c-d59e2f4fa6e6,Analysing Mechanical Properties of Synthetic Material for Artificial Organ Manufacturing by Finite Element Analysis,0,include - high precision,True,,,,,False,False,"The record concerns finite element analysis of material deformation, fracture, and stress distribution. Although temperature is mentioned, it is only a constitutive variable in mechanical analysis, not a substantive climate or weather component. No human-health, climate-mitigation, or climate-adaptation pathway is addressed, so the record should be excluded.","Numerical simulations allow for analysis in terms of nonlinear materiality using various constitutive models so as to account for the effects of strain rate, temperature, etc.",0.00,100.00,2026-08-31_13-28-14_
2929,bd59352e-90a0-47fc-ab8c-d59e2f4fa6e6,Analysing Mechanical Properties of Synthetic Material for Artificial Organ Manufacturing by Finite Element Analysis,5,include - best balance,True,,,,,False,False,"The study describes generic finite element methods for mechanical analysis. It contains no substantive climate-related component and no qualifying human-health, mitigation, or adaptation component. The isolated reference to temperature does not establish climate relevance.",The Finite Element Method (FEM) is commonly applied to analyze the mechanical correctness of different materials as well as synthetic matter.,0.00,100.00,2026-08-31_13-28-14_
2929,bd59352e-90a0-47fc-ab8c-d59e2f4fa6e6,Analysing Mechanical Properties of Synthetic Material for Artificial Organ Manufacturing by Finite Element Analysis,6,include - high recall,True,,,,,False,False,"The record focuses on determining stress distributions and deformation under applied loads. It does not satisfy any climate-and-health, climate-mitigation, climate-adaptation, or adaptation-supporting evidence pathway, so it should be excluded.","thus, enabling accurate determination of stress distribution throughout the object’s entirety under consideration even when its constitutively complex deformations take place within it during load application.",0.00,100.00,2026-08-31_13-28-14_
3627,c79d3b29-7dff-4b50-a574-b3fbd580c269,"Critical Perspectives on Representation, Equity, and Rights Developing a Comparative Politics of Environmental Justice",0,include - high precision,True,,,,,False,False,"The chapter mentions climate change as one example within a broad review of environmental justice and governance. It does not address human health, evaluate climate mitigation, or substantively study adaptation, preparedness, resilience, or vulnerability-reduction activities. Therefore, the inclusion criteria are not satisfied.",Frontline environmental justice communities now include nation-states like Fiji that faces existential threats from climate change.,0.00,100.00,2026-08-31_13-28-14_
3627,c79d3b29-7dff-4b50-a574-b3fbd580c269,"Critical Perspectives on Representation, Equity, and Rights Developing a Comparative Politics of Environmental Justice",5,include - best balance,True,,,,,False,False,"Although climate change is mentioned in connection with Fiji, the stated focus is environmental justice, governance, and policy generally. The abstract provides no qualifying human-health relationship, mitigation action, or climate-adaptation research or planning component.","This chapter explores these developments to chart and examine how a politics of environmental justice can inform environmental and social policies by treating environmental justice as a driver, rather than unintended consequence, of policy and politics.",0.00,100.00,2026-08-31_13-28-14_
3627,c79d3b29-7dff-4b50-a574-b3fbd580c269,"Critical Perspectives on Representation, Equity, and Rights Developing a Comparative Politics of Environmental Justice",6,include - high recall,True,,,,,False,False,"The climate-change reference does not establish any eligible pathway. The record does not study climate-related effects on human health, a mitigation intervention, adaptation or resilience measures, or evidence explicitly intended to support adaptation.",Frontline environmental justice communities now include nation-states like Fiji that faces existential threats from climate change.,0.00,100.00,2026-08-31_13-28-14_
5996,ccb24fb6-538e-4ca7-975e-4633cfbe5547,Influence of spraying by suspended dry yeast bread and soaked licorice root and salsalic acid to resist fungus Sclerotinia sclerotiorum on eggplant,0,include - high precision,True,,,,,False,False,"EXCLUDE. The study evaluates treatments for a fungal disease of eggplant. It does not substantively address climate change, weather or climate variables, climate-related hazards, fossil fuels, climate-forcing agents, human health, climate mitigation, or climate adaptation.","The experiment carried out in the laboratories and fields, of the college Agriculture- University of Baghdad–Department of plant protection, to see the effect of the use of yeast bread and soaked water for licorice and salisalic said on the growth of fungus Sclerotinia sclerotiorum that causes mold white eggplant",0.00,100.00,2026-08-31_13-28-14_
5996,ccb24fb6-538e-4ca7-975e-4633cfbe5547,Influence of spraying by suspended dry yeast bread and soaked licorice root and salsalic acid to resist fungus Sclerotinia sclerotiorum on eggplant,5,include - best balance,True,,,,,False,False,"EXCLUDE. The record concerns the effects of salicylic acid, licorice soak, and yeast on white mold infection and eggplant growth. No substantive climate-related component or qualifying human-health, mitigation, or adaptation pathway is reported.","results showed superiority of aci salisalic acid in reducing the severity of the infection, amounting to 70.66% concentration of 600 ppm and night soaked licorice intensity amounted infection 25% at a concentration of 4%. while the yeast has the intensity was the infection of 15% at a concentration of 5%",0.00,100.00,2026-08-31_13-28-14_
5996,ccb24fb6-538e-4ca7-975e-4633cfbe5547,Influence of spraying by suspended dry yeast bread and soaked licorice root and salsalic acid to resist fungus Sclerotinia sclerotiorum on eggplant,6,include - high recall,True,,,,,False,False,"EXCLUDE. This is an agricultural plant-disease and growth experiment, with no stated relationship to climate or weather, no intervention affecting climate-forcing emissions or fossil-fuel use, and no climate-adaptation or human-health component.",as for criteria growth it has characterized the yeast in both length and width of the paper and the paper weight mild dry weight and plant height,0.00,100.00,2026-08-31_13-28-14_
83407,cd227c2e-3bba-44ba-9417-b8b9bff106bb,,0,include - high precision,True,,,,,False,False,"The record concerns the preparation and characterization of polysulfone–montmorillonite nanocomposite membranes. It does not substantively address climate change, climate variables or hazards, fossil fuels, greenhouse gases, human health, climate mitigation, or climate adaptation.",,0.00,0.00,2026-08-31_13-28-14_
83407,cd227c2e-3bba-44ba-9417-b8b9bff106bb,,5,include - best balance,True,,,,,False,False,"No substantive climate-related component is reported, and none of the qualifying health, mitigation, or adaptation pathways is supported. The study only evaluates the membranes' morphology and thermal, mechanical, and hydrophilic properties.",,0.00,0.00,2026-08-31_13-28-14_
83407,cd227c2e-3bba-44ba-9417-b8b9bff106bb,,6,include - high recall,True,,,,,False,False,"None of the inclusion pathways is satisfied. The membrane study does not connect its materials or measured properties to climate and health, greenhouse-gas or fossil-fuel mitigation, climate adaptation, preparedness, resilience, or climate-risk reduction.",,0.00,0.00,2026-08-31_13-28-14_
63408,db227fc0-c226-4718-beae-72f1653d6533,Cerebral Venous Sinus Thrombosis Following Nitrous Oxide Abuse: A Clinical Reminder of a Growing Trend,0,include - high precision,True,,,,,False,True,"INCLUDE. Nitrous oxide is explicitly listed in the screening criteria as a climate-forcing agent, and the record substantively examines human exposure to it in relation to vitamin B12 deficiency, hyperhomocysteinemia, and cerebral venous sinus thrombosis. This satisfies the climate-forcing agent plus human-health pathway.","This case underscores nitrous oxide-induced functional vitamin B12 deficiency and hyperhomocysteinemia as potential contributors to CVST, especially in younger patients without conventional risk factors.",0.00,100.00,2026-08-31_13-28-14_
63408,db227fc0-c226-4718-beae-72f1653d6533,Cerebral Venous Sinus Thrombosis Following Nitrous Oxide Abuse: A Clinical Reminder of a Growing Trend,5,include - best balance,True,,,,,False,True,"INCLUDE. The studied exposure is nitrous oxide, which the criteria identify as a climate-forcing agent, and it is directly linked to a serious human disease and clinical symptoms. The climate-related agent is substantive rather than incidental because its metabolic and clinical effects are central to the case.","He reported recent chronic nitrous oxide use. Imaging revealed extensive thrombosis of the superior sagittal, bilateral transverse, and sigmoid sinuses with venous congestion but no infarction.",0.00,100.00,2026-08-31_13-28-14_
63408,db227fc0-c226-4718-beae-72f1653d6533,Cerebral Venous Sinus Thrombosis Following Nitrous Oxide Abuse: A Clinical Reminder of a Growing Trend,6,include - high recall,True,,,,,False,True,"INCLUDE under Pathway 1. The record studies nitrous oxide exposure—an agent counted by the stated criteria—in relation to human metabolic abnormalities and cerebral venous sinus thrombosis, establishing a direct climate-forcing-agent and health connection.","This case underscores nitrous oxide-induced functional vitamin B12 deficiency and hyperhomocysteinemia as potential contributors to CVST, especially in younger patients without conventional risk factors.",0.00,100.00,2026-08-31_13-28-14_
1447017,e28e4893-afee-4a9c-9bfb-1306085b86fd,Interactions between Polygenetic Variants and Lifestyle Factors in Hypothyroidism: A Hospital-Based Cohort Study,0,include - high precision,True,,,,,False,False,"EXCLUDE. The study addresses human health through hypothyroidism risk, but it contains no substantive climate-related component, climate mitigation action, or climate adaptation activity.","This study aimed to investigate the polygenic variants associated with hypothyroidism risk and the interaction of polygenic risk scores (PRS) with dietary patterns in influencing disease risk in 56,664 participants aged >40 in a hospital-based cohort.",0.00,100.00,2026-08-31_13-28-14_
1447017,e28e4893-afee-4a9c-9bfb-1306085b86fd,Interactions between Polygenetic Variants and Lifestyle Factors in Hypothyroidism: A Hospital-Based Cohort Study,5,include - best balance,True,,,,,False,False,"EXCLUDE. The record studies genetic, dietary, clinical, and lifestyle factors associated with hypothyroidism. It does not measure or analyze climate or weather variables, climate-related hazards, fossil fuels, climate-forcing agents, mitigation, or adaptation.","In conclusion, genetic variants related to immunity and thyroid hormone secretion were linked to hypothyroidism risk, and their PRS interacted with PBD and WSD intake and smoking status.",0.00,100.00,2026-08-31_13-28-14_
1447017,e28e4893-afee-4a9c-9bfb-1306085b86fd,Interactions between Polygenetic Variants and Lifestyle Factors in Hypothyroidism: A Hospital-Based Cohort Study,6,include - high recall,True,,,,,False,False,"EXCLUDE. None of the inclusion pathways is satisfied. Although hypothyroidism is a human-health outcome, it is not studied in relation to a qualifying climate factor, and the dietary analysis does not evaluate greenhouse-gas emissions, mitigation, or adaptation.","Dietary patterns, such as the plant-based diet (PBD) and the Western-style diet (WSD), along with smoking status, exhibited interactions with the PRS, influencing hypothyroidism risk.",0.00,100.00,2026-08-31_13-28-14_
582288464,e653d09a-b246-48fd-88b3-aec5823a4670,"&lt;title&gt;Advances in radio frequency tumor ablation therapy: technical considerations, strategies for increasing coagulation necrosis volume, and preliminary clinical results&lt;/title&gt;",0,include - high precision,True,,,,,False,False,"EXCLUDE. The record concerns radiofrequency tumor ablation and therefore has a human-health component, but it contains no substantive climate-related factor, climate-forcing agent, mitigation action, or adaptation activity. Both required components are not satisfied.",Radiofrequency (RF) tumor ablation has been demonstrated as a reliable method for creating thermally induced coagulation necrosis,0.00,100.00,2026-08-31_13-28-14_
582288464,e653d09a-b246-48fd-88b3-aec5823a4670,"&lt;title&gt;Advances in radio frequency tumor ablation therapy: technical considerations, strategies for increasing coagulation necrosis volume, and preliminary clinical results&lt;/title&gt;",5,include - best balance,True,,,,,False,False,"EXCLUDE. The study addresses technical parameters and strategies for tumor ablation. Although clinically relevant, it does not measure, analyze, model, or intervene on any climate-related variable, hazard, fossil fuel, or climate-forcing emission.",This article will discuss these technical considerations with the goal of defining optimal parameters for RF ablation.,0.00,100.00,2026-08-31_13-28-14_
582288464,e653d09a-b246-48fd-88b3-aec5823a4670,"&lt;title&gt;Advances in radio frequency tumor ablation therapy: technical considerations, strategies for increasing coagulation necrosis volume, and preliminary clinical results&lt;/title&gt;",6,include - high recall,True,,,,,False,False,"EXCLUDE. None of the climate-and-health, climate-mitigation, climate-adaptation, or adaptation-support pathways is present. The described technology is intended to improve tumor ablation rather than address climate-related conditions or emissions.","Strategies to further increase induced coagulation necrosis including: multiprobe and bipolar arrays, and internally-cooled RF electrodes, with or without pulsed-RF or cluster technique will be presented.",0.00,100.00,2026-08-31_13-28-14_
4686393638,e7b6c454-f386-4808-95cb-a36f5e001d67,Přepadení transportů peněz a cenností,0,include - high precision,True,,,,,False,False,"EXCLUDE. The record concerns crew behavior and psychological preparation surrounding transport vehicles. It contains no substantive climate-related factor, climate mitigation action, or climate adaptation component.","The aim of this work is to describe the proper behavior of crew transport vehicle before, during and after transport and communicate rules of this behavior.",0.00,100.00,2026-08-31_13-28-14_
4686393638,e7b6c454-f386-4808-95cb-a36f5e001d67,Přepadení transportů peněz a cenností,5,include - best balance,True,,,,,False,False,"EXCLUDE. Although psychological preparation and care are discussed, the document provides no connection to climate change, weather, climate-related hazards, fossil fuels, greenhouse gases, mitigation, or adaptation.",In the last section describe the correct behavior of the transport company and especially in terms of psychological preparation and following psychological care on assault transport group.,0.00,100.00,2026-08-31_13-28-14_
4686393638,e7b6c454-f386-4808-95cb-a36f5e001d67,Přepadení transportů peněz a cenností,6,include - high recall,True,,,,,False,False,"EXCLUDE. None of the inclusion pathways is satisfied because the study of assault-transport crew behavior and psychology has no stated climate, mitigation, or adaptation component.","In the next section suggest the behavior of crew just before, during and after assault transport vehicles and psychological aspects whitch concerns that.",0.00,100.00,2026-08-31_13-28-14_
177028685,edfc4ad6-84c7-4bae-b90f-14e8505be9e2,"Synthesis, reactivity and X-ray crystallographic characterization of chloro(propan-2-ol)bis(tetraisopropoxoaluminato)praseodymium(<scp>III</scp>) dimer, [{Pr[Al(OPr<sup>i</sup>)<sub>4</sub>]<sub>2</sub>(Pr<sup>i</sup>OH)(µ-Cl)}<sub>2</sub>]",0,include - high precision,True,,,,,False,False,"EXCLUDE. The record concerns the synthesis and crystallographic characterization of a chemical complex. It contains no substantive climate-related component and no qualifying human-health, climate-mitigation, or climate-adaptation component.","The product of the 1 : 2 reaction between PrCl3·3PriOH and K[Al(OPri)4] in benzeno–propan-2-ol, has been shown by X-ray crystallographic analysis to be a heptacoordinated heteroleptic alkoxometallatopraseodymium(III) complex 1",0.00,100.00,2026-08-31_13-28-14_
177028685,edfc4ad6-84c7-4bae-b90f-14e8505be9e2,"Synthesis, reactivity and X-ray crystallographic characterization of chloro(propan-2-ol)bis(tetraisopropoxoaluminato)praseodymium(<scp>III</scp>) dimer, [{Pr[Al(OPr<sup>i</sup>)<sub>4</sub>]<sub>2</sub>(Pr<sup>i</sup>OH)(µ-Cl)}<sub>2</sub>]",5,include - best balance,True,,,,,False,False,"EXCLUDE. The described research is chemical synthesis and X-ray crystallographic analysis. The document does not study climate or weather, climate-forcing agents, fossil fuels, human health, mitigation, or adaptation.","The product of the 1 : 2 reaction between PrCl3·3PriOH and K[Al(OPri)4] in benzeno–propan-2-ol, has been shown by X-ray crystallographic analysis to be a heptacoordinated heteroleptic alkoxometallatopraseodymium(III) complex 1",0.00,100.00,2026-08-31_13-28-14_
177028685,edfc4ad6-84c7-4bae-b90f-14e8505be9e2,"Synthesis, reactivity and X-ray crystallographic characterization of chloro(propan-2-ol)bis(tetraisopropoxoaluminato)praseodymium(<scp>III</scp>) dimer, [{Pr[Al(OPr<sup>i</sup>)<sub>4</sub>]<sub>2</sub>(Pr<sup>i</sup>OH)(µ-Cl)}<sub>2</sub>]",6,include - high recall,True,,,,,False,False,"EXCLUDE. None of the inclusion pathways is satisfied: the record only describes the preparation and characterization of a praseodymium complex, without a climate-and-health relationship, a climate-mitigation intervention, or adaptation-supporting research.","The product of the 1 : 2 reaction between PrCl3·3PriOH and K[Al(OPri)4] in benzeno–propan-2-ol, has been shown by X-ray crystallographic analysis to be a heptacoordinated heteroleptic alkoxometallatopraseodymium(III) complex 1",0.00,100.00,2026-08-31_13-28-14_
1378,f675f264-f9c6-4a02-bd50-987e99d316d6,Crowdsourced hotspot validation and data visualisation for location-based haze mitigation,0,include - high precision,True,,,,,True,True,"INCLUDE. Peatland fires are a climate-related hazard, and the crowdsourced validation system is designed to improve fire detection, monitoring, and response. This directly supports hazard management and vulnerability reduction through the climate-adaptation pathway.",This research proposed a ground-based spatial validation of satellite data based on crowdsourcing in order to obtain more accurate estimates of the location and severity of the fire.,0.00,100.00,2026-08-31_13-28-14_
1378,f675f264-f9c6-4a02-bd50-987e99d316d6,Crowdsourced hotspot validation and data visualisation for location-based haze mitigation,5,include - best balance,True,,,,,True,True,"INCLUDE. The study concerns peatland fires, a qualifying climate-related hazard, and develops a deployed mobile application and government monitoring platform to locate and assess fires more accurately. This is directly relevant to preparedness, hazard response, and risk reduction, satisfying the adaptation pathway.",Crowd data collected were integrated with satellite hotspot data by the dashboard system as a monitoring platform for government agencies.,0.00,100.00,2026-08-31_13-28-14_
1378,f675f264-f9c6-4a02-bd50-987e99d316d6,Crowdsourced hotspot validation and data visualisation for location-based haze mitigation,6,include - high recall,True,,,,,True,True,"INCLUDE. The record studies a practical tool that enables communities and government agencies to validate peatland-fire hotspots and mitigate haze. Because it supports monitoring and response to a climate-related wildfire hazard, it qualifies through the climate-adaptation and adaptation-supporting evidence pathways.",The study showed the potential use of mobile apps for local communities to help the government validate hotspots for haze mitigation.,0.00,100.00,2026-08-31_13-28-14_
4047410,f7e04a22-33aa-4623-86e8-536ea6dfe6b3,The Importance of Weather and Climate to Energy Systems: A Workshop on Next Generation Challenges in Energy–Climate Modeling,0,include - high precision,True,,,,,False,True,"INCLUDE. The record substantively concerns climate and weather research and explicitly addresses modelling climate risk in energy systems. This qualifies as adaptation-supporting research because climate-risk modelling supports risk assessment, preparedness, resilience, or management.","The workshop had two primary goals: to build a deeper engagement across the “energy” and “climate” research communities, and to identify and begin to address the scientific challenges associated with modelling climate risk in energy systems.",0.00,100.00,2026-08-31_13-28-14_
4047410,f7e04a22-33aa-4623-86e8-536ea6dfe6b3,The Importance of Weather and Climate to Energy Systems: A Workshop on Next Generation Challenges in Energy–Climate Modeling,5,include - best balance,True,,,,,False,True,INCLUDE. It has an explicit climate-related component and a qualifying adaptation pathway through the identification and treatment of scientific challenges in modelling climate risk for energy systems.,"The workshop had two primary goals: to build a deeper engagement across the “energy” and “climate” research communities, and to identify and begin to address the scientific challenges associated with modelling climate risk in energy systems.",0.00,100.00,2026-08-31_13-28-14_
4047410,f7e04a22-33aa-4623-86e8-536ea6dfe6b3,The Importance of Weather and Climate to Energy Systems: A Workshop on Next Generation Challenges in Energy–Climate Modeling,6,include - high recall,True,,,,,False,True,"INCLUDE. The record addresses climate-risk modelling in energy systems, fitting the pathway for evidence and modelling that support climate-risk assessment, resilience, and adaptation planning.","The workshop had two primary goals: to build a deeper engagement across the “energy” and “climate” research communities, and to identify and begin to address the scientific challenges associated with modelling climate risk in energy systems.",0.00,100.00,2026-08-31_13-28-14_
927648283,fe22b58d-5609-4ffa-9b1f-208f699a2fa5,"Environmental conditions before and after the bloom events Cayo-A, Cayo-B, and Cayo-C, from monthly water quality monitoring samples collected at BB1.",0,include - high precision,True,,,,,True,False,"The record mentions temperature as a monitored parameter, but provides no qualifying human-health, climate-mitigation, or climate-adaptation component. Therefore, it should be excluded.",All parameters reported (including temperature and salinity) are from monitoring data.,0.00,100.00,2026-08-31_13-28-14_
927648283,fe22b58d-5609-4ffa-9b1f-208f699a2fa5,"Environmental conditions before and after the bloom events Cayo-A, Cayo-B, and Cayo-C, from monthly water quality monitoring samples collected at BB1.",5,include - best balance,True,,,,,True,False,"Although temperature is reported from monitoring data, the available text does not establish any relationship to human health or any mitigation- or adaptation-related purpose. The inclusion rule is not satisfied.",All parameters reported (including temperature and salinity) are from monitoring data.,0.00,100.00,2026-08-31_13-28-14_
927648283,fe22b58d-5609-4ffa-9b1f-208f699a2fa5,"Environmental conditions before and after the bloom events Cayo-A, Cayo-B, and Cayo-C, from monthly water quality monitoring samples collected at BB1.",6,include - high recall,True,,,,,True,False,"The available information only identifies temperature and salinity as monitored parameters. It does not support any climate-and-health, climate-mitigation, climate-adaptation, or adaptation-supporting evidence pathway, so the record should be excluded.",All parameters reported (including temperature and salinity) are from monitoring data.,0.00,100.00,2026-08-31_13-28-14_
7457330,ffb0ca7e-8cb5-4bb0-8d3b-2f3e2cc38439,Adiponectin and Alzheimer's disease: Is there a link?,0,include - high precision,True,,,,,False,False,"EXCLUDE. The record concerns hydroxyl-radical scavengers and oxidative cellular damage but contains no substantive climate-related factor, climate-forcing agent, mitigation action, or adaptation component.","we developed the cytoplasm- and mitochondrion-specific •OH-targeted scavengers TA293 and mitoTA293, respectively.",0.00,100.00,2026-08-31_13-28-14_
7457330,ffb0ca7e-8cb5-4bb0-8d3b-2f3e2cc38439,Adiponectin and Alzheimer's disease: Is there a link?,5,include - best balance,True,,,,,False,False,"EXCLUDE. Although the study discusses biological effects relevant to health, it does not connect them to climate change, weather, climate hazards, fossil fuels, greenhouse gases, or another climate-forcing agent. It also does not address climate mitigation or adaptation.","cytoplasmic •OH plays a central role in cytoplasm ROS-induced oxidative stress, which potentiates cellular senescence, inflammation, and apoptosis in the kidney and lung.",0.00,100.00,2026-08-31_13-28-14_
7457330,ffb0ca7e-8cb5-4bb0-8d3b-2f3e2cc38439,Adiponectin and Alzheimer's disease: Is there a link?,6,include - high recall,True,,,,,False,False,"EXCLUDE. None of the climate-and-health, climate-mitigation, climate-adaptation, or adaptation-support pathways is satisfied; the study is limited to reactive oxygen species and targeted hydroxyl-radical scavengers.","Based on these findings, we believe that TA293 could be a novel tool to study the effects of •OH damage within the cytoplasm.",0.00,100.00,2026-08-31_13-28-14_
