column,selected,seen,scheme_name,label_key,value,concept_uri,pref_label,broader_uri,depth,n_children,is_leaf
k_methods|0,15,22,Methods,k_methods,0,https://vocab.destiny-evidence.org/methods/DSNY000167,1. Primary research,,1,9,False
k_population-gender-sex|0,12,12,Population - Gender/sex,k_population-gender-sex,0,https://vocab.destiny-evidence.org/population-gender-sex/DSNY000244,All genders,,1,0,True
k_interventions-responses-solutions|5,12,18,Interventions / responses / solutions,k_interventions-responses-solutions,5,https://vocab.destiny-evidence.org/interventions-responses-solutions/DSNY000093,Technology / infrastructure,,1,3,False
k_topic|0,12,22,Topic,k_topic,0,https://vocab.destiny-evidence.org/topic/DSNY000052,Adaptation,,1,3,False
k_topic|1,11,22,Topic,k_topic,1,https://vocab.destiny-evidence.org/topic/DSNY000053,Impact,,1,3,False
k_population-age|0,10,12,Population - Age,k_population-age,0,https://vocab.destiny-evidence.org/population-age/DSNY000248,1. All ages,,1,0,True
k_interventions-responses-solutions_sub_e|0,9,12,Interventions / responses / solutions,k_interventions-responses-solutions_sub_e,0,https://vocab.destiny-evidence.org/interventions-responses-solutions/DSNY000095,Adaptation technologies / infractstructure,https://vocab.destiny-evidence.org/interventions-responses-solutions/DSNY000093,2,6,False
k_topic_sub|2,9,11,Topic,k_topic_sub,2,https://vocab.destiny-evidence.org/topic/DSNY000638,Resilience,https://vocab.destiny-evidence.org/topic/DSNY000052,2,0,True
k_methods_sub|4,8,15,Methods,k_methods_sub,4,https://vocab.destiny-evidence.org/methods/DSNY000545,Modelling / simulation,https://vocab.destiny-evidence.org/methods/DSNY000167,2,5,False
k_methods|1,7,22,Methods,k_methods,1,https://vocab.destiny-evidence.org/methods/DSNY000198,2. Evidence synthesis,,1,6,False
k_sectors|0,7,11,Sectors,k_sectors,0,https://vocab.destiny-evidence.org/sectors/DSNY000115,"Agriculture, fishing, and forestry (Sector)",,1,0,True
k_interventions-responses-solutions_sub_e_sub|3,7,8,Interventions / responses / solutions,k_interventions-responses-solutions_sub_e_sub,3,https://vocab.destiny-evidence.org/interventions-responses-solutions/DSNY000566,Digital / data-based technology / infrastructure,https://vocab.destiny-evidence.org/interventions-responses-solutions/DSNY000095,3,0,True
k_methods_sub_sub_c|3,7,7,Methods,k_methods_sub_sub_c,3,https://vocab.destiny-evidence.org/methods/DSNY000549,Other climate-related modelling / simulation,https://vocab.destiny-evidence.org/methods/DSNY000545,3,0,True
k_health-exposure|1,6,19,Health - Exposure,k_health-exposure,1,https://vocab.destiny-evidence.org/health-exposure/DSNY000265,Extreme weather events (Exposure),,1,0,True
k_human-settlements|0,5,8,Human settlements,k_human-settlements,0,https://vocab.destiny-evidence.org/human-settlements/DSNY000505,1. Formal urban settlements,,1,4,False
k_actors|1,5,8,Actors,k_actors,1,https://vocab.destiny-evidence.org/actors/DSNY000163,2. Governments (Actor),,1,0,True
k_health-exposure|0,5,19,Health - Exposure,k_health-exposure,0,https://vocab.destiny-evidence.org/health-exposure/DSNY000262,Air quality (Exposure),,1,0,True
k_climate-factors-climate-forcing-agents|6,5,7,Climate factors - Climate forcing agents,k_climate-factors-climate-forcing-agents,6,https://vocab.destiny-evidence.org/climate-factors-climate-forcing-agents/DSNY000613,Particulate matter (PM10) / fine particulate matter (PM2.5) / black/organic carbon / sulfate/nitrate aerosols,,1,0,True
k_methods_sub|2,5,15,Methods,k_methods_sub,2,https://vocab.destiny-evidence.org/methods/DSNY000515,Descriptive / single-group designs,https://vocab.destiny-evidence.org/methods/DSNY000167,2,3,False
k_health-exposure|2,5,19,Health - Exposure,k_health-exposure,2,https://vocab.destiny-evidence.org/health-exposure/DSNY000263,Food supply and safety (Exposure),,1,0,True
k_topic|2,5,22,Topic,k_topic,2,https://vocab.destiny-evidence.org/topic/DSNY000051,Mitigation,,1,1,False
k_interventions-responses-solutions|3,5,18,Interventions / responses / solutions,k_interventions-responses-solutions,3,https://vocab.destiny-evidence.org/interventions-responses-solutions/DSNY000114,Institutional,,1,5,False
k_topic_sub|1,4,11,Topic,k_topic_sub,1,https://vocab.destiny-evidence.org/topic/DSNY000639,Preparedness,https://vocab.destiny-evidence.org/topic/DSNY000052,2,0,True
k_climate-factors-extreme-weather-events|7,4,10,Climate factors - Extreme weather events,k_climate-factors-extreme-weather-events,7,https://vocab.destiny-evidence.org/climate-factors-extreme-weather-events/DSNY000609,Storms and severe wind,,1,0,True
k_climate-factors-climate-drivers-variability|8,4,11,Climate factors - Climate drivers / variability,k_climate-factors-climate-drivers-variability,8,https://vocab.destiny-evidence.org/climate-factors-climate-drivers-variability/DSNY000602,Changes in temperature,,1,0,True
k_human-settlements_sub|1,4,4,Human settlements,k_human-settlements_sub,1,https://vocab.destiny-evidence.org/human-settlements/DSNY000508,2. Million-cities,https://vocab.destiny-evidence.org/human-settlements/DSNY000505,2,0,True
k_human-settlements|4,4,8,Human settlements,k_human-settlements,4,https://vocab.destiny-evidence.org/human-settlements/DSNY000640,5. Rural settlements,,1,0,True
k_health-outcomes_sub_b|1,3,3,Health - Outcomes,k_health-outcomes_sub_b,1,https://vocab.destiny-evidence.org/health-outcomes/DSNY000397,Chronic respiratory diseases,https://vocab.destiny-evidence.org/health-outcomes/DSNY000377,2,6,False
k_health-outcomes|2,3,5,Health - Outcomes,k_health-outcomes,2,https://vocab.destiny-evidence.org/health-outcomes/DSNY000377,3. Non-communicable diseases,,1,12,False
k_climate-factors-climate-drivers-variability|1,3,11,Climate factors - Climate drivers / variability,k_climate-factors-climate-drivers-variability,1,https://vocab.destiny-evidence.org/climate-factors-climate-drivers-variability/DSNY000595,(Unspecified) climate change,,1,0,True
k_climate-factors-extreme-weather-events|9,3,10,Climate factors - Extreme weather events,k_climate-factors-extreme-weather-events,9,https://vocab.destiny-evidence.org/climate-factors-extreme-weather-events/DSNY000604,Z_(Unspecified) extreme weather events,,1,0,True
k_methods_sub_sub_b|1,3,5,Methods,k_methods_sub_sub_b,1,https://vocab.destiny-evidence.org/methods/DSNY000518,Case series / descriptive multi-case study,https://vocab.destiny-evidence.org/methods/DSNY000515,3,0,True
k_methods_sub_a|5,3,7,Methods,k_methods_sub_a,5,https://vocab.destiny-evidence.org/methods/DSNY000555,Z_Other evidence synthesis type,https://vocab.destiny-evidence.org/methods/DSNY000198,2,0,True
k_governance-scale|4,3,9,Governance scale,k_governance-scale,4,https://vocab.destiny-evidence.org/governance-scale/DSNY000132,Sub-national - local / municipal (Governance scale),,1,0,True
k_governance-scale|5,3,9,Governance scale,k_governance-scale,5,https://vocab.destiny-evidence.org/governance-scale/DSNY000230,Sub-national - regional (Governance scale),,1,0,True
k_climate-factors-extreme-weather-events|5,3,10,Climate factors - Extreme weather events,k_climate-factors-extreme-weather-events,5,https://vocab.destiny-evidence.org/climate-factors-extreme-weather-events/DSNY000608,Floods,,1,0,True
k_methods_sub|6,3,15,Methods,k_methods_sub,6,https://vocab.destiny-evidence.org/methods/DSNY000519,Observational / single-group designs,https://vocab.destiny-evidence.org/methods/DSNY000167,2,2,False
k_interventions-responses-solutions_sub_e_sub|4,2,8,Interventions / responses / solutions,k_interventions-responses-solutions_sub_e_sub,4,https://vocab.destiny-evidence.org/interventions-responses-solutions/DSNY000567,Food security technology,https://vocab.destiny-evidence.org/interventions-responses-solutions/DSNY000095,3,0,True
k_health-exposure|4,2,19,Health - Exposure,k_health-exposure,4,https://vocab.destiny-evidence.org/health-exposure/DSNY000267,Social factors (Exposure),,1,5,False
k_sectors|12,2,11,Sectors,k_sectors,12,https://vocab.destiny-evidence.org/sectors/DSNY000126,"Water, sanitation, and waste management (Sector)",,1,0,True
k_interventions-responses-solutions_sub_c|0,2,5,Interventions / responses / solutions,k_interventions-responses-solutions_sub_c,0,https://vocab.destiny-evidence.org/interventions-responses-solutions/DSNY000585,Emergency / disaster management,https://vocab.destiny-evidence.org/interventions-responses-solutions/DSNY000114,2,0,True
k_health-exposure|7,2,19,Health - Exposure,k_health-exposure,7,https://vocab.destiny-evidence.org/health-exposure/DSNY000264,Water quality and quantity (Exposure),,1,0,True
k_interventions-responses-solutions_sub_a|0,2,2,Interventions / responses / solutions,k_interventions-responses-solutions_sub_a,0,https://vocab.destiny-evidence.org/interventions-responses-solutions/DSNY000589,Community-based adaptation,https://vocab.destiny-evidence.org/interventions-responses-solutions/DSNY000588,2,0,True
k_interventions-responses-solutions_sub|1,2,3,Interventions / responses / solutions,k_interventions-responses-solutions_sub,1,https://vocab.destiny-evidence.org/interventions-responses-solutions/DSNY000107,Mitigation behaviours,https://vocab.destiny-evidence.org/interventions-responses-solutions/DSNY000097,2,5,False
k_interventions-responses-solutions_sub_c|3,2,5,Interventions / responses / solutions,k_interventions-responses-solutions_sub_c,3,https://vocab.destiny-evidence.org/interventions-responses-solutions/DSNY000584,Research / knowledge systems / education,https://vocab.destiny-evidence.org/interventions-responses-solutions/DSNY000114,2,0,True
k_interventions-responses-solutions_sub_e|2,2,12,Interventions / responses / solutions,k_interventions-responses-solutions_sub_e,2,https://vocab.destiny-evidence.org/interventions-responses-solutions/DSNY000094,Mitigation technologies / infrastructure,https://vocab.destiny-evidence.org/interventions-responses-solutions/DSNY000093,2,7,False
k_actors|4,2,8,Actors,k_actors,4,https://vocab.destiny-evidence.org/actors/DSNY000166,5. Households / individuals (Actor),,1,0,True
k_climate-factors-climate-drivers-variability|6,2,11,Climate factors - Climate drivers / variability,k_climate-factors-climate-drivers-variability,6,https://vocab.destiny-evidence.org/climate-factors-climate-drivers-variability/DSNY000600,Changes in sea level,,1,0,True
k_climate-factors-climate-drivers-variability|3,2,11,Climate factors - Climate drivers / variability,k_climate-factors-climate-drivers-variability,3,https://vocab.destiny-evidence.org/climate-factors-climate-drivers-variability/DSNY000598,Changes in humidity,,1,0,True
k_interventions-responses-solutions|4,2,18,Interventions / responses / solutions,k_interventions-responses-solutions,4,https://vocab.destiny-evidence.org/interventions-responses-solutions/DSNY000087,Policy,,1,5,False
k_interventions-responses-solutions|1,2,18,Interventions / responses / solutions,k_interventions-responses-solutions,1,https://vocab.destiny-evidence.org/interventions-responses-solutions/DSNY000588,Community-based,,1,6,False
k_interventions-responses-solutions|2,2,18,Interventions / responses / solutions,k_interventions-responses-solutions,2,https://vocab.destiny-evidence.org/interventions-responses-solutions/DSNY000113,Ecosystem-based,,1,4,False
k_interventions-responses-solutions|0,2,18,Interventions / responses / solutions,k_interventions-responses-solutions,0,https://vocab.destiny-evidence.org/interventions-responses-solutions/DSNY000097,Behavior / culture,,1,2,False
k_methods_sub_a|3,2,7,Methods,k_methods_sub_a,3,https://vocab.destiny-evidence.org/methods/DSNY000206,Narrative review,https://vocab.destiny-evidence.org/methods/DSNY000198,2,0,True
k_climate-factors-extreme-weather-events|2,2,10,Climate factors - Extreme weather events,k_climate-factors-extreme-weather-events,2,https://vocab.destiny-evidence.org/climate-factors-extreme-weather-events/DSNY000607,Extreme heat,,1,0,True
k_topic_sub_b|0,2,2,Topic,k_topic_sub_b,0,https://vocab.destiny-evidence.org/topic/DSNY000491,Co-Benefits,https://vocab.destiny-evidence.org/topic/DSNY000051,2,0,True
k_geographic-feature-and-biomes|1,2,6,Geographic features and biomes,k_geographic-feature-and-biomes,1,https://vocab.destiny-evidence.org/geographic-feature-and-biomes/DSNY000664,Coastal,,1,0,True
k_population-age|4,2,12,Population - Age,k_population-age,4,https://vocab.destiny-evidence.org/population-age/DSNY000255,5. Adult,,1,3,False
k_climate-factors-climate-drivers-variability|9,2,11,Climate factors - Climate drivers / variability,k_climate-factors-climate-drivers-variability,9,https://vocab.destiny-evidence.org/climate-factors-climate-drivers-variability/DSNY000603,Changes in wind speed,,1,0,True
k_health-outcomes|1,2,5,Health - Outcomes,k_health-outcomes,1,https://vocab.destiny-evidence.org/health-outcomes/DSNY000314,"2. Communicable, maternal, neonatal, and nutritional diseases",,1,7,False
k_governance-scale|2,2,9,Governance scale,k_governance-scale,2,https://vocab.destiny-evidence.org/governance-scale/DSNY000128,International - regional (Governance scale),,1,0,True
k_topic_sub_a|1,2,2,Topic,k_topic_sub_a,1,https://vocab.destiny-evidence.org/topic/DSNY000493,Future impact,https://vocab.destiny-evidence.org/topic/DSNY000053,2,0,True
k_sectors|9,1,11,Sectors,k_sectors,9,https://vocab.destiny-evidence.org/sectors/DSNY000124,Public administration (Sector),,1,0,True
k_sectors|11,1,11,Sectors,k_sectors,11,https://vocab.destiny-evidence.org/sectors/DSNY000125,Transportation (Sector),,1,0,True
k_methods_sub_a|4,1,7,Methods,k_methods_sub_a,4,https://vocab.destiny-evidence.org/methods/DSNY000201,Systematic reviews,https://vocab.destiny-evidence.org/methods/DSNY000198,2,9,False
k_population-age_sub_b_sub|0,1,1,Population - Age,k_population-age_sub_b_sub,0,https://vocab.destiny-evidence.org/population-age/DSNY000259,Aged (65-78 years),https://vocab.destiny-evidence.org/population-age/DSNY000258,3,0,True
k_methods_sub_sub_d|1,1,1,Methods,k_methods_sub_sub_d,1,https://vocab.destiny-evidence.org/methods/DSNY000524,Cohort / panel data / longitudinal study,https://vocab.destiny-evidence.org/methods/DSNY000522,3,0,True
k_methods_sub_sub_e|1,1,1,Methods,k_methods_sub_sub_e,1,https://vocab.destiny-evidence.org/methods/DSNY000521,Interrupted time series (uncontrolled),https://vocab.destiny-evidence.org/methods/DSNY000519,3,0,True
k_methods_sub_a|0,1,7,Methods,k_methods_sub_a,0,https://vocab.destiny-evidence.org/methods/DSNY000207,Guideline (clinical or public health),https://vocab.destiny-evidence.org/methods/DSNY000198,2,0,True
k_interventions-responses-solutions_sub_e_sub_b|4,1,1,Interventions / responses / solutions,k_interventions-responses-solutions_sub_e_sub_b,4,https://vocab.destiny-evidence.org/interventions-responses-solutions/DSNY000560,Sustainable food systems,https://vocab.destiny-evidence.org/interventions-responses-solutions/DSNY000094,3,0,True
k_interventions-responses-solutions_sub_e_sub_a|4,1,2,Interventions / responses / solutions,k_interventions-responses-solutions_sub_e_sub_a,4,https://vocab.destiny-evidence.org/interventions-responses-solutions/DSNY000571,Internal combustion transport infrastructure,https://vocab.destiny-evidence.org/interventions-responses-solutions/DSNY000096,3,0,True
k_interventions-responses-solutions_sub_e_sub_a|1,1,2,Interventions / responses / solutions,k_interventions-responses-solutions_sub_e_sub_a,1,https://vocab.destiny-evidence.org/interventions-responses-solutions/DSNY000570,Fossil fuel-based energy systems,https://vocab.destiny-evidence.org/interventions-responses-solutions/DSNY000096,3,0,True
k_health-exposure|3,1,19,Health - Exposure,k_health-exposure,3,https://vocab.destiny-evidence.org/health-exposure/DSNY000261,Heat stress (Exposure),,1,0,True
k_governance-scale|3,1,9,Governance scale,k_governance-scale,3,https://vocab.destiny-evidence.org/governance-scale/DSNY000131,National (Governance scale),,1,0,True
k_geographic-feature-and-biomes|18,1,6,Geographic features and biomes,k_geographic-feature-and-biomes,18,https://vocab.destiny-evidence.org/geographic-feature-and-biomes/DSNY000151,Valley,,1,0,True
k_governance-scale|6,1,9,Governance scale,k_governance-scale,6,https://vocab.destiny-evidence.org/governance-scale/DSNY000135,Z_Household / individual (Governance scale),,1,0,True
k_geographic-feature-and-biomes|3,1,6,Geographic features and biomes,k_geographic-feature-and-biomes,3,https://vocab.destiny-evidence.org/geographic-feature-and-biomes/DSNY000501,Delta / floodplain,,1,0,True
k_methods_sub_sub_b|2,1,5,Methods,k_methods_sub_sub_b,2,https://vocab.destiny-evidence.org/methods/DSNY000517,Cross-sectional / single-round survey,https://vocab.destiny-evidence.org/methods/DSNY000515,3,0,True
k_methods_sub_sub_b|0,1,5,Methods,k_methods_sub_sub_b,0,https://vocab.destiny-evidence.org/methods/DSNY000516,Case report / case study,https://vocab.destiny-evidence.org/methods/DSNY000515,3,0,True
k_geographic-feature-and-biomes|12,1,6,Geographic features and biomes,k_geographic-feature-and-biomes,12,https://vocab.destiny-evidence.org/geographic-feature-and-biomes/DSNY000498,Riparian,,1,0,True
k_geographic-feature-and-biomes|10,1,6,Geographic features and biomes,k_geographic-feature-and-biomes,10,https://vocab.destiny-evidence.org/geographic-feature-and-biomes/DSNY000147,Mountain (alpine),,1,0,True
k_geographic-feature-and-biomes|7,1,6,Geographic features and biomes,k_geographic-feature-and-biomes,7,https://vocab.destiny-evidence.org/geographic-feature-and-biomes/DSNY000146,Island,,1,0,True
k_geographic-feature-and-biomes|8,1,6,Geographic features and biomes,k_geographic-feature-and-biomes,8,https://vocab.destiny-evidence.org/geographic-feature-and-biomes/DSNY000502,Mangrove,,1,0,True
k_methods_sub|5,1,15,Methods,k_methods_sub,5,https://vocab.destiny-evidence.org/methods/DSNY000522,Observational / group comparison designs,https://vocab.destiny-evidence.org/methods/DSNY000167,2,4,False
k_methods_sub|7,1,15,Methods,k_methods_sub,7,https://vocab.destiny-evidence.org/methods/DSNY000541,Qualitative designs,https://vocab.destiny-evidence.org/methods/DSNY000167,2,3,False
k_climate-zones|0,1,1,Climate zones,k_climate-zones,0,https://vocab.destiny-evidence.org/climate-zones/DSNY000658,Continental,,1,0,True
k_climate-factors-fossil-fuels|0,1,1,Climate factors - Fossil fuels,k_climate-factors-fossil-fuels,0,https://vocab.destiny-evidence.org/climate-factors-fossil-fuels/DSNY000619,(Unspecified) fossil fuels,,1,0,True
k_climate-factors-extreme-weather-events|8,1,10,Climate factors - Extreme weather events,k_climate-factors-extreme-weather-events,8,https://vocab.destiny-evidence.org/climate-factors-extreme-weather-events/DSNY000610,Wildfires,,1,0,True
k_climate-factors-extreme-weather-events|3,1,10,Climate factors - Extreme weather events,k_climate-factors-extreme-weather-events,3,https://vocab.destiny-evidence.org/climate-factors-extreme-weather-events/DSNY000633,Extreme precipitation,,1,0,True
k_climate-factors-climate-forcing-agents|1,1,7,Climate factors - Climate forcing agents,k_climate-factors-climate-forcing-agents,1,https://vocab.destiny-evidence.org/climate-factors-climate-forcing-agents/DSNY000612,Carbon dioxide (CO₂),,1,0,True
k_climate-factors-climate-forcing-agents|3,1,7,Climate factors - Climate forcing agents,k_climate-factors-climate-forcing-agents,3,https://vocab.destiny-evidence.org/climate-factors-climate-forcing-agents/DSNY000615,Methane (CH₄),,1,0,True
k_population-age_sub_b|2,1,1,Population - Age,k_population-age_sub_b,2,https://vocab.destiny-evidence.org/population-age/DSNY000258,5.3. Aged (65 years and older),https://vocab.destiny-evidence.org/population-age/DSNY000255,2,2,False
k_population-age_sub_b|1,1,1,Population - Age,k_population-age_sub_b,1,https://vocab.destiny-evidence.org/population-age/DSNY000257,5.2. Middle aged (45-64 years),https://vocab.destiny-evidence.org/population-age/DSNY000255,2,0,True
k_methods_sub_a_sub|7,1,1,Methods,k_methods_sub_a_sub,7,https://vocab.destiny-evidence.org/methods/DSNY000202,Systematic review,https://vocab.destiny-evidence.org/methods/DSNY000201,3,0,True
k_methods_sub_a_sub|3,1,1,Methods,k_methods_sub_a_sub,3,https://vocab.destiny-evidence.org/methods/DSNY000552,Qualitative evidence synthesis,https://vocab.destiny-evidence.org/methods/DSNY000201,3,0,True
k_population-vulnerability|6,1,1,Population - Vulnerability,k_population-vulnerability,6,https://vocab.destiny-evidence.org/population-vulnerability/DSNY000239,Low-income (Vulnerability),,1,0,True
k_health-metrics_sub|1,1,1,Health - Metrics,k_health-metrics_sub,1,https://vocab.destiny-evidence.org/health-metrics/DSNY000276,Cause-specific mortality (Metric),https://vocab.destiny-evidence.org/health-metrics/DSNY000274,2,0,True
k_interventions-responses-solutions_sub_d|4,1,1,Interventions / responses / solutions,k_interventions-responses-solutions_sub_d,4,https://vocab.destiny-evidence.org/interventions-responses-solutions/DSNY000092,Regulatory / legislative policy,https://vocab.destiny-evidence.org/interventions-responses-solutions/DSNY000087,2,0,True
k_health-metrics|1,1,2,Health - Metrics,k_health-metrics,1,https://vocab.destiny-evidence.org/health-metrics/DSNY000281,Disease burden / quality of life (Metric),,1,5,False
k_health-metrics|0,1,2,Health - Metrics,k_health-metrics,0,https://vocab.destiny-evidence.org/health-metrics/DSNY000274,Death (Metric),,1,7,False
k_interventions-responses-solutions_sub_d|3,1,1,Interventions / responses / solutions,k_interventions-responses-solutions_sub_d,3,https://vocab.destiny-evidence.org/interventions-responses-solutions/DSNY000090,National / subnational policy,https://vocab.destiny-evidence.org/interventions-responses-solutions/DSNY000087,2,0,True
k_health-outcomes_sub|2,1,1,Health - Outcomes,k_health-outcomes_sub,2,https://vocab.destiny-evidence.org/health-outcomes/DSNY000298,1.3. Non-communicable mortality,https://vocab.destiny-evidence.org/health-outcomes/DSNY000296,2,6,False
k_health-outcomes|3,1,5,Health - Outcomes,k_health-outcomes,3,https://vocab.destiny-evidence.org/health-outcomes/DSNY000470,4. Injuries,,1,3,False
k_interventions-responses-solutions_sub_sub_a|0,1,2,Interventions / responses / solutions,k_interventions-responses-solutions_sub_sub_a,0,https://vocab.destiny-evidence.org/interventions-responses-solutions/DSNY000110,Behaviour related to food/diet,https://vocab.destiny-evidence.org/interventions-responses-solutions/DSNY000107,3,0,True
k_interventions-responses-solutions_sub_sub_a|3,1,2,Interventions / responses / solutions,k_interventions-responses-solutions_sub_sub_a,3,https://vocab.destiny-evidence.org/interventions-responses-solutions/DSNY000108,Behaviour related to mobility,https://vocab.destiny-evidence.org/interventions-responses-solutions/DSNY000107,3,0,True
k_interventions-responses-solutions_sub_sub|1,1,1,Interventions / responses / solutions,k_interventions-responses-solutions_sub_sub,1,https://vocab.destiny-evidence.org/interventions-responses-solutions/DSNY000102,Household protection,https://vocab.destiny-evidence.org/interventions-responses-solutions/DSNY000098,3,0,True
k_interventions-responses-solutions_sub_sub|0,1,1,Interventions / responses / solutions,k_interventions-responses-solutions_sub_sub,0,https://vocab.destiny-evidence.org/interventions-responses-solutions/DSNY000099,Civic engagement,https://vocab.destiny-evidence.org/interventions-responses-solutions/DSNY000098,3,0,True
k_health-outcomes|0,1,5,Health - Outcomes,k_health-outcomes,0,https://vocab.destiny-evidence.org/health-outcomes/DSNY000296,1. Mortality (Outcome),,1,3,False
k_interventions-responses-solutions_sub|0,1,3,Interventions / responses / solutions,k_interventions-responses-solutions_sub,0,https://vocab.destiny-evidence.org/interventions-responses-solutions/DSNY000098,Adaptation behaviours,https://vocab.destiny-evidence.org/interventions-responses-solutions/DSNY000097,2,8,False
k_interventions-responses-solutions_sub_c|4,1,5,Interventions / responses / solutions,k_interventions-responses-solutions_sub_c,4,https://vocab.destiny-evidence.org/interventions-responses-solutions/DSNY000587,Z_Other institution-based interventions,https://vocab.destiny-evidence.org/interventions-responses-solutions/DSNY000114,2,0,True
k_health-metrics_sub_a|0,1,1,Health - Metrics,k_health-metrics_sub_a,0,https://vocab.destiny-evidence.org/health-metrics/DSNY000286,(Health-related) quality of life (HrQoL/QoL) (Metric),https://vocab.destiny-evidence.org/health-metrics/DSNY000281,2,0,True
k_interventions-responses-solutions_sub_c_sub|0,1,1,Interventions / responses / solutions,k_interventions-responses-solutions_sub_c_sub,0,https://vocab.destiny-evidence.org/interventions-responses-solutions/DSNY000645,Diagnostics and surveillance tools,https://vocab.destiny-evidence.org/interventions-responses-solutions/DSNY000642,3,0,True
k_interventions-responses-solutions_sub_e|1,1,12,Interventions / responses / solutions,k_interventions-responses-solutions_sub_e,1,https://vocab.destiny-evidence.org/interventions-responses-solutions/DSNY000096,Emitting technologies / infrastructure,https://vocab.destiny-evidence.org/interventions-responses-solutions/DSNY000093,2,7,False
k_interventions-responses-solutions_sub_a|1,1,2,Interventions / responses / solutions,k_interventions-responses-solutions_sub_a,1,https://vocab.destiny-evidence.org/interventions-responses-solutions/DSNY000592,Cultural identity,https://vocab.destiny-evidence.org/interventions-responses-solutions/DSNY000588,2,0,True
k_interventions-responses-solutions_sub_b|0,1,2,Interventions / responses / solutions,k_interventions-responses-solutions_sub_b,0,https://vocab.destiny-evidence.org/interventions-responses-solutions/DSNY000580,Coastal / marine protection,https://vocab.destiny-evidence.org/interventions-responses-solutions/DSNY000113,2,0,True
k_interventions-responses-solutions_sub_b|3,1,2,Interventions / responses / solutions,k_interventions-responses-solutions_sub_b,3,https://vocab.destiny-evidence.org/interventions-responses-solutions/DSNY000582,Z_Other ecosystem-based interventions,https://vocab.destiny-evidence.org/interventions-responses-solutions/DSNY000113,2,0,True
k_interventions-responses-solutions_sub_c|1,1,5,Interventions / responses / solutions,k_interventions-responses-solutions_sub_c,1,https://vocab.destiny-evidence.org/interventions-responses-solutions/DSNY000642,Health systems and public health,https://vocab.destiny-evidence.org/interventions-responses-solutions/DSNY000114,2,7,False
k_health-exposure_sub|1,1,1,Health - Exposure,k_health-exposure_sub,1,https://vocab.destiny-evidence.org/health-exposure/DSNY000269,Loss of livelihood / income (Exposure),https://vocab.destiny-evidence.org/health-exposure/DSNY000267,2,0,True
k_health-outcomes_sub_b_sub_a|1,1,1,Health - Outcomes,k_health-outcomes_sub_b_sub_a,1,https://vocab.destiny-evidence.org/health-outcomes/DSNY000400,Asthma,https://vocab.destiny-evidence.org/health-outcomes/DSNY000397,3,0,True
k_health-outcomes_sub_a|5,1,2,Health - Outcomes,k_health-outcomes_sub_a,5,https://vocab.destiny-evidence.org/health-outcomes/DSNY000318,Respiratory infections and tuberculosis,https://vocab.destiny-evidence.org/health-outcomes/DSNY000314,2,5,False
k_health-outcomes_sub_a|6,1,2,Health - Outcomes,k_health-outcomes_sub_a,6,https://vocab.destiny-evidence.org/health-outcomes/DSNY000353,Z_Other infectious diseases,https://vocab.destiny-evidence.org/health-outcomes/DSNY000314,2,10,False
k_health-outcomes_sub_c|1,1,1,Health - Outcomes,k_health-outcomes_sub_c,1,https://vocab.destiny-evidence.org/health-outcomes/DSNY000471,Transport injuries,https://vocab.destiny-evidence.org/health-outcomes/DSNY000470,2,0,True
k_health-outcomes_sub_b_sub_j|6,1,1,Health - Outcomes,k_health-outcomes_sub_b_sub_j,6,https://vocab.destiny-evidence.org/health-outcomes/DSNY000464,Urinary diseases and male infertility,https://vocab.destiny-evidence.org/health-outcomes/DSNY000462,3,0,True
k_human-settlements_sub|2,1,4,Human settlements,k_human-settlements_sub,2,https://vocab.destiny-evidence.org/human-settlements/DSNY000507,3. Cities,https://vocab.destiny-evidence.org/human-settlements/DSNY000505,2,0,True
k_health-outcomes_sub_b_sub_g|2,1,1,Health - Outcomes,k_health-outcomes_sub_b_sub_g,2,https://vocab.destiny-evidence.org/health-outcomes/DSNY000460,Other sense organ diseases,https://vocab.destiny-evidence.org/health-outcomes/DSNY000457,3,0,True
k_actors|3,1,8,Actors,k_actors,3,https://vocab.destiny-evidence.org/actors/DSNY000165,4. Civil society (Actor),,1,0,True
k_health-outcomes_sub_b|11,1,3,Health - Outcomes,k_health-outcomes_sub_b,11,https://vocab.destiny-evidence.org/health-outcomes/DSNY000462,Z_Other non-communicable diseases,https://vocab.destiny-evidence.org/health-outcomes/DSNY000377,2,7,False
k_health-outcomes_sub_a_sub_e|4,1,1,Health - Outcomes,k_health-outcomes_sub_a_sub_e,4,https://vocab.destiny-evidence.org/health-outcomes/DSNY000321,Upper respiratory infections,https://vocab.destiny-evidence.org/health-outcomes/DSNY000318,3,0,True
k_health-outcomes_sub_a_sub_f|5,1,1,Health - Outcomes,k_health-outcomes_sub_a_sub_f,5,https://vocab.destiny-evidence.org/health-outcomes/DSNY000354,Meningitis,https://vocab.destiny-evidence.org/health-outcomes/DSNY000353,3,0,True
k_health-outcomes_sub_b|8,1,3,Health - Outcomes,k_health-outcomes_sub_b,8,https://vocab.destiny-evidence.org/health-outcomes/DSNY000457,Sense organ diseases,https://vocab.destiny-evidence.org/health-outcomes/DSNY000377,2,3,False
k_climate-factors-climate-drivers-variability|5,1,11,Climate factors - Climate drivers / variability,k_climate-factors-climate-drivers-variability,5,https://vocab.destiny-evidence.org/climate-factors-climate-drivers-variability/DSNY000599,Changes in precipitation,,1,0,True
k_climate-factors-climate-drivers-variability|10,1,11,Climate factors - Climate drivers / variability,k_climate-factors-climate-drivers-variability,10,https://vocab.destiny-evidence.org/climate-factors-climate-drivers-variability/DSNY000623,Climate variability,,1,0,True
k_sectors|3,1,11,Sectors,k_sectors,3,https://vocab.destiny-evidence.org/sectors/DSNY000118,Energy and extractives (Sector),,1,0,True
k_sectors|7,0,11,Sectors,k_sectors,7,https://vocab.destiny-evidence.org/sectors/DSNY000123,Information and communications technologies (Sector),,1,0,True
k_sectors|6,0,11,Sectors,k_sectors,6,https://vocab.destiny-evidence.org/sectors/DSNY000122,"Industry, trade, and services (Sector)",,1,0,True
k_sectors|5,0,11,Sectors,k_sectors,5,https://vocab.destiny-evidence.org/sectors/DSNY000120,Healthcare (Sector),,1,0,True
k_sectors|4,0,11,Sectors,k_sectors,4,https://vocab.destiny-evidence.org/sectors/DSNY000119,Finance (Sector),,1,0,True
k_sectors|2,0,11,Sectors,k_sectors,2,https://vocab.destiny-evidence.org/sectors/DSNY000117,Education (Sector),,1,0,True
k_sectors|1,0,11,Sectors,k_sectors,1,https://vocab.destiny-evidence.org/sectors/DSNY000116,Buildings / housing (Sector),,1,0,True
k_publication-type|4,0,0,Publication type [automation planned],k_publication-type,4,https://vocab.destiny-evidence.org/publication-type/DSNY000629,Z_Other reference type,,1,0,True
k_publication-type|3,0,0,Publication type [automation planned],k_publication-type,3,https://vocab.destiny-evidence.org/publication-type/DSNY000626,Preprint/working paper,,1,0,True
k_publication-type|2,0,0,Publication type [automation planned],k_publication-type,2,https://vocab.destiny-evidence.org/publication-type/DSNY000625,Planned research/protocol,,1,0,True
k_publication-type|1,0,0,Publication type [automation planned],k_publication-type,1,https://vocab.destiny-evidence.org/publication-type/DSNY000628,Grey literature,,1,0,True
k_publication-type|0,0,0,Publication type [automation planned],k_publication-type,0,https://vocab.destiny-evidence.org/publication-type/DSNY000627,Article (academic journal),,1,0,True
k_climate-factors-fossil-fuels|2,0,1,Climate factors - Fossil fuels,k_climate-factors-fossil-fuels,2,https://vocab.destiny-evidence.org/climate-factors-fossil-fuels/DSNY000621,Natural gas,,1,0,True
k_climate-factors-fossil-fuels|3,0,1,Climate factors - Fossil fuels,k_climate-factors-fossil-fuels,3,https://vocab.destiny-evidence.org/climate-factors-fossil-fuels/DSNY000622,Oil,,1,0,True
k_climate-zones|1,0,1,Climate zones,k_climate-zones,1,https://vocab.destiny-evidence.org/climate-zones/DSNY000651,Dry / arid,,1,0,True
k_climate-zones|2,0,1,Climate zones,k_climate-zones,2,https://vocab.destiny-evidence.org/climate-zones/DSNY000654,Polar,,1,0,True
k_climate-zones|3,0,1,Climate zones,k_climate-zones,3,https://vocab.destiny-evidence.org/climate-zones/DSNY000653,Temperate,,1,0,True
k_climate-zones|4,0,1,Climate zones,k_climate-zones,4,https://vocab.destiny-evidence.org/climate-zones/DSNY000652,Tropical,,1,0,True
k_country-income|0,0,0,Country income [automation planned],k_country-income,0,https://vocab.destiny-evidence.org/country-income/DSNY000139,High,,1,0,True
k_country-income|1,0,0,Country income [automation planned],k_country-income,1,https://vocab.destiny-evidence.org/country-income/DSNY000136,Low,,1,0,True
k_country-income|2,0,0,Country income [automation planned],k_country-income,2,https://vocab.destiny-evidence.org/country-income/DSNY000137,Lower middle,,1,0,True
k_country-income|3,0,0,Country income [automation planned],k_country-income,3,https://vocab.destiny-evidence.org/country-income/DSNY000138,Upper middle,,1,0,True
k_geographic-feature-and-biomes|0,0,6,Geographic features and biomes,k_geographic-feature-and-biomes,0,https://vocab.destiny-evidence.org/geographic-feature-and-biomes/DSNY000496,Boreal forest / taiga,,1,0,True
k_population-age_sub_b|0,0,1,Population - Age,k_population-age_sub_b,0,https://vocab.destiny-evidence.org/population-age/DSNY000256,5.1. Adult (19-44 years),https://vocab.destiny-evidence.org/population-age/DSNY000255,2,0,True
k_population-age_sub_b_sub|1,0,1,Population - Age,k_population-age_sub_b_sub,1,https://vocab.destiny-evidence.org/population-age/DSNY000260,Aged (80 years and older),https://vocab.destiny-evidence.org/population-age/DSNY000258,3,0,True
k_population-gender-sex|1,0,12,Population - Gender/sex,k_population-gender-sex,1,https://vocab.destiny-evidence.org/population-gender-sex/DSNY000245,Diverse,,1,0,True
k_population-gender-sex|2,0,12,Population - Gender/sex,k_population-gender-sex,2,https://vocab.destiny-evidence.org/population-gender-sex/DSNY000246,Female,,1,0,True
k_population-gender-sex|3,0,12,Population - Gender/sex,k_population-gender-sex,3,https://vocab.destiny-evidence.org/population-gender-sex/DSNY000247,Male,,1,0,True
k_health-outcomes_sub_a_sub_c|18,0,0,Health - Outcomes,k_health-outcomes_sub_a_sub_c,18,https://vocab.destiny-evidence.org/health-outcomes/DSNY000340,Trachoma,https://vocab.destiny-evidence.org/health-outcomes/DSNY000330,3,0,True
k_health-outcomes_sub_a_sub_c|19,0,0,Health - Outcomes,k_health-outcomes_sub_a_sub_c,19,https://vocab.destiny-evidence.org/health-outcomes/DSNY000342,Yellow fever,https://vocab.destiny-evidence.org/health-outcomes/DSNY000330,3,0,True
k_health-outcomes_sub_a_sub_c|20,0,0,Health - Outcomes,k_health-outcomes_sub_a_sub_c,20,https://vocab.destiny-evidence.org/health-outcomes/DSNY000348,Zika virus,https://vocab.destiny-evidence.org/health-outcomes/DSNY000330,3,0,True
k_health-outcomes_sub_a_sub_c|21,0,0,Health - Outcomes,k_health-outcomes_sub_a_sub_c,21,https://vocab.destiny-evidence.org/health-outcomes/DSNY000352,Zz_Other neglected tropical diseases,https://vocab.destiny-evidence.org/health-outcomes/DSNY000330,3,0,True
k_health-outcomes_sub_a_sub_d|0,0,0,Health - Outcomes,k_health-outcomes_sub_a_sub_d,0,https://vocab.destiny-evidence.org/health-outcomes/DSNY000371,Childhood stunting and wasting,https://vocab.destiny-evidence.org/health-outcomes/DSNY000370,3,0,True
k_health-outcomes_sub_a_sub_d|1,0,0,Health - Outcomes,k_health-outcomes_sub_a_sub_d,1,https://vocab.destiny-evidence.org/health-outcomes/DSNY000375,Dietary iron deficiency,https://vocab.destiny-evidence.org/health-outcomes/DSNY000370,3,0,True
k_health-outcomes_sub_a_sub_d|2,0,0,Health - Outcomes,k_health-outcomes_sub_a_sub_d,2,https://vocab.destiny-evidence.org/health-outcomes/DSNY000373,Iodine deficiency,https://vocab.destiny-evidence.org/health-outcomes/DSNY000370,3,0,True
k_health-outcomes_sub_a_sub_a|0,0,0,Health - Outcomes,k_health-outcomes_sub_a_sub_a,0,https://vocab.destiny-evidence.org/health-outcomes/DSNY000316,HIV/AIDS,https://vocab.destiny-evidence.org/health-outcomes/DSNY000315,3,0,True
k_health-outcomes_sub_a_sub_a|1,0,0,Health - Outcomes,k_health-outcomes_sub_a_sub_a,1,https://vocab.destiny-evidence.org/health-outcomes/DSNY000317,Sexually transmitted infections excluding HIV,https://vocab.destiny-evidence.org/health-outcomes/DSNY000315,3,0,True
k_health-outcomes_sub_a_sub_b|0,0,0,Health - Outcomes,k_health-outcomes_sub_a_sub_b,0,https://vocab.destiny-evidence.org/health-outcomes/DSNY000365,Maternal disorders,https://vocab.destiny-evidence.org/health-outcomes/DSNY000364,3,1,False
k_health-outcomes_sub_a_sub_b|1,0,0,Health - Outcomes,k_health-outcomes_sub_a_sub_b,1,https://vocab.destiny-evidence.org/health-outcomes/DSNY000367,Neonatal disorders,https://vocab.destiny-evidence.org/health-outcomes/DSNY000364,3,2,False
k_health-outcomes_sub_a_sub_b_sub|0,0,0,Health - Outcomes,k_health-outcomes_sub_a_sub_b_sub,0,https://vocab.destiny-evidence.org/health-outcomes/DSNY000366,Maternal abortion and miscarriage,https://vocab.destiny-evidence.org/health-outcomes/DSNY000365,4,0,True
k_health-outcomes_sub_a_sub_b_sub_a|0,0,0,Health - Outcomes,k_health-outcomes_sub_a_sub_b_sub_a,0,https://vocab.destiny-evidence.org/health-outcomes/DSNY000369,Low birth weight,https://vocab.destiny-evidence.org/health-outcomes/DSNY000367,4,0,True
k_health-outcomes_sub_a_sub_b_sub_a|1,0,0,Health - Outcomes,k_health-outcomes_sub_a_sub_b_sub_a,1,https://vocab.destiny-evidence.org/health-outcomes/DSNY000368,Neonatal preterm birth,https://vocab.destiny-evidence.org/health-outcomes/DSNY000367,4,0,True
k_health-outcomes_sub_a_sub_c|0,0,0,Health - Outcomes,k_health-outcomes_sub_a_sub_c,0,https://vocab.destiny-evidence.org/health-outcomes/DSNY000334,African trypanosomiasis,https://vocab.destiny-evidence.org/health-outcomes/DSNY000330,3,0,True
k_health-outcomes_sub_a_sub_c|1,0,0,Health - Outcomes,k_health-outcomes_sub_a_sub_c,1,https://vocab.destiny-evidence.org/health-outcomes/DSNY000332,Chagas disease,https://vocab.destiny-evidence.org/health-outcomes/DSNY000330,3,0,True
k_health-outcomes_sub_a_sub_f|0,0,1,Health - Outcomes,k_health-outcomes_sub_a_sub_f,0,https://vocab.destiny-evidence.org/health-outcomes/DSNY000361,Acute hepatitis,https://vocab.destiny-evidence.org/health-outcomes/DSNY000353,3,0,True
k_health-outcomes_sub_a_sub_f|1,0,1,Health - Outcomes,k_health-outcomes_sub_a_sub_f,1,https://vocab.destiny-evidence.org/health-outcomes/DSNY000356,Diphtheria,https://vocab.destiny-evidence.org/health-outcomes/DSNY000353,3,0,True
k_health-outcomes_sub_a_sub_f|2,0,1,Health - Outcomes,k_health-outcomes_sub_a_sub_f,2,https://vocab.destiny-evidence.org/health-outcomes/DSNY000355,Encephalitis,https://vocab.destiny-evidence.org/health-outcomes/DSNY000353,3,0,True
k_health-outcomes_sub_a_sub_f|3,0,1,Health - Outcomes,k_health-outcomes_sub_a_sub_f,3,https://vocab.destiny-evidence.org/health-outcomes/DSNY000362,Lyme disease,https://vocab.destiny-evidence.org/health-outcomes/DSNY000353,3,0,True
k_health-outcomes_sub_a_sub_f|4,0,1,Health - Outcomes,k_health-outcomes_sub_a_sub_f,4,https://vocab.destiny-evidence.org/health-outcomes/DSNY000359,Measles,https://vocab.destiny-evidence.org/health-outcomes/DSNY000353,3,0,True
k_health-outcomes_sub_a_sub_f|6,0,1,Health - Outcomes,k_health-outcomes_sub_a_sub_f,6,https://vocab.destiny-evidence.org/health-outcomes/DSNY000357,Pertussis,https://vocab.destiny-evidence.org/health-outcomes/DSNY000353,3,0,True
k_health-outcomes_sub_a_sub_f|7,0,1,Health - Outcomes,k_health-outcomes_sub_a_sub_f,7,https://vocab.destiny-evidence.org/health-outcomes/DSNY000358,Tetanus,https://vocab.destiny-evidence.org/health-outcomes/DSNY000353,3,0,True
k_health-outcomes_sub_a_sub_c|9,0,0,Health - Outcomes,k_health-outcomes_sub_a_sub_c,9,https://vocab.destiny-evidence.org/health-outcomes/DSNY000344,Intestinal nematode infections,https://vocab.destiny-evidence.org/health-outcomes/DSNY000330,3,0,True
k_health-outcomes_sub_a_sub_c|10,0,0,Health - Outcomes,k_health-outcomes_sub_a_sub_c,10,https://vocab.destiny-evidence.org/health-outcomes/DSNY000333,Leishmaniasis,https://vocab.destiny-evidence.org/health-outcomes/DSNY000330,3,0,True
k_health-outcomes_sub_a_sub_c|11,0,0,Health - Outcomes,k_health-outcomes_sub_a_sub_c,11,https://vocab.destiny-evidence.org/health-outcomes/DSNY000346,Leprosy,https://vocab.destiny-evidence.org/health-outcomes/DSNY000330,3,0,True
k_health-outcomes_sub_a_sub_c|12,0,0,Health - Outcomes,k_health-outcomes_sub_a_sub_c,12,https://vocab.destiny-evidence.org/health-outcomes/DSNY000350,Leptospirosis,https://vocab.destiny-evidence.org/health-outcomes/DSNY000330,3,0,True
k_health-outcomes_sub_a_sub_c|13,0,0,Health - Outcomes,k_health-outcomes_sub_a_sub_c,13,https://vocab.destiny-evidence.org/health-outcomes/DSNY000338,Lymphatic filariasis,https://vocab.destiny-evidence.org/health-outcomes/DSNY000330,3,0,True
k_health-outcomes_sub_a_sub_c|14,0,0,Health - Outcomes,k_health-outcomes_sub_a_sub_c,14,https://vocab.destiny-evidence.org/health-outcomes/DSNY000331,Malaria,https://vocab.destiny-evidence.org/health-outcomes/DSNY000330,3,0,True
k_health-outcomes_sub_a_sub_c|15,0,0,Health - Outcomes,k_health-outcomes_sub_a_sub_c,15,https://vocab.destiny-evidence.org/health-outcomes/DSNY000339,Onchocerciasis,https://vocab.destiny-evidence.org/health-outcomes/DSNY000330,3,0,True
k_health-outcomes_sub_a_sub_c|16,0,0,Health - Outcomes,k_health-outcomes_sub_a_sub_c,16,https://vocab.destiny-evidence.org/health-outcomes/DSNY000343,Rabies,https://vocab.destiny-evidence.org/health-outcomes/DSNY000330,3,0,True
k_health-outcomes_sub_a_sub_c|17,0,0,Health - Outcomes,k_health-outcomes_sub_a_sub_c,17,https://vocab.destiny-evidence.org/health-outcomes/DSNY000335,Schistosomiasis,https://vocab.destiny-evidence.org/health-outcomes/DSNY000330,3,0,True
k_health-outcomes_sub_b|3,0,3,Health - Outcomes,k_health-outcomes_sub_b,3,https://vocab.destiny-evidence.org/health-outcomes/DSNY000404,Digestive diseases,https://vocab.destiny-evidence.org/health-outcomes/DSNY000377,2,10,False
k_health-outcomes_sub_b|4,0,3,Health - Outcomes,k_health-outcomes_sub_b,4,https://vocab.destiny-evidence.org/health-outcomes/DSNY000423,Mental disorders,https://vocab.destiny-evidence.org/health-outcomes/DSNY000377,2,11,False
k_health-outcomes_sub_b|5,0,3,Health - Outcomes,k_health-outcomes_sub_b,5,https://vocab.destiny-evidence.org/health-outcomes/DSNY000461,Musculoskeletal disorders,https://vocab.destiny-evidence.org/health-outcomes/DSNY000377,2,0,True
k_health-outcomes_sub_b|6,0,3,Health - Outcomes,k_health-outcomes_sub_b,6,https://vocab.destiny-evidence.org/health-outcomes/DSNY000378,Neoplasms,https://vocab.destiny-evidence.org/health-outcomes/DSNY000377,2,5,False
k_health-outcomes_sub_b|7,0,3,Health - Outcomes,k_health-outcomes_sub_b,7,https://vocab.destiny-evidence.org/health-outcomes/DSNY000415,Neurological disorders,https://vocab.destiny-evidence.org/health-outcomes/DSNY000377,2,7,False
k_health-outcomes_sub_b|9,0,3,Health - Outcomes,k_health-outcomes_sub_b,9,https://vocab.destiny-evidence.org/health-outcomes/DSNY000444,Skin and subcutaneous diseases,https://vocab.destiny-evidence.org/health-outcomes/DSNY000377,2,12,False
k_health-outcomes_sub_b|10,0,3,Health - Outcomes,k_health-outcomes_sub_b,10,https://vocab.destiny-evidence.org/health-outcomes/DSNY000435,Substance use disorders,https://vocab.destiny-evidence.org/health-outcomes/DSNY000377,2,3,False
k_health-outcomes_sub_b_sub|0,0,0,Health - Outcomes,k_health-outcomes_sub_b_sub,0,https://vocab.destiny-evidence.org/health-outcomes/DSNY000393,Aortic aneurysm,https://vocab.destiny-evidence.org/health-outcomes/DSNY000384,3,0,True
k_health-outcomes_sub_b_sub|1,0,0,Health - Outcomes,k_health-outcomes_sub_b_sub,1,https://vocab.destiny-evidence.org/health-outcomes/DSNY000392,Atrial fibrillation and flutter,https://vocab.destiny-evidence.org/health-outcomes/DSNY000384,3,0,True
k_health-outcomes_sub_a_sub_d|3,0,0,Health - Outcomes,k_health-outcomes_sub_a_sub_d,3,https://vocab.destiny-evidence.org/health-outcomes/DSNY000372,Protein-energy malnutrition,https://vocab.destiny-evidence.org/health-outcomes/DSNY000370,3,0,True
k_health-outcomes_sub_a_sub_d|4,0,0,Health - Outcomes,k_health-outcomes_sub_a_sub_d,4,https://vocab.destiny-evidence.org/health-outcomes/DSNY000374,Vitamin A deficiency,https://vocab.destiny-evidence.org/health-outcomes/DSNY000370,3,0,True
k_health-outcomes_sub_a_sub_d|5,0,0,Health - Outcomes,k_health-outcomes_sub_a_sub_d,5,https://vocab.destiny-evidence.org/health-outcomes/DSNY000376,Z_Other nutritional deficiencies,https://vocab.destiny-evidence.org/health-outcomes/DSNY000370,3,0,True
k_health-outcomes_sub_a_sub_e|0,0,1,Health - Outcomes,k_health-outcomes_sub_a_sub_e,0,https://vocab.destiny-evidence.org/health-outcomes/DSNY000323,COVID-19,https://vocab.destiny-evidence.org/health-outcomes/DSNY000318,3,0,True
k_health-outcomes_sub_a_sub_e|1,0,1,Health - Outcomes,k_health-outcomes_sub_a_sub_e,1,https://vocab.destiny-evidence.org/health-outcomes/DSNY000320,Lower respiratory infections,https://vocab.destiny-evidence.org/health-outcomes/DSNY000318,3,0,True
k_health-outcomes_sub_a_sub_e|2,0,1,Health - Outcomes,k_health-outcomes_sub_a_sub_e,2,https://vocab.destiny-evidence.org/health-outcomes/DSNY000322,Otitis media,https://vocab.destiny-evidence.org/health-outcomes/DSNY000318,3,0,True
k_health-outcomes_sub_a_sub_e|3,0,1,Health - Outcomes,k_health-outcomes_sub_a_sub_e,3,https://vocab.destiny-evidence.org/health-outcomes/DSNY000319,Tuberculosis,https://vocab.destiny-evidence.org/health-outcomes/DSNY000318,3,0,True
k_health-outcomes_sub_b_sub|5,0,0,Health - Outcomes,k_health-outcomes_sub_b_sub,5,https://vocab.destiny-evidence.org/health-outcomes/DSNY000386,Ischemic heart disease,https://vocab.destiny-evidence.org/health-outcomes/DSNY000384,3,0,True
k_health-outcomes_sub_b_sub|6,0,0,Health - Outcomes,k_health-outcomes_sub_b_sub,6,https://vocab.destiny-evidence.org/health-outcomes/DSNY000394,Lower extremity peripheral arterial disease,https://vocab.destiny-evidence.org/health-outcomes/DSNY000384,3,0,True
k_health-outcomes_sub_b_sub|7,0,0,Health - Outcomes,k_health-outcomes_sub_b_sub,7,https://vocab.destiny-evidence.org/health-outcomes/DSNY000389,Non-rheumatic valvular heart disease,https://vocab.destiny-evidence.org/health-outcomes/DSNY000384,3,0,True
k_health-outcomes_sub_b_sub|8,0,0,Health - Outcomes,k_health-outcomes_sub_b_sub,8,https://vocab.destiny-evidence.org/health-outcomes/DSNY000391,Pulmonary Arterial Hypertension,https://vocab.destiny-evidence.org/health-outcomes/DSNY000384,3,0,True
k_health-outcomes_sub_b_sub|9,0,0,Health - Outcomes,k_health-outcomes_sub_b_sub,9,https://vocab.destiny-evidence.org/health-outcomes/DSNY000385,Rheumatic heart disease,https://vocab.destiny-evidence.org/health-outcomes/DSNY000384,3,0,True
k_health-outcomes_sub_b_sub|10,0,0,Health - Outcomes,k_health-outcomes_sub_b_sub,10,https://vocab.destiny-evidence.org/health-outcomes/DSNY000387,Stroke,https://vocab.destiny-evidence.org/health-outcomes/DSNY000384,3,0,True
k_health-outcomes_sub_b_sub|11,0,0,Health - Outcomes,k_health-outcomes_sub_b_sub,11,https://vocab.destiny-evidence.org/health-outcomes/DSNY000396,Z_Other cardiovascular and circulatory diseases,https://vocab.destiny-evidence.org/health-outcomes/DSNY000384,3,0,True
k_health-outcomes_sub_b_sub_a|0,0,1,Health - Outcomes,k_health-outcomes_sub_b_sub_a,0,https://vocab.destiny-evidence.org/health-outcomes/DSNY000401,Allergic rhinitis,https://vocab.destiny-evidence.org/health-outcomes/DSNY000397,3,0,True
k_health-outcomes_sub_b_sub_a|2,0,1,Health - Outcomes,k_health-outcomes_sub_b_sub_a,2,https://vocab.destiny-evidence.org/health-outcomes/DSNY000398,Chronic obstructive pulmonary disease,https://vocab.destiny-evidence.org/health-outcomes/DSNY000397,3,0,True
k_health-outcomes_sub_b_sub_a|3,0,1,Health - Outcomes,k_health-outcomes_sub_b_sub_a,3,https://vocab.destiny-evidence.org/health-outcomes/DSNY000402,Interstitial lung disease and pulmonary sarcoidosis,https://vocab.destiny-evidence.org/health-outcomes/DSNY000397,3,0,True
k_health-outcomes_sub_b_sub_a|4,0,1,Health - Outcomes,k_health-outcomes_sub_b_sub_a,4,https://vocab.destiny-evidence.org/health-outcomes/DSNY000399,Pneumoconiosis,https://vocab.destiny-evidence.org/health-outcomes/DSNY000397,3,0,True
k_health-outcomes_sub_b_sub_a|5,0,1,Health - Outcomes,k_health-outcomes_sub_b_sub_a,5,https://vocab.destiny-evidence.org/health-outcomes/DSNY000403,Z_Other chronic respiratory diseases,https://vocab.destiny-evidence.org/health-outcomes/DSNY000397,3,0,True
k_health-outcomes_sub_a_sub_f|8,0,1,Health - Outcomes,k_health-outcomes_sub_a_sub_f,8,https://vocab.destiny-evidence.org/health-outcomes/DSNY000360,Varicella and herpes zoster,https://vocab.destiny-evidence.org/health-outcomes/DSNY000353,3,0,True
k_health-outcomes_sub_a_sub_f|9,0,1,Health - Outcomes,k_health-outcomes_sub_a_sub_f,9,https://vocab.destiny-evidence.org/health-outcomes/DSNY000363,Z_Other unspecified infectious diseases,https://vocab.destiny-evidence.org/health-outcomes/DSNY000353,3,0,True
k_health-outcomes_sub_b|0,0,3,Health - Outcomes,k_health-outcomes_sub_b,0,https://vocab.destiny-evidence.org/health-outcomes/DSNY000384,Cardiovascular diseases,https://vocab.destiny-evidence.org/health-outcomes/DSNY000377,2,12,False
k_health-outcomes_sub_b|2,0,3,Health - Outcomes,k_health-outcomes_sub_b,2,https://vocab.destiny-evidence.org/health-outcomes/DSNY000438,Diabetes and kidney diseases,https://vocab.destiny-evidence.org/health-outcomes/DSNY000377,2,3,False
k_health-outcomes_sub_b_sub_b_sub|0,0,0,Health - Outcomes,k_health-outcomes_sub_b_sub_b_sub,0,https://vocab.destiny-evidence.org/health-outcomes/DSNY000442,Acute kidney injury,https://vocab.destiny-evidence.org/health-outcomes/DSNY000440,4,0,True
k_health-outcomes_sub_b_sub_b_sub|1,0,0,Health - Outcomes,k_health-outcomes_sub_b_sub_b_sub,1,https://vocab.destiny-evidence.org/health-outcomes/DSNY000441,Chronic kidney disease,https://vocab.destiny-evidence.org/health-outcomes/DSNY000440,4,0,True
k_health-outcomes_sub_b_sub_c|0,0,0,Health - Outcomes,k_health-outcomes_sub_b_sub_c,0,https://vocab.destiny-evidence.org/health-outcomes/DSNY000407,Appendicitis,https://vocab.destiny-evidence.org/health-outcomes/DSNY000404,3,0,True
k_health-outcomes_sub_b_sub_c|1,0,0,Health - Outcomes,k_health-outcomes_sub_b_sub_c,1,https://vocab.destiny-evidence.org/health-outcomes/DSNY000405,Cirrhosis and other chronic liver diseases,https://vocab.destiny-evidence.org/health-outcomes/DSNY000404,3,0,True
k_health-outcomes_sub_b_sub_c|2,0,0,Health - Outcomes,k_health-outcomes_sub_b_sub_c,2,https://vocab.destiny-evidence.org/health-outcomes/DSNY000412,Gallbladder and biliary diseases,https://vocab.destiny-evidence.org/health-outcomes/DSNY000404,3,0,True
k_health-outcomes_sub_b_sub_c|3,0,0,Health - Outcomes,k_health-outcomes_sub_b_sub_c,3,https://vocab.destiny-evidence.org/health-outcomes/DSNY000410,Inflammatory bowel disease,https://vocab.destiny-evidence.org/health-outcomes/DSNY000404,3,0,True
k_health-outcomes_sub_b_sub_c|4,0,0,Health - Outcomes,k_health-outcomes_sub_b_sub_c,4,https://vocab.destiny-evidence.org/health-outcomes/DSNY000409,"Inguinal, femoral, and abdominal hernia",https://vocab.destiny-evidence.org/health-outcomes/DSNY000404,3,0,True
k_health-outcomes_sub_b_sub_c|5,0,0,Health - Outcomes,k_health-outcomes_sub_b_sub_c,5,https://vocab.destiny-evidence.org/health-outcomes/DSNY000413,Pancreatitis,https://vocab.destiny-evidence.org/health-outcomes/DSNY000404,3,0,True
k_health-outcomes_sub_b_sub_c|6,0,0,Health - Outcomes,k_health-outcomes_sub_b_sub_c,6,https://vocab.destiny-evidence.org/health-outcomes/DSNY000408,Paralytic ileus and intestinal obstruction,https://vocab.destiny-evidence.org/health-outcomes/DSNY000404,3,0,True
k_health-outcomes_sub_b_sub_c|7,0,0,Health - Outcomes,k_health-outcomes_sub_b_sub_c,7,https://vocab.destiny-evidence.org/health-outcomes/DSNY000406,Upper digestive system diseases,https://vocab.destiny-evidence.org/health-outcomes/DSNY000404,3,0,True
k_health-outcomes_sub_b_sub_c|8,0,0,Health - Outcomes,k_health-outcomes_sub_b_sub_c,8,https://vocab.destiny-evidence.org/health-outcomes/DSNY000411,Vascular intestinal disorders,https://vocab.destiny-evidence.org/health-outcomes/DSNY000404,3,0,True
k_health-outcomes_sub_b_sub_c|9,0,0,Health - Outcomes,k_health-outcomes_sub_b_sub_c,9,https://vocab.destiny-evidence.org/health-outcomes/DSNY000414,Z_Other digestive diseases,https://vocab.destiny-evidence.org/health-outcomes/DSNY000404,3,0,True
k_health-outcomes_sub_b_sub_d|0,0,0,Health - Outcomes,k_health-outcomes_sub_b_sub_d,0,https://vocab.destiny-evidence.org/health-outcomes/DSNY000427,Anxiety disorders,https://vocab.destiny-evidence.org/health-outcomes/DSNY000423,3,0,True
k_health-outcomes_sub_b_sub|2,0,0,Health - Outcomes,k_health-outcomes_sub_b_sub,2,https://vocab.destiny-evidence.org/health-outcomes/DSNY000390,Cardiomyopathy and myocarditis,https://vocab.destiny-evidence.org/health-outcomes/DSNY000384,3,0,True
k_health-outcomes_sub_b_sub|3,0,0,Health - Outcomes,k_health-outcomes_sub_b_sub,3,https://vocab.destiny-evidence.org/health-outcomes/DSNY000395,Endocarditis,https://vocab.destiny-evidence.org/health-outcomes/DSNY000384,3,0,True
k_health-outcomes_sub_b_sub|4,0,0,Health - Outcomes,k_health-outcomes_sub_b_sub,4,https://vocab.destiny-evidence.org/health-outcomes/DSNY000388,Hypertensive heart disease,https://vocab.destiny-evidence.org/health-outcomes/DSNY000384,3,0,True
k_health-outcomes_sub_b_sub_d|4,0,0,Health - Outcomes,k_health-outcomes_sub_b_sub_d,4,https://vocab.destiny-evidence.org/health-outcomes/DSNY000431,Conduct disorder,https://vocab.destiny-evidence.org/health-outcomes/DSNY000423,3,0,True
k_health-outcomes_sub_b_sub_d|5,0,0,Health - Outcomes,k_health-outcomes_sub_b_sub_d,5,https://vocab.destiny-evidence.org/health-outcomes/DSNY000425,Depressive disorders,https://vocab.destiny-evidence.org/health-outcomes/DSNY000423,3,0,True
k_health-outcomes_sub_b_sub_d|6,0,0,Health - Outcomes,k_health-outcomes_sub_b_sub_d,6,https://vocab.destiny-evidence.org/health-outcomes/DSNY000428,Eating disorders,https://vocab.destiny-evidence.org/health-outcomes/DSNY000423,3,0,True
k_health-outcomes_sub_b_sub_d|7,0,0,Health - Outcomes,k_health-outcomes_sub_b_sub_d,7,https://vocab.destiny-evidence.org/health-outcomes/DSNY000432,Idiopathic developmental intellectual disability,https://vocab.destiny-evidence.org/health-outcomes/DSNY000423,3,0,True
k_health-outcomes_sub_b_sub_d|8,0,0,Health - Outcomes,k_health-outcomes_sub_b_sub_d,8,https://vocab.destiny-evidence.org/health-outcomes/DSNY000433,Post-traumatic stress disorder (PTSD),https://vocab.destiny-evidence.org/health-outcomes/DSNY000423,3,0,True
k_health-outcomes_sub_b_sub_d|9,0,0,Health - Outcomes,k_health-outcomes_sub_b_sub_d,9,https://vocab.destiny-evidence.org/health-outcomes/DSNY000424,Schizophrenia,https://vocab.destiny-evidence.org/health-outcomes/DSNY000423,3,0,True
k_health-outcomes_sub_b_sub_d|10,0,0,Health - Outcomes,k_health-outcomes_sub_b_sub_d,10,https://vocab.destiny-evidence.org/health-outcomes/DSNY000434,Z_Other mental disorders,https://vocab.destiny-evidence.org/health-outcomes/DSNY000423,3,0,True
k_health-outcomes_sub_b_sub_e|0,0,0,Health - Outcomes,k_health-outcomes_sub_b_sub_e,0,https://vocab.destiny-evidence.org/health-outcomes/DSNY000380,Malignant skin melanoma,https://vocab.destiny-evidence.org/health-outcomes/DSNY000378,3,0,True
k_health-outcomes_sub_b_sub_e|1,0,0,Health - Outcomes,k_health-outcomes_sub_b_sub_e,1,https://vocab.destiny-evidence.org/health-outcomes/DSNY000381,Non-melanoma skin cancer,https://vocab.destiny-evidence.org/health-outcomes/DSNY000378,3,0,True
k_health-outcomes_sub_b_sub_e|2,0,0,Health - Outcomes,k_health-outcomes_sub_b_sub_e,2,https://vocab.destiny-evidence.org/health-outcomes/DSNY000379,"Tracheal, bronchus, and lung cancer",https://vocab.destiny-evidence.org/health-outcomes/DSNY000378,3,0,True
k_health-outcomes_sub_b_sub_e|3,0,0,Health - Outcomes,k_health-outcomes_sub_b_sub_e,3,https://vocab.destiny-evidence.org/health-outcomes/DSNY000382,Z_Other malignant neoplasms,https://vocab.destiny-evidence.org/health-outcomes/DSNY000378,3,0,True
k_health-outcomes_sub_b_sub_e|4,0,0,Health - Outcomes,k_health-outcomes_sub_b_sub_e,4,https://vocab.destiny-evidence.org/health-outcomes/DSNY000383,Z_Other neoplasms,https://vocab.destiny-evidence.org/health-outcomes/DSNY000378,3,0,True
k_health-outcomes_sub_b_sub_f|0,0,0,Health - Outcomes,k_health-outcomes_sub_b_sub_f,0,https://vocab.destiny-evidence.org/health-outcomes/DSNY000416,Alzheimer's disease and other dementias,https://vocab.destiny-evidence.org/health-outcomes/DSNY000415,3,0,True
k_health-outcomes_sub_b_sub_b|0,0,0,Health - Outcomes,k_health-outcomes_sub_b_sub_b,0,https://vocab.destiny-evidence.org/health-outcomes/DSNY000443,Acute glomerulonephritis,https://vocab.destiny-evidence.org/health-outcomes/DSNY000438,3,0,True
k_health-outcomes_sub_b_sub_b|1,0,0,Health - Outcomes,k_health-outcomes_sub_b_sub_b,1,https://vocab.destiny-evidence.org/health-outcomes/DSNY000439,Diabetes mellitus,https://vocab.destiny-evidence.org/health-outcomes/DSNY000438,3,0,True
k_health-outcomes_sub_b_sub_b|2,0,0,Health - Outcomes,k_health-outcomes_sub_b_sub_b,2,https://vocab.destiny-evidence.org/health-outcomes/DSNY000440,Kidney dysfunction,https://vocab.destiny-evidence.org/health-outcomes/DSNY000438,3,2,False
k_health-outcomes_sub_sub_a|3,0,0,Health - Outcomes,k_health-outcomes_sub_sub_a,3,https://vocab.destiny-evidence.org/health-outcomes/DSNY000303,"Injury-related mortality (drowning, fires, disasters, suicide, violence)",https://vocab.destiny-evidence.org/health-outcomes/DSNY000298,3,0,True
k_health-outcomes_sub_sub_a|4,0,0,Health - Outcomes,k_health-outcomes_sub_sub_a,4,https://vocab.destiny-evidence.org/health-outcomes/DSNY000300,Neoplasms mortality,https://vocab.destiny-evidence.org/health-outcomes/DSNY000298,3,0,True
k_health-outcomes_sub_sub_a|5,0,0,Health - Outcomes,k_health-outcomes_sub_sub_a,5,https://vocab.destiny-evidence.org/health-outcomes/DSNY000304,Other non-communicable diseases mortality,https://vocab.destiny-evidence.org/health-outcomes/DSNY000298,3,0,True
k_health-outcomes_sub_a|0,0,2,Health - Outcomes,k_health-outcomes_sub_a,0,https://vocab.destiny-evidence.org/health-outcomes/DSNY000324,Enteric infections,https://vocab.destiny-evidence.org/health-outcomes/DSNY000314,2,4,False
k_health-outcomes_sub_a|1,0,2,Health - Outcomes,k_health-outcomes_sub_a,1,https://vocab.destiny-evidence.org/health-outcomes/DSNY000315,HIV/AIDS and sexually transmitted infections,https://vocab.destiny-evidence.org/health-outcomes/DSNY000314,2,2,False
k_health-outcomes_sub_a|2,0,2,Health - Outcomes,k_health-outcomes_sub_a,2,https://vocab.destiny-evidence.org/health-outcomes/DSNY000364,Maternal and neonatal disorders,https://vocab.destiny-evidence.org/health-outcomes/DSNY000314,2,2,False
k_health-outcomes_sub_a|3,0,2,Health - Outcomes,k_health-outcomes_sub_a,3,https://vocab.destiny-evidence.org/health-outcomes/DSNY000330,Neglected tropical diseases and malaria,https://vocab.destiny-evidence.org/health-outcomes/DSNY000314,2,22,False
k_health-outcomes_sub_a|4,0,2,Health - Outcomes,k_health-outcomes_sub_a,4,https://vocab.destiny-evidence.org/health-outcomes/DSNY000370,Nutritional deficiencies,https://vocab.destiny-evidence.org/health-outcomes/DSNY000314,2,6,False
k_health-outcomes_sub_a_sub|0,0,0,Health - Outcomes,k_health-outcomes_sub_a_sub,0,https://vocab.destiny-evidence.org/health-outcomes/DSNY000325,Diarrheal diseases,https://vocab.destiny-evidence.org/health-outcomes/DSNY000324,3,1,False
k_health-outcomes_sub_a_sub|1,0,0,Health - Outcomes,k_health-outcomes_sub_a_sub,1,https://vocab.destiny-evidence.org/health-outcomes/DSNY000328,Invasive Non-typhoidal Salmonella (iNTS),https://vocab.destiny-evidence.org/health-outcomes/DSNY000324,3,0,True
k_health-outcomes_sub_a_sub|2,0,0,Health - Outcomes,k_health-outcomes_sub_a_sub,2,https://vocab.destiny-evidence.org/health-outcomes/DSNY000327,Typhoid and paratyphoid,https://vocab.destiny-evidence.org/health-outcomes/DSNY000324,3,0,True
k_health-outcomes_sub_a_sub|3,0,0,Health - Outcomes,k_health-outcomes_sub_a_sub,3,https://vocab.destiny-evidence.org/health-outcomes/DSNY000329,Z_Other intestinal infectious diseases,https://vocab.destiny-evidence.org/health-outcomes/DSNY000324,3,0,True
k_health-outcomes_sub_a_sub_sub|0,0,0,Health - Outcomes,k_health-outcomes_sub_a_sub_sub,0,https://vocab.destiny-evidence.org/health-outcomes/DSNY000326,Cholera,https://vocab.destiny-evidence.org/health-outcomes/DSNY000325,4,0,True
k_health-outcomes_sub_b_sub_d|1,0,0,Health - Outcomes,k_health-outcomes_sub_b_sub_d,1,https://vocab.destiny-evidence.org/health-outcomes/DSNY000430,Attention-deficit/hyperactivity disorder,https://vocab.destiny-evidence.org/health-outcomes/DSNY000423,3,0,True
k_health-outcomes_sub_b_sub_d|2,0,0,Health - Outcomes,k_health-outcomes_sub_b_sub_d,2,https://vocab.destiny-evidence.org/health-outcomes/DSNY000429,Autism spectrum disorders,https://vocab.destiny-evidence.org/health-outcomes/DSNY000423,3,0,True
k_health-outcomes_sub_b_sub_d|3,0,0,Health - Outcomes,k_health-outcomes_sub_b_sub_d,3,https://vocab.destiny-evidence.org/health-outcomes/DSNY000426,Bipolar disorder,https://vocab.destiny-evidence.org/health-outcomes/DSNY000423,3,0,True
k_health-outcomes_sub_b_sub_f|1,0,0,Health - Outcomes,k_health-outcomes_sub_b_sub_f,1,https://vocab.destiny-evidence.org/health-outcomes/DSNY000421,Headache disorders,https://vocab.destiny-evidence.org/health-outcomes/DSNY000415,3,0,True
k_health-outcomes_sub_b_sub_f|2,0,0,Health - Outcomes,k_health-outcomes_sub_b_sub_f,2,https://vocab.destiny-evidence.org/health-outcomes/DSNY000418,Idiopathic epilepsy,https://vocab.destiny-evidence.org/health-outcomes/DSNY000415,3,0,True
k_health-outcomes_sub_b_sub_f|3,0,0,Health - Outcomes,k_health-outcomes_sub_b_sub_f,3,https://vocab.destiny-evidence.org/health-outcomes/DSNY000420,Motor neuron disease,https://vocab.destiny-evidence.org/health-outcomes/DSNY000415,3,0,True
k_health-outcomes_sub_b_sub_f|4,0,0,Health - Outcomes,k_health-outcomes_sub_b_sub_f,4,https://vocab.destiny-evidence.org/health-outcomes/DSNY000419,Multiple sclerosis,https://vocab.destiny-evidence.org/health-outcomes/DSNY000415,3,0,True
k_health-outcomes_sub_b_sub_f|5,0,0,Health - Outcomes,k_health-outcomes_sub_b_sub_f,5,https://vocab.destiny-evidence.org/health-outcomes/DSNY000417,Parkinson's disease,https://vocab.destiny-evidence.org/health-outcomes/DSNY000415,3,0,True
k_health-outcomes_sub_b_sub_f|6,0,0,Health - Outcomes,k_health-outcomes_sub_b_sub_f,6,https://vocab.destiny-evidence.org/health-outcomes/DSNY000422,Z_Other neurological disorders,https://vocab.destiny-evidence.org/health-outcomes/DSNY000415,3,0,True
k_health-outcomes_sub_b_sub_g|0,0,1,Health - Outcomes,k_health-outcomes_sub_b_sub_g,0,https://vocab.destiny-evidence.org/health-outcomes/DSNY000459,Age-related and other hearing loss,https://vocab.destiny-evidence.org/health-outcomes/DSNY000457,3,0,True
k_health-outcomes_sub_b_sub_g|1,0,1,Health - Outcomes,k_health-outcomes_sub_b_sub_g,1,https://vocab.destiny-evidence.org/health-outcomes/DSNY000458,Blindness and vision loss,https://vocab.destiny-evidence.org/health-outcomes/DSNY000457,3,0,True
k_health-outcomes_sub_b_sub_h|0,0,0,Health - Outcomes,k_health-outcomes_sub_b_sub_h,0,https://vocab.destiny-evidence.org/health-outcomes/DSNY000451,Acne vulgaris,https://vocab.destiny-evidence.org/health-outcomes/DSNY000444,3,0,True
k_health-outcomes_sub_b_sub_h|1,0,0,Health - Outcomes,k_health-outcomes_sub_b_sub_h,1,https://vocab.destiny-evidence.org/health-outcomes/DSNY000452,Alopecia areata,https://vocab.destiny-evidence.org/health-outcomes/DSNY000444,3,0,True
k_health-outcomes_sub_b_sub_h|2,0,0,Health - Outcomes,k_health-outcomes_sub_b_sub_h,2,https://vocab.destiny-evidence.org/health-outcomes/DSNY000447,Bacterial skin diseases,https://vocab.destiny-evidence.org/health-outcomes/DSNY000444,3,0,True
k_health-outcomes_sub_b_sub_h|3,0,0,Health - Outcomes,k_health-outcomes_sub_b_sub_h,3,https://vocab.destiny-evidence.org/health-outcomes/DSNY000455,Decubitus ulcer,https://vocab.destiny-evidence.org/health-outcomes/DSNY000444,3,0,True
k_health-outcomes_sub_b_sub_h|4,0,0,Health - Outcomes,k_health-outcomes_sub_b_sub_h,4,https://vocab.destiny-evidence.org/health-outcomes/DSNY000445,Dermatitis,https://vocab.destiny-evidence.org/health-outcomes/DSNY000444,3,0,True
k_health-outcomes_sub_b_sub_h|5,0,0,Health - Outcomes,k_health-outcomes_sub_b_sub_h,5,https://vocab.destiny-evidence.org/health-outcomes/DSNY000449,Fungal skin diseases,https://vocab.destiny-evidence.org/health-outcomes/DSNY000444,3,0,True
k_health-outcomes_sub_b_sub_h|6,0,0,Health - Outcomes,k_health-outcomes_sub_b_sub_h,6,https://vocab.destiny-evidence.org/health-outcomes/DSNY000453,Pruritus,https://vocab.destiny-evidence.org/health-outcomes/DSNY000444,3,0,True
k_health-outcomes_sub_sub_a|2,0,0,Health - Outcomes,k_health-outcomes_sub_sub_a,2,https://vocab.destiny-evidence.org/health-outcomes/DSNY000302,Diabetes and kidney diseases mortality,https://vocab.destiny-evidence.org/health-outcomes/DSNY000298,3,0,True
k_health-outcomes_sub_c_sub_a|9,0,0,Health - Outcomes,k_health-outcomes_sub_c_sub_a,9,https://vocab.destiny-evidence.org/health-outcomes/DSNY000480,Foreign body,https://vocab.destiny-evidence.org/health-outcomes/DSNY000472,3,0,True
k_health-outcomes_sub_b_sub_h|7,0,0,Health - Outcomes,k_health-outcomes_sub_b_sub_h,7,https://vocab.destiny-evidence.org/health-outcomes/DSNY000446,Psoriasis,https://vocab.destiny-evidence.org/health-outcomes/DSNY000444,3,0,True
k_health-outcomes_sub_b_sub_h|8,0,0,Health - Outcomes,k_health-outcomes_sub_b_sub_h,8,https://vocab.destiny-evidence.org/health-outcomes/DSNY000448,Scabies,https://vocab.destiny-evidence.org/health-outcomes/DSNY000444,3,0,True
k_health-outcomes_sub_b_sub_h|9,0,0,Health - Outcomes,k_health-outcomes_sub_b_sub_h,9,https://vocab.destiny-evidence.org/health-outcomes/DSNY000454,Urticaria,https://vocab.destiny-evidence.org/health-outcomes/DSNY000444,3,0,True
k_health-outcomes_sub_b_sub_h|10,0,0,Health - Outcomes,k_health-outcomes_sub_b_sub_h,10,https://vocab.destiny-evidence.org/health-outcomes/DSNY000450,Viral skin diseases,https://vocab.destiny-evidence.org/health-outcomes/DSNY000444,3,0,True
k_health-outcomes_sub_b_sub_h|11,0,0,Health - Outcomes,k_health-outcomes_sub_b_sub_h,11,https://vocab.destiny-evidence.org/health-outcomes/DSNY000456,Z_Other skin and subcutaneous diseases,https://vocab.destiny-evidence.org/health-outcomes/DSNY000444,3,0,True
k_health-outcomes_sub_b_sub_i|0,0,0,Health - Outcomes,k_health-outcomes_sub_b_sub_i,0,https://vocab.destiny-evidence.org/health-outcomes/DSNY000436,Alcohol use disorders,https://vocab.destiny-evidence.org/health-outcomes/DSNY000435,3,0,True
k_health-outcomes_sub_b_sub_i|1,0,0,Health - Outcomes,k_health-outcomes_sub_b_sub_i,1,https://vocab.destiny-evidence.org/health-outcomes/DSNY000437,Drug use disorders,https://vocab.destiny-evidence.org/health-outcomes/DSNY000435,3,0,True
k_health-outcomes_sub_b_sub_i|2,0,0,Health - Outcomes,k_health-outcomes_sub_b_sub_i,2,https://vocab.destiny-evidence.org/health-outcomes/DSNY000624,Nicotine dependence,https://vocab.destiny-evidence.org/health-outcomes/DSNY000435,3,0,True
k_health-outcomes_sub_b_sub_j|0,0,1,Health - Outcomes,k_health-outcomes_sub_b_sub_j,0,https://vocab.destiny-evidence.org/health-outcomes/DSNY000463,Congenital birth defects,https://vocab.destiny-evidence.org/health-outcomes/DSNY000462,3,0,True
k_health-outcomes_sub_b_sub_j|1,0,1,Health - Outcomes,k_health-outcomes_sub_b_sub_j,1,https://vocab.destiny-evidence.org/health-outcomes/DSNY000467,"Endocrine, metabolic, blood, and immune disorders",https://vocab.destiny-evidence.org/health-outcomes/DSNY000462,3,0,True
k_health-outcomes_sub_b_sub_j|2,0,1,Health - Outcomes,k_health-outcomes_sub_b_sub_j,2,https://vocab.destiny-evidence.org/health-outcomes/DSNY000465,Gynecological diseases,https://vocab.destiny-evidence.org/health-outcomes/DSNY000462,3,0,True
k_health-outcomes_sub_b_sub_j|3,0,1,Health - Outcomes,k_health-outcomes_sub_b_sub_j,3,https://vocab.destiny-evidence.org/health-outcomes/DSNY000466,Hemoglobinopathies and hemolytic anemias,https://vocab.destiny-evidence.org/health-outcomes/DSNY000462,3,0,True
k_health-outcomes_sub_b_sub_j|4,0,1,Health - Outcomes,k_health-outcomes_sub_b_sub_j,4,https://vocab.destiny-evidence.org/health-outcomes/DSNY000468,Oral disorders,https://vocab.destiny-evidence.org/health-outcomes/DSNY000462,3,0,True
k_health-outcomes_sub_b_sub_j|5,0,1,Health - Outcomes,k_health-outcomes_sub_b_sub_j,5,https://vocab.destiny-evidence.org/health-outcomes/DSNY000469,Sudden infant death syndrome,https://vocab.destiny-evidence.org/health-outcomes/DSNY000462,3,0,True
k_health-outcomes_sub_c|0,0,1,Health - Outcomes,k_health-outcomes_sub_c,0,https://vocab.destiny-evidence.org/health-outcomes/DSNY000485,Self-harm and interpersonal violence,https://vocab.destiny-evidence.org/health-outcomes/DSNY000470,2,4,False
k_human-settlements_sub|0,0,4,Human settlements,k_human-settlements_sub,0,https://vocab.destiny-evidence.org/human-settlements/DSNY000509,1. Megacities,https://vocab.destiny-evidence.org/human-settlements/DSNY000505,2,0,True
k_human-settlements_sub|3,0,4,Human settlements,k_human-settlements_sub,3,https://vocab.destiny-evidence.org/human-settlements/DSNY000506,4. Towns,https://vocab.destiny-evidence.org/human-settlements/DSNY000505,2,0,True
k_health-outcomes_sub_c|2,0,1,Health - Outcomes,k_health-outcomes_sub_c,2,https://vocab.destiny-evidence.org/health-outcomes/DSNY000472,Unintentional injuries,https://vocab.destiny-evidence.org/health-outcomes/DSNY000470,2,12,False
k_health-outcomes_sub_c_sub|0,0,0,Health - Outcomes,k_health-outcomes_sub_c_sub,0,https://vocab.destiny-evidence.org/health-outcomes/DSNY000488,Conflict and terrorism,https://vocab.destiny-evidence.org/health-outcomes/DSNY000485,3,0,True
k_health-outcomes_sub_c_sub|1,0,0,Health - Outcomes,k_health-outcomes_sub_c_sub,1,https://vocab.destiny-evidence.org/health-outcomes/DSNY000487,Interpersonal violence,https://vocab.destiny-evidence.org/health-outcomes/DSNY000485,3,0,True
k_health-outcomes_sub_c_sub|2,0,0,Health - Outcomes,k_health-outcomes_sub_c_sub,2,https://vocab.destiny-evidence.org/health-outcomes/DSNY000489,Police conflict and executions,https://vocab.destiny-evidence.org/health-outcomes/DSNY000485,3,0,True
k_health-outcomes_sub_c_sub|3,0,0,Health - Outcomes,k_health-outcomes_sub_c_sub,3,https://vocab.destiny-evidence.org/health-outcomes/DSNY000486,Self-harm,https://vocab.destiny-evidence.org/health-outcomes/DSNY000485,3,0,True
k_health-outcomes_sub_c_sub_a|0,0,0,Health - Outcomes,k_health-outcomes_sub_c_sub_a,0,https://vocab.destiny-evidence.org/health-outcomes/DSNY000478,Adverse effects of medical treatment,https://vocab.destiny-evidence.org/health-outcomes/DSNY000472,3,0,True
k_health-outcomes_sub_c_sub_a|1,0,0,Health - Outcomes,k_health-outcomes_sub_c_sub_a,1,https://vocab.destiny-evidence.org/health-outcomes/DSNY000479,Animal contact,https://vocab.destiny-evidence.org/health-outcomes/DSNY000472,3,0,True
k_health-outcomes_sub_c_sub_a|2,0,0,Health - Outcomes,k_health-outcomes_sub_c_sub_a,2,https://vocab.destiny-evidence.org/health-outcomes/DSNY000474,Drowning,https://vocab.destiny-evidence.org/health-outcomes/DSNY000472,3,0,True
k_health-outcomes_sub_c_sub_a|3,0,0,Health - Outcomes,k_health-outcomes_sub_c_sub_a,3,https://vocab.destiny-evidence.org/health-outcomes/DSNY000481,Electrocution,https://vocab.destiny-evidence.org/health-outcomes/DSNY000472,3,0,True
k_health-outcomes_sub_c_sub_a|4,0,0,Health - Outcomes,k_health-outcomes_sub_c_sub_a,4,https://vocab.destiny-evidence.org/health-outcomes/DSNY000482,Environmental heat and cold exposure,https://vocab.destiny-evidence.org/health-outcomes/DSNY000472,3,0,True
k_health-outcomes_sub_c_sub_a|5,0,0,Health - Outcomes,k_health-outcomes_sub_c_sub_a,5,https://vocab.destiny-evidence.org/health-outcomes/DSNY000483,Exposure to forces of nature,https://vocab.destiny-evidence.org/health-outcomes/DSNY000472,3,0,True
k_health-outcomes_sub_c_sub_a|6,0,0,Health - Outcomes,k_health-outcomes_sub_c_sub_a,6,https://vocab.destiny-evidence.org/health-outcomes/DSNY000477,Exposure to mechanical forces,https://vocab.destiny-evidence.org/health-outcomes/DSNY000472,3,0,True
k_health-outcomes_sub_c_sub_a|7,0,0,Health - Outcomes,k_health-outcomes_sub_c_sub_a,7,https://vocab.destiny-evidence.org/health-outcomes/DSNY000473,Falls,https://vocab.destiny-evidence.org/health-outcomes/DSNY000472,3,0,True
k_health-outcomes_sub_c_sub_a|8,0,0,Health - Outcomes,k_health-outcomes_sub_c_sub_a,8,https://vocab.destiny-evidence.org/health-outcomes/DSNY000475,"Fire, heat, and hot substances",https://vocab.destiny-evidence.org/health-outcomes/DSNY000472,3,0,True
k_health-outcomes_sub|1,0,1,Health - Outcomes,k_health-outcomes_sub,1,https://vocab.destiny-evidence.org/health-outcomes/DSNY000305,"1.2. Communicable, maternal, neonatal, and nutritional mortality",https://vocab.destiny-evidence.org/health-outcomes/DSNY000296,2,4,False
k_health-outcomes_sub_sub|0,0,0,Health - Outcomes,k_health-outcomes_sub_sub,0,https://vocab.destiny-evidence.org/health-outcomes/DSNY000306,Infectious diseases mortality,https://vocab.destiny-evidence.org/health-outcomes/DSNY000305,3,4,False
k_health-outcomes_sub_sub|1,0,0,Health - Outcomes,k_health-outcomes_sub_sub,1,https://vocab.destiny-evidence.org/health-outcomes/DSNY000312,Maternal mortality,https://vocab.destiny-evidence.org/health-outcomes/DSNY000305,3,0,True
k_health-outcomes_sub_sub|2,0,0,Health - Outcomes,k_health-outcomes_sub_sub,2,https://vocab.destiny-evidence.org/health-outcomes/DSNY000311,Neonatal mortality,https://vocab.destiny-evidence.org/health-outcomes/DSNY000305,3,0,True
k_health-outcomes_sub_sub|3,0,0,Health - Outcomes,k_health-outcomes_sub_sub,3,https://vocab.destiny-evidence.org/health-outcomes/DSNY000313,Nutrition-related mortality,https://vocab.destiny-evidence.org/health-outcomes/DSNY000305,3,0,True
k_health-outcomes_sub_sub_sub|0,0,0,Health - Outcomes,k_health-outcomes_sub_sub_sub,0,https://vocab.destiny-evidence.org/health-outcomes/DSNY000308,Enteric infections mortality,https://vocab.destiny-evidence.org/health-outcomes/DSNY000306,4,0,True
k_health-outcomes_sub_sub_sub|1,0,0,Health - Outcomes,k_health-outcomes_sub_sub_sub,1,https://vocab.destiny-evidence.org/health-outcomes/DSNY000309,Neglected tropical diseases and malaria mortality,https://vocab.destiny-evidence.org/health-outcomes/DSNY000306,4,0,True
k_health-outcomes_sub_sub_sub|2,0,0,Health - Outcomes,k_health-outcomes_sub_sub_sub,2,https://vocab.destiny-evidence.org/health-outcomes/DSNY000310,Other infectious diseases mortality,https://vocab.destiny-evidence.org/health-outcomes/DSNY000306,4,0,True
k_health-outcomes_sub_sub_sub|3,0,0,Health - Outcomes,k_health-outcomes_sub_sub_sub,3,https://vocab.destiny-evidence.org/health-outcomes/DSNY000307,Respiratory infections mortality (including tuberculosis),https://vocab.destiny-evidence.org/health-outcomes/DSNY000306,4,0,True
k_health-outcomes_sub_sub_a|0,0,0,Health - Outcomes,k_health-outcomes_sub_sub_a,0,https://vocab.destiny-evidence.org/health-outcomes/DSNY000299,Cardiovascular mortality,https://vocab.destiny-evidence.org/health-outcomes/DSNY000298,3,0,True
k_health-outcomes_sub_sub_a|1,0,0,Health - Outcomes,k_health-outcomes_sub_sub_a,1,https://vocab.destiny-evidence.org/health-outcomes/DSNY000301,Chronic respiratory diseases mortality,https://vocab.destiny-evidence.org/health-outcomes/DSNY000298,3,0,True
k_health-outcomes_sub_c_sub_a|10,0,0,Health - Outcomes,k_health-outcomes_sub_c_sub_a,10,https://vocab.destiny-evidence.org/health-outcomes/DSNY000476,Poisonings,https://vocab.destiny-evidence.org/health-outcomes/DSNY000472,3,0,True
k_health-outcomes_sub_c_sub_a|11,0,0,Health - Outcomes,k_health-outcomes_sub_c_sub_a,11,https://vocab.destiny-evidence.org/health-outcomes/DSNY000484,Z_Other unintentional injuries,https://vocab.destiny-evidence.org/health-outcomes/DSNY000472,3,0,True
k_human-settlements|1,0,8,Human settlements,k_human-settlements,1,https://vocab.destiny-evidence.org/human-settlements/DSNY000510,2. Peri-urban settlements,,1,0,True
k_human-settlements|2,0,8,Human settlements,k_human-settlements,2,https://vocab.destiny-evidence.org/human-settlements/DSNY000511,3. Informal settlements,,1,0,True
k_human-settlements|3,0,8,Human settlements,k_human-settlements,3,https://vocab.destiny-evidence.org/human-settlements/DSNY000513,4. Refugee/displaced settlements,,1,0,True
k_health-metrics_sub_b|1,0,0,Health - Metrics,k_health-metrics_sub_b,1,https://vocab.destiny-evidence.org/health-metrics/DSNY000295,Relative risk / odds ratio (Metric),https://vocab.destiny-evidence.org/health-metrics/DSNY000293,2,0,True
k_health-metrics_sub_c|0,0,0,Health - Metrics,k_health-metrics_sub_c,0,https://vocab.destiny-evidence.org/health-metrics/DSNY000289,Emergency department visit (Metric),https://vocab.destiny-evidence.org/health-metrics/DSNY000287,2,0,True
k_health-metrics_sub_c|1,0,0,Health - Metrics,k_health-metrics_sub_c,1,https://vocab.destiny-evidence.org/health-metrics/DSNY000291,Healthcare access disruption (Metric),https://vocab.destiny-evidence.org/health-metrics/DSNY000287,2,0,True
k_health-metrics_sub_c|2,0,0,Health - Metrics,k_health-metrics_sub_c,2,https://vocab.destiny-evidence.org/health-metrics/DSNY000288,Hospital admission (Metric),https://vocab.destiny-evidence.org/health-metrics/DSNY000287,2,0,True
k_health-metrics_sub_c|3,0,0,Health - Metrics,k_health-metrics_sub_c,3,https://vocab.destiny-evidence.org/health-metrics/DSNY000292,Length of hospital stay (Metric),https://vocab.destiny-evidence.org/health-metrics/DSNY000287,2,0,True
k_health-metrics_sub_c|4,0,0,Health - Metrics,k_health-metrics_sub_c,4,https://vocab.destiny-evidence.org/health-metrics/DSNY000290,Outpatient / primary care visit (Metric),https://vocab.destiny-evidence.org/health-metrics/DSNY000287,2,0,True
k_interventions-responses-solutions_sub_sub|2,0,1,Interventions / responses / solutions,k_interventions-responses-solutions_sub_sub,2,https://vocab.destiny-evidence.org/interventions-responses-solutions/DSNY000103,Learning,https://vocab.destiny-evidence.org/interventions-responses-solutions/DSNY000098,3,0,True
k_interventions-responses-solutions_sub_sub|3,0,1,Interventions / responses / solutions,k_interventions-responses-solutions_sub_sub,3,https://vocab.destiny-evidence.org/interventions-responses-solutions/DSNY000104,Lifestyle change in place,https://vocab.destiny-evidence.org/interventions-responses-solutions/DSNY000098,3,0,True
k_interventions-responses-solutions_sub_sub|4,0,1,Interventions / responses / solutions,k_interventions-responses-solutions_sub_sub,4,https://vocab.destiny-evidence.org/interventions-responses-solutions/DSNY000105,Migration,https://vocab.destiny-evidence.org/interventions-responses-solutions/DSNY000098,3,0,True
k_interventions-responses-solutions_sub_sub|5,0,1,Interventions / responses / solutions,k_interventions-responses-solutions_sub_sub,5,https://vocab.destiny-evidence.org/interventions-responses-solutions/DSNY000101,Psychological coping,https://vocab.destiny-evidence.org/interventions-responses-solutions/DSNY000098,3,0,True
k_interventions-responses-solutions_sub_sub|6,0,1,Interventions / responses / solutions,k_interventions-responses-solutions_sub_sub,6,https://vocab.destiny-evidence.org/interventions-responses-solutions/DSNY000106,Self-protection,https://vocab.destiny-evidence.org/interventions-responses-solutions/DSNY000098,3,0,True
k_interventions-responses-solutions_sub_sub|7,0,1,Interventions / responses / solutions,k_interventions-responses-solutions_sub_sub,7,https://vocab.destiny-evidence.org/interventions-responses-solutions/DSNY000577,Z_Other behaviour related to adaptation,https://vocab.destiny-evidence.org/interventions-responses-solutions/DSNY000098,3,0,True
k_interventions-responses-solutions_sub_sub_a|1,0,2,Interventions / responses / solutions,k_interventions-responses-solutions_sub_sub_a,1,https://vocab.destiny-evidence.org/interventions-responses-solutions/DSNY000111,Behaviour related to goods/consumption/services,https://vocab.destiny-evidence.org/interventions-responses-solutions/DSNY000107,3,0,True
k_interventions-responses-solutions_sub_sub_a|2,0,2,Interventions / responses / solutions,k_interventions-responses-solutions_sub_sub_a,2,https://vocab.destiny-evidence.org/interventions-responses-solutions/DSNY000109,Behaviour related to households,https://vocab.destiny-evidence.org/interventions-responses-solutions/DSNY000107,3,0,True
k_interventions-responses-solutions_sub_sub_a|4,0,2,Interventions / responses / solutions,k_interventions-responses-solutions_sub_sub_a,4,https://vocab.destiny-evidence.org/interventions-responses-solutions/DSNY000578,Z_Other behaviour related to mitigation,https://vocab.destiny-evidence.org/interventions-responses-solutions/DSNY000107,3,0,True
k_health-outcomes_sub|0,0,1,Health - Outcomes,k_health-outcomes_sub,0,https://vocab.destiny-evidence.org/health-outcomes/DSNY000297,1.1. Total / all-cause mortality (Outcome),https://vocab.destiny-evidence.org/health-outcomes/DSNY000296,2,0,True
k_interventions-responses-solutions_sub_e_sub|1,0,8,Interventions / responses / solutions,k_interventions-responses-solutions_sub_e_sub,1,https://vocab.destiny-evidence.org/interventions-responses-solutions/DSNY000564,Climate-resilient water / sanitation,https://vocab.destiny-evidence.org/interventions-responses-solutions/DSNY000095,3,0,True
k_interventions-responses-solutions_sub_a|2,0,2,Interventions / responses / solutions,k_interventions-responses-solutions_sub_a,2,https://vocab.destiny-evidence.org/interventions-responses-solutions/DSNY000593,Land / resource rights,https://vocab.destiny-evidence.org/interventions-responses-solutions/DSNY000588,2,0,True
k_interventions-responses-solutions_sub_a|3,0,2,Interventions / responses / solutions,k_interventions-responses-solutions_sub_a,3,https://vocab.destiny-evidence.org/interventions-responses-solutions/DSNY000590,Participatory governance,https://vocab.destiny-evidence.org/interventions-responses-solutions/DSNY000588,2,0,True
k_interventions-responses-solutions_sub_a|4,0,2,Interventions / responses / solutions,k_interventions-responses-solutions_sub_a,4,https://vocab.destiny-evidence.org/interventions-responses-solutions/DSNY000591,Social cohesion / mutual aid,https://vocab.destiny-evidence.org/interventions-responses-solutions/DSNY000588,2,0,True
k_interventions-responses-solutions_sub_a|5,0,2,Interventions / responses / solutions,k_interventions-responses-solutions_sub_a,5,https://vocab.destiny-evidence.org/interventions-responses-solutions/DSNY000594,Z_Other community-based interventions,https://vocab.destiny-evidence.org/interventions-responses-solutions/DSNY000588,2,0,True
k_interventions-responses-solutions_sub_b|1,0,2,Interventions / responses / solutions,k_interventions-responses-solutions_sub_b,1,https://vocab.destiny-evidence.org/interventions-responses-solutions/DSNY000581,Forest / land management,https://vocab.destiny-evidence.org/interventions-responses-solutions/DSNY000113,2,0,True
k_interventions-responses-solutions_sub_b|2,0,2,Interventions / responses / solutions,k_interventions-responses-solutions_sub_b,2,https://vocab.destiny-evidence.org/interventions-responses-solutions/DSNY000579,Urban green-blue infrastructure,https://vocab.destiny-evidence.org/interventions-responses-solutions/DSNY000113,2,0,True
k_interventions-responses-solutions_sub_c|2,0,5,Interventions / responses / solutions,k_interventions-responses-solutions_sub_c,2,https://vocab.destiny-evidence.org/interventions-responses-solutions/DSNY000586,International development / aid,https://vocab.destiny-evidence.org/interventions-responses-solutions/DSNY000114,2,0,True
k_health-metrics_sub|4,0,1,Health - Metrics,k_health-metrics_sub,4,https://vocab.destiny-evidence.org/health-metrics/DSNY000280,Maternal mortality (Metric),https://vocab.destiny-evidence.org/health-metrics/DSNY000274,2,0,True
k_health-metrics_sub|5,0,1,Health - Metrics,k_health-metrics_sub,5,https://vocab.destiny-evidence.org/health-metrics/DSNY000631,Potential years of life lost (PYLL) (Metric),https://vocab.destiny-evidence.org/health-metrics/DSNY000274,2,0,True
k_health-metrics_sub|6,0,1,Health - Metrics,k_health-metrics_sub,6,https://vocab.destiny-evidence.org/health-metrics/DSNY000278,Years of life lost (YLL) (Metric),https://vocab.destiny-evidence.org/health-metrics/DSNY000274,2,0,True
k_health-metrics_sub_a|1,0,1,Health - Metrics,k_health-metrics_sub_a,1,https://vocab.destiny-evidence.org/health-metrics/DSNY000285,Disability-adjusted life years (DALY) (Metric),https://vocab.destiny-evidence.org/health-metrics/DSNY000281,2,0,True
k_health-metrics_sub_a|2,0,1,Health - Metrics,k_health-metrics_sub_a,2,https://vocab.destiny-evidence.org/health-metrics/DSNY000282,Incidence (Metric),https://vocab.destiny-evidence.org/health-metrics/DSNY000281,2,0,True
k_health-metrics_sub_a|3,0,1,Health - Metrics,k_health-metrics_sub_a,3,https://vocab.destiny-evidence.org/health-metrics/DSNY000283,Prevalence (Metric),https://vocab.destiny-evidence.org/health-metrics/DSNY000281,2,0,True
k_health-metrics_sub_a|4,0,1,Health - Metrics,k_health-metrics_sub_a,4,https://vocab.destiny-evidence.org/health-metrics/DSNY000284,Years lived with disability (Metric),https://vocab.destiny-evidence.org/health-metrics/DSNY000281,2,0,True
k_health-metrics_sub_b|0,0,0,Health - Metrics,k_health-metrics_sub_b,0,https://vocab.destiny-evidence.org/health-metrics/DSNY000294,Attributable fraction / risk (Metric),https://vocab.destiny-evidence.org/health-metrics/DSNY000293,2,0,True
k_health-exposure_sub|4,0,1,Health - Exposure,k_health-exposure_sub,4,https://vocab.destiny-evidence.org/health-exposure/DSNY000272,Violence / conflict (Exposure),https://vocab.destiny-evidence.org/health-exposure/DSNY000267,2,0,True
k_health-metrics|2,0,2,Health - Metrics,k_health-metrics,2,https://vocab.destiny-evidence.org/health-metrics/DSNY000293,Exposure quantification (Metric),,1,2,False
k_health-metrics|3,0,2,Health - Metrics,k_health-metrics,3,https://vocab.destiny-evidence.org/health-metrics/DSNY000287,Healthcare utilisation (Metric),,1,5,False
k_health-metrics_sub|0,0,1,Health - Metrics,k_health-metrics_sub,0,https://vocab.destiny-evidence.org/health-metrics/DSNY000275,All-cause mortality (Metric),https://vocab.destiny-evidence.org/health-metrics/DSNY000274,2,0,True
k_health-metrics_sub|2,0,1,Health - Metrics,k_health-metrics_sub,2,https://vocab.destiny-evidence.org/health-metrics/DSNY000277,Excess mortality (Metric),https://vocab.destiny-evidence.org/health-metrics/DSNY000274,2,0,True
k_health-metrics_sub|3,0,1,Health - Metrics,k_health-metrics_sub,3,https://vocab.destiny-evidence.org/health-metrics/DSNY000279,Infant / child mortality (Metric),https://vocab.destiny-evidence.org/health-metrics/DSNY000274,2,0,True
k_interventions-responses-solutions_sub_c_sub|1,0,1,Interventions / responses / solutions,k_interventions-responses-solutions_sub_c_sub,1,https://vocab.destiny-evidence.org/interventions-responses-solutions/DSNY000583,Health system governance,https://vocab.destiny-evidence.org/interventions-responses-solutions/DSNY000642,3,0,True
k_interventions-responses-solutions_sub_c_sub|2,0,1,Interventions / responses / solutions,k_interventions-responses-solutions_sub_c_sub,2,https://vocab.destiny-evidence.org/interventions-responses-solutions/DSNY000644,Therapeutics and pharmaceuticals,https://vocab.destiny-evidence.org/interventions-responses-solutions/DSNY000642,3,0,True
k_interventions-responses-solutions_sub_c_sub|3,0,1,Interventions / responses / solutions,k_interventions-responses-solutions_sub_c_sub,3,https://vocab.destiny-evidence.org/interventions-responses-solutions/DSNY000643,Vaccines and immunization,https://vocab.destiny-evidence.org/interventions-responses-solutions/DSNY000642,3,0,True
k_interventions-responses-solutions_sub_c_sub|4,0,1,Interventions / responses / solutions,k_interventions-responses-solutions_sub_c_sub,4,https://vocab.destiny-evidence.org/interventions-responses-solutions/DSNY000646,Vector control,https://vocab.destiny-evidence.org/interventions-responses-solutions/DSNY000642,3,0,True
k_interventions-responses-solutions_sub_c_sub|5,0,1,Interventions / responses / solutions,k_interventions-responses-solutions_sub_c_sub,5,https://vocab.destiny-evidence.org/interventions-responses-solutions/DSNY000647,Z_Other clinical / biomedical interventions,https://vocab.destiny-evidence.org/interventions-responses-solutions/DSNY000642,3,0,True
k_interventions-responses-solutions_sub_c_sub|6,0,1,Interventions / responses / solutions,k_interventions-responses-solutions_sub_c_sub,6,https://vocab.destiny-evidence.org/interventions-responses-solutions/DSNY000648,Z_Other public health response,https://vocab.destiny-evidence.org/interventions-responses-solutions/DSNY000642,3,0,True
k_interventions-responses-solutions_sub_d|0,0,1,Interventions / responses / solutions,k_interventions-responses-solutions_sub_d,0,https://vocab.destiny-evidence.org/interventions-responses-solutions/DSNY000089,Fiscal / incentive policy,https://vocab.destiny-evidence.org/interventions-responses-solutions/DSNY000087,2,0,True
k_interventions-responses-solutions_sub_d|1,0,1,Interventions / responses / solutions,k_interventions-responses-solutions_sub_d,1,https://vocab.destiny-evidence.org/interventions-responses-solutions/DSNY000556,Health-in-all-policies,https://vocab.destiny-evidence.org/interventions-responses-solutions/DSNY000087,2,0,True
k_interventions-responses-solutions_sub_d|2,0,1,Interventions / responses / solutions,k_interventions-responses-solutions_sub_d,2,https://vocab.destiny-evidence.org/interventions-responses-solutions/DSNY000088,International / multilateral agreements,https://vocab.destiny-evidence.org/interventions-responses-solutions/DSNY000087,2,0,True
k_interventions-responses-solutions_sub_e_sub|0,0,8,Interventions / responses / solutions,k_interventions-responses-solutions_sub_e_sub,0,https://vocab.destiny-evidence.org/interventions-responses-solutions/DSNY000565,Adaptive built environment,https://vocab.destiny-evidence.org/interventions-responses-solutions/DSNY000095,3,0,True
k_interventions-responses-solutions_sub_e_sub|2,0,8,Interventions / responses / solutions,k_interventions-responses-solutions_sub_e_sub,2,https://vocab.destiny-evidence.org/interventions-responses-solutions/DSNY000568,Coastal / flood defence,https://vocab.destiny-evidence.org/interventions-responses-solutions/DSNY000095,3,0,True
k_interventions-responses-solutions_sub_e_sub|5,0,8,Interventions / responses / solutions,k_interventions-responses-solutions_sub_e_sub,5,https://vocab.destiny-evidence.org/interventions-responses-solutions/DSNY000569,Other adaptation technologies / infrastructure,https://vocab.destiny-evidence.org/interventions-responses-solutions/DSNY000095,3,0,True
k_interventions-responses-solutions_sub_e_sub_a|0,0,2,Interventions / responses / solutions,k_interventions-responses-solutions_sub_e_sub_a,0,https://vocab.destiny-evidence.org/interventions-responses-solutions/DSNY000573,Carbon-intensive built environment,https://vocab.destiny-evidence.org/interventions-responses-solutions/DSNY000096,3,0,True
k_interventions-responses-solutions_sub_e_sub_a|2,0,2,Interventions / responses / solutions,k_interventions-responses-solutions_sub_e_sub_a,2,https://vocab.destiny-evidence.org/interventions-responses-solutions/DSNY000572,High-emission agricultural infrastructure,https://vocab.destiny-evidence.org/interventions-responses-solutions/DSNY000096,3,0,True
k_interventions-responses-solutions_sub_e_sub_a|3,0,2,Interventions / responses / solutions,k_interventions-responses-solutions_sub_e_sub_a,3,https://vocab.destiny-evidence.org/interventions-responses-solutions/DSNY000574,Industrial / extractive infrastructure,https://vocab.destiny-evidence.org/interventions-responses-solutions/DSNY000096,3,0,True
k_interventions-responses-solutions_sub_e_sub_a|5,0,2,Interventions / responses / solutions,k_interventions-responses-solutions_sub_e_sub_a,5,https://vocab.destiny-evidence.org/interventions-responses-solutions/DSNY000575,Waste infrastructure with high emissions,https://vocab.destiny-evidence.org/interventions-responses-solutions/DSNY000096,3,0,True
k_interventions-responses-solutions_sub_e_sub_a|6,0,2,Interventions / responses / solutions,k_interventions-responses-solutions_sub_e_sub_a,6,https://vocab.destiny-evidence.org/interventions-responses-solutions/DSNY000576,Z_Other emitting technologies / infrastructure,https://vocab.destiny-evidence.org/interventions-responses-solutions/DSNY000096,3,0,True
k_interventions-responses-solutions_sub_e_sub_b|0,0,1,Interventions / responses / solutions,k_interventions-responses-solutions_sub_e_sub_b,0,https://vocab.destiny-evidence.org/interventions-responses-solutions/DSNY000562,Carbon capture,https://vocab.destiny-evidence.org/interventions-responses-solutions/DSNY000094,3,0,True
k_interventions-responses-solutions_sub_e_sub_b|1,0,1,Interventions / responses / solutions,k_interventions-responses-solutions_sub_e_sub_b,1,https://vocab.destiny-evidence.org/interventions-responses-solutions/DSNY000557,Clean energy systems,https://vocab.destiny-evidence.org/interventions-responses-solutions/DSNY000094,3,0,True
k_interventions-responses-solutions_sub_e_sub_b|2,0,1,Interventions / responses / solutions,k_interventions-responses-solutions_sub_e_sub_b,2,https://vocab.destiny-evidence.org/interventions-responses-solutions/DSNY000559,Energy-efficiency,https://vocab.destiny-evidence.org/interventions-responses-solutions/DSNY000094,3,0,True
k_interventions-responses-solutions_sub_e_sub_b|3,0,1,Interventions / responses / solutions,k_interventions-responses-solutions_sub_e_sub_b,3,https://vocab.destiny-evidence.org/interventions-responses-solutions/DSNY000558,Low-emission transport,https://vocab.destiny-evidence.org/interventions-responses-solutions/DSNY000094,3,0,True
k_health-exposure|5,0,19,Health - Exposure,k_health-exposure,5,https://vocab.destiny-evidence.org/health-exposure/DSNY000273,Ultraviolet / solar radiation (Exposure),,1,0,True
k_health-exposure|6,0,19,Health - Exposure,k_health-exposure,6,https://vocab.destiny-evidence.org/health-exposure/DSNY000266,Vector distribution and ecology (Exposure),,1,0,True
k_health-exposure_sub|0,0,1,Health - Exposure,k_health-exposure_sub,0,https://vocab.destiny-evidence.org/health-exposure/DSNY000268,Housing quality / overcrowding (Exposure),https://vocab.destiny-evidence.org/health-exposure/DSNY000267,2,0,True
k_health-exposure_sub|2,0,1,Health - Exposure,k_health-exposure_sub,2,https://vocab.destiny-evidence.org/health-exposure/DSNY000270,Loss of place attachment / cultural identity (Exposure),https://vocab.destiny-evidence.org/health-exposure/DSNY000267,2,0,True
k_health-exposure_sub|3,0,1,Health - Exposure,k_health-exposure_sub,3,https://vocab.destiny-evidence.org/health-exposure/DSNY000271,Migration / forced displacement (Exposure),https://vocab.destiny-evidence.org/health-exposure/DSNY000267,2,0,True
k_methods_sub_sub_c|2,0,7,Methods,k_methods_sub_sub_c,2,https://vocab.destiny-evidence.org/methods/DSNY000548,Microsimulation,https://vocab.destiny-evidence.org/methods/DSNY000545,3,0,True
k_methods_sub_sub_c|4,0,7,Methods,k_methods_sub_sub_c,4,https://vocab.destiny-evidence.org/methods/DSNY000550,Other health-related modelling / simulation,https://vocab.destiny-evidence.org/methods/DSNY000545,3,0,True
k_interventions-responses-solutions_sub_e_sub_b|5,0,1,Interventions / responses / solutions,k_interventions-responses-solutions_sub_e_sub_b,5,https://vocab.destiny-evidence.org/interventions-responses-solutions/DSNY000561,Waste management / circular economy,https://vocab.destiny-evidence.org/interventions-responses-solutions/DSNY000094,3,0,True
k_interventions-responses-solutions_sub_e_sub_b|6,0,1,Interventions / responses / solutions,k_interventions-responses-solutions_sub_e_sub_b,6,https://vocab.destiny-evidence.org/interventions-responses-solutions/DSNY000563,Z_Other mitigation technologies / infrastructure,https://vocab.destiny-evidence.org/interventions-responses-solutions/DSNY000094,3,0,True
k_methods_sub|0,0,15,Methods,k_methods_sub,0,https://vocab.destiny-evidence.org/methods/DSNY000529,(Quasi-)Experimental / group comparison designs,https://vocab.destiny-evidence.org/methods/DSNY000167,2,4,False
k_methods_sub|1,0,15,Methods,k_methods_sub,1,https://vocab.destiny-evidence.org/methods/DSNY000527,(Quasi-)Experimental / single-group designs,https://vocab.destiny-evidence.org/methods/DSNY000167,2,1,False
k_methods_sub|3,0,15,Methods,k_methods_sub,3,https://vocab.destiny-evidence.org/methods/DSNY000544,Mixed-methods,https://vocab.destiny-evidence.org/methods/DSNY000167,2,0,True
k_methods_sub|8,0,15,Methods,k_methods_sub,8,https://vocab.destiny-evidence.org/methods/DSNY000551,Z_Other study design,https://vocab.destiny-evidence.org/methods/DSNY000167,2,0,True
k_methods_sub_sub|0,0,0,Methods,k_methods_sub_sub,0,https://vocab.destiny-evidence.org/methods/DSNY000530,1. Randomised (RCT),https://vocab.destiny-evidence.org/methods/DSNY000529,3,0,True
k_methods_sub_sub|1,0,0,Methods,k_methods_sub_sub,1,https://vocab.destiny-evidence.org/methods/DSNY000531,2. Quasi-randomised / natural experiment,https://vocab.destiny-evidence.org/methods/DSNY000529,3,6,False
k_methods_sub_sub|2,0,0,Methods,k_methods_sub_sub,2,https://vocab.destiny-evidence.org/methods/DSNY000532,3. Non-randomised,https://vocab.destiny-evidence.org/methods/DSNY000529,3,0,True
k_geographic-feature-and-biomes|17,0,6,Geographic features and biomes,k_geographic-feature-and-biomes,17,https://vocab.destiny-evidence.org/geographic-feature-and-biomes/DSNY000494,Tundra,,1,0,True
k_geographic-feature-and-biomes|19,0,6,Geographic features and biomes,k_geographic-feature-and-biomes,19,https://vocab.destiny-evidence.org/geographic-feature-and-biomes/DSNY000154,Wetland / peatland,,1,0,True
k_geographic-location|0,0,0,Geographic location [automation planned],k_geographic-location,0,https://vocab.destiny-evidence.org/geographic-location/DSNY000630,Africa (example),,1,0,True
k_governance-scale|0,0,9,Governance scale,k_governance-scale,0,https://vocab.destiny-evidence.org/governance-scale/DSNY000127,Global (Governance scale),,1,0,True
k_governance-scale|1,0,9,Governance scale,k_governance-scale,1,https://vocab.destiny-evidence.org/governance-scale/DSNY000229,International - multi-country (Governance scale),,1,0,True
k_geographic-feature-and-biomes|9,0,6,Geographic features and biomes,k_geographic-feature-and-biomes,9,https://vocab.destiny-evidence.org/geographic-feature-and-biomes/DSNY000662,Mediterranean / chaparral,,1,0,True
k_geographic-feature-and-biomes|11,0,6,Geographic features and biomes,k_geographic-feature-and-biomes,11,https://vocab.destiny-evidence.org/geographic-feature-and-biomes/DSNY000148,Ocean / marine,,1,0,True
k_geographic-feature-and-biomes|13,0,6,Geographic features and biomes,k_geographic-feature-and-biomes,13,https://vocab.destiny-evidence.org/geographic-feature-and-biomes/DSNY000143,Temperate forest,,1,0,True
k_geographic-feature-and-biomes|14,0,6,Geographic features and biomes,k_geographic-feature-and-biomes,14,https://vocab.destiny-evidence.org/geographic-feature-and-biomes/DSNY000661,Temperate grassland,,1,0,True
k_geographic-feature-and-biomes|15,0,6,Geographic features and biomes,k_geographic-feature-and-biomes,15,https://vocab.destiny-evidence.org/geographic-feature-and-biomes/DSNY000145,Tropical grassland / savanna,,1,0,True
k_geographic-feature-and-biomes|16,0,6,Geographic features and biomes,k_geographic-feature-and-biomes,16,https://vocab.destiny-evidence.org/geographic-feature-and-biomes/DSNY000660,Tropical rainforest,,1,0,True
k_methods_sub_sub|3,0,0,Methods,k_methods_sub_sub,3,https://vocab.destiny-evidence.org/methods/DSNY000540,4. Randomisation unclear,https://vocab.destiny-evidence.org/methods/DSNY000529,3,0,True
k_methods_sub_sub_sub|0,0,0,Methods,k_methods_sub_sub_sub,0,https://vocab.destiny-evidence.org/methods/DSNY000539,(Propensity score) Matched differences-in-differences,https://vocab.destiny-evidence.org/methods/DSNY000531,4,0,True
k_methods_sub_sub_sub|1,0,0,Methods,k_methods_sub_sub_sub,1,https://vocab.destiny-evidence.org/methods/DSNY000533,Difference-in-differences / event study,https://vocab.destiny-evidence.org/methods/DSNY000531,4,0,True
k_methods_sub_sub_sub|2,0,0,Methods,k_methods_sub_sub_sub,2,https://vocab.destiny-evidence.org/methods/DSNY000538,Fixed effects / panel regression,https://vocab.destiny-evidence.org/methods/DSNY000531,4,0,True
k_methods_sub_sub_sub|3,0,0,Methods,k_methods_sub_sub_sub,3,https://vocab.destiny-evidence.org/methods/DSNY000534,Instrumental variables,https://vocab.destiny-evidence.org/methods/DSNY000531,4,0,True
k_methods_sub_sub_sub|4,0,0,Methods,k_methods_sub_sub_sub,4,https://vocab.destiny-evidence.org/methods/DSNY000535,Regression discontinuity,https://vocab.destiny-evidence.org/methods/DSNY000531,4,0,True
k_methods_sub_sub_sub|5,0,0,Methods,k_methods_sub_sub_sub,5,https://vocab.destiny-evidence.org/methods/DSNY000536,Synthetic control,https://vocab.destiny-evidence.org/methods/DSNY000531,4,0,True
k_methods_sub_sub_a|0,0,0,Methods,k_methods_sub_sub_a,0,https://vocab.destiny-evidence.org/methods/DSNY000528,Single arm trial / single arm experiment,https://vocab.destiny-evidence.org/methods/DSNY000527,3,0,True
k_methods_sub_sub_c|0,0,7,Methods,k_methods_sub_sub_c,0,https://vocab.destiny-evidence.org/methods/DSNY000547,Computable general equilibrium (CGE) model,https://vocab.destiny-evidence.org/methods/DSNY000545,3,0,True
k_methods_sub_sub_c|1,0,7,Methods,k_methods_sub_sub_c,1,https://vocab.destiny-evidence.org/methods/DSNY000546,Integrated assessment model (IAM) / health impact projection,https://vocab.destiny-evidence.org/methods/DSNY000545,3,0,True
k_population-age_sub_a|0,0,0,Population - Age,k_population-age_sub_a,0,https://vocab.destiny-evidence.org/population-age/DSNY000252,3.1. Preschool child (2-5 years),https://vocab.destiny-evidence.org/population-age/DSNY000251,2,0,True
k_population-age_sub_a|1,0,0,Population - Age,k_population-age_sub_a,1,https://vocab.destiny-evidence.org/population-age/DSNY000253,3.2. Child (6-12 years),https://vocab.destiny-evidence.org/population-age/DSNY000251,2,0,True
k_methods_sub_sub_d|0,0,1,Methods,k_methods_sub_sub_d,0,https://vocab.destiny-evidence.org/methods/DSNY000523,Case-control / mached sample design,https://vocab.destiny-evidence.org/methods/DSNY000522,3,0,True
k_methods_sub_sub_d|2,0,1,Methods,k_methods_sub_sub_d,2,https://vocab.destiny-evidence.org/methods/DSNY000525,Controlled before-after (CBA),https://vocab.destiny-evidence.org/methods/DSNY000522,3,0,True
k_methods_sub_sub_d|3,0,1,Methods,k_methods_sub_sub_d,3,https://vocab.destiny-evidence.org/methods/DSNY000526,Interrupted time series (controlled),https://vocab.destiny-evidence.org/methods/DSNY000522,3,0,True
k_methods_sub_sub_e|0,0,1,Methods,k_methods_sub_sub_e,0,https://vocab.destiny-evidence.org/methods/DSNY000520,Before-after / pre-post study,https://vocab.destiny-evidence.org/methods/DSNY000519,3,0,True
k_methods_sub_sub_f|0,0,0,Methods,k_methods_sub_sub_f,0,https://vocab.destiny-evidence.org/methods/DSNY000665,Ethnographic,https://vocab.destiny-evidence.org/methods/DSNY000541,3,0,True
k_methods_sub_sub_f|1,0,0,Methods,k_methods_sub_sub_f,1,https://vocab.destiny-evidence.org/methods/DSNY000543,Focus group,https://vocab.destiny-evidence.org/methods/DSNY000541,3,0,True
k_methods_sub_sub_f|2,0,0,Methods,k_methods_sub_sub_f,2,https://vocab.destiny-evidence.org/methods/DSNY000542,Interviews,https://vocab.destiny-evidence.org/methods/DSNY000541,3,0,True
k_methods_sub_a|1,0,7,Methods,k_methods_sub_a,1,https://vocab.destiny-evidence.org/methods/DSNY000208,Health technology assessment (HTA),https://vocab.destiny-evidence.org/methods/DSNY000198,2,0,True
k_methods_sub_a|2,0,7,Methods,k_methods_sub_a,2,https://vocab.destiny-evidence.org/methods/DSNY000637,Meta-analysis (unsystematic),https://vocab.destiny-evidence.org/methods/DSNY000198,2,0,True
k_methods_sub_a_sub|0,0,1,Methods,k_methods_sub_a_sub,0,https://vocab.destiny-evidence.org/methods/DSNY000205,Evidence map / evidence gap map,https://vocab.destiny-evidence.org/methods/DSNY000201,3,0,True
k_geographic-feature-and-biomes|2,0,6,Geographic features and biomes,k_geographic-feature-and-biomes,2,https://vocab.destiny-evidence.org/geographic-feature-and-biomes/DSNY000497,Coral reef,,1,0,True
k_geographic-feature-and-biomes|4,0,6,Geographic features and biomes,k_geographic-feature-and-biomes,4,https://vocab.destiny-evidence.org/geographic-feature-and-biomes/DSNY000142,Desert (arid/semi-arid),,1,0,True
k_geographic-feature-and-biomes|5,0,6,Geographic features and biomes,k_geographic-feature-and-biomes,5,https://vocab.destiny-evidence.org/geographic-feature-and-biomes/DSNY000495,Farmland,,1,0,True
k_geographic-feature-and-biomes|6,0,6,Geographic features and biomes,k_geographic-feature-and-biomes,6,https://vocab.destiny-evidence.org/geographic-feature-and-biomes/DSNY000663,"Freshwater (rivers, lakes)",,1,0,True
k_population-vulnerability|0,0,1,Population - Vulnerability,k_population-vulnerability,0,https://vocab.destiny-evidence.org/population-vulnerability/DSNY000233,Chronic conditions (Vulnerability),,1,0,True
k_population-vulnerability|1,0,1,Population - Vulnerability,k_population-vulnerability,1,https://vocab.destiny-evidence.org/population-vulnerability/DSNY000234,Disabled (Vulnerability),,1,0,True
k_population-vulnerability|2,0,1,Population - Vulnerability,k_population-vulnerability,2,https://vocab.destiny-evidence.org/population-vulnerability/DSNY000235,Ethnic minorities (Vulnerability),,1,0,True
k_population-vulnerability|3,0,1,Population - Vulnerability,k_population-vulnerability,3,https://vocab.destiny-evidence.org/population-vulnerability/DSNY000236,Frail elderly (Vulnerability),,1,0,True
k_population-vulnerability|4,0,1,Population - Vulnerability,k_population-vulnerability,4,https://vocab.destiny-evidence.org/population-vulnerability/DSNY000237,Indigenous peoples (Vulnerability),,1,0,True
k_population-vulnerability|5,0,1,Population - Vulnerability,k_population-vulnerability,5,https://vocab.destiny-evidence.org/population-vulnerability/DSNY000238,Infants / children (Vulnerability),,1,0,True
k_methods_sub_a_sub|1,0,1,Methods,k_methods_sub_a_sub,1,https://vocab.destiny-evidence.org/methods/DSNY000666,Living systematic review,https://vocab.destiny-evidence.org/methods/DSNY000201,3,0,True
k_methods_sub_a_sub|2,0,1,Methods,k_methods_sub_a_sub,2,https://vocab.destiny-evidence.org/methods/DSNY000554,Mixed-methods review,https://vocab.destiny-evidence.org/methods/DSNY000201,3,0,True
k_methods_sub_a_sub|4,0,1,Methods,k_methods_sub_a_sub,4,https://vocab.destiny-evidence.org/methods/DSNY000203,Rapid review,https://vocab.destiny-evidence.org/methods/DSNY000201,3,0,True
k_methods_sub_a_sub|5,0,1,Methods,k_methods_sub_a_sub,5,https://vocab.destiny-evidence.org/methods/DSNY000553,Realist review,https://vocab.destiny-evidence.org/methods/DSNY000201,3,0,True
k_methods_sub_a_sub|6,0,1,Methods,k_methods_sub_a_sub,6,https://vocab.destiny-evidence.org/methods/DSNY000204,Scoping review,https://vocab.destiny-evidence.org/methods/DSNY000201,3,0,True
k_methods_sub_a_sub|8,0,1,Methods,k_methods_sub_a_sub,8,https://vocab.destiny-evidence.org/methods/DSNY000200,Umbrella review / overview of reviews,https://vocab.destiny-evidence.org/methods/DSNY000201,3,0,True
k_population-age|1,0,12,Population - Age,k_population-age,1,https://vocab.destiny-evidence.org/population-age/DSNY000249,2. Infant (1-23 months),,1,1,False
k_population-age|2,0,12,Population - Age,k_population-age,2,https://vocab.destiny-evidence.org/population-age/DSNY000251,3. Child (2-12 years),,1,2,False
k_population-age|3,0,12,Population - Age,k_population-age,3,https://vocab.destiny-evidence.org/population-age/DSNY000254,4. Adolescent (13-18 years),,1,0,True
k_population-age_sub|0,0,0,Population - Age,k_population-age_sub,0,https://vocab.destiny-evidence.org/population-age/DSNY000250,Newborn infant,https://vocab.destiny-evidence.org/population-age/DSNY000249,2,0,True
k_population-vulnerability|10,0,1,Population - Vulnerability,k_population-vulnerability,10,https://vocab.destiny-evidence.org/population-vulnerability/DSNY000243,Women (Vulnerability),,1,0,True
k_sectors|8,0,11,Sectors,k_sectors,8,https://vocab.destiny-evidence.org/sectors/DSNY000224,Military (Sector),,1,0,True
k_sectors|10,0,11,Sectors,k_sectors,10,https://vocab.destiny-evidence.org/sectors/DSNY000121,Social protection (Sector),,1,0,True
k_topic_sub|0,0,11,Topic,k_topic_sub,0,https://vocab.destiny-evidence.org/topic/DSNY000490,Maladaptation,https://vocab.destiny-evidence.org/topic/DSNY000052,2,0,True
k_topic_sub_a|0,0,2,Topic,k_topic_sub_a,0,https://vocab.destiny-evidence.org/topic/DSNY000054,Attribution,https://vocab.destiny-evidence.org/topic/DSNY000053,2,0,True
k_topic_sub_a|2,0,2,Topic,k_topic_sub_a,2,https://vocab.destiny-evidence.org/topic/DSNY000492,Loss and damage,https://vocab.destiny-evidence.org/topic/DSNY000053,2,0,True
k_climate-factors-climate-forcing-agents|0,0,7,Climate factors - Climate forcing agents,k_climate-factors-climate-forcing-agents,0,https://vocab.destiny-evidence.org/climate-factors-climate-forcing-agents/DSNY000611,(Unspecified) greenhouse gases,,1,0,True
k_climate-factors-climate-forcing-agents|2,0,7,Climate factors - Climate forcing agents,k_climate-factors-climate-forcing-agents,2,https://vocab.destiny-evidence.org/climate-factors-climate-forcing-agents/DSNY000614,Fluorinated gases / hydrofluorocarbons / perfluorocarbons / sulfur hexafluoride / nitrogen trifluoride,,1,0,True
k_climate-factors-climate-forcing-agents|4,0,7,Climate factors - Climate forcing agents,k_climate-factors-climate-forcing-agents,4,https://vocab.destiny-evidence.org/climate-factors-climate-forcing-agents/DSNY000616,Nitrous oxide (N₂O),,1,0,True
k_climate-factors-climate-forcing-agents|5,0,7,Climate factors - Climate forcing agents,k_climate-factors-climate-forcing-agents,5,https://vocab.destiny-evidence.org/climate-factors-climate-forcing-agents/DSNY000617,Ozone-depleting substances / chlorofluorocarbons / hydrochlorofluorocarbons / halons / carbon tetrachloride / methyl chloroform,,1,0,True
k_climate-factors-climate-forcing-agents|7,0,7,Climate factors - Climate forcing agents,k_climate-factors-climate-forcing-agents,7,https://vocab.destiny-evidence.org/climate-factors-climate-forcing-agents/DSNY000618,Tropospheric ozone (O₃),,1,0,True
k_climate-factors-extreme-weather-events|0,0,10,Climate factors - Extreme weather events,k_climate-factors-extreme-weather-events,0,https://vocab.destiny-evidence.org/climate-factors-extreme-weather-events/DSNY000605,Droughts,,1,0,True
k_climate-factors-extreme-weather-events|1,0,10,Climate factors - Extreme weather events,k_climate-factors-extreme-weather-events,1,https://vocab.destiny-evidence.org/climate-factors-extreme-weather-events/DSNY000606,Extreme cold,,1,0,True
k_climate-factors-extreme-weather-events|4,0,10,Climate factors - Extreme weather events,k_climate-factors-extreme-weather-events,4,https://vocab.destiny-evidence.org/climate-factors-extreme-weather-events/DSNY000634,Extreme snow/ice events,,1,0,True
k_climate-factors-extreme-weather-events|6,0,10,Climate factors - Extreme weather events,k_climate-factors-extreme-weather-events,6,https://vocab.destiny-evidence.org/climate-factors-extreme-weather-events/DSNY000635,Sand and dust storms,,1,0,True
k_climate-factors-fossil-fuels|1,0,1,Climate factors - Fossil fuels,k_climate-factors-fossil-fuels,1,https://vocab.destiny-evidence.org/climate-factors-fossil-fuels/DSNY000620,Coal,,1,0,True
k_health-outcomes_sub_a_sub_c|2,0,0,Health - Outcomes,k_health-outcomes_sub_a_sub_c,2,https://vocab.destiny-evidence.org/health-outcomes/DSNY000351,Chikungunya,https://vocab.destiny-evidence.org/health-outcomes/DSNY000330,3,0,True
k_health-outcomes_sub_a_sub_c|3,0,0,Health - Outcomes,k_health-outcomes_sub_a_sub_c,3,https://vocab.destiny-evidence.org/health-outcomes/DSNY000337,Cystic echinococcosis,https://vocab.destiny-evidence.org/health-outcomes/DSNY000330,3,0,True
k_health-outcomes_sub_a_sub_c|4,0,0,Health - Outcomes,k_health-outcomes_sub_a_sub_c,4,https://vocab.destiny-evidence.org/health-outcomes/DSNY000336,Cysticercosis,https://vocab.destiny-evidence.org/health-outcomes/DSNY000330,3,0,True
k_health-outcomes_sub_a_sub_c|5,0,0,Health - Outcomes,k_health-outcomes_sub_a_sub_c,5,https://vocab.destiny-evidence.org/health-outcomes/DSNY000341,Dengue,https://vocab.destiny-evidence.org/health-outcomes/DSNY000330,3,0,True
k_health-outcomes_sub_a_sub_c|6,0,0,Health - Outcomes,k_health-outcomes_sub_a_sub_c,6,https://vocab.destiny-evidence.org/health-outcomes/DSNY000347,Ebola,https://vocab.destiny-evidence.org/health-outcomes/DSNY000330,3,0,True
k_health-outcomes_sub_a_sub_c|7,0,0,Health - Outcomes,k_health-outcomes_sub_a_sub_c,7,https://vocab.destiny-evidence.org/health-outcomes/DSNY000345,Food-borne trematodiases,https://vocab.destiny-evidence.org/health-outcomes/DSNY000330,3,0,True
k_health-outcomes_sub_a_sub_c|8,0,0,Health - Outcomes,k_health-outcomes_sub_a_sub_c,8,https://vocab.destiny-evidence.org/health-outcomes/DSNY000349,Guinea worm disease,https://vocab.destiny-evidence.org/health-outcomes/DSNY000330,3,0,True
k_actors|0,0,8,Actors,k_actors,0,https://vocab.destiny-evidence.org/actors/DSNY000162,1. Supranational and international organizations (Actor),,1,0,True
k_actors|2,0,8,Actors,k_actors,2,https://vocab.destiny-evidence.org/actors/DSNY000164,3. Private sector (Actor),,1,0,True
k_climate-factors-climate-drivers-variability|0,0,11,Climate factors - Climate drivers / variability,k_climate-factors-climate-drivers-variability,0,https://vocab.destiny-evidence.org/climate-factors-climate-drivers-variability/DSNY000596,(Unspecified) changes in weather,,1,0,True
k_climate-factors-climate-drivers-variability|2,0,11,Climate factors - Climate drivers / variability,k_climate-factors-climate-drivers-variability,2,https://vocab.destiny-evidence.org/climate-factors-climate-drivers-variability/DSNY000597,Changes in glacier / snow melt,,1,0,True
k_climate-factors-climate-drivers-variability|4,0,11,Climate factors - Climate drivers / variability,k_climate-factors-climate-drivers-variability,4,https://vocab.destiny-evidence.org/climate-factors-climate-drivers-variability/DSNY000632,Changes in inland water bodies,,1,0,True
k_climate-factors-climate-drivers-variability|7,0,11,Climate factors - Climate drivers / variability,k_climate-factors-climate-drivers-variability,7,https://vocab.destiny-evidence.org/climate-factors-climate-drivers-variability/DSNY000601,Changes in season length,,1,0,True
k_population-vulnerability|7,0,1,Population - Vulnerability,k_population-vulnerability,7,https://vocab.destiny-evidence.org/population-vulnerability/DSNY000240,Migrants (Vulnerability),,1,0,True
k_population-vulnerability|8,0,1,Population - Vulnerability,k_population-vulnerability,8,https://vocab.destiny-evidence.org/population-vulnerability/DSNY000241,Occupation-based (Vulnerability),,1,0,True
k_population-vulnerability|9,0,1,Population - Vulnerability,k_population-vulnerability,9,https://vocab.destiny-evidence.org/population-vulnerability/DSNY000242,Pregnancy (Vulnerability),,1,0,True
